generated_at,keyword,slug,url,location,service,property_type,intent
2026-09-03T15:03:10,인천 송도동 상가 폐기물청소 주말예약,seo-incheon-songdo-dong-store-waste-cleaning-weekend-booking,https://clever-griffin-93819d.netlify.app/seo-incheon-songdo-dong-store-waste-cleaning-weekend-booking/,인천 송도동,폐기물청소,상가,주말예약
2026-09-03T15:03:10,인천 송도동 상가 폐기물청소 청소범위,seo-incheon-songdo-dong-store-waste-cleaning-scope,https://clever-griffin-93819d.netlify.app/seo-incheon-songdo-dong-store-waste-cleaning-scope/,인천 송도동,폐기물청소,상가,청소범위
2026-09-03T15:03:10,인천 송도동 사무실 폐기물청소 전문업체,seo-incheon-songdo-dong-office-waste-cleaning-company,https://clever-griffin-93819d.netlify.app/seo-incheon-songdo-dong-office-waste-cleaning-company/,인천 송도동,폐기물청소,사무실,전문업체
2026-09-03T15:03:10,인천 송도동 사무실 폐기물청소 비용,seo-incheon-songdo-dong-office-waste-cleaning-cost,https://clever-griffin-93819d.netlify.app/seo-incheon-songdo-dong-office-waste-cleaning-cost/,인천 송도동,폐기물청소,사무실,비용
2026-09-03T15:03:10,인천 송도동 사무실 폐기물청소 가격,seo-incheon-songdo-dong-office-waste-cleaning-price,https://clever-griffin-93819d.netlify.app/seo-incheon-songdo-dong-office-waste-cleaning-price/,인천 송도동,폐기물청소,사무실,가격
2026-09-03T15:03:10,인천 송도동 사무실 폐기물청소 견적,seo-incheon-songdo-dong-office-waste-cleaning-estimate,https://clever-griffin-93819d.netlify.app/seo-incheon-songdo-dong-office-waste-cleaning-estimate/,인천 송도동,폐기물청소,사무실,견적
2026-09-03T15:03:10,인천 송도동 사무실 폐기물청소 예약,seo-incheon-songdo-dong-office-waste-cleaning-booking,https://clever-griffin-93819d.netlify.app/seo-incheon-songdo-dong-office-waste-cleaning-booking/,인천 송도동,폐기물청소,사무실,예약
2026-09-03T15:03:10,인천 송도동 사무실 폐기물청소 추천,seo-incheon-songdo-dong-office-waste-cleaning-recommend,https://clever-griffin-93819d.netlify.app/seo-incheon-songdo-dong-office-waste-cleaning-recommend/,인천 송도동,폐기물청소,사무실,추천
2026-09-03T15:03:10,인천 송도동 사무실 폐기물청소 후기,seo-incheon-songdo-dong-office-waste-cleaning-review,https://clever-griffin-93819d.netlify.app/seo-incheon-songdo-dong-office-waste-cleaning-review/,인천 송도동,폐기물청소,사무실,후기
2026-09-03T15:03:10,인천 송도동 사무실 폐기물청소 잘하는곳,seo-incheon-songdo-dong-office-waste-cleaning-best,https://clever-griffin-93819d.netlify.app/seo-incheon-songdo-dong-office-waste-cleaning-best/,인천 송도동,폐기물청소,사무실,잘하는곳
2026-09-03T15:05:30,인천 송도동 사무실 폐기물청소 업체,seo-incheon-songdo-dong-office-waste-cleaning-service,https://clever-griffin-93819d.netlify.app/seo-incheon-songdo-dong-office-waste-cleaning-service/,인천 송도동,폐기물청소,사무실,업체
2026-09-03T15:05:30,인천 송도동 사무실 폐기물청소 당일상담,seo-incheon-songdo-dong-office-waste-cleaning-same-day-consult,https://clever-griffin-93819d.netlify.app/seo-incheon-songdo-dong-office-waste-cleaning-same-day-consult/,인천 송도동,폐기물청소,사무실,당일상담
2026-09-03T15:05:30,인천 송도동 사무실 폐기물청소 주말예약,seo-incheon-songdo-dong-office-waste-cleaning-weekend-booking,https://clever-griffin-93819d.netlify.app/seo-incheon-songdo-dong-office-waste-cleaning-weekend-booking/,인천 송도동,폐기물청소,사무실,주말예약
2026-09-03T15:05:30,인천 송도동 사무실 폐기물청소 청소범위,seo-incheon-songdo-dong-office-waste-cleaning-scope,https://clever-griffin-93819d.netlify.app/seo-incheon-songdo-dong-office-waste-cleaning-scope/,인천 송도동,폐기물청소,사무실,청소범위
2026-09-03T15:05:30,인천 청라동 아파트 입주청소 전문업체,seo-incheon-cheongna-dong-apartment-move-in-cleaning-company,https://clever-griffin-93819d.netlify.app/seo-incheon-cheongna-dong-apartment-move-in-cleaning-company/,인천 청라동,입주청소,아파트,전문업체
2026-09-03T15:05:30,인천 청라동 아파트 입주청소 비용,seo-incheon-cheongna-dong-apartment-move-in-cleaning-cost,https://clever-griffin-93819d.netlify.app/seo-incheon-cheongna-dong-apartment-move-in-cleaning-cost/,인천 청라동,입주청소,아파트,비용
2026-09-03T15:05:30,인천 청라동 아파트 입주청소 가격,seo-incheon-cheongna-dong-apartment-move-in-cleaning-price,https://clever-griffin-93819d.netlify.app/seo-incheon-cheongna-dong-apartment-move-in-cleaning-price/,인천 청라동,입주청소,아파트,가격
2026-09-03T15:05:30,인천 청라동 아파트 입주청소 견적,seo-incheon-cheongna-dong-apartment-move-in-cleaning-estimate,https://clever-griffin-93819d.netlify.app/seo-incheon-cheongna-dong-apartment-move-in-cleaning-estimate/,인천 청라동,입주청소,아파트,견적
2026-09-03T15:05:30,인천 청라동 아파트 입주청소 예약,seo-incheon-cheongna-dong-apartment-move-in-cleaning-booking,https://clever-griffin-93819d.netlify.app/seo-incheon-cheongna-dong-apartment-move-in-cleaning-booking/,인천 청라동,입주청소,아파트,예약
2026-09-03T15:05:30,인천 청라동 아파트 입주청소 추천,seo-incheon-cheongna-dong-apartment-move-in-cleaning-recommend,https://clever-griffin-93819d.netlify.app/seo-incheon-cheongna-dong-apartment-move-in-cleaning-recommend/,인천 청라동,입주청소,아파트,추천
2026-09-03T15:05:30,인천 청라동 아파트 입주청소 후기,seo-incheon-cheongna-dong-apartment-move-in-cleaning-review,https://clever-griffin-93819d.netlify.app/seo-incheon-cheongna-dong-apartment-move-in-cleaning-review/,인천 청라동,입주청소,아파트,후기
2026-09-03T15:05:30,인천 청라동 아파트 입주청소 잘하는곳,seo-incheon-cheongna-dong-apartment-move-in-cleaning-best,https://clever-griffin-93819d.netlify.app/seo-incheon-cheongna-dong-apartment-move-in-cleaning-best/,인천 청라동,입주청소,아파트,잘하는곳
2026-09-03T15:05:30,인천 청라동 아파트 입주청소 업체,seo-incheon-cheongna-dong-apartment-move-in-cleaning-service,https://clever-griffin-93819d.netlify.app/seo-incheon-cheongna-dong-apartment-move-in-cleaning-service/,인천 청라동,입주청소,아파트,업체
2026-09-03T15:05:30,인천 청라동 아파트 입주청소 당일상담,seo-incheon-cheongna-dong-apartment-move-in-cleaning-same-day-consult,https://clever-griffin-93819d.netlify.app/seo-incheon-cheongna-dong-apartment-move-in-cleaning-same-day-consult/,인천 청라동,입주청소,아파트,당일상담
2026-09-03T15:05:30,인천 청라동 아파트 입주청소 주말예약,seo-incheon-cheongna-dong-apartment-move-in-cleaning-weekend-booking,https://clever-griffin-93819d.netlify.app/seo-incheon-cheongna-dong-apartment-move-in-cleaning-weekend-booking/,인천 청라동,입주청소,아파트,주말예약
2026-09-03T15:05:30,인천 청라동 아파트 입주청소 청소범위,seo-incheon-cheongna-dong-apartment-move-in-cleaning-scope,https://clever-griffin-93819d.netlify.app/seo-incheon-cheongna-dong-apartment-move-in-cleaning-scope/,인천 청라동,입주청소,아파트,청소범위
2026-09-03T15:05:30,인천 청라동 원룸 입주청소 전문업체,seo-incheon-cheongna-dong-one-room-move-in-cleaning-company,https://clever-griffin-93819d.netlify.app/seo-incheon-cheongna-dong-one-room-move-in-cleaning-company/,인천 청라동,입주청소,원룸,전문업체
2026-09-03T15:05:30,인천 청라동 원룸 입주청소 비용,seo-incheon-cheongna-dong-one-room-move-in-cleaning-cost,https://clever-griffin-93819d.netlify.app/seo-incheon-cheongna-dong-one-room-move-in-cleaning-cost/,인천 청라동,입주청소,원룸,비용
2026-09-03T15:05:30,인천 청라동 원룸 입주청소 가격,seo-incheon-cheongna-dong-one-room-move-in-cleaning-price,https://clever-griffin-93819d.netlify.app/seo-incheon-cheongna-dong-one-room-move-in-cleaning-price/,인천 청라동,입주청소,원룸,가격
2026-09-03T15:05:30,인천 청라동 원룸 입주청소 견적,seo-incheon-cheongna-dong-one-room-move-in-cleaning-estimate,https://clever-griffin-93819d.netlify.app/seo-incheon-cheongna-dong-one-room-move-in-cleaning-estimate/,인천 청라동,입주청소,원룸,견적
2026-09-03T15:05:30,인천 청라동 원룸 입주청소 예약,seo-incheon-cheongna-dong-one-room-move-in-cleaning-booking,https://clever-griffin-93819d.netlify.app/seo-incheon-cheongna-dong-one-room-move-in-cleaning-booking/,인천 청라동,입주청소,원룸,예약
2026-09-03T15:05:30,인천 청라동 원룸 입주청소 추천,seo-incheon-cheongna-dong-one-room-move-in-cleaning-recommend,https://clever-griffin-93819d.netlify.app/seo-incheon-cheongna-dong-one-room-move-in-cleaning-recommend/,인천 청라동,입주청소,원룸,추천
2026-09-03T15:05:30,인천 청라동 원룸 입주청소 후기,seo-incheon-cheongna-dong-one-room-move-in-cleaning-review,https://clever-griffin-93819d.netlify.app/seo-incheon-cheongna-dong-one-room-move-in-cleaning-review/,인천 청라동,입주청소,원룸,후기
2026-09-03T15:05:30,인천 청라동 원룸 입주청소 잘하는곳,seo-incheon-cheongna-dong-one-room-move-in-cleaning-best,https://clever-griffin-93819d.netlify.app/seo-incheon-cheongna-dong-one-room-move-in-cleaning-best/,인천 청라동,입주청소,원룸,잘하는곳
2026-09-03T15:05:30,인천 청라동 원룸 입주청소 업체,seo-incheon-cheongna-dong-one-room-move-in-cleaning-service,https://clever-griffin-93819d.netlify.app/seo-incheon-cheongna-dong-one-room-move-in-cleaning-service/,인천 청라동,입주청소,원룸,업체
2026-09-03T15:05:30,인천 청라동 원룸 입주청소 당일상담,seo-incheon-cheongna-dong-one-room-move-in-cleaning-same-day-consult,https://clever-griffin-93819d.netlify.app/seo-incheon-cheongna-dong-one-room-move-in-cleaning-same-day-consult/,인천 청라동,입주청소,원룸,당일상담
2026-09-03T15:05:30,인천 청라동 원룸 입주청소 주말예약,seo-incheon-cheongna-dong-one-room-move-in-cleaning-weekend-booking,https://clever-griffin-93819d.netlify.app/seo-incheon-cheongna-dong-one-room-move-in-cleaning-weekend-booking/,인천 청라동,입주청소,원룸,주말예약
2026-09-03T15:05:30,인천 청라동 원룸 입주청소 청소범위,seo-incheon-cheongna-dong-one-room-move-in-cleaning-scope,https://clever-griffin-93819d.netlify.app/seo-incheon-cheongna-dong-one-room-move-in-cleaning-scope/,인천 청라동,입주청소,원룸,청소범위
2026-09-03T15:05:30,인천 청라동 빌라 입주청소 전문업체,seo-incheon-cheongna-dong-villa-move-in-cleaning-company,https://clever-griffin-93819d.netlify.app/seo-incheon-cheongna-dong-villa-move-in-cleaning-company/,인천 청라동,입주청소,빌라,전문업체
2026-09-03T15:05:30,인천 청라동 빌라 입주청소 비용,seo-incheon-cheongna-dong-villa-move-in-cleaning-cost,https://clever-griffin-93819d.netlify.app/seo-incheon-cheongna-dong-villa-move-in-cleaning-cost/,인천 청라동,입주청소,빌라,비용
2026-09-03T15:05:30,인천 청라동 빌라 입주청소 가격,seo-incheon-cheongna-dong-villa-move-in-cleaning-price,https://clever-griffin-93819d.netlify.app/seo-incheon-cheongna-dong-villa-move-in-cleaning-price/,인천 청라동,입주청소,빌라,가격
2026-09-03T15:05:30,인천 청라동 빌라 입주청소 견적,seo-incheon-cheongna-dong-villa-move-in-cleaning-estimate,https://clever-griffin-93819d.netlify.app/seo-incheon-cheongna-dong-villa-move-in-cleaning-estimate/,인천 청라동,입주청소,빌라,견적
2026-09-03T15:05:30,인천 청라동 빌라 입주청소 예약,seo-incheon-cheongna-dong-villa-move-in-cleaning-booking,https://clever-griffin-93819d.netlify.app/seo-incheon-cheongna-dong-villa-move-in-cleaning-booking/,인천 청라동,입주청소,빌라,예약
2026-09-03T15:05:30,인천 청라동 빌라 입주청소 추천,seo-incheon-cheongna-dong-villa-move-in-cleaning-recommend,https://clever-griffin-93819d.netlify.app/seo-incheon-cheongna-dong-villa-move-in-cleaning-recommend/,인천 청라동,입주청소,빌라,추천
2026-09-03T15:05:30,인천 청라동 빌라 입주청소 후기,seo-incheon-cheongna-dong-villa-move-in-cleaning-review,https://clever-griffin-93819d.netlify.app/seo-incheon-cheongna-dong-villa-move-in-cleaning-review/,인천 청라동,입주청소,빌라,후기
2026-09-03T15:05:30,인천 청라동 빌라 입주청소 잘하는곳,seo-incheon-cheongna-dong-villa-move-in-cleaning-best,https://clever-griffin-93819d.netlify.app/seo-incheon-cheongna-dong-villa-move-in-cleaning-best/,인천 청라동,입주청소,빌라,잘하는곳
2026-09-03T15:05:30,인천 청라동 빌라 입주청소 업체,seo-incheon-cheongna-dong-villa-move-in-cleaning-service,https://clever-griffin-93819d.netlify.app/seo-incheon-cheongna-dong-villa-move-in-cleaning-service/,인천 청라동,입주청소,빌라,업체
2026-09-03T15:05:30,인천 청라동 빌라 입주청소 당일상담,seo-incheon-cheongna-dong-villa-move-in-cleaning-same-day-consult,https://clever-griffin-93819d.netlify.app/seo-incheon-cheongna-dong-villa-move-in-cleaning-same-day-consult/,인천 청라동,입주청소,빌라,당일상담
2026-09-03T15:05:30,인천 청라동 빌라 입주청소 주말예약,seo-incheon-cheongna-dong-villa-move-in-cleaning-weekend-booking,https://clever-griffin-93819d.netlify.app/seo-incheon-cheongna-dong-villa-move-in-cleaning-weekend-booking/,인천 청라동,입주청소,빌라,주말예약
2026-09-03T15:05:30,인천 청라동 빌라 입주청소 청소범위,seo-incheon-cheongna-dong-villa-move-in-cleaning-scope,https://clever-griffin-93819d.netlify.app/seo-incheon-cheongna-dong-villa-move-in-cleaning-scope/,인천 청라동,입주청소,빌라,청소범위
2026-09-03T15:05:30,인천 청라동 오피스텔 입주청소 전문업체,seo-incheon-cheongna-dong-officetel-move-in-cleaning-company,https://clever-griffin-93819d.netlify.app/seo-incheon-cheongna-dong-officetel-move-in-cleaning-company/,인천 청라동,입주청소,오피스텔,전문업체
2026-09-03T15:05:30,인천 청라동 오피스텔 입주청소 비용,seo-incheon-cheongna-dong-officetel-move-in-cleaning-cost,https://clever-griffin-93819d.netlify.app/seo-incheon-cheongna-dong-officetel-move-in-cleaning-cost/,인천 청라동,입주청소,오피스텔,비용
2026-09-03T15:05:30,인천 청라동 오피스텔 입주청소 가격,seo-incheon-cheongna-dong-officetel-move-in-cleaning-price,https://clever-griffin-93819d.netlify.app/seo-incheon-cheongna-dong-officetel-move-in-cleaning-price/,인천 청라동,입주청소,오피스텔,가격
2026-09-03T15:05:30,인천 청라동 오피스텔 입주청소 견적,seo-incheon-cheongna-dong-officetel-move-in-cleaning-estimate,https://clever-griffin-93819d.netlify.app/seo-incheon-cheongna-dong-officetel-move-in-cleaning-estimate/,인천 청라동,입주청소,오피스텔,견적
2026-09-03T15:05:30,인천 청라동 오피스텔 입주청소 예약,seo-incheon-cheongna-dong-officetel-move-in-cleaning-booking,https://clever-griffin-93819d.netlify.app/seo-incheon-cheongna-dong-officetel-move-in-cleaning-booking/,인천 청라동,입주청소,오피스텔,예약
2026-09-03T15:05:30,인천 청라동 오피스텔 입주청소 추천,seo-incheon-cheongna-dong-officetel-move-in-cleaning-recommend,https://clever-griffin-93819d.netlify.app/seo-incheon-cheongna-dong-officetel-move-in-cleaning-recommend/,인천 청라동,입주청소,오피스텔,추천
2026-09-03T15:05:30,인천 청라동 오피스텔 입주청소 후기,seo-incheon-cheongna-dong-officetel-move-in-cleaning-review,https://clever-griffin-93819d.netlify.app/seo-incheon-cheongna-dong-officetel-move-in-cleaning-review/,인천 청라동,입주청소,오피스텔,후기
2026-09-03T15:05:30,인천 청라동 오피스텔 입주청소 잘하는곳,seo-incheon-cheongna-dong-officetel-move-in-cleaning-best,https://clever-griffin-93819d.netlify.app/seo-incheon-cheongna-dong-officetel-move-in-cleaning-best/,인천 청라동,입주청소,오피스텔,잘하는곳
2026-09-03T15:05:30,인천 청라동 오피스텔 입주청소 업체,seo-incheon-cheongna-dong-officetel-move-in-cleaning-service,https://clever-griffin-93819d.netlify.app/seo-incheon-cheongna-dong-officetel-move-in-cleaning-service/,인천 청라동,입주청소,오피스텔,업체
2026-09-03T15:05:30,인천 청라동 오피스텔 입주청소 당일상담,seo-incheon-cheongna-dong-officetel-move-in-cleaning-same-day-consult,https://clever-griffin-93819d.netlify.app/seo-incheon-cheongna-dong-officetel-move-in-cleaning-same-day-consult/,인천 청라동,입주청소,오피스텔,당일상담
2026-09-03T15:05:30,인천 청라동 오피스텔 입주청소 주말예약,seo-incheon-cheongna-dong-officetel-move-in-cleaning-weekend-booking,https://clever-griffin-93819d.netlify.app/seo-incheon-cheongna-dong-officetel-move-in-cleaning-weekend-booking/,인천 청라동,입주청소,오피스텔,주말예약
2026-09-03T15:05:30,인천 청라동 오피스텔 입주청소 청소범위,seo-incheon-cheongna-dong-officetel-move-in-cleaning-scope,https://clever-griffin-93819d.netlify.app/seo-incheon-cheongna-dong-officetel-move-in-cleaning-scope/,인천 청라동,입주청소,오피스텔,청소범위
2026-09-03T15:05:30,인천 청라동 상가 입주청소 전문업체,seo-incheon-cheongna-dong-store-move-in-cleaning-company,https://clever-griffin-93819d.netlify.app/seo-incheon-cheongna-dong-store-move-in-cleaning-company/,인천 청라동,입주청소,상가,전문업체
2026-09-03T15:05:30,인천 청라동 상가 입주청소 비용,seo-incheon-cheongna-dong-store-move-in-cleaning-cost,https://clever-griffin-93819d.netlify.app/seo-incheon-cheongna-dong-store-move-in-cleaning-cost/,인천 청라동,입주청소,상가,비용
2026-09-03T15:05:30,인천 청라동 상가 입주청소 가격,seo-incheon-cheongna-dong-store-move-in-cleaning-price,https://clever-griffin-93819d.netlify.app/seo-incheon-cheongna-dong-store-move-in-cleaning-price/,인천 청라동,입주청소,상가,가격
2026-09-03T15:05:30,인천 청라동 상가 입주청소 견적,seo-incheon-cheongna-dong-store-move-in-cleaning-estimate,https://clever-griffin-93819d.netlify.app/seo-incheon-cheongna-dong-store-move-in-cleaning-estimate/,인천 청라동,입주청소,상가,견적
2026-09-03T15:05:30,인천 청라동 상가 입주청소 예약,seo-incheon-cheongna-dong-store-move-in-cleaning-booking,https://clever-griffin-93819d.netlify.app/seo-incheon-cheongna-dong-store-move-in-cleaning-booking/,인천 청라동,입주청소,상가,예약
2026-09-03T15:05:30,인천 청라동 상가 입주청소 추천,seo-incheon-cheongna-dong-store-move-in-cleaning-recommend,https://clever-griffin-93819d.netlify.app/seo-incheon-cheongna-dong-store-move-in-cleaning-recommend/,인천 청라동,입주청소,상가,추천
2026-09-03T15:05:30,인천 청라동 상가 입주청소 후기,seo-incheon-cheongna-dong-store-move-in-cleaning-review,https://clever-griffin-93819d.netlify.app/seo-incheon-cheongna-dong-store-move-in-cleaning-review/,인천 청라동,입주청소,상가,후기
2026-09-03T15:05:30,인천 청라동 상가 입주청소 잘하는곳,seo-incheon-cheongna-dong-store-move-in-cleaning-best,https://clever-griffin-93819d.netlify.app/seo-incheon-cheongna-dong-store-move-in-cleaning-best/,인천 청라동,입주청소,상가,잘하는곳
2026-09-03T15:05:30,인천 청라동 상가 입주청소 업체,seo-incheon-cheongna-dong-store-move-in-cleaning-service,https://clever-griffin-93819d.netlify.app/seo-incheon-cheongna-dong-store-move-in-cleaning-service/,인천 청라동,입주청소,상가,업체
2026-09-03T15:05:30,인천 청라동 상가 입주청소 당일상담,seo-incheon-cheongna-dong-store-move-in-cleaning-same-day-consult,https://clever-griffin-93819d.netlify.app/seo-incheon-cheongna-dong-store-move-in-cleaning-same-day-consult/,인천 청라동,입주청소,상가,당일상담
2026-09-03T15:05:30,인천 청라동 상가 입주청소 주말예약,seo-incheon-cheongna-dong-store-move-in-cleaning-weekend-booking,https://clever-griffin-93819d.netlify.app/seo-incheon-cheongna-dong-store-move-in-cleaning-weekend-booking/,인천 청라동,입주청소,상가,주말예약
2026-09-03T15:05:30,인천 청라동 상가 입주청소 청소범위,seo-incheon-cheongna-dong-store-move-in-cleaning-scope,https://clever-griffin-93819d.netlify.app/seo-incheon-cheongna-dong-store-move-in-cleaning-scope/,인천 청라동,입주청소,상가,청소범위
2026-09-03T15:05:30,인천 청라동 사무실 입주청소 전문업체,seo-incheon-cheongna-dong-office-move-in-cleaning-company,https://clever-griffin-93819d.netlify.app/seo-incheon-cheongna-dong-office-move-in-cleaning-company/,인천 청라동,입주청소,사무실,전문업체
2026-09-03T15:05:30,인천 청라동 사무실 입주청소 비용,seo-incheon-cheongna-dong-office-move-in-cleaning-cost,https://clever-griffin-93819d.netlify.app/seo-incheon-cheongna-dong-office-move-in-cleaning-cost/,인천 청라동,입주청소,사무실,비용
2026-09-03T15:05:30,인천 청라동 사무실 입주청소 가격,seo-incheon-cheongna-dong-office-move-in-cleaning-price,https://clever-griffin-93819d.netlify.app/seo-incheon-cheongna-dong-office-move-in-cleaning-price/,인천 청라동,입주청소,사무실,가격
2026-09-03T15:05:30,인천 청라동 사무실 입주청소 견적,seo-incheon-cheongna-dong-office-move-in-cleaning-estimate,https://clever-griffin-93819d.netlify.app/seo-incheon-cheongna-dong-office-move-in-cleaning-estimate/,인천 청라동,입주청소,사무실,견적
2026-09-03T15:05:30,인천 청라동 사무실 입주청소 예약,seo-incheon-cheongna-dong-office-move-in-cleaning-booking,https://clever-griffin-93819d.netlify.app/seo-incheon-cheongna-dong-office-move-in-cleaning-booking/,인천 청라동,입주청소,사무실,예약
2026-09-03T15:05:30,인천 청라동 사무실 입주청소 추천,seo-incheon-cheongna-dong-office-move-in-cleaning-recommend,https://clever-griffin-93819d.netlify.app/seo-incheon-cheongna-dong-office-move-in-cleaning-recommend/,인천 청라동,입주청소,사무실,추천
2026-09-03T15:05:30,인천 청라동 사무실 입주청소 후기,seo-incheon-cheongna-dong-office-move-in-cleaning-review,https://clever-griffin-93819d.netlify.app/seo-incheon-cheongna-dong-office-move-in-cleaning-review/,인천 청라동,입주청소,사무실,후기
2026-09-03T15:05:30,인천 청라동 사무실 입주청소 잘하는곳,seo-incheon-cheongna-dong-office-move-in-cleaning-best,https://clever-griffin-93819d.netlify.app/seo-incheon-cheongna-dong-office-move-in-cleaning-best/,인천 청라동,입주청소,사무실,잘하는곳
2026-09-03T15:05:30,인천 청라동 사무실 입주청소 업체,seo-incheon-cheongna-dong-office-move-in-cleaning-service,https://clever-griffin-93819d.netlify.app/seo-incheon-cheongna-dong-office-move-in-cleaning-service/,인천 청라동,입주청소,사무실,업체
2026-09-03T15:05:30,인천 청라동 사무실 입주청소 당일상담,seo-incheon-cheongna-dong-office-move-in-cleaning-same-day-consult,https://clever-griffin-93819d.netlify.app/seo-incheon-cheongna-dong-office-move-in-cleaning-same-day-consult/,인천 청라동,입주청소,사무실,당일상담
2026-09-03T15:05:30,인천 청라동 사무실 입주청소 주말예약,seo-incheon-cheongna-dong-office-move-in-cleaning-weekend-booking,https://clever-griffin-93819d.netlify.app/seo-incheon-cheongna-dong-office-move-in-cleaning-weekend-booking/,인천 청라동,입주청소,사무실,주말예약
2026-09-03T15:05:30,인천 청라동 사무실 입주청소 청소범위,seo-incheon-cheongna-dong-office-move-in-cleaning-scope,https://clever-griffin-93819d.netlify.app/seo-incheon-cheongna-dong-office-move-in-cleaning-scope/,인천 청라동,입주청소,사무실,청소범위
2026-09-03T15:05:30,인천 청라동 아파트 이사청소 전문업체,seo-incheon-cheongna-dong-apartment-moving-cleaning-company,https://clever-griffin-93819d.netlify.app/seo-incheon-cheongna-dong-apartment-moving-cleaning-company/,인천 청라동,이사청소,아파트,전문업체
2026-09-03T15:05:30,인천 청라동 아파트 이사청소 비용,seo-incheon-cheongna-dong-apartment-moving-cleaning-cost,https://clever-griffin-93819d.netlify.app/seo-incheon-cheongna-dong-apartment-moving-cleaning-cost/,인천 청라동,이사청소,아파트,비용
2026-09-03T15:05:30,인천 청라동 아파트 이사청소 가격,seo-incheon-cheongna-dong-apartment-moving-cleaning-price,https://clever-griffin-93819d.netlify.app/seo-incheon-cheongna-dong-apartment-moving-cleaning-price/,인천 청라동,이사청소,아파트,가격
2026-09-03T15:05:30,인천 청라동 아파트 이사청소 견적,seo-incheon-cheongna-dong-apartment-moving-cleaning-estimate,https://clever-griffin-93819d.netlify.app/seo-incheon-cheongna-dong-apartment-moving-cleaning-estimate/,인천 청라동,이사청소,아파트,견적
2026-09-03T15:05:30,인천 청라동 아파트 이사청소 예약,seo-incheon-cheongna-dong-apartment-moving-cleaning-booking,https://clever-griffin-93819d.netlify.app/seo-incheon-cheongna-dong-apartment-moving-cleaning-booking/,인천 청라동,이사청소,아파트,예약
2026-09-03T15:05:30,인천 청라동 아파트 이사청소 추천,seo-incheon-cheongna-dong-apartment-moving-cleaning-recommend,https://clever-griffin-93819d.netlify.app/seo-incheon-cheongna-dong-apartment-moving-cleaning-recommend/,인천 청라동,이사청소,아파트,추천
2026-09-03T15:05:30,인천 청라동 아파트 이사청소 후기,seo-incheon-cheongna-dong-apartment-moving-cleaning-review,https://clever-griffin-93819d.netlify.app/seo-incheon-cheongna-dong-apartment-moving-cleaning-review/,인천 청라동,이사청소,아파트,후기
2026-09-03T15:05:30,인천 청라동 아파트 이사청소 잘하는곳,seo-incheon-cheongna-dong-apartment-moving-cleaning-best,https://clever-griffin-93819d.netlify.app/seo-incheon-cheongna-dong-apartment-moving-cleaning-best/,인천 청라동,이사청소,아파트,잘하는곳
2026-09-03T15:05:30,인천 청라동 아파트 이사청소 업체,seo-incheon-cheongna-dong-apartment-moving-cleaning-service,https://clever-griffin-93819d.netlify.app/seo-incheon-cheongna-dong-apartment-moving-cleaning-service/,인천 청라동,이사청소,아파트,업체
2026-09-03T15:05:30,인천 청라동 아파트 이사청소 당일상담,seo-incheon-cheongna-dong-apartment-moving-cleaning-same-day-consult,https://clever-griffin-93819d.netlify.app/seo-incheon-cheongna-dong-apartment-moving-cleaning-same-day-consult/,인천 청라동,이사청소,아파트,당일상담
2026-09-03T15:05:30,인천 청라동 아파트 이사청소 주말예약,seo-incheon-cheongna-dong-apartment-moving-cleaning-weekend-booking,https://clever-griffin-93819d.netlify.app/seo-incheon-cheongna-dong-apartment-moving-cleaning-weekend-booking/,인천 청라동,이사청소,아파트,주말예약
2026-09-03T15:05:30,인천 청라동 아파트 이사청소 청소범위,seo-incheon-cheongna-dong-apartment-moving-cleaning-scope,https://clever-griffin-93819d.netlify.app/seo-incheon-cheongna-dong-apartment-moving-cleaning-scope/,인천 청라동,이사청소,아파트,청소범위
2026-09-03T15:05:30,인천 청라동 원룸 이사청소 전문업체,seo-incheon-cheongna-dong-one-room-moving-cleaning-company,https://clever-griffin-93819d.netlify.app/seo-incheon-cheongna-dong-one-room-moving-cleaning-company/,인천 청라동,이사청소,원룸,전문업체
2026-09-03T15:05:30,인천 청라동 원룸 이사청소 비용,seo-incheon-cheongna-dong-one-room-moving-cleaning-cost,https://clever-griffin-93819d.netlify.app/seo-incheon-cheongna-dong-one-room-moving-cleaning-cost/,인천 청라동,이사청소,원룸,비용
2026-09-03T15:05:30,인천 청라동 원룸 이사청소 가격,seo-incheon-cheongna-dong-one-room-moving-cleaning-price,https://clever-griffin-93819d.netlify.app/seo-incheon-cheongna-dong-one-room-moving-cleaning-price/,인천 청라동,이사청소,원룸,가격
2026-09-03T15:05:30,인천 청라동 원룸 이사청소 견적,seo-incheon-cheongna-dong-one-room-moving-cleaning-estimate,https://clever-griffin-93819d.netlify.app/seo-incheon-cheongna-dong-one-room-moving-cleaning-estimate/,인천 청라동,이사청소,원룸,견적
2026-09-03T15:05:30,인천 청라동 원룸 이사청소 예약,seo-incheon-cheongna-dong-one-room-moving-cleaning-booking,https://clever-griffin-93819d.netlify.app/seo-incheon-cheongna-dong-one-room-moving-cleaning-booking/,인천 청라동,이사청소,원룸,예약
2026-09-03T15:05:30,인천 청라동 원룸 이사청소 추천,seo-incheon-cheongna-dong-one-room-moving-cleaning-recommend,https://clever-griffin-93819d.netlify.app/seo-incheon-cheongna-dong-one-room-moving-cleaning-recommend/,인천 청라동,이사청소,원룸,추천
2026-09-03T15:05:30,인천 청라동 원룸 이사청소 후기,seo-incheon-cheongna-dong-one-room-moving-cleaning-review,https://clever-griffin-93819d.netlify.app/seo-incheon-cheongna-dong-one-room-moving-cleaning-review/,인천 청라동,이사청소,원룸,후기
2026-09-03T15:05:30,인천 청라동 원룸 이사청소 잘하는곳,seo-incheon-cheongna-dong-one-room-moving-cleaning-best,https://clever-griffin-93819d.netlify.app/seo-incheon-cheongna-dong-one-room-moving-cleaning-best/,인천 청라동,이사청소,원룸,잘하는곳
2026-09-03T15:05:30,인천 청라동 원룸 이사청소 업체,seo-incheon-cheongna-dong-one-room-moving-cleaning-service,https://clever-griffin-93819d.netlify.app/seo-incheon-cheongna-dong-one-room-moving-cleaning-service/,인천 청라동,이사청소,원룸,업체
2026-09-03T15:05:30,인천 청라동 원룸 이사청소 당일상담,seo-incheon-cheongna-dong-one-room-moving-cleaning-same-day-consult,https://clever-griffin-93819d.netlify.app/seo-incheon-cheongna-dong-one-room-moving-cleaning-same-day-consult/,인천 청라동,이사청소,원룸,당일상담
2026-09-03T15:05:30,인천 청라동 원룸 이사청소 주말예약,seo-incheon-cheongna-dong-one-room-moving-cleaning-weekend-booking,https://clever-griffin-93819d.netlify.app/seo-incheon-cheongna-dong-one-room-moving-cleaning-weekend-booking/,인천 청라동,이사청소,원룸,주말예약
2026-09-03T15:05:30,인천 청라동 원룸 이사청소 청소범위,seo-incheon-cheongna-dong-one-room-moving-cleaning-scope,https://clever-griffin-93819d.netlify.app/seo-incheon-cheongna-dong-one-room-moving-cleaning-scope/,인천 청라동,이사청소,원룸,청소범위
2026-09-03T15:05:30,인천 청라동 빌라 이사청소 전문업체,seo-incheon-cheongna-dong-villa-moving-cleaning-company,https://clever-griffin-93819d.netlify.app/seo-incheon-cheongna-dong-villa-moving-cleaning-company/,인천 청라동,이사청소,빌라,전문업체
2026-09-03T15:05:30,인천 청라동 빌라 이사청소 비용,seo-incheon-cheongna-dong-villa-moving-cleaning-cost,https://clever-griffin-93819d.netlify.app/seo-incheon-cheongna-dong-villa-moving-cleaning-cost/,인천 청라동,이사청소,빌라,비용
2026-09-03T15:05:30,인천 청라동 빌라 이사청소 가격,seo-incheon-cheongna-dong-villa-moving-cleaning-price,https://clever-griffin-93819d.netlify.app/seo-incheon-cheongna-dong-villa-moving-cleaning-price/,인천 청라동,이사청소,빌라,가격
2026-09-03T15:05:30,인천 청라동 빌라 이사청소 견적,seo-incheon-cheongna-dong-villa-moving-cleaning-estimate,https://clever-griffin-93819d.netlify.app/seo-incheon-cheongna-dong-villa-moving-cleaning-estimate/,인천 청라동,이사청소,빌라,견적
2026-09-03T15:05:30,인천 청라동 빌라 이사청소 예약,seo-incheon-cheongna-dong-villa-moving-cleaning-booking,https://clever-griffin-93819d.netlify.app/seo-incheon-cheongna-dong-villa-moving-cleaning-booking/,인천 청라동,이사청소,빌라,예약
2026-09-03T15:05:30,인천 청라동 빌라 이사청소 추천,seo-incheon-cheongna-dong-villa-moving-cleaning-recommend,https://clever-griffin-93819d.netlify.app/seo-incheon-cheongna-dong-villa-moving-cleaning-recommend/,인천 청라동,이사청소,빌라,추천
2026-09-03T15:05:30,인천 청라동 빌라 이사청소 후기,seo-incheon-cheongna-dong-villa-moving-cleaning-review,https://clever-griffin-93819d.netlify.app/seo-incheon-cheongna-dong-villa-moving-cleaning-review/,인천 청라동,이사청소,빌라,후기
2026-09-03T15:05:30,인천 청라동 빌라 이사청소 잘하는곳,seo-incheon-cheongna-dong-villa-moving-cleaning-best,https://clever-griffin-93819d.netlify.app/seo-incheon-cheongna-dong-villa-moving-cleaning-best/,인천 청라동,이사청소,빌라,잘하는곳
2026-09-03T15:05:30,인천 청라동 빌라 이사청소 업체,seo-incheon-cheongna-dong-villa-moving-cleaning-service,https://clever-griffin-93819d.netlify.app/seo-incheon-cheongna-dong-villa-moving-cleaning-service/,인천 청라동,이사청소,빌라,업체
2026-09-03T15:05:30,인천 청라동 빌라 이사청소 당일상담,seo-incheon-cheongna-dong-villa-moving-cleaning-same-day-consult,https://clever-griffin-93819d.netlify.app/seo-incheon-cheongna-dong-villa-moving-cleaning-same-day-consult/,인천 청라동,이사청소,빌라,당일상담
2026-09-03T15:05:30,인천 청라동 빌라 이사청소 주말예약,seo-incheon-cheongna-dong-villa-moving-cleaning-weekend-booking,https://clever-griffin-93819d.netlify.app/seo-incheon-cheongna-dong-villa-moving-cleaning-weekend-booking/,인천 청라동,이사청소,빌라,주말예약
2026-09-03T15:05:30,인천 청라동 빌라 이사청소 청소범위,seo-incheon-cheongna-dong-villa-moving-cleaning-scope,https://clever-griffin-93819d.netlify.app/seo-incheon-cheongna-dong-villa-moving-cleaning-scope/,인천 청라동,이사청소,빌라,청소범위
2026-09-03T15:05:30,인천 청라동 오피스텔 이사청소 전문업체,seo-incheon-cheongna-dong-officetel-moving-cleaning-company,https://clever-griffin-93819d.netlify.app/seo-incheon-cheongna-dong-officetel-moving-cleaning-company/,인천 청라동,이사청소,오피스텔,전문업체
2026-09-03T15:05:30,인천 청라동 오피스텔 이사청소 비용,seo-incheon-cheongna-dong-officetel-moving-cleaning-cost,https://clever-griffin-93819d.netlify.app/seo-incheon-cheongna-dong-officetel-moving-cleaning-cost/,인천 청라동,이사청소,오피스텔,비용
2026-09-03T15:05:30,인천 청라동 오피스텔 이사청소 가격,seo-incheon-cheongna-dong-officetel-moving-cleaning-price,https://clever-griffin-93819d.netlify.app/seo-incheon-cheongna-dong-officetel-moving-cleaning-price/,인천 청라동,이사청소,오피스텔,가격
2026-09-03T15:05:30,인천 청라동 오피스텔 이사청소 견적,seo-incheon-cheongna-dong-officetel-moving-cleaning-estimate,https://clever-griffin-93819d.netlify.app/seo-incheon-cheongna-dong-officetel-moving-cleaning-estimate/,인천 청라동,이사청소,오피스텔,견적
2026-09-03T15:05:30,인천 청라동 오피스텔 이사청소 예약,seo-incheon-cheongna-dong-officetel-moving-cleaning-booking,https://clever-griffin-93819d.netlify.app/seo-incheon-cheongna-dong-officetel-moving-cleaning-booking/,인천 청라동,이사청소,오피스텔,예약
2026-09-03T15:05:30,인천 청라동 오피스텔 이사청소 추천,seo-incheon-cheongna-dong-officetel-moving-cleaning-recommend,https://clever-griffin-93819d.netlify.app/seo-incheon-cheongna-dong-officetel-moving-cleaning-recommend/,인천 청라동,이사청소,오피스텔,추천
2026-09-03T15:05:30,인천 청라동 오피스텔 이사청소 후기,seo-incheon-cheongna-dong-officetel-moving-cleaning-review,https://clever-griffin-93819d.netlify.app/seo-incheon-cheongna-dong-officetel-moving-cleaning-review/,인천 청라동,이사청소,오피스텔,후기
2026-09-03T15:05:30,인천 청라동 오피스텔 이사청소 잘하는곳,seo-incheon-cheongna-dong-officetel-moving-cleaning-best,https://clever-griffin-93819d.netlify.app/seo-incheon-cheongna-dong-officetel-moving-cleaning-best/,인천 청라동,이사청소,오피스텔,잘하는곳
2026-09-03T15:05:30,인천 청라동 오피스텔 이사청소 업체,seo-incheon-cheongna-dong-officetel-moving-cleaning-service,https://clever-griffin-93819d.netlify.app/seo-incheon-cheongna-dong-officetel-moving-cleaning-service/,인천 청라동,이사청소,오피스텔,업체
2026-09-03T15:05:30,인천 청라동 오피스텔 이사청소 당일상담,seo-incheon-cheongna-dong-officetel-moving-cleaning-same-day-consult,https://clever-griffin-93819d.netlify.app/seo-incheon-cheongna-dong-officetel-moving-cleaning-same-day-consult/,인천 청라동,이사청소,오피스텔,당일상담
2026-09-03T15:05:30,인천 청라동 오피스텔 이사청소 주말예약,seo-incheon-cheongna-dong-officetel-moving-cleaning-weekend-booking,https://clever-griffin-93819d.netlify.app/seo-incheon-cheongna-dong-officetel-moving-cleaning-weekend-booking/,인천 청라동,이사청소,오피스텔,주말예약
2026-09-03T15:05:30,인천 청라동 오피스텔 이사청소 청소범위,seo-incheon-cheongna-dong-officetel-moving-cleaning-scope,https://clever-griffin-93819d.netlify.app/seo-incheon-cheongna-dong-officetel-moving-cleaning-scope/,인천 청라동,이사청소,오피스텔,청소범위
2026-09-03T15:05:30,인천 청라동 상가 이사청소 전문업체,seo-incheon-cheongna-dong-store-moving-cleaning-company,https://clever-griffin-93819d.netlify.app/seo-incheon-cheongna-dong-store-moving-cleaning-company/,인천 청라동,이사청소,상가,전문업체
2026-09-03T15:05:30,인천 청라동 상가 이사청소 비용,seo-incheon-cheongna-dong-store-moving-cleaning-cost,https://clever-griffin-93819d.netlify.app/seo-incheon-cheongna-dong-store-moving-cleaning-cost/,인천 청라동,이사청소,상가,비용
2026-09-03T15:05:30,인천 청라동 상가 이사청소 가격,seo-incheon-cheongna-dong-store-moving-cleaning-price,https://clever-griffin-93819d.netlify.app/seo-incheon-cheongna-dong-store-moving-cleaning-price/,인천 청라동,이사청소,상가,가격
2026-09-03T15:05:30,인천 청라동 상가 이사청소 견적,seo-incheon-cheongna-dong-store-moving-cleaning-estimate,https://clever-griffin-93819d.netlify.app/seo-incheon-cheongna-dong-store-moving-cleaning-estimate/,인천 청라동,이사청소,상가,견적
2026-09-03T15:05:30,인천 청라동 상가 이사청소 예약,seo-incheon-cheongna-dong-store-moving-cleaning-booking,https://clever-griffin-93819d.netlify.app/seo-incheon-cheongna-dong-store-moving-cleaning-booking/,인천 청라동,이사청소,상가,예약
2026-09-03T15:05:30,인천 청라동 상가 이사청소 추천,seo-incheon-cheongna-dong-store-moving-cleaning-recommend,https://clever-griffin-93819d.netlify.app/seo-incheon-cheongna-dong-store-moving-cleaning-recommend/,인천 청라동,이사청소,상가,추천
2026-09-03T15:05:30,인천 청라동 상가 이사청소 후기,seo-incheon-cheongna-dong-store-moving-cleaning-review,https://clever-griffin-93819d.netlify.app/seo-incheon-cheongna-dong-store-moving-cleaning-review/,인천 청라동,이사청소,상가,후기
2026-09-03T15:05:30,인천 청라동 상가 이사청소 잘하는곳,seo-incheon-cheongna-dong-store-moving-cleaning-best,https://clever-griffin-93819d.netlify.app/seo-incheon-cheongna-dong-store-moving-cleaning-best/,인천 청라동,이사청소,상가,잘하는곳
2026-09-03T15:05:30,인천 청라동 상가 이사청소 업체,seo-incheon-cheongna-dong-store-moving-cleaning-service,https://clever-griffin-93819d.netlify.app/seo-incheon-cheongna-dong-store-moving-cleaning-service/,인천 청라동,이사청소,상가,업체
2026-09-03T15:05:30,인천 청라동 상가 이사청소 당일상담,seo-incheon-cheongna-dong-store-moving-cleaning-same-day-consult,https://clever-griffin-93819d.netlify.app/seo-incheon-cheongna-dong-store-moving-cleaning-same-day-consult/,인천 청라동,이사청소,상가,당일상담
2026-09-03T15:05:30,인천 청라동 상가 이사청소 주말예약,seo-incheon-cheongna-dong-store-moving-cleaning-weekend-booking,https://clever-griffin-93819d.netlify.app/seo-incheon-cheongna-dong-store-moving-cleaning-weekend-booking/,인천 청라동,이사청소,상가,주말예약
2026-09-03T15:05:30,인천 청라동 상가 이사청소 청소범위,seo-incheon-cheongna-dong-store-moving-cleaning-scope,https://clever-griffin-93819d.netlify.app/seo-incheon-cheongna-dong-store-moving-cleaning-scope/,인천 청라동,이사청소,상가,청소범위
2026-09-03T15:05:30,인천 청라동 사무실 이사청소 전문업체,seo-incheon-cheongna-dong-office-moving-cleaning-company,https://clever-griffin-93819d.netlify.app/seo-incheon-cheongna-dong-office-moving-cleaning-company/,인천 청라동,이사청소,사무실,전문업체
2026-09-03T15:05:30,인천 청라동 사무실 이사청소 비용,seo-incheon-cheongna-dong-office-moving-cleaning-cost,https://clever-griffin-93819d.netlify.app/seo-incheon-cheongna-dong-office-moving-cleaning-cost/,인천 청라동,이사청소,사무실,비용
2026-09-03T15:05:30,인천 청라동 사무실 이사청소 가격,seo-incheon-cheongna-dong-office-moving-cleaning-price,https://clever-griffin-93819d.netlify.app/seo-incheon-cheongna-dong-office-moving-cleaning-price/,인천 청라동,이사청소,사무실,가격
2026-09-03T15:05:30,인천 청라동 사무실 이사청소 견적,seo-incheon-cheongna-dong-office-moving-cleaning-estimate,https://clever-griffin-93819d.netlify.app/seo-incheon-cheongna-dong-office-moving-cleaning-estimate/,인천 청라동,이사청소,사무실,견적
2026-09-03T15:05:30,인천 청라동 사무실 이사청소 예약,seo-incheon-cheongna-dong-office-moving-cleaning-booking,https://clever-griffin-93819d.netlify.app/seo-incheon-cheongna-dong-office-moving-cleaning-booking/,인천 청라동,이사청소,사무실,예약
2026-09-03T15:05:30,인천 청라동 사무실 이사청소 추천,seo-incheon-cheongna-dong-office-moving-cleaning-recommend,https://clever-griffin-93819d.netlify.app/seo-incheon-cheongna-dong-office-moving-cleaning-recommend/,인천 청라동,이사청소,사무실,추천
2026-09-03T15:05:30,인천 청라동 사무실 이사청소 후기,seo-incheon-cheongna-dong-office-moving-cleaning-review,https://clever-griffin-93819d.netlify.app/seo-incheon-cheongna-dong-office-moving-cleaning-review/,인천 청라동,이사청소,사무실,후기
2026-09-03T15:05:30,인천 청라동 사무실 이사청소 잘하는곳,seo-incheon-cheongna-dong-office-moving-cleaning-best,https://clever-griffin-93819d.netlify.app/seo-incheon-cheongna-dong-office-moving-cleaning-best/,인천 청라동,이사청소,사무실,잘하는곳
2026-09-03T15:05:30,인천 청라동 사무실 이사청소 업체,seo-incheon-cheongna-dong-office-moving-cleaning-service,https://clever-griffin-93819d.netlify.app/seo-incheon-cheongna-dong-office-moving-cleaning-service/,인천 청라동,이사청소,사무실,업체
2026-09-03T15:05:30,인천 청라동 사무실 이사청소 당일상담,seo-incheon-cheongna-dong-office-moving-cleaning-same-day-consult,https://clever-griffin-93819d.netlify.app/seo-incheon-cheongna-dong-office-moving-cleaning-same-day-consult/,인천 청라동,이사청소,사무실,당일상담
2026-09-03T15:05:30,인천 청라동 사무실 이사청소 주말예약,seo-incheon-cheongna-dong-office-moving-cleaning-weekend-booking,https://clever-griffin-93819d.netlify.app/seo-incheon-cheongna-dong-office-moving-cleaning-weekend-booking/,인천 청라동,이사청소,사무실,주말예약
2026-09-03T15:05:30,인천 청라동 사무실 이사청소 청소범위,seo-incheon-cheongna-dong-office-moving-cleaning-scope,https://clever-griffin-93819d.netlify.app/seo-incheon-cheongna-dong-office-moving-cleaning-scope/,인천 청라동,이사청소,사무실,청소범위
2026-09-03T15:05:30,인천 청라동 아파트 거주청소 전문업체,seo-incheon-cheongna-dong-apartment-residential-cleaning-company,https://clever-griffin-93819d.netlify.app/seo-incheon-cheongna-dong-apartment-residential-cleaning-company/,인천 청라동,거주청소,아파트,전문업체
2026-09-03T15:05:30,인천 청라동 아파트 거주청소 비용,seo-incheon-cheongna-dong-apartment-residential-cleaning-cost,https://clever-griffin-93819d.netlify.app/seo-incheon-cheongna-dong-apartment-residential-cleaning-cost/,인천 청라동,거주청소,아파트,비용
2026-09-03T15:05:30,인천 청라동 아파트 거주청소 가격,seo-incheon-cheongna-dong-apartment-residential-cleaning-price,https://clever-griffin-93819d.netlify.app/seo-incheon-cheongna-dong-apartment-residential-cleaning-price/,인천 청라동,거주청소,아파트,가격
2026-09-03T15:05:30,인천 청라동 아파트 거주청소 견적,seo-incheon-cheongna-dong-apartment-residential-cleaning-estimate,https://clever-griffin-93819d.netlify.app/seo-incheon-cheongna-dong-apartment-residential-cleaning-estimate/,인천 청라동,거주청소,아파트,견적
2026-09-03T15:05:30,인천 청라동 아파트 거주청소 예약,seo-incheon-cheongna-dong-apartment-residential-cleaning-booking,https://clever-griffin-93819d.netlify.app/seo-incheon-cheongna-dong-apartment-residential-cleaning-booking/,인천 청라동,거주청소,아파트,예약
2026-09-03T15:05:30,인천 청라동 아파트 거주청소 추천,seo-incheon-cheongna-dong-apartment-residential-cleaning-recommend,https://clever-griffin-93819d.netlify.app/seo-incheon-cheongna-dong-apartment-residential-cleaning-recommend/,인천 청라동,거주청소,아파트,추천
2026-09-03T15:05:30,인천 청라동 아파트 거주청소 후기,seo-incheon-cheongna-dong-apartment-residential-cleaning-review,https://clever-griffin-93819d.netlify.app/seo-incheon-cheongna-dong-apartment-residential-cleaning-review/,인천 청라동,거주청소,아파트,후기
2026-09-03T15:05:30,인천 청라동 아파트 거주청소 잘하는곳,seo-incheon-cheongna-dong-apartment-residential-cleaning-best,https://clever-griffin-93819d.netlify.app/seo-incheon-cheongna-dong-apartment-residential-cleaning-best/,인천 청라동,거주청소,아파트,잘하는곳
2026-09-03T15:05:30,인천 청라동 아파트 거주청소 업체,seo-incheon-cheongna-dong-apartment-residential-cleaning-service,https://clever-griffin-93819d.netlify.app/seo-incheon-cheongna-dong-apartment-residential-cleaning-service/,인천 청라동,거주청소,아파트,업체
2026-09-03T15:05:30,인천 청라동 아파트 거주청소 당일상담,seo-incheon-cheongna-dong-apartment-residential-cleaning-same-day-consult,https://clever-griffin-93819d.netlify.app/seo-incheon-cheongna-dong-apartment-residential-cleaning-same-day-consult/,인천 청라동,거주청소,아파트,당일상담
2026-09-03T15:05:30,인천 청라동 아파트 거주청소 주말예약,seo-incheon-cheongna-dong-apartment-residential-cleaning-weekend-booking,https://clever-griffin-93819d.netlify.app/seo-incheon-cheongna-dong-apartment-residential-cleaning-weekend-booking/,인천 청라동,거주청소,아파트,주말예약
2026-09-03T15:05:30,인천 청라동 아파트 거주청소 청소범위,seo-incheon-cheongna-dong-apartment-residential-cleaning-scope,https://clever-griffin-93819d.netlify.app/seo-incheon-cheongna-dong-apartment-residential-cleaning-scope/,인천 청라동,거주청소,아파트,청소범위
2026-09-03T15:05:30,인천 청라동 원룸 거주청소 전문업체,seo-incheon-cheongna-dong-one-room-residential-cleaning-company,https://clever-griffin-93819d.netlify.app/seo-incheon-cheongna-dong-one-room-residential-cleaning-company/,인천 청라동,거주청소,원룸,전문업체
2026-09-03T15:05:30,인천 청라동 원룸 거주청소 비용,seo-incheon-cheongna-dong-one-room-residential-cleaning-cost,https://clever-griffin-93819d.netlify.app/seo-incheon-cheongna-dong-one-room-residential-cleaning-cost/,인천 청라동,거주청소,원룸,비용
2026-09-03T15:05:30,인천 청라동 원룸 거주청소 가격,seo-incheon-cheongna-dong-one-room-residential-cleaning-price,https://clever-griffin-93819d.netlify.app/seo-incheon-cheongna-dong-one-room-residential-cleaning-price/,인천 청라동,거주청소,원룸,가격
2026-09-03T15:05:30,인천 청라동 원룸 거주청소 견적,seo-incheon-cheongna-dong-one-room-residential-cleaning-estimate,https://clever-griffin-93819d.netlify.app/seo-incheon-cheongna-dong-one-room-residential-cleaning-estimate/,인천 청라동,거주청소,원룸,견적
2026-09-03T15:05:30,인천 청라동 원룸 거주청소 예약,seo-incheon-cheongna-dong-one-room-residential-cleaning-booking,https://clever-griffin-93819d.netlify.app/seo-incheon-cheongna-dong-one-room-residential-cleaning-booking/,인천 청라동,거주청소,원룸,예약
2026-09-03T15:05:30,인천 청라동 원룸 거주청소 추천,seo-incheon-cheongna-dong-one-room-residential-cleaning-recommend,https://clever-griffin-93819d.netlify.app/seo-incheon-cheongna-dong-one-room-residential-cleaning-recommend/,인천 청라동,거주청소,원룸,추천
2026-09-03T15:05:30,인천 청라동 원룸 거주청소 후기,seo-incheon-cheongna-dong-one-room-residential-cleaning-review,https://clever-griffin-93819d.netlify.app/seo-incheon-cheongna-dong-one-room-residential-cleaning-review/,인천 청라동,거주청소,원룸,후기
2026-09-03T15:05:30,인천 청라동 원룸 거주청소 잘하는곳,seo-incheon-cheongna-dong-one-room-residential-cleaning-best,https://clever-griffin-93819d.netlify.app/seo-incheon-cheongna-dong-one-room-residential-cleaning-best/,인천 청라동,거주청소,원룸,잘하는곳
2026-09-03T15:05:30,인천 청라동 원룸 거주청소 업체,seo-incheon-cheongna-dong-one-room-residential-cleaning-service,https://clever-griffin-93819d.netlify.app/seo-incheon-cheongna-dong-one-room-residential-cleaning-service/,인천 청라동,거주청소,원룸,업체
2026-09-03T15:05:30,인천 청라동 원룸 거주청소 당일상담,seo-incheon-cheongna-dong-one-room-residential-cleaning-same-day-consult,https://clever-griffin-93819d.netlify.app/seo-incheon-cheongna-dong-one-room-residential-cleaning-same-day-consult/,인천 청라동,거주청소,원룸,당일상담
2026-09-03T15:05:30,인천 청라동 원룸 거주청소 주말예약,seo-incheon-cheongna-dong-one-room-residential-cleaning-weekend-booking,https://clever-griffin-93819d.netlify.app/seo-incheon-cheongna-dong-one-room-residential-cleaning-weekend-booking/,인천 청라동,거주청소,원룸,주말예약
2026-09-03T15:05:30,인천 청라동 원룸 거주청소 청소범위,seo-incheon-cheongna-dong-one-room-residential-cleaning-scope,https://clever-griffin-93819d.netlify.app/seo-incheon-cheongna-dong-one-room-residential-cleaning-scope/,인천 청라동,거주청소,원룸,청소범위
2026-09-03T15:05:30,인천 청라동 빌라 거주청소 전문업체,seo-incheon-cheongna-dong-villa-residential-cleaning-company,https://clever-griffin-93819d.netlify.app/seo-incheon-cheongna-dong-villa-residential-cleaning-company/,인천 청라동,거주청소,빌라,전문업체
2026-09-03T15:05:30,인천 청라동 빌라 거주청소 비용,seo-incheon-cheongna-dong-villa-residential-cleaning-cost,https://clever-griffin-93819d.netlify.app/seo-incheon-cheongna-dong-villa-residential-cleaning-cost/,인천 청라동,거주청소,빌라,비용
2026-09-03T15:05:30,인천 청라동 빌라 거주청소 가격,seo-incheon-cheongna-dong-villa-residential-cleaning-price,https://clever-griffin-93819d.netlify.app/seo-incheon-cheongna-dong-villa-residential-cleaning-price/,인천 청라동,거주청소,빌라,가격
2026-09-03T15:05:30,인천 청라동 빌라 거주청소 견적,seo-incheon-cheongna-dong-villa-residential-cleaning-estimate,https://clever-griffin-93819d.netlify.app/seo-incheon-cheongna-dong-villa-residential-cleaning-estimate/,인천 청라동,거주청소,빌라,견적
2026-09-03T15:05:30,인천 청라동 빌라 거주청소 예약,seo-incheon-cheongna-dong-villa-residential-cleaning-booking,https://clever-griffin-93819d.netlify.app/seo-incheon-cheongna-dong-villa-residential-cleaning-booking/,인천 청라동,거주청소,빌라,예약
2026-09-03T15:05:30,인천 청라동 빌라 거주청소 추천,seo-incheon-cheongna-dong-villa-residential-cleaning-recommend,https://clever-griffin-93819d.netlify.app/seo-incheon-cheongna-dong-villa-residential-cleaning-recommend/,인천 청라동,거주청소,빌라,추천
2026-09-03T15:05:30,인천 청라동 빌라 거주청소 후기,seo-incheon-cheongna-dong-villa-residential-cleaning-review,https://clever-griffin-93819d.netlify.app/seo-incheon-cheongna-dong-villa-residential-cleaning-review/,인천 청라동,거주청소,빌라,후기
2026-09-03T15:05:30,인천 청라동 빌라 거주청소 잘하는곳,seo-incheon-cheongna-dong-villa-residential-cleaning-best,https://clever-griffin-93819d.netlify.app/seo-incheon-cheongna-dong-villa-residential-cleaning-best/,인천 청라동,거주청소,빌라,잘하는곳
2026-09-03T15:05:30,인천 청라동 빌라 거주청소 업체,seo-incheon-cheongna-dong-villa-residential-cleaning-service,https://clever-griffin-93819d.netlify.app/seo-incheon-cheongna-dong-villa-residential-cleaning-service/,인천 청라동,거주청소,빌라,업체
2026-09-03T15:05:30,인천 청라동 빌라 거주청소 당일상담,seo-incheon-cheongna-dong-villa-residential-cleaning-same-day-consult,https://clever-griffin-93819d.netlify.app/seo-incheon-cheongna-dong-villa-residential-cleaning-same-day-consult/,인천 청라동,거주청소,빌라,당일상담
2026-09-03T15:05:30,인천 청라동 빌라 거주청소 주말예약,seo-incheon-cheongna-dong-villa-residential-cleaning-weekend-booking,https://clever-griffin-93819d.netlify.app/seo-incheon-cheongna-dong-villa-residential-cleaning-weekend-booking/,인천 청라동,거주청소,빌라,주말예약
2026-09-03T15:05:30,인천 청라동 빌라 거주청소 청소범위,seo-incheon-cheongna-dong-villa-residential-cleaning-scope,https://clever-griffin-93819d.netlify.app/seo-incheon-cheongna-dong-villa-residential-cleaning-scope/,인천 청라동,거주청소,빌라,청소범위
2026-09-03T15:05:30,인천 청라동 오피스텔 거주청소 전문업체,seo-incheon-cheongna-dong-officetel-residential-cleaning-company,https://clever-griffin-93819d.netlify.app/seo-incheon-cheongna-dong-officetel-residential-cleaning-company/,인천 청라동,거주청소,오피스텔,전문업체
2026-09-03T15:05:30,인천 청라동 오피스텔 거주청소 비용,seo-incheon-cheongna-dong-officetel-residential-cleaning-cost,https://clever-griffin-93819d.netlify.app/seo-incheon-cheongna-dong-officetel-residential-cleaning-cost/,인천 청라동,거주청소,오피스텔,비용
2026-09-03T15:05:30,인천 청라동 오피스텔 거주청소 가격,seo-incheon-cheongna-dong-officetel-residential-cleaning-price,https://clever-griffin-93819d.netlify.app/seo-incheon-cheongna-dong-officetel-residential-cleaning-price/,인천 청라동,거주청소,오피스텔,가격
2026-09-03T15:05:30,인천 청라동 오피스텔 거주청소 견적,seo-incheon-cheongna-dong-officetel-residential-cleaning-estimate,https://clever-griffin-93819d.netlify.app/seo-incheon-cheongna-dong-officetel-residential-cleaning-estimate/,인천 청라동,거주청소,오피스텔,견적
2026-09-03T15:05:30,인천 청라동 오피스텔 거주청소 예약,seo-incheon-cheongna-dong-officetel-residential-cleaning-booking,https://clever-griffin-93819d.netlify.app/seo-incheon-cheongna-dong-officetel-residential-cleaning-booking/,인천 청라동,거주청소,오피스텔,예약
2026-09-03T15:05:30,인천 청라동 오피스텔 거주청소 추천,seo-incheon-cheongna-dong-officetel-residential-cleaning-recommend,https://clever-griffin-93819d.netlify.app/seo-incheon-cheongna-dong-officetel-residential-cleaning-recommend/,인천 청라동,거주청소,오피스텔,추천
2026-09-03T15:05:30,인천 청라동 오피스텔 거주청소 후기,seo-incheon-cheongna-dong-officetel-residential-cleaning-review,https://clever-griffin-93819d.netlify.app/seo-incheon-cheongna-dong-officetel-residential-cleaning-review/,인천 청라동,거주청소,오피스텔,후기
2026-09-03T15:05:30,인천 청라동 오피스텔 거주청소 잘하는곳,seo-incheon-cheongna-dong-officetel-residential-cleaning-best,https://clever-griffin-93819d.netlify.app/seo-incheon-cheongna-dong-officetel-residential-cleaning-best/,인천 청라동,거주청소,오피스텔,잘하는곳
2026-09-03T15:05:30,인천 청라동 오피스텔 거주청소 업체,seo-incheon-cheongna-dong-officetel-residential-cleaning-service,https://clever-griffin-93819d.netlify.app/seo-incheon-cheongna-dong-officetel-residential-cleaning-service/,인천 청라동,거주청소,오피스텔,업체
2026-09-03T15:05:30,인천 청라동 오피스텔 거주청소 당일상담,seo-incheon-cheongna-dong-officetel-residential-cleaning-same-day-consult,https://clever-griffin-93819d.netlify.app/seo-incheon-cheongna-dong-officetel-residential-cleaning-same-day-consult/,인천 청라동,거주청소,오피스텔,당일상담
2026-09-03T15:05:30,인천 청라동 오피스텔 거주청소 주말예약,seo-incheon-cheongna-dong-officetel-residential-cleaning-weekend-booking,https://clever-griffin-93819d.netlify.app/seo-incheon-cheongna-dong-officetel-residential-cleaning-weekend-booking/,인천 청라동,거주청소,오피스텔,주말예약
2026-09-03T15:05:30,인천 청라동 오피스텔 거주청소 청소범위,seo-incheon-cheongna-dong-officetel-residential-cleaning-scope,https://clever-griffin-93819d.netlify.app/seo-incheon-cheongna-dong-officetel-residential-cleaning-scope/,인천 청라동,거주청소,오피스텔,청소범위
2026-09-03T15:05:30,인천 청라동 상가 거주청소 전문업체,seo-incheon-cheongna-dong-store-residential-cleaning-company,https://clever-griffin-93819d.netlify.app/seo-incheon-cheongna-dong-store-residential-cleaning-company/,인천 청라동,거주청소,상가,전문업체
2026-09-03T15:05:30,인천 청라동 상가 거주청소 비용,seo-incheon-cheongna-dong-store-residential-cleaning-cost,https://clever-griffin-93819d.netlify.app/seo-incheon-cheongna-dong-store-residential-cleaning-cost/,인천 청라동,거주청소,상가,비용
2026-09-03T15:05:30,인천 청라동 상가 거주청소 가격,seo-incheon-cheongna-dong-store-residential-cleaning-price,https://clever-griffin-93819d.netlify.app/seo-incheon-cheongna-dong-store-residential-cleaning-price/,인천 청라동,거주청소,상가,가격
2026-09-03T15:05:30,인천 청라동 상가 거주청소 견적,seo-incheon-cheongna-dong-store-residential-cleaning-estimate,https://clever-griffin-93819d.netlify.app/seo-incheon-cheongna-dong-store-residential-cleaning-estimate/,인천 청라동,거주청소,상가,견적
2026-09-03T15:05:30,인천 청라동 상가 거주청소 예약,seo-incheon-cheongna-dong-store-residential-cleaning-booking,https://clever-griffin-93819d.netlify.app/seo-incheon-cheongna-dong-store-residential-cleaning-booking/,인천 청라동,거주청소,상가,예약
2026-09-03T15:05:30,인천 청라동 상가 거주청소 추천,seo-incheon-cheongna-dong-store-residential-cleaning-recommend,https://clever-griffin-93819d.netlify.app/seo-incheon-cheongna-dong-store-residential-cleaning-recommend/,인천 청라동,거주청소,상가,추천
2026-09-03T15:05:30,인천 청라동 상가 거주청소 후기,seo-incheon-cheongna-dong-store-residential-cleaning-review,https://clever-griffin-93819d.netlify.app/seo-incheon-cheongna-dong-store-residential-cleaning-review/,인천 청라동,거주청소,상가,후기
2026-09-03T15:05:30,인천 청라동 상가 거주청소 잘하는곳,seo-incheon-cheongna-dong-store-residential-cleaning-best,https://clever-griffin-93819d.netlify.app/seo-incheon-cheongna-dong-store-residential-cleaning-best/,인천 청라동,거주청소,상가,잘하는곳
2026-09-03T15:05:30,인천 청라동 상가 거주청소 업체,seo-incheon-cheongna-dong-store-residential-cleaning-service,https://clever-griffin-93819d.netlify.app/seo-incheon-cheongna-dong-store-residential-cleaning-service/,인천 청라동,거주청소,상가,업체
2026-09-03T15:05:30,인천 청라동 상가 거주청소 당일상담,seo-incheon-cheongna-dong-store-residential-cleaning-same-day-consult,https://clever-griffin-93819d.netlify.app/seo-incheon-cheongna-dong-store-residential-cleaning-same-day-consult/,인천 청라동,거주청소,상가,당일상담
2026-09-03T15:05:30,인천 청라동 상가 거주청소 주말예약,seo-incheon-cheongna-dong-store-residential-cleaning-weekend-booking,https://clever-griffin-93819d.netlify.app/seo-incheon-cheongna-dong-store-residential-cleaning-weekend-booking/,인천 청라동,거주청소,상가,주말예약
2026-09-03T15:05:30,인천 청라동 상가 거주청소 청소범위,seo-incheon-cheongna-dong-store-residential-cleaning-scope,https://clever-griffin-93819d.netlify.app/seo-incheon-cheongna-dong-store-residential-cleaning-scope/,인천 청라동,거주청소,상가,청소범위
2026-09-03T15:05:30,인천 청라동 사무실 거주청소 전문업체,seo-incheon-cheongna-dong-office-residential-cleaning-company,https://clever-griffin-93819d.netlify.app/seo-incheon-cheongna-dong-office-residential-cleaning-company/,인천 청라동,거주청소,사무실,전문업체
2026-09-03T15:05:30,인천 청라동 사무실 거주청소 비용,seo-incheon-cheongna-dong-office-residential-cleaning-cost,https://clever-griffin-93819d.netlify.app/seo-incheon-cheongna-dong-office-residential-cleaning-cost/,인천 청라동,거주청소,사무실,비용
2026-09-03T15:05:30,인천 청라동 사무실 거주청소 가격,seo-incheon-cheongna-dong-office-residential-cleaning-price,https://clever-griffin-93819d.netlify.app/seo-incheon-cheongna-dong-office-residential-cleaning-price/,인천 청라동,거주청소,사무실,가격
2026-09-03T15:05:30,인천 청라동 사무실 거주청소 견적,seo-incheon-cheongna-dong-office-residential-cleaning-estimate,https://clever-griffin-93819d.netlify.app/seo-incheon-cheongna-dong-office-residential-cleaning-estimate/,인천 청라동,거주청소,사무실,견적
2026-09-03T15:05:30,인천 청라동 사무실 거주청소 예약,seo-incheon-cheongna-dong-office-residential-cleaning-booking,https://clever-griffin-93819d.netlify.app/seo-incheon-cheongna-dong-office-residential-cleaning-booking/,인천 청라동,거주청소,사무실,예약
2026-09-03T15:05:30,인천 청라동 사무실 거주청소 추천,seo-incheon-cheongna-dong-office-residential-cleaning-recommend,https://clever-griffin-93819d.netlify.app/seo-incheon-cheongna-dong-office-residential-cleaning-recommend/,인천 청라동,거주청소,사무실,추천
2026-09-03T15:05:30,인천 청라동 사무실 거주청소 후기,seo-incheon-cheongna-dong-office-residential-cleaning-review,https://clever-griffin-93819d.netlify.app/seo-incheon-cheongna-dong-office-residential-cleaning-review/,인천 청라동,거주청소,사무실,후기
2026-09-03T15:05:30,인천 청라동 사무실 거주청소 잘하는곳,seo-incheon-cheongna-dong-office-residential-cleaning-best,https://clever-griffin-93819d.netlify.app/seo-incheon-cheongna-dong-office-residential-cleaning-best/,인천 청라동,거주청소,사무실,잘하는곳
2026-09-03T15:05:30,인천 청라동 사무실 거주청소 업체,seo-incheon-cheongna-dong-office-residential-cleaning-service,https://clever-griffin-93819d.netlify.app/seo-incheon-cheongna-dong-office-residential-cleaning-service/,인천 청라동,거주청소,사무실,업체
2026-09-03T15:05:30,인천 청라동 사무실 거주청소 당일상담,seo-incheon-cheongna-dong-office-residential-cleaning-same-day-consult,https://clever-griffin-93819d.netlify.app/seo-incheon-cheongna-dong-office-residential-cleaning-same-day-consult/,인천 청라동,거주청소,사무실,당일상담
2026-09-03T15:05:30,인천 청라동 사무실 거주청소 주말예약,seo-incheon-cheongna-dong-office-residential-cleaning-weekend-booking,https://clever-griffin-93819d.netlify.app/seo-incheon-cheongna-dong-office-residential-cleaning-weekend-booking/,인천 청라동,거주청소,사무실,주말예약
2026-09-03T15:05:30,인천 청라동 사무실 거주청소 청소범위,seo-incheon-cheongna-dong-office-residential-cleaning-scope,https://clever-griffin-93819d.netlify.app/seo-incheon-cheongna-dong-office-residential-cleaning-scope/,인천 청라동,거주청소,사무실,청소범위
2026-09-03T15:05:30,인천 청라동 상가청소 전문업체,seo-incheon-cheongna-dong-store-cleaning-company,https://clever-griffin-93819d.netlify.app/seo-incheon-cheongna-dong-store-cleaning-company/,인천 청라동,상가청소,상가,전문업체
2026-09-03T15:05:30,인천 청라동 상가청소 비용,seo-incheon-cheongna-dong-store-cleaning-cost,https://clever-griffin-93819d.netlify.app/seo-incheon-cheongna-dong-store-cleaning-cost/,인천 청라동,상가청소,상가,비용
2026-09-03T15:05:30,인천 청라동 상가청소 가격,seo-incheon-cheongna-dong-store-cleaning-price,https://clever-griffin-93819d.netlify.app/seo-incheon-cheongna-dong-store-cleaning-price/,인천 청라동,상가청소,상가,가격
2026-09-03T15:05:30,인천 청라동 상가청소 견적,seo-incheon-cheongna-dong-store-cleaning-estimate,https://clever-griffin-93819d.netlify.app/seo-incheon-cheongna-dong-store-cleaning-estimate/,인천 청라동,상가청소,상가,견적
2026-09-03T15:05:30,인천 청라동 상가청소 예약,seo-incheon-cheongna-dong-store-cleaning-booking,https://clever-griffin-93819d.netlify.app/seo-incheon-cheongna-dong-store-cleaning-booking/,인천 청라동,상가청소,상가,예약
2026-09-03T15:05:30,인천 청라동 상가청소 추천,seo-incheon-cheongna-dong-store-cleaning-recommend,https://clever-griffin-93819d.netlify.app/seo-incheon-cheongna-dong-store-cleaning-recommend/,인천 청라동,상가청소,상가,추천
2026-09-03T15:05:30,인천 청라동 상가청소 후기,seo-incheon-cheongna-dong-store-cleaning-review,https://clever-griffin-93819d.netlify.app/seo-incheon-cheongna-dong-store-cleaning-review/,인천 청라동,상가청소,상가,후기
2026-09-03T15:05:30,인천 청라동 상가청소 잘하는곳,seo-incheon-cheongna-dong-store-cleaning-best,https://clever-griffin-93819d.netlify.app/seo-incheon-cheongna-dong-store-cleaning-best/,인천 청라동,상가청소,상가,잘하는곳
2026-09-03T15:05:30,인천 청라동 상가청소 업체,seo-incheon-cheongna-dong-store-cleaning-service,https://clever-griffin-93819d.netlify.app/seo-incheon-cheongna-dong-store-cleaning-service/,인천 청라동,상가청소,상가,업체
2026-09-03T15:05:30,인천 청라동 상가청소 당일상담,seo-incheon-cheongna-dong-store-cleaning-same-day-consult,https://clever-griffin-93819d.netlify.app/seo-incheon-cheongna-dong-store-cleaning-same-day-consult/,인천 청라동,상가청소,상가,당일상담
2026-09-03T15:05:30,인천 청라동 상가청소 주말예약,seo-incheon-cheongna-dong-store-cleaning-weekend-booking,https://clever-griffin-93819d.netlify.app/seo-incheon-cheongna-dong-store-cleaning-weekend-booking/,인천 청라동,상가청소,상가,주말예약
2026-09-03T15:05:30,인천 청라동 상가청소 청소범위,seo-incheon-cheongna-dong-store-cleaning-scope,https://clever-griffin-93819d.netlify.app/seo-incheon-cheongna-dong-store-cleaning-scope/,인천 청라동,상가청소,상가,청소범위
2026-09-03T15:05:30,인천 청라동 사무실청소 전문업체,seo-incheon-cheongna-dong-office-cleaning-company,https://clever-griffin-93819d.netlify.app/seo-incheon-cheongna-dong-office-cleaning-company/,인천 청라동,사무실청소,사무실,전문업체
2026-09-03T15:05:30,인천 청라동 사무실청소 비용,seo-incheon-cheongna-dong-office-cleaning-cost,https://clever-griffin-93819d.netlify.app/seo-incheon-cheongna-dong-office-cleaning-cost/,인천 청라동,사무실청소,사무실,비용
2026-09-03T15:05:30,인천 청라동 사무실청소 가격,seo-incheon-cheongna-dong-office-cleaning-price,https://clever-griffin-93819d.netlify.app/seo-incheon-cheongna-dong-office-cleaning-price/,인천 청라동,사무실청소,사무실,가격
2026-09-03T15:05:30,인천 청라동 사무실청소 견적,seo-incheon-cheongna-dong-office-cleaning-estimate,https://clever-griffin-93819d.netlify.app/seo-incheon-cheongna-dong-office-cleaning-estimate/,인천 청라동,사무실청소,사무실,견적
2026-09-03T15:05:30,인천 청라동 사무실청소 예약,seo-incheon-cheongna-dong-office-cleaning-booking,https://clever-griffin-93819d.netlify.app/seo-incheon-cheongna-dong-office-cleaning-booking/,인천 청라동,사무실청소,사무실,예약
2026-09-03T15:05:30,인천 청라동 사무실청소 추천,seo-incheon-cheongna-dong-office-cleaning-recommend,https://clever-griffin-93819d.netlify.app/seo-incheon-cheongna-dong-office-cleaning-recommend/,인천 청라동,사무실청소,사무실,추천
2026-09-03T15:05:30,인천 청라동 사무실청소 후기,seo-incheon-cheongna-dong-office-cleaning-review,https://clever-griffin-93819d.netlify.app/seo-incheon-cheongna-dong-office-cleaning-review/,인천 청라동,사무실청소,사무실,후기
2026-09-03T15:05:30,인천 청라동 사무실청소 잘하는곳,seo-incheon-cheongna-dong-office-cleaning-best,https://clever-griffin-93819d.netlify.app/seo-incheon-cheongna-dong-office-cleaning-best/,인천 청라동,사무실청소,사무실,잘하는곳
2026-09-03T15:05:30,인천 청라동 사무실청소 업체,seo-incheon-cheongna-dong-office-cleaning-service,https://clever-griffin-93819d.netlify.app/seo-incheon-cheongna-dong-office-cleaning-service/,인천 청라동,사무실청소,사무실,업체
2026-09-03T15:05:30,인천 청라동 사무실청소 당일상담,seo-incheon-cheongna-dong-office-cleaning-same-day-consult,https://clever-griffin-93819d.netlify.app/seo-incheon-cheongna-dong-office-cleaning-same-day-consult/,인천 청라동,사무실청소,사무실,당일상담
2026-09-03T15:05:30,인천 청라동 사무실청소 주말예약,seo-incheon-cheongna-dong-office-cleaning-weekend-booking,https://clever-griffin-93819d.netlify.app/seo-incheon-cheongna-dong-office-cleaning-weekend-booking/,인천 청라동,사무실청소,사무실,주말예약
2026-09-03T15:05:30,인천 청라동 사무실청소 청소범위,seo-incheon-cheongna-dong-office-cleaning-scope,https://clever-griffin-93819d.netlify.app/seo-incheon-cheongna-dong-office-cleaning-scope/,인천 청라동,사무실청소,사무실,청소범위
2026-09-03T15:05:30,인천 청라동 원룸청소 전문업체,seo-incheon-cheongna-dong-one-room-cleaning-company,https://clever-griffin-93819d.netlify.app/seo-incheon-cheongna-dong-one-room-cleaning-company/,인천 청라동,원룸청소,원룸,전문업체
2026-09-03T15:05:30,인천 청라동 원룸청소 비용,seo-incheon-cheongna-dong-one-room-cleaning-cost,https://clever-griffin-93819d.netlify.app/seo-incheon-cheongna-dong-one-room-cleaning-cost/,인천 청라동,원룸청소,원룸,비용
2026-09-03T15:05:30,인천 청라동 원룸청소 가격,seo-incheon-cheongna-dong-one-room-cleaning-price,https://clever-griffin-93819d.netlify.app/seo-incheon-cheongna-dong-one-room-cleaning-price/,인천 청라동,원룸청소,원룸,가격
2026-09-03T15:05:30,인천 청라동 원룸청소 견적,seo-incheon-cheongna-dong-one-room-cleaning-estimate,https://clever-griffin-93819d.netlify.app/seo-incheon-cheongna-dong-one-room-cleaning-estimate/,인천 청라동,원룸청소,원룸,견적
2026-09-03T15:05:30,인천 청라동 원룸청소 예약,seo-incheon-cheongna-dong-one-room-cleaning-booking,https://clever-griffin-93819d.netlify.app/seo-incheon-cheongna-dong-one-room-cleaning-booking/,인천 청라동,원룸청소,원룸,예약
2026-09-03T15:05:30,인천 청라동 원룸청소 추천,seo-incheon-cheongna-dong-one-room-cleaning-recommend,https://clever-griffin-93819d.netlify.app/seo-incheon-cheongna-dong-one-room-cleaning-recommend/,인천 청라동,원룸청소,원룸,추천
2026-09-03T15:05:30,인천 청라동 원룸청소 후기,seo-incheon-cheongna-dong-one-room-cleaning-review,https://clever-griffin-93819d.netlify.app/seo-incheon-cheongna-dong-one-room-cleaning-review/,인천 청라동,원룸청소,원룸,후기
2026-09-03T15:05:30,인천 청라동 원룸청소 잘하는곳,seo-incheon-cheongna-dong-one-room-cleaning-best,https://clever-griffin-93819d.netlify.app/seo-incheon-cheongna-dong-one-room-cleaning-best/,인천 청라동,원룸청소,원룸,잘하는곳
2026-09-03T15:05:30,인천 청라동 원룸청소 업체,seo-incheon-cheongna-dong-one-room-cleaning-service,https://clever-griffin-93819d.netlify.app/seo-incheon-cheongna-dong-one-room-cleaning-service/,인천 청라동,원룸청소,원룸,업체
2026-09-03T15:05:30,인천 청라동 원룸청소 당일상담,seo-incheon-cheongna-dong-one-room-cleaning-same-day-consult,https://clever-griffin-93819d.netlify.app/seo-incheon-cheongna-dong-one-room-cleaning-same-day-consult/,인천 청라동,원룸청소,원룸,당일상담
2026-09-03T15:05:30,인천 청라동 원룸청소 주말예약,seo-incheon-cheongna-dong-one-room-cleaning-weekend-booking,https://clever-griffin-93819d.netlify.app/seo-incheon-cheongna-dong-one-room-cleaning-weekend-booking/,인천 청라동,원룸청소,원룸,주말예약
2026-09-03T15:05:30,인천 청라동 원룸청소 청소범위,seo-incheon-cheongna-dong-one-room-cleaning-scope,https://clever-griffin-93819d.netlify.app/seo-incheon-cheongna-dong-one-room-cleaning-scope/,인천 청라동,원룸청소,원룸,청소범위
2026-09-03T15:05:30,인천 청라동 빌라청소 전문업체,seo-incheon-cheongna-dong-villa-cleaning-company,https://clever-griffin-93819d.netlify.app/seo-incheon-cheongna-dong-villa-cleaning-company/,인천 청라동,빌라청소,빌라,전문업체
2026-09-03T15:05:30,인천 청라동 빌라청소 비용,seo-incheon-cheongna-dong-villa-cleaning-cost,https://clever-griffin-93819d.netlify.app/seo-incheon-cheongna-dong-villa-cleaning-cost/,인천 청라동,빌라청소,빌라,비용
2026-09-03T15:05:30,인천 청라동 빌라청소 가격,seo-incheon-cheongna-dong-villa-cleaning-price,https://clever-griffin-93819d.netlify.app/seo-incheon-cheongna-dong-villa-cleaning-price/,인천 청라동,빌라청소,빌라,가격
2026-09-03T15:05:30,인천 청라동 빌라청소 견적,seo-incheon-cheongna-dong-villa-cleaning-estimate,https://clever-griffin-93819d.netlify.app/seo-incheon-cheongna-dong-villa-cleaning-estimate/,인천 청라동,빌라청소,빌라,견적
2026-09-03T15:05:30,인천 청라동 빌라청소 예약,seo-incheon-cheongna-dong-villa-cleaning-booking,https://clever-griffin-93819d.netlify.app/seo-incheon-cheongna-dong-villa-cleaning-booking/,인천 청라동,빌라청소,빌라,예약
2026-09-03T15:05:30,인천 청라동 빌라청소 추천,seo-incheon-cheongna-dong-villa-cleaning-recommend,https://clever-griffin-93819d.netlify.app/seo-incheon-cheongna-dong-villa-cleaning-recommend/,인천 청라동,빌라청소,빌라,추천
2026-09-03T15:05:30,인천 청라동 빌라청소 후기,seo-incheon-cheongna-dong-villa-cleaning-review,https://clever-griffin-93819d.netlify.app/seo-incheon-cheongna-dong-villa-cleaning-review/,인천 청라동,빌라청소,빌라,후기
2026-09-03T15:05:30,인천 청라동 빌라청소 잘하는곳,seo-incheon-cheongna-dong-villa-cleaning-best,https://clever-griffin-93819d.netlify.app/seo-incheon-cheongna-dong-villa-cleaning-best/,인천 청라동,빌라청소,빌라,잘하는곳
2026-09-03T15:05:30,인천 청라동 빌라청소 업체,seo-incheon-cheongna-dong-villa-cleaning-service,https://clever-griffin-93819d.netlify.app/seo-incheon-cheongna-dong-villa-cleaning-service/,인천 청라동,빌라청소,빌라,업체
2026-09-03T15:05:30,인천 청라동 빌라청소 당일상담,seo-incheon-cheongna-dong-villa-cleaning-same-day-consult,https://clever-griffin-93819d.netlify.app/seo-incheon-cheongna-dong-villa-cleaning-same-day-consult/,인천 청라동,빌라청소,빌라,당일상담
2026-09-03T15:05:30,인천 청라동 빌라청소 주말예약,seo-incheon-cheongna-dong-villa-cleaning-weekend-booking,https://clever-griffin-93819d.netlify.app/seo-incheon-cheongna-dong-villa-cleaning-weekend-booking/,인천 청라동,빌라청소,빌라,주말예약
2026-09-03T15:05:30,인천 청라동 빌라청소 청소범위,seo-incheon-cheongna-dong-villa-cleaning-scope,https://clever-griffin-93819d.netlify.app/seo-incheon-cheongna-dong-villa-cleaning-scope/,인천 청라동,빌라청소,빌라,청소범위
2026-09-03T15:05:30,인천 청라동 오피스텔청소 전문업체,seo-incheon-cheongna-dong-officetel-cleaning-company,https://clever-griffin-93819d.netlify.app/seo-incheon-cheongna-dong-officetel-cleaning-company/,인천 청라동,오피스텔청소,오피스텔,전문업체
2026-09-03T15:05:30,인천 청라동 오피스텔청소 비용,seo-incheon-cheongna-dong-officetel-cleaning-cost,https://clever-griffin-93819d.netlify.app/seo-incheon-cheongna-dong-officetel-cleaning-cost/,인천 청라동,오피스텔청소,오피스텔,비용
2026-09-03T15:05:30,인천 청라동 오피스텔청소 가격,seo-incheon-cheongna-dong-officetel-cleaning-price,https://clever-griffin-93819d.netlify.app/seo-incheon-cheongna-dong-officetel-cleaning-price/,인천 청라동,오피스텔청소,오피스텔,가격
2026-09-03T15:05:30,인천 청라동 오피스텔청소 견적,seo-incheon-cheongna-dong-officetel-cleaning-estimate,https://clever-griffin-93819d.netlify.app/seo-incheon-cheongna-dong-officetel-cleaning-estimate/,인천 청라동,오피스텔청소,오피스텔,견적
2026-09-03T15:05:30,인천 청라동 오피스텔청소 예약,seo-incheon-cheongna-dong-officetel-cleaning-booking,https://clever-griffin-93819d.netlify.app/seo-incheon-cheongna-dong-officetel-cleaning-booking/,인천 청라동,오피스텔청소,오피스텔,예약
2026-09-03T15:05:30,인천 청라동 오피스텔청소 추천,seo-incheon-cheongna-dong-officetel-cleaning-recommend,https://clever-griffin-93819d.netlify.app/seo-incheon-cheongna-dong-officetel-cleaning-recommend/,인천 청라동,오피스텔청소,오피스텔,추천
2026-09-03T15:05:30,인천 청라동 오피스텔청소 후기,seo-incheon-cheongna-dong-officetel-cleaning-review,https://clever-griffin-93819d.netlify.app/seo-incheon-cheongna-dong-officetel-cleaning-review/,인천 청라동,오피스텔청소,오피스텔,후기
2026-09-03T15:05:30,인천 청라동 오피스텔청소 잘하는곳,seo-incheon-cheongna-dong-officetel-cleaning-best,https://clever-griffin-93819d.netlify.app/seo-incheon-cheongna-dong-officetel-cleaning-best/,인천 청라동,오피스텔청소,오피스텔,잘하는곳
2026-09-03T15:05:30,인천 청라동 오피스텔청소 업체,seo-incheon-cheongna-dong-officetel-cleaning-service,https://clever-griffin-93819d.netlify.app/seo-incheon-cheongna-dong-officetel-cleaning-service/,인천 청라동,오피스텔청소,오피스텔,업체
2026-09-03T15:05:30,인천 청라동 오피스텔청소 당일상담,seo-incheon-cheongna-dong-officetel-cleaning-same-day-consult,https://clever-griffin-93819d.netlify.app/seo-incheon-cheongna-dong-officetel-cleaning-same-day-consult/,인천 청라동,오피스텔청소,오피스텔,당일상담
2026-09-03T15:05:30,인천 청라동 오피스텔청소 주말예약,seo-incheon-cheongna-dong-officetel-cleaning-weekend-booking,https://clever-griffin-93819d.netlify.app/seo-incheon-cheongna-dong-officetel-cleaning-weekend-booking/,인천 청라동,오피스텔청소,오피스텔,주말예약
2026-09-03T15:05:30,인천 청라동 오피스텔청소 청소범위,seo-incheon-cheongna-dong-officetel-cleaning-scope,https://clever-griffin-93819d.netlify.app/seo-incheon-cheongna-dong-officetel-cleaning-scope/,인천 청라동,오피스텔청소,오피스텔,청소범위
2026-09-03T15:05:30,인천 청라동 원룸 폐기물청소 전문업체,seo-incheon-cheongna-dong-one-room-waste-cleaning-company,https://clever-griffin-93819d.netlify.app/seo-incheon-cheongna-dong-one-room-waste-cleaning-company/,인천 청라동,폐기물청소,원룸,전문업체
2026-09-03T15:05:30,인천 청라동 원룸 폐기물청소 비용,seo-incheon-cheongna-dong-one-room-waste-cleaning-cost,https://clever-griffin-93819d.netlify.app/seo-incheon-cheongna-dong-one-room-waste-cleaning-cost/,인천 청라동,폐기물청소,원룸,비용
2026-09-03T15:05:30,인천 청라동 원룸 폐기물청소 가격,seo-incheon-cheongna-dong-one-room-waste-cleaning-price,https://clever-griffin-93819d.netlify.app/seo-incheon-cheongna-dong-one-room-waste-cleaning-price/,인천 청라동,폐기물청소,원룸,가격
2026-09-03T15:05:30,인천 청라동 원룸 폐기물청소 견적,seo-incheon-cheongna-dong-one-room-waste-cleaning-estimate,https://clever-griffin-93819d.netlify.app/seo-incheon-cheongna-dong-one-room-waste-cleaning-estimate/,인천 청라동,폐기물청소,원룸,견적
2026-09-03T15:05:30,인천 청라동 원룸 폐기물청소 예약,seo-incheon-cheongna-dong-one-room-waste-cleaning-booking,https://clever-griffin-93819d.netlify.app/seo-incheon-cheongna-dong-one-room-waste-cleaning-booking/,인천 청라동,폐기물청소,원룸,예약
2026-09-03T15:05:30,인천 청라동 원룸 폐기물청소 추천,seo-incheon-cheongna-dong-one-room-waste-cleaning-recommend,https://clever-griffin-93819d.netlify.app/seo-incheon-cheongna-dong-one-room-waste-cleaning-recommend/,인천 청라동,폐기물청소,원룸,추천
2026-09-03T15:05:30,인천 청라동 원룸 폐기물청소 후기,seo-incheon-cheongna-dong-one-room-waste-cleaning-review,https://clever-griffin-93819d.netlify.app/seo-incheon-cheongna-dong-one-room-waste-cleaning-review/,인천 청라동,폐기물청소,원룸,후기
2026-09-03T15:05:30,인천 청라동 원룸 폐기물청소 잘하는곳,seo-incheon-cheongna-dong-one-room-waste-cleaning-best,https://clever-griffin-93819d.netlify.app/seo-incheon-cheongna-dong-one-room-waste-cleaning-best/,인천 청라동,폐기물청소,원룸,잘하는곳
2026-09-03T15:05:30,인천 청라동 원룸 폐기물청소 업체,seo-incheon-cheongna-dong-one-room-waste-cleaning-service,https://clever-griffin-93819d.netlify.app/seo-incheon-cheongna-dong-one-room-waste-cleaning-service/,인천 청라동,폐기물청소,원룸,업체
2026-09-03T15:05:30,인천 청라동 원룸 폐기물청소 당일상담,seo-incheon-cheongna-dong-one-room-waste-cleaning-same-day-consult,https://clever-griffin-93819d.netlify.app/seo-incheon-cheongna-dong-one-room-waste-cleaning-same-day-consult/,인천 청라동,폐기물청소,원룸,당일상담
2026-09-03T15:05:30,인천 청라동 원룸 폐기물청소 주말예약,seo-incheon-cheongna-dong-one-room-waste-cleaning-weekend-booking,https://clever-griffin-93819d.netlify.app/seo-incheon-cheongna-dong-one-room-waste-cleaning-weekend-booking/,인천 청라동,폐기물청소,원룸,주말예약
2026-09-03T15:05:30,인천 청라동 원룸 폐기물청소 청소범위,seo-incheon-cheongna-dong-one-room-waste-cleaning-scope,https://clever-griffin-93819d.netlify.app/seo-incheon-cheongna-dong-one-room-waste-cleaning-scope/,인천 청라동,폐기물청소,원룸,청소범위
2026-09-03T15:05:30,인천 청라동 빌라 폐기물청소 전문업체,seo-incheon-cheongna-dong-villa-waste-cleaning-company,https://clever-griffin-93819d.netlify.app/seo-incheon-cheongna-dong-villa-waste-cleaning-company/,인천 청라동,폐기물청소,빌라,전문업체
2026-09-03T15:05:30,인천 청라동 빌라 폐기물청소 비용,seo-incheon-cheongna-dong-villa-waste-cleaning-cost,https://clever-griffin-93819d.netlify.app/seo-incheon-cheongna-dong-villa-waste-cleaning-cost/,인천 청라동,폐기물청소,빌라,비용
2026-09-03T15:05:30,인천 청라동 빌라 폐기물청소 가격,seo-incheon-cheongna-dong-villa-waste-cleaning-price,https://clever-griffin-93819d.netlify.app/seo-incheon-cheongna-dong-villa-waste-cleaning-price/,인천 청라동,폐기물청소,빌라,가격
2026-09-03T15:05:30,인천 청라동 빌라 폐기물청소 견적,seo-incheon-cheongna-dong-villa-waste-cleaning-estimate,https://clever-griffin-93819d.netlify.app/seo-incheon-cheongna-dong-villa-waste-cleaning-estimate/,인천 청라동,폐기물청소,빌라,견적
2026-09-03T15:05:30,인천 청라동 빌라 폐기물청소 예약,seo-incheon-cheongna-dong-villa-waste-cleaning-booking,https://clever-griffin-93819d.netlify.app/seo-incheon-cheongna-dong-villa-waste-cleaning-booking/,인천 청라동,폐기물청소,빌라,예약
2026-09-03T15:05:30,인천 청라동 빌라 폐기물청소 추천,seo-incheon-cheongna-dong-villa-waste-cleaning-recommend,https://clever-griffin-93819d.netlify.app/seo-incheon-cheongna-dong-villa-waste-cleaning-recommend/,인천 청라동,폐기물청소,빌라,추천
2026-09-03T15:05:30,인천 청라동 빌라 폐기물청소 후기,seo-incheon-cheongna-dong-villa-waste-cleaning-review,https://clever-griffin-93819d.netlify.app/seo-incheon-cheongna-dong-villa-waste-cleaning-review/,인천 청라동,폐기물청소,빌라,후기
2026-09-03T15:05:30,인천 청라동 빌라 폐기물청소 잘하는곳,seo-incheon-cheongna-dong-villa-waste-cleaning-best,https://clever-griffin-93819d.netlify.app/seo-incheon-cheongna-dong-villa-waste-cleaning-best/,인천 청라동,폐기물청소,빌라,잘하는곳
2026-09-03T15:05:30,인천 청라동 빌라 폐기물청소 업체,seo-incheon-cheongna-dong-villa-waste-cleaning-service,https://clever-griffin-93819d.netlify.app/seo-incheon-cheongna-dong-villa-waste-cleaning-service/,인천 청라동,폐기물청소,빌라,업체
2026-09-03T15:05:30,인천 청라동 빌라 폐기물청소 당일상담,seo-incheon-cheongna-dong-villa-waste-cleaning-same-day-consult,https://clever-griffin-93819d.netlify.app/seo-incheon-cheongna-dong-villa-waste-cleaning-same-day-consult/,인천 청라동,폐기물청소,빌라,당일상담
2026-09-03T15:05:30,인천 청라동 빌라 폐기물청소 주말예약,seo-incheon-cheongna-dong-villa-waste-cleaning-weekend-booking,https://clever-griffin-93819d.netlify.app/seo-incheon-cheongna-dong-villa-waste-cleaning-weekend-booking/,인천 청라동,폐기물청소,빌라,주말예약
2026-09-03T15:05:30,인천 청라동 빌라 폐기물청소 청소범위,seo-incheon-cheongna-dong-villa-waste-cleaning-scope,https://clever-griffin-93819d.netlify.app/seo-incheon-cheongna-dong-villa-waste-cleaning-scope/,인천 청라동,폐기물청소,빌라,청소범위
2026-09-03T15:05:30,인천 청라동 오피스텔 폐기물청소 전문업체,seo-incheon-cheongna-dong-officetel-waste-cleaning-company,https://clever-griffin-93819d.netlify.app/seo-incheon-cheongna-dong-officetel-waste-cleaning-company/,인천 청라동,폐기물청소,오피스텔,전문업체
2026-09-03T15:05:30,인천 청라동 오피스텔 폐기물청소 비용,seo-incheon-cheongna-dong-officetel-waste-cleaning-cost,https://clever-griffin-93819d.netlify.app/seo-incheon-cheongna-dong-officetel-waste-cleaning-cost/,인천 청라동,폐기물청소,오피스텔,비용
2026-09-03T15:05:30,인천 청라동 오피스텔 폐기물청소 가격,seo-incheon-cheongna-dong-officetel-waste-cleaning-price,https://clever-griffin-93819d.netlify.app/seo-incheon-cheongna-dong-officetel-waste-cleaning-price/,인천 청라동,폐기물청소,오피스텔,가격
2026-09-03T15:05:30,인천 청라동 오피스텔 폐기물청소 견적,seo-incheon-cheongna-dong-officetel-waste-cleaning-estimate,https://clever-griffin-93819d.netlify.app/seo-incheon-cheongna-dong-officetel-waste-cleaning-estimate/,인천 청라동,폐기물청소,오피스텔,견적
2026-09-03T15:05:30,인천 청라동 오피스텔 폐기물청소 예약,seo-incheon-cheongna-dong-officetel-waste-cleaning-booking,https://clever-griffin-93819d.netlify.app/seo-incheon-cheongna-dong-officetel-waste-cleaning-booking/,인천 청라동,폐기물청소,오피스텔,예약
2026-09-03T15:05:30,인천 청라동 오피스텔 폐기물청소 추천,seo-incheon-cheongna-dong-officetel-waste-cleaning-recommend,https://clever-griffin-93819d.netlify.app/seo-incheon-cheongna-dong-officetel-waste-cleaning-recommend/,인천 청라동,폐기물청소,오피스텔,추천
2026-09-03T15:05:30,인천 청라동 오피스텔 폐기물청소 후기,seo-incheon-cheongna-dong-officetel-waste-cleaning-review,https://clever-griffin-93819d.netlify.app/seo-incheon-cheongna-dong-officetel-waste-cleaning-review/,인천 청라동,폐기물청소,오피스텔,후기
2026-09-03T15:05:30,인천 청라동 오피스텔 폐기물청소 잘하는곳,seo-incheon-cheongna-dong-officetel-waste-cleaning-best,https://clever-griffin-93819d.netlify.app/seo-incheon-cheongna-dong-officetel-waste-cleaning-best/,인천 청라동,폐기물청소,오피스텔,잘하는곳
2026-09-03T15:05:30,인천 청라동 오피스텔 폐기물청소 업체,seo-incheon-cheongna-dong-officetel-waste-cleaning-service,https://clever-griffin-93819d.netlify.app/seo-incheon-cheongna-dong-officetel-waste-cleaning-service/,인천 청라동,폐기물청소,오피스텔,업체
2026-09-03T15:05:30,인천 청라동 오피스텔 폐기물청소 당일상담,seo-incheon-cheongna-dong-officetel-waste-cleaning-same-day-consult,https://clever-griffin-93819d.netlify.app/seo-incheon-cheongna-dong-officetel-waste-cleaning-same-day-consult/,인천 청라동,폐기물청소,오피스텔,당일상담
2026-09-03T15:05:30,인천 청라동 오피스텔 폐기물청소 주말예약,seo-incheon-cheongna-dong-officetel-waste-cleaning-weekend-booking,https://clever-griffin-93819d.netlify.app/seo-incheon-cheongna-dong-officetel-waste-cleaning-weekend-booking/,인천 청라동,폐기물청소,오피스텔,주말예약
2026-09-03T15:05:30,인천 청라동 오피스텔 폐기물청소 청소범위,seo-incheon-cheongna-dong-officetel-waste-cleaning-scope,https://clever-griffin-93819d.netlify.app/seo-incheon-cheongna-dong-officetel-waste-cleaning-scope/,인천 청라동,폐기물청소,오피스텔,청소범위
2026-09-03T15:05:30,인천 청라동 상가 폐기물청소 전문업체,seo-incheon-cheongna-dong-store-waste-cleaning-company,https://clever-griffin-93819d.netlify.app/seo-incheon-cheongna-dong-store-waste-cleaning-company/,인천 청라동,폐기물청소,상가,전문업체
2026-09-03T15:05:30,인천 청라동 상가 폐기물청소 비용,seo-incheon-cheongna-dong-store-waste-cleaning-cost,https://clever-griffin-93819d.netlify.app/seo-incheon-cheongna-dong-store-waste-cleaning-cost/,인천 청라동,폐기물청소,상가,비용
2026-09-03T15:05:30,인천 청라동 상가 폐기물청소 가격,seo-incheon-cheongna-dong-store-waste-cleaning-price,https://clever-griffin-93819d.netlify.app/seo-incheon-cheongna-dong-store-waste-cleaning-price/,인천 청라동,폐기물청소,상가,가격
2026-09-03T15:05:30,인천 청라동 상가 폐기물청소 견적,seo-incheon-cheongna-dong-store-waste-cleaning-estimate,https://clever-griffin-93819d.netlify.app/seo-incheon-cheongna-dong-store-waste-cleaning-estimate/,인천 청라동,폐기물청소,상가,견적
2026-09-03T15:05:30,인천 청라동 상가 폐기물청소 예약,seo-incheon-cheongna-dong-store-waste-cleaning-booking,https://clever-griffin-93819d.netlify.app/seo-incheon-cheongna-dong-store-waste-cleaning-booking/,인천 청라동,폐기물청소,상가,예약
2026-09-03T15:05:30,인천 청라동 상가 폐기물청소 추천,seo-incheon-cheongna-dong-store-waste-cleaning-recommend,https://clever-griffin-93819d.netlify.app/seo-incheon-cheongna-dong-store-waste-cleaning-recommend/,인천 청라동,폐기물청소,상가,추천
2026-09-03T15:05:30,인천 청라동 상가 폐기물청소 후기,seo-incheon-cheongna-dong-store-waste-cleaning-review,https://clever-griffin-93819d.netlify.app/seo-incheon-cheongna-dong-store-waste-cleaning-review/,인천 청라동,폐기물청소,상가,후기
2026-09-03T15:05:30,인천 청라동 상가 폐기물청소 잘하는곳,seo-incheon-cheongna-dong-store-waste-cleaning-best,https://clever-griffin-93819d.netlify.app/seo-incheon-cheongna-dong-store-waste-cleaning-best/,인천 청라동,폐기물청소,상가,잘하는곳
2026-09-03T15:05:30,인천 청라동 상가 폐기물청소 업체,seo-incheon-cheongna-dong-store-waste-cleaning-service,https://clever-griffin-93819d.netlify.app/seo-incheon-cheongna-dong-store-waste-cleaning-service/,인천 청라동,폐기물청소,상가,업체
2026-09-03T15:05:30,인천 청라동 상가 폐기물청소 당일상담,seo-incheon-cheongna-dong-store-waste-cleaning-same-day-consult,https://clever-griffin-93819d.netlify.app/seo-incheon-cheongna-dong-store-waste-cleaning-same-day-consult/,인천 청라동,폐기물청소,상가,당일상담
2026-09-03T15:05:30,인천 청라동 상가 폐기물청소 주말예약,seo-incheon-cheongna-dong-store-waste-cleaning-weekend-booking,https://clever-griffin-93819d.netlify.app/seo-incheon-cheongna-dong-store-waste-cleaning-weekend-booking/,인천 청라동,폐기물청소,상가,주말예약
2026-09-03T15:05:30,인천 청라동 상가 폐기물청소 청소범위,seo-incheon-cheongna-dong-store-waste-cleaning-scope,https://clever-griffin-93819d.netlify.app/seo-incheon-cheongna-dong-store-waste-cleaning-scope/,인천 청라동,폐기물청소,상가,청소범위
2026-09-03T15:05:30,인천 청라동 사무실 폐기물청소 전문업체,seo-incheon-cheongna-dong-office-waste-cleaning-company,https://clever-griffin-93819d.netlify.app/seo-incheon-cheongna-dong-office-waste-cleaning-company/,인천 청라동,폐기물청소,사무실,전문업체
2026-09-03T15:05:30,인천 청라동 사무실 폐기물청소 비용,seo-incheon-cheongna-dong-office-waste-cleaning-cost,https://clever-griffin-93819d.netlify.app/seo-incheon-cheongna-dong-office-waste-cleaning-cost/,인천 청라동,폐기물청소,사무실,비용
2026-09-03T15:05:30,인천 청라동 사무실 폐기물청소 가격,seo-incheon-cheongna-dong-office-waste-cleaning-price,https://clever-griffin-93819d.netlify.app/seo-incheon-cheongna-dong-office-waste-cleaning-price/,인천 청라동,폐기물청소,사무실,가격
2026-09-03T15:05:30,인천 청라동 사무실 폐기물청소 견적,seo-incheon-cheongna-dong-office-waste-cleaning-estimate,https://clever-griffin-93819d.netlify.app/seo-incheon-cheongna-dong-office-waste-cleaning-estimate/,인천 청라동,폐기물청소,사무실,견적
2026-09-03T15:05:30,인천 청라동 사무실 폐기물청소 예약,seo-incheon-cheongna-dong-office-waste-cleaning-booking,https://clever-griffin-93819d.netlify.app/seo-incheon-cheongna-dong-office-waste-cleaning-booking/,인천 청라동,폐기물청소,사무실,예약
2026-09-03T15:05:30,인천 청라동 사무실 폐기물청소 추천,seo-incheon-cheongna-dong-office-waste-cleaning-recommend,https://clever-griffin-93819d.netlify.app/seo-incheon-cheongna-dong-office-waste-cleaning-recommend/,인천 청라동,폐기물청소,사무실,추천
2026-09-03T15:05:30,인천 청라동 사무실 폐기물청소 후기,seo-incheon-cheongna-dong-office-waste-cleaning-review,https://clever-griffin-93819d.netlify.app/seo-incheon-cheongna-dong-office-waste-cleaning-review/,인천 청라동,폐기물청소,사무실,후기
2026-09-03T15:05:30,인천 청라동 사무실 폐기물청소 잘하는곳,seo-incheon-cheongna-dong-office-waste-cleaning-best,https://clever-griffin-93819d.netlify.app/seo-incheon-cheongna-dong-office-waste-cleaning-best/,인천 청라동,폐기물청소,사무실,잘하는곳
2026-09-03T15:05:30,인천 청라동 사무실 폐기물청소 업체,seo-incheon-cheongna-dong-office-waste-cleaning-service,https://clever-griffin-93819d.netlify.app/seo-incheon-cheongna-dong-office-waste-cleaning-service/,인천 청라동,폐기물청소,사무실,업체
2026-09-03T15:05:30,인천 청라동 사무실 폐기물청소 당일상담,seo-incheon-cheongna-dong-office-waste-cleaning-same-day-consult,https://clever-griffin-93819d.netlify.app/seo-incheon-cheongna-dong-office-waste-cleaning-same-day-consult/,인천 청라동,폐기물청소,사무실,당일상담
2026-09-03T15:05:30,인천 청라동 사무실 폐기물청소 주말예약,seo-incheon-cheongna-dong-office-waste-cleaning-weekend-booking,https://clever-griffin-93819d.netlify.app/seo-incheon-cheongna-dong-office-waste-cleaning-weekend-booking/,인천 청라동,폐기물청소,사무실,주말예약
2026-09-03T15:05:30,인천 청라동 사무실 폐기물청소 청소범위,seo-incheon-cheongna-dong-office-waste-cleaning-scope,https://clever-griffin-93819d.netlify.app/seo-incheon-cheongna-dong-office-waste-cleaning-scope/,인천 청라동,폐기물청소,사무실,청소범위
2026-09-03T15:05:30,인천 검단동 아파트 입주청소 전문업체,seo-incheon-geomdan-dong-apartment-move-in-cleaning-company,https://clever-griffin-93819d.netlify.app/seo-incheon-geomdan-dong-apartment-move-in-cleaning-company/,인천 검단동,입주청소,아파트,전문업체
2026-09-03T15:05:30,인천 검단동 아파트 입주청소 비용,seo-incheon-geomdan-dong-apartment-move-in-cleaning-cost,https://clever-griffin-93819d.netlify.app/seo-incheon-geomdan-dong-apartment-move-in-cleaning-cost/,인천 검단동,입주청소,아파트,비용
2026-09-03T15:05:30,인천 검단동 아파트 입주청소 가격,seo-incheon-geomdan-dong-apartment-move-in-cleaning-price,https://clever-griffin-93819d.netlify.app/seo-incheon-geomdan-dong-apartment-move-in-cleaning-price/,인천 검단동,입주청소,아파트,가격
2026-09-03T15:05:30,인천 검단동 아파트 입주청소 견적,seo-incheon-geomdan-dong-apartment-move-in-cleaning-estimate,https://clever-griffin-93819d.netlify.app/seo-incheon-geomdan-dong-apartment-move-in-cleaning-estimate/,인천 검단동,입주청소,아파트,견적
2026-09-03T15:05:30,인천 검단동 아파트 입주청소 예약,seo-incheon-geomdan-dong-apartment-move-in-cleaning-booking,https://clever-griffin-93819d.netlify.app/seo-incheon-geomdan-dong-apartment-move-in-cleaning-booking/,인천 검단동,입주청소,아파트,예약
2026-09-03T15:05:30,인천 검단동 아파트 입주청소 추천,seo-incheon-geomdan-dong-apartment-move-in-cleaning-recommend,https://clever-griffin-93819d.netlify.app/seo-incheon-geomdan-dong-apartment-move-in-cleaning-recommend/,인천 검단동,입주청소,아파트,추천
2026-09-03T15:05:30,인천 검단동 아파트 입주청소 후기,seo-incheon-geomdan-dong-apartment-move-in-cleaning-review,https://clever-griffin-93819d.netlify.app/seo-incheon-geomdan-dong-apartment-move-in-cleaning-review/,인천 검단동,입주청소,아파트,후기
2026-09-03T15:05:30,인천 검단동 아파트 입주청소 잘하는곳,seo-incheon-geomdan-dong-apartment-move-in-cleaning-best,https://clever-griffin-93819d.netlify.app/seo-incheon-geomdan-dong-apartment-move-in-cleaning-best/,인천 검단동,입주청소,아파트,잘하는곳
2026-09-03T15:05:30,인천 검단동 아파트 입주청소 업체,seo-incheon-geomdan-dong-apartment-move-in-cleaning-service,https://clever-griffin-93819d.netlify.app/seo-incheon-geomdan-dong-apartment-move-in-cleaning-service/,인천 검단동,입주청소,아파트,업체
2026-09-03T15:05:30,인천 검단동 아파트 입주청소 당일상담,seo-incheon-geomdan-dong-apartment-move-in-cleaning-same-day-consult,https://clever-griffin-93819d.netlify.app/seo-incheon-geomdan-dong-apartment-move-in-cleaning-same-day-consult/,인천 검단동,입주청소,아파트,당일상담
2026-09-03T15:05:30,인천 검단동 아파트 입주청소 주말예약,seo-incheon-geomdan-dong-apartment-move-in-cleaning-weekend-booking,https://clever-griffin-93819d.netlify.app/seo-incheon-geomdan-dong-apartment-move-in-cleaning-weekend-booking/,인천 검단동,입주청소,아파트,주말예약
2026-09-03T15:05:30,인천 검단동 아파트 입주청소 청소범위,seo-incheon-geomdan-dong-apartment-move-in-cleaning-scope,https://clever-griffin-93819d.netlify.app/seo-incheon-geomdan-dong-apartment-move-in-cleaning-scope/,인천 검단동,입주청소,아파트,청소범위
2026-09-03T15:05:30,인천 검단동 원룸 입주청소 전문업체,seo-incheon-geomdan-dong-one-room-move-in-cleaning-company,https://clever-griffin-93819d.netlify.app/seo-incheon-geomdan-dong-one-room-move-in-cleaning-company/,인천 검단동,입주청소,원룸,전문업체
2026-09-03T15:05:30,인천 검단동 원룸 입주청소 비용,seo-incheon-geomdan-dong-one-room-move-in-cleaning-cost,https://clever-griffin-93819d.netlify.app/seo-incheon-geomdan-dong-one-room-move-in-cleaning-cost/,인천 검단동,입주청소,원룸,비용
2026-09-03T15:05:30,인천 검단동 원룸 입주청소 가격,seo-incheon-geomdan-dong-one-room-move-in-cleaning-price,https://clever-griffin-93819d.netlify.app/seo-incheon-geomdan-dong-one-room-move-in-cleaning-price/,인천 검단동,입주청소,원룸,가격
2026-09-03T15:05:30,인천 검단동 원룸 입주청소 견적,seo-incheon-geomdan-dong-one-room-move-in-cleaning-estimate,https://clever-griffin-93819d.netlify.app/seo-incheon-geomdan-dong-one-room-move-in-cleaning-estimate/,인천 검단동,입주청소,원룸,견적
2026-09-03T15:05:30,인천 검단동 원룸 입주청소 예약,seo-incheon-geomdan-dong-one-room-move-in-cleaning-booking,https://clever-griffin-93819d.netlify.app/seo-incheon-geomdan-dong-one-room-move-in-cleaning-booking/,인천 검단동,입주청소,원룸,예약
2026-09-03T15:05:30,인천 검단동 원룸 입주청소 추천,seo-incheon-geomdan-dong-one-room-move-in-cleaning-recommend,https://clever-griffin-93819d.netlify.app/seo-incheon-geomdan-dong-one-room-move-in-cleaning-recommend/,인천 검단동,입주청소,원룸,추천
2026-09-03T15:05:30,인천 검단동 원룸 입주청소 후기,seo-incheon-geomdan-dong-one-room-move-in-cleaning-review,https://clever-griffin-93819d.netlify.app/seo-incheon-geomdan-dong-one-room-move-in-cleaning-review/,인천 검단동,입주청소,원룸,후기
2026-09-03T15:05:30,인천 검단동 원룸 입주청소 잘하는곳,seo-incheon-geomdan-dong-one-room-move-in-cleaning-best,https://clever-griffin-93819d.netlify.app/seo-incheon-geomdan-dong-one-room-move-in-cleaning-best/,인천 검단동,입주청소,원룸,잘하는곳
2026-09-03T15:05:30,인천 검단동 원룸 입주청소 업체,seo-incheon-geomdan-dong-one-room-move-in-cleaning-service,https://clever-griffin-93819d.netlify.app/seo-incheon-geomdan-dong-one-room-move-in-cleaning-service/,인천 검단동,입주청소,원룸,업체
2026-09-03T15:05:30,인천 검단동 원룸 입주청소 당일상담,seo-incheon-geomdan-dong-one-room-move-in-cleaning-same-day-consult,https://clever-griffin-93819d.netlify.app/seo-incheon-geomdan-dong-one-room-move-in-cleaning-same-day-consult/,인천 검단동,입주청소,원룸,당일상담
2026-09-03T15:05:30,인천 검단동 원룸 입주청소 주말예약,seo-incheon-geomdan-dong-one-room-move-in-cleaning-weekend-booking,https://clever-griffin-93819d.netlify.app/seo-incheon-geomdan-dong-one-room-move-in-cleaning-weekend-booking/,인천 검단동,입주청소,원룸,주말예약
2026-09-03T15:05:30,인천 검단동 원룸 입주청소 청소범위,seo-incheon-geomdan-dong-one-room-move-in-cleaning-scope,https://clever-griffin-93819d.netlify.app/seo-incheon-geomdan-dong-one-room-move-in-cleaning-scope/,인천 검단동,입주청소,원룸,청소범위
2026-09-03T15:05:30,인천 검단동 빌라 입주청소 전문업체,seo-incheon-geomdan-dong-villa-move-in-cleaning-company,https://clever-griffin-93819d.netlify.app/seo-incheon-geomdan-dong-villa-move-in-cleaning-company/,인천 검단동,입주청소,빌라,전문업체
2026-09-03T15:05:30,인천 검단동 빌라 입주청소 비용,seo-incheon-geomdan-dong-villa-move-in-cleaning-cost,https://clever-griffin-93819d.netlify.app/seo-incheon-geomdan-dong-villa-move-in-cleaning-cost/,인천 검단동,입주청소,빌라,비용
2026-09-03T15:05:30,인천 검단동 빌라 입주청소 가격,seo-incheon-geomdan-dong-villa-move-in-cleaning-price,https://clever-griffin-93819d.netlify.app/seo-incheon-geomdan-dong-villa-move-in-cleaning-price/,인천 검단동,입주청소,빌라,가격
2026-09-03T15:05:30,인천 검단동 빌라 입주청소 견적,seo-incheon-geomdan-dong-villa-move-in-cleaning-estimate,https://clever-griffin-93819d.netlify.app/seo-incheon-geomdan-dong-villa-move-in-cleaning-estimate/,인천 검단동,입주청소,빌라,견적
2026-09-03T15:05:30,인천 검단동 빌라 입주청소 예약,seo-incheon-geomdan-dong-villa-move-in-cleaning-booking,https://clever-griffin-93819d.netlify.app/seo-incheon-geomdan-dong-villa-move-in-cleaning-booking/,인천 검단동,입주청소,빌라,예약
2026-09-03T15:05:30,인천 검단동 빌라 입주청소 추천,seo-incheon-geomdan-dong-villa-move-in-cleaning-recommend,https://clever-griffin-93819d.netlify.app/seo-incheon-geomdan-dong-villa-move-in-cleaning-recommend/,인천 검단동,입주청소,빌라,추천
2026-09-03T15:05:30,인천 검단동 빌라 입주청소 후기,seo-incheon-geomdan-dong-villa-move-in-cleaning-review,https://clever-griffin-93819d.netlify.app/seo-incheon-geomdan-dong-villa-move-in-cleaning-review/,인천 검단동,입주청소,빌라,후기
2026-09-03T15:05:30,인천 검단동 빌라 입주청소 잘하는곳,seo-incheon-geomdan-dong-villa-move-in-cleaning-best,https://clever-griffin-93819d.netlify.app/seo-incheon-geomdan-dong-villa-move-in-cleaning-best/,인천 검단동,입주청소,빌라,잘하는곳
2026-09-03T15:05:30,인천 검단동 빌라 입주청소 업체,seo-incheon-geomdan-dong-villa-move-in-cleaning-service,https://clever-griffin-93819d.netlify.app/seo-incheon-geomdan-dong-villa-move-in-cleaning-service/,인천 검단동,입주청소,빌라,업체
2026-09-03T15:05:30,인천 검단동 빌라 입주청소 당일상담,seo-incheon-geomdan-dong-villa-move-in-cleaning-same-day-consult,https://clever-griffin-93819d.netlify.app/seo-incheon-geomdan-dong-villa-move-in-cleaning-same-day-consult/,인천 검단동,입주청소,빌라,당일상담
2026-09-03T15:05:30,인천 검단동 빌라 입주청소 주말예약,seo-incheon-geomdan-dong-villa-move-in-cleaning-weekend-booking,https://clever-griffin-93819d.netlify.app/seo-incheon-geomdan-dong-villa-move-in-cleaning-weekend-booking/,인천 검단동,입주청소,빌라,주말예약
2026-09-03T15:05:30,인천 검단동 빌라 입주청소 청소범위,seo-incheon-geomdan-dong-villa-move-in-cleaning-scope,https://clever-griffin-93819d.netlify.app/seo-incheon-geomdan-dong-villa-move-in-cleaning-scope/,인천 검단동,입주청소,빌라,청소범위
2026-09-03T15:05:30,인천 검단동 오피스텔 입주청소 전문업체,seo-incheon-geomdan-dong-officetel-move-in-cleaning-company,https://clever-griffin-93819d.netlify.app/seo-incheon-geomdan-dong-officetel-move-in-cleaning-company/,인천 검단동,입주청소,오피스텔,전문업체
2026-09-03T15:05:30,인천 검단동 오피스텔 입주청소 비용,seo-incheon-geomdan-dong-officetel-move-in-cleaning-cost,https://clever-griffin-93819d.netlify.app/seo-incheon-geomdan-dong-officetel-move-in-cleaning-cost/,인천 검단동,입주청소,오피스텔,비용
2026-09-03T15:05:30,인천 검단동 오피스텔 입주청소 가격,seo-incheon-geomdan-dong-officetel-move-in-cleaning-price,https://clever-griffin-93819d.netlify.app/seo-incheon-geomdan-dong-officetel-move-in-cleaning-price/,인천 검단동,입주청소,오피스텔,가격
2026-09-03T15:05:30,인천 검단동 오피스텔 입주청소 견적,seo-incheon-geomdan-dong-officetel-move-in-cleaning-estimate,https://clever-griffin-93819d.netlify.app/seo-incheon-geomdan-dong-officetel-move-in-cleaning-estimate/,인천 검단동,입주청소,오피스텔,견적
2026-09-03T15:05:30,인천 검단동 오피스텔 입주청소 예약,seo-incheon-geomdan-dong-officetel-move-in-cleaning-booking,https://clever-griffin-93819d.netlify.app/seo-incheon-geomdan-dong-officetel-move-in-cleaning-booking/,인천 검단동,입주청소,오피스텔,예약
2026-09-03T15:05:30,인천 검단동 오피스텔 입주청소 추천,seo-incheon-geomdan-dong-officetel-move-in-cleaning-recommend,https://clever-griffin-93819d.netlify.app/seo-incheon-geomdan-dong-officetel-move-in-cleaning-recommend/,인천 검단동,입주청소,오피스텔,추천
2026-09-03T15:05:30,인천 검단동 오피스텔 입주청소 후기,seo-incheon-geomdan-dong-officetel-move-in-cleaning-review,https://clever-griffin-93819d.netlify.app/seo-incheon-geomdan-dong-officetel-move-in-cleaning-review/,인천 검단동,입주청소,오피스텔,후기
2026-09-03T15:05:30,인천 검단동 오피스텔 입주청소 잘하는곳,seo-incheon-geomdan-dong-officetel-move-in-cleaning-best,https://clever-griffin-93819d.netlify.app/seo-incheon-geomdan-dong-officetel-move-in-cleaning-best/,인천 검단동,입주청소,오피스텔,잘하는곳
2026-09-03T15:05:30,인천 검단동 오피스텔 입주청소 업체,seo-incheon-geomdan-dong-officetel-move-in-cleaning-service,https://clever-griffin-93819d.netlify.app/seo-incheon-geomdan-dong-officetel-move-in-cleaning-service/,인천 검단동,입주청소,오피스텔,업체
2026-09-03T15:05:30,인천 검단동 오피스텔 입주청소 당일상담,seo-incheon-geomdan-dong-officetel-move-in-cleaning-same-day-consult,https://clever-griffin-93819d.netlify.app/seo-incheon-geomdan-dong-officetel-move-in-cleaning-same-day-consult/,인천 검단동,입주청소,오피스텔,당일상담
2026-09-03T15:05:30,인천 검단동 오피스텔 입주청소 주말예약,seo-incheon-geomdan-dong-officetel-move-in-cleaning-weekend-booking,https://clever-griffin-93819d.netlify.app/seo-incheon-geomdan-dong-officetel-move-in-cleaning-weekend-booking/,인천 검단동,입주청소,오피스텔,주말예약
2026-09-03T15:05:30,인천 검단동 오피스텔 입주청소 청소범위,seo-incheon-geomdan-dong-officetel-move-in-cleaning-scope,https://clever-griffin-93819d.netlify.app/seo-incheon-geomdan-dong-officetel-move-in-cleaning-scope/,인천 검단동,입주청소,오피스텔,청소범위
2026-09-03T15:05:30,인천 검단동 상가 입주청소 전문업체,seo-incheon-geomdan-dong-store-move-in-cleaning-company,https://clever-griffin-93819d.netlify.app/seo-incheon-geomdan-dong-store-move-in-cleaning-company/,인천 검단동,입주청소,상가,전문업체
2026-09-03T15:05:30,인천 검단동 상가 입주청소 비용,seo-incheon-geomdan-dong-store-move-in-cleaning-cost,https://clever-griffin-93819d.netlify.app/seo-incheon-geomdan-dong-store-move-in-cleaning-cost/,인천 검단동,입주청소,상가,비용
2026-09-03T15:05:30,인천 검단동 상가 입주청소 가격,seo-incheon-geomdan-dong-store-move-in-cleaning-price,https://clever-griffin-93819d.netlify.app/seo-incheon-geomdan-dong-store-move-in-cleaning-price/,인천 검단동,입주청소,상가,가격
2026-09-03T15:05:30,인천 검단동 상가 입주청소 견적,seo-incheon-geomdan-dong-store-move-in-cleaning-estimate,https://clever-griffin-93819d.netlify.app/seo-incheon-geomdan-dong-store-move-in-cleaning-estimate/,인천 검단동,입주청소,상가,견적
2026-09-03T15:05:30,인천 검단동 상가 입주청소 예약,seo-incheon-geomdan-dong-store-move-in-cleaning-booking,https://clever-griffin-93819d.netlify.app/seo-incheon-geomdan-dong-store-move-in-cleaning-booking/,인천 검단동,입주청소,상가,예약
2026-09-03T15:05:30,인천 검단동 상가 입주청소 추천,seo-incheon-geomdan-dong-store-move-in-cleaning-recommend,https://clever-griffin-93819d.netlify.app/seo-incheon-geomdan-dong-store-move-in-cleaning-recommend/,인천 검단동,입주청소,상가,추천
2026-09-03T15:05:30,인천 검단동 상가 입주청소 후기,seo-incheon-geomdan-dong-store-move-in-cleaning-review,https://clever-griffin-93819d.netlify.app/seo-incheon-geomdan-dong-store-move-in-cleaning-review/,인천 검단동,입주청소,상가,후기
2026-09-03T15:05:30,인천 검단동 상가 입주청소 잘하는곳,seo-incheon-geomdan-dong-store-move-in-cleaning-best,https://clever-griffin-93819d.netlify.app/seo-incheon-geomdan-dong-store-move-in-cleaning-best/,인천 검단동,입주청소,상가,잘하는곳
2026-09-03T15:05:30,인천 검단동 상가 입주청소 업체,seo-incheon-geomdan-dong-store-move-in-cleaning-service,https://clever-griffin-93819d.netlify.app/seo-incheon-geomdan-dong-store-move-in-cleaning-service/,인천 검단동,입주청소,상가,업체
2026-09-03T15:05:30,인천 검단동 상가 입주청소 당일상담,seo-incheon-geomdan-dong-store-move-in-cleaning-same-day-consult,https://clever-griffin-93819d.netlify.app/seo-incheon-geomdan-dong-store-move-in-cleaning-same-day-consult/,인천 검단동,입주청소,상가,당일상담
2026-09-03T15:05:30,인천 검단동 상가 입주청소 주말예약,seo-incheon-geomdan-dong-store-move-in-cleaning-weekend-booking,https://clever-griffin-93819d.netlify.app/seo-incheon-geomdan-dong-store-move-in-cleaning-weekend-booking/,인천 검단동,입주청소,상가,주말예약
2026-09-03T15:05:30,인천 검단동 상가 입주청소 청소범위,seo-incheon-geomdan-dong-store-move-in-cleaning-scope,https://clever-griffin-93819d.netlify.app/seo-incheon-geomdan-dong-store-move-in-cleaning-scope/,인천 검단동,입주청소,상가,청소범위
2026-09-03T15:05:30,인천 검단동 사무실 입주청소 전문업체,seo-incheon-geomdan-dong-office-move-in-cleaning-company,https://clever-griffin-93819d.netlify.app/seo-incheon-geomdan-dong-office-move-in-cleaning-company/,인천 검단동,입주청소,사무실,전문업체
2026-09-03T15:05:30,인천 검단동 사무실 입주청소 비용,seo-incheon-geomdan-dong-office-move-in-cleaning-cost,https://clever-griffin-93819d.netlify.app/seo-incheon-geomdan-dong-office-move-in-cleaning-cost/,인천 검단동,입주청소,사무실,비용
2026-09-03T15:05:30,인천 검단동 사무실 입주청소 가격,seo-incheon-geomdan-dong-office-move-in-cleaning-price,https://clever-griffin-93819d.netlify.app/seo-incheon-geomdan-dong-office-move-in-cleaning-price/,인천 검단동,입주청소,사무실,가격
2026-09-03T15:05:30,인천 검단동 사무실 입주청소 견적,seo-incheon-geomdan-dong-office-move-in-cleaning-estimate,https://clever-griffin-93819d.netlify.app/seo-incheon-geomdan-dong-office-move-in-cleaning-estimate/,인천 검단동,입주청소,사무실,견적
2026-09-03T15:05:30,인천 검단동 사무실 입주청소 예약,seo-incheon-geomdan-dong-office-move-in-cleaning-booking,https://clever-griffin-93819d.netlify.app/seo-incheon-geomdan-dong-office-move-in-cleaning-booking/,인천 검단동,입주청소,사무실,예약
2026-09-03T15:05:30,인천 검단동 사무실 입주청소 추천,seo-incheon-geomdan-dong-office-move-in-cleaning-recommend,https://clever-griffin-93819d.netlify.app/seo-incheon-geomdan-dong-office-move-in-cleaning-recommend/,인천 검단동,입주청소,사무실,추천
2026-09-03T15:05:30,인천 검단동 사무실 입주청소 후기,seo-incheon-geomdan-dong-office-move-in-cleaning-review,https://clever-griffin-93819d.netlify.app/seo-incheon-geomdan-dong-office-move-in-cleaning-review/,인천 검단동,입주청소,사무실,후기
2026-09-03T15:05:30,인천 검단동 사무실 입주청소 잘하는곳,seo-incheon-geomdan-dong-office-move-in-cleaning-best,https://clever-griffin-93819d.netlify.app/seo-incheon-geomdan-dong-office-move-in-cleaning-best/,인천 검단동,입주청소,사무실,잘하는곳
2026-09-03T15:05:30,인천 검단동 사무실 입주청소 업체,seo-incheon-geomdan-dong-office-move-in-cleaning-service,https://clever-griffin-93819d.netlify.app/seo-incheon-geomdan-dong-office-move-in-cleaning-service/,인천 검단동,입주청소,사무실,업체
2026-09-03T15:05:30,인천 검단동 사무실 입주청소 당일상담,seo-incheon-geomdan-dong-office-move-in-cleaning-same-day-consult,https://clever-griffin-93819d.netlify.app/seo-incheon-geomdan-dong-office-move-in-cleaning-same-day-consult/,인천 검단동,입주청소,사무실,당일상담
2026-09-03T15:05:30,인천 검단동 사무실 입주청소 주말예약,seo-incheon-geomdan-dong-office-move-in-cleaning-weekend-booking,https://clever-griffin-93819d.netlify.app/seo-incheon-geomdan-dong-office-move-in-cleaning-weekend-booking/,인천 검단동,입주청소,사무실,주말예약
2026-09-03T15:05:30,인천 검단동 사무실 입주청소 청소범위,seo-incheon-geomdan-dong-office-move-in-cleaning-scope,https://clever-griffin-93819d.netlify.app/seo-incheon-geomdan-dong-office-move-in-cleaning-scope/,인천 검단동,입주청소,사무실,청소범위
2026-09-03T15:05:30,인천 검단동 아파트 이사청소 전문업체,seo-incheon-geomdan-dong-apartment-moving-cleaning-company,https://clever-griffin-93819d.netlify.app/seo-incheon-geomdan-dong-apartment-moving-cleaning-company/,인천 검단동,이사청소,아파트,전문업체
2026-09-03T15:05:30,인천 검단동 아파트 이사청소 비용,seo-incheon-geomdan-dong-apartment-moving-cleaning-cost,https://clever-griffin-93819d.netlify.app/seo-incheon-geomdan-dong-apartment-moving-cleaning-cost/,인천 검단동,이사청소,아파트,비용
2026-09-03T15:05:30,인천 검단동 아파트 이사청소 가격,seo-incheon-geomdan-dong-apartment-moving-cleaning-price,https://clever-griffin-93819d.netlify.app/seo-incheon-geomdan-dong-apartment-moving-cleaning-price/,인천 검단동,이사청소,아파트,가격
2026-09-03T15:05:30,인천 검단동 아파트 이사청소 견적,seo-incheon-geomdan-dong-apartment-moving-cleaning-estimate,https://clever-griffin-93819d.netlify.app/seo-incheon-geomdan-dong-apartment-moving-cleaning-estimate/,인천 검단동,이사청소,아파트,견적
2026-09-03T15:05:30,인천 검단동 아파트 이사청소 예약,seo-incheon-geomdan-dong-apartment-moving-cleaning-booking,https://clever-griffin-93819d.netlify.app/seo-incheon-geomdan-dong-apartment-moving-cleaning-booking/,인천 검단동,이사청소,아파트,예약
2026-09-03T15:05:30,인천 검단동 아파트 이사청소 추천,seo-incheon-geomdan-dong-apartment-moving-cleaning-recommend,https://clever-griffin-93819d.netlify.app/seo-incheon-geomdan-dong-apartment-moving-cleaning-recommend/,인천 검단동,이사청소,아파트,추천
2026-09-03T15:05:30,인천 검단동 아파트 이사청소 후기,seo-incheon-geomdan-dong-apartment-moving-cleaning-review,https://clever-griffin-93819d.netlify.app/seo-incheon-geomdan-dong-apartment-moving-cleaning-review/,인천 검단동,이사청소,아파트,후기
2026-09-03T15:05:30,인천 검단동 아파트 이사청소 잘하는곳,seo-incheon-geomdan-dong-apartment-moving-cleaning-best,https://clever-griffin-93819d.netlify.app/seo-incheon-geomdan-dong-apartment-moving-cleaning-best/,인천 검단동,이사청소,아파트,잘하는곳
2026-09-03T15:05:30,인천 검단동 아파트 이사청소 업체,seo-incheon-geomdan-dong-apartment-moving-cleaning-service,https://clever-griffin-93819d.netlify.app/seo-incheon-geomdan-dong-apartment-moving-cleaning-service/,인천 검단동,이사청소,아파트,업체
2026-09-03T15:05:30,인천 검단동 아파트 이사청소 당일상담,seo-incheon-geomdan-dong-apartment-moving-cleaning-same-day-consult,https://clever-griffin-93819d.netlify.app/seo-incheon-geomdan-dong-apartment-moving-cleaning-same-day-consult/,인천 검단동,이사청소,아파트,당일상담
2026-09-03T15:05:30,인천 검단동 아파트 이사청소 주말예약,seo-incheon-geomdan-dong-apartment-moving-cleaning-weekend-booking,https://clever-griffin-93819d.netlify.app/seo-incheon-geomdan-dong-apartment-moving-cleaning-weekend-booking/,인천 검단동,이사청소,아파트,주말예약
2026-09-03T15:05:30,인천 검단동 아파트 이사청소 청소범위,seo-incheon-geomdan-dong-apartment-moving-cleaning-scope,https://clever-griffin-93819d.netlify.app/seo-incheon-geomdan-dong-apartment-moving-cleaning-scope/,인천 검단동,이사청소,아파트,청소범위
2026-09-03T15:05:30,인천 검단동 원룸 이사청소 전문업체,seo-incheon-geomdan-dong-one-room-moving-cleaning-company,https://clever-griffin-93819d.netlify.app/seo-incheon-geomdan-dong-one-room-moving-cleaning-company/,인천 검단동,이사청소,원룸,전문업체
2026-09-03T15:05:30,인천 검단동 원룸 이사청소 비용,seo-incheon-geomdan-dong-one-room-moving-cleaning-cost,https://clever-griffin-93819d.netlify.app/seo-incheon-geomdan-dong-one-room-moving-cleaning-cost/,인천 검단동,이사청소,원룸,비용
2026-09-03T15:05:30,인천 검단동 원룸 이사청소 가격,seo-incheon-geomdan-dong-one-room-moving-cleaning-price,https://clever-griffin-93819d.netlify.app/seo-incheon-geomdan-dong-one-room-moving-cleaning-price/,인천 검단동,이사청소,원룸,가격
2026-09-03T15:05:30,인천 검단동 원룸 이사청소 견적,seo-incheon-geomdan-dong-one-room-moving-cleaning-estimate,https://clever-griffin-93819d.netlify.app/seo-incheon-geomdan-dong-one-room-moving-cleaning-estimate/,인천 검단동,이사청소,원룸,견적
2026-09-03T15:05:30,인천 검단동 원룸 이사청소 예약,seo-incheon-geomdan-dong-one-room-moving-cleaning-booking,https://clever-griffin-93819d.netlify.app/seo-incheon-geomdan-dong-one-room-moving-cleaning-booking/,인천 검단동,이사청소,원룸,예약
2026-09-03T15:05:30,인천 검단동 원룸 이사청소 추천,seo-incheon-geomdan-dong-one-room-moving-cleaning-recommend,https://clever-griffin-93819d.netlify.app/seo-incheon-geomdan-dong-one-room-moving-cleaning-recommend/,인천 검단동,이사청소,원룸,추천
2026-09-03T15:05:30,인천 검단동 원룸 이사청소 후기,seo-incheon-geomdan-dong-one-room-moving-cleaning-review,https://clever-griffin-93819d.netlify.app/seo-incheon-geomdan-dong-one-room-moving-cleaning-review/,인천 검단동,이사청소,원룸,후기
2026-09-03T15:05:30,인천 검단동 원룸 이사청소 잘하는곳,seo-incheon-geomdan-dong-one-room-moving-cleaning-best,https://clever-griffin-93819d.netlify.app/seo-incheon-geomdan-dong-one-room-moving-cleaning-best/,인천 검단동,이사청소,원룸,잘하는곳
2026-09-03T15:05:30,인천 검단동 원룸 이사청소 업체,seo-incheon-geomdan-dong-one-room-moving-cleaning-service,https://clever-griffin-93819d.netlify.app/seo-incheon-geomdan-dong-one-room-moving-cleaning-service/,인천 검단동,이사청소,원룸,업체
2026-09-03T15:05:30,인천 검단동 원룸 이사청소 당일상담,seo-incheon-geomdan-dong-one-room-moving-cleaning-same-day-consult,https://clever-griffin-93819d.netlify.app/seo-incheon-geomdan-dong-one-room-moving-cleaning-same-day-consult/,인천 검단동,이사청소,원룸,당일상담
2026-09-03T15:05:30,인천 검단동 원룸 이사청소 주말예약,seo-incheon-geomdan-dong-one-room-moving-cleaning-weekend-booking,https://clever-griffin-93819d.netlify.app/seo-incheon-geomdan-dong-one-room-moving-cleaning-weekend-booking/,인천 검단동,이사청소,원룸,주말예약
2026-09-03T15:05:30,인천 검단동 원룸 이사청소 청소범위,seo-incheon-geomdan-dong-one-room-moving-cleaning-scope,https://clever-griffin-93819d.netlify.app/seo-incheon-geomdan-dong-one-room-moving-cleaning-scope/,인천 검단동,이사청소,원룸,청소범위
2026-09-03T15:05:30,인천 검단동 빌라 이사청소 전문업체,seo-incheon-geomdan-dong-villa-moving-cleaning-company,https://clever-griffin-93819d.netlify.app/seo-incheon-geomdan-dong-villa-moving-cleaning-company/,인천 검단동,이사청소,빌라,전문업체
2026-09-03T15:05:30,인천 검단동 빌라 이사청소 비용,seo-incheon-geomdan-dong-villa-moving-cleaning-cost,https://clever-griffin-93819d.netlify.app/seo-incheon-geomdan-dong-villa-moving-cleaning-cost/,인천 검단동,이사청소,빌라,비용
2026-09-03T15:05:30,인천 검단동 빌라 이사청소 가격,seo-incheon-geomdan-dong-villa-moving-cleaning-price,https://clever-griffin-93819d.netlify.app/seo-incheon-geomdan-dong-villa-moving-cleaning-price/,인천 검단동,이사청소,빌라,가격
2026-09-03T15:05:30,인천 검단동 빌라 이사청소 견적,seo-incheon-geomdan-dong-villa-moving-cleaning-estimate,https://clever-griffin-93819d.netlify.app/seo-incheon-geomdan-dong-villa-moving-cleaning-estimate/,인천 검단동,이사청소,빌라,견적
2026-09-03T15:05:30,인천 검단동 빌라 이사청소 예약,seo-incheon-geomdan-dong-villa-moving-cleaning-booking,https://clever-griffin-93819d.netlify.app/seo-incheon-geomdan-dong-villa-moving-cleaning-booking/,인천 검단동,이사청소,빌라,예약
2026-09-03T15:05:30,인천 검단동 빌라 이사청소 추천,seo-incheon-geomdan-dong-villa-moving-cleaning-recommend,https://clever-griffin-93819d.netlify.app/seo-incheon-geomdan-dong-villa-moving-cleaning-recommend/,인천 검단동,이사청소,빌라,추천
2026-09-03T15:05:30,인천 검단동 빌라 이사청소 후기,seo-incheon-geomdan-dong-villa-moving-cleaning-review,https://clever-griffin-93819d.netlify.app/seo-incheon-geomdan-dong-villa-moving-cleaning-review/,인천 검단동,이사청소,빌라,후기
2026-09-03T15:05:30,인천 검단동 빌라 이사청소 잘하는곳,seo-incheon-geomdan-dong-villa-moving-cleaning-best,https://clever-griffin-93819d.netlify.app/seo-incheon-geomdan-dong-villa-moving-cleaning-best/,인천 검단동,이사청소,빌라,잘하는곳
2026-09-03T15:05:30,인천 검단동 빌라 이사청소 업체,seo-incheon-geomdan-dong-villa-moving-cleaning-service,https://clever-griffin-93819d.netlify.app/seo-incheon-geomdan-dong-villa-moving-cleaning-service/,인천 검단동,이사청소,빌라,업체
2026-09-03T15:05:30,인천 검단동 빌라 이사청소 당일상담,seo-incheon-geomdan-dong-villa-moving-cleaning-same-day-consult,https://clever-griffin-93819d.netlify.app/seo-incheon-geomdan-dong-villa-moving-cleaning-same-day-consult/,인천 검단동,이사청소,빌라,당일상담
2026-09-03T15:05:30,인천 검단동 빌라 이사청소 주말예약,seo-incheon-geomdan-dong-villa-moving-cleaning-weekend-booking,https://clever-griffin-93819d.netlify.app/seo-incheon-geomdan-dong-villa-moving-cleaning-weekend-booking/,인천 검단동,이사청소,빌라,주말예약
2026-09-03T15:05:30,인천 검단동 빌라 이사청소 청소범위,seo-incheon-geomdan-dong-villa-moving-cleaning-scope,https://clever-griffin-93819d.netlify.app/seo-incheon-geomdan-dong-villa-moving-cleaning-scope/,인천 검단동,이사청소,빌라,청소범위
2026-09-03T15:05:30,인천 검단동 오피스텔 이사청소 전문업체,seo-incheon-geomdan-dong-officetel-moving-cleaning-company,https://clever-griffin-93819d.netlify.app/seo-incheon-geomdan-dong-officetel-moving-cleaning-company/,인천 검단동,이사청소,오피스텔,전문업체
2026-09-03T15:05:30,인천 검단동 오피스텔 이사청소 비용,seo-incheon-geomdan-dong-officetel-moving-cleaning-cost,https://clever-griffin-93819d.netlify.app/seo-incheon-geomdan-dong-officetel-moving-cleaning-cost/,인천 검단동,이사청소,오피스텔,비용
2026-09-03T15:05:30,인천 검단동 오피스텔 이사청소 가격,seo-incheon-geomdan-dong-officetel-moving-cleaning-price,https://clever-griffin-93819d.netlify.app/seo-incheon-geomdan-dong-officetel-moving-cleaning-price/,인천 검단동,이사청소,오피스텔,가격
2026-09-03T15:05:30,인천 검단동 오피스텔 이사청소 견적,seo-incheon-geomdan-dong-officetel-moving-cleaning-estimate,https://clever-griffin-93819d.netlify.app/seo-incheon-geomdan-dong-officetel-moving-cleaning-estimate/,인천 검단동,이사청소,오피스텔,견적
2026-09-03T15:05:30,인천 검단동 오피스텔 이사청소 예약,seo-incheon-geomdan-dong-officetel-moving-cleaning-booking,https://clever-griffin-93819d.netlify.app/seo-incheon-geomdan-dong-officetel-moving-cleaning-booking/,인천 검단동,이사청소,오피스텔,예약
2026-09-03T15:05:30,인천 검단동 오피스텔 이사청소 추천,seo-incheon-geomdan-dong-officetel-moving-cleaning-recommend,https://clever-griffin-93819d.netlify.app/seo-incheon-geomdan-dong-officetel-moving-cleaning-recommend/,인천 검단동,이사청소,오피스텔,추천
2026-09-03T15:05:30,인천 검단동 오피스텔 이사청소 후기,seo-incheon-geomdan-dong-officetel-moving-cleaning-review,https://clever-griffin-93819d.netlify.app/seo-incheon-geomdan-dong-officetel-moving-cleaning-review/,인천 검단동,이사청소,오피스텔,후기
2026-09-03T15:05:30,인천 검단동 오피스텔 이사청소 잘하는곳,seo-incheon-geomdan-dong-officetel-moving-cleaning-best,https://clever-griffin-93819d.netlify.app/seo-incheon-geomdan-dong-officetel-moving-cleaning-best/,인천 검단동,이사청소,오피스텔,잘하는곳
2026-09-03T15:05:30,인천 검단동 오피스텔 이사청소 업체,seo-incheon-geomdan-dong-officetel-moving-cleaning-service,https://clever-griffin-93819d.netlify.app/seo-incheon-geomdan-dong-officetel-moving-cleaning-service/,인천 검단동,이사청소,오피스텔,업체
2026-09-03T15:05:30,인천 검단동 오피스텔 이사청소 당일상담,seo-incheon-geomdan-dong-officetel-moving-cleaning-same-day-consult,https://clever-griffin-93819d.netlify.app/seo-incheon-geomdan-dong-officetel-moving-cleaning-same-day-consult/,인천 검단동,이사청소,오피스텔,당일상담
2026-09-03T15:05:30,인천 검단동 오피스텔 이사청소 주말예약,seo-incheon-geomdan-dong-officetel-moving-cleaning-weekend-booking,https://clever-griffin-93819d.netlify.app/seo-incheon-geomdan-dong-officetel-moving-cleaning-weekend-booking/,인천 검단동,이사청소,오피스텔,주말예약
2026-09-03T15:05:30,인천 검단동 오피스텔 이사청소 청소범위,seo-incheon-geomdan-dong-officetel-moving-cleaning-scope,https://clever-griffin-93819d.netlify.app/seo-incheon-geomdan-dong-officetel-moving-cleaning-scope/,인천 검단동,이사청소,오피스텔,청소범위
2026-09-03T15:05:30,인천 검단동 상가 이사청소 전문업체,seo-incheon-geomdan-dong-store-moving-cleaning-company,https://clever-griffin-93819d.netlify.app/seo-incheon-geomdan-dong-store-moving-cleaning-company/,인천 검단동,이사청소,상가,전문업체
2026-09-03T15:05:30,인천 검단동 상가 이사청소 비용,seo-incheon-geomdan-dong-store-moving-cleaning-cost,https://clever-griffin-93819d.netlify.app/seo-incheon-geomdan-dong-store-moving-cleaning-cost/,인천 검단동,이사청소,상가,비용
2026-09-03T15:05:30,인천 검단동 상가 이사청소 가격,seo-incheon-geomdan-dong-store-moving-cleaning-price,https://clever-griffin-93819d.netlify.app/seo-incheon-geomdan-dong-store-moving-cleaning-price/,인천 검단동,이사청소,상가,가격
2026-09-03T15:05:30,인천 검단동 상가 이사청소 견적,seo-incheon-geomdan-dong-store-moving-cleaning-estimate,https://clever-griffin-93819d.netlify.app/seo-incheon-geomdan-dong-store-moving-cleaning-estimate/,인천 검단동,이사청소,상가,견적
2026-09-03T15:05:30,인천 검단동 상가 이사청소 예약,seo-incheon-geomdan-dong-store-moving-cleaning-booking,https://clever-griffin-93819d.netlify.app/seo-incheon-geomdan-dong-store-moving-cleaning-booking/,인천 검단동,이사청소,상가,예약
2026-09-03T15:05:30,인천 검단동 상가 이사청소 추천,seo-incheon-geomdan-dong-store-moving-cleaning-recommend,https://clever-griffin-93819d.netlify.app/seo-incheon-geomdan-dong-store-moving-cleaning-recommend/,인천 검단동,이사청소,상가,추천
2026-09-03T15:05:30,인천 검단동 상가 이사청소 후기,seo-incheon-geomdan-dong-store-moving-cleaning-review,https://clever-griffin-93819d.netlify.app/seo-incheon-geomdan-dong-store-moving-cleaning-review/,인천 검단동,이사청소,상가,후기
2026-09-03T15:05:30,인천 검단동 상가 이사청소 잘하는곳,seo-incheon-geomdan-dong-store-moving-cleaning-best,https://clever-griffin-93819d.netlify.app/seo-incheon-geomdan-dong-store-moving-cleaning-best/,인천 검단동,이사청소,상가,잘하는곳
2026-09-03T15:05:30,인천 검단동 상가 이사청소 업체,seo-incheon-geomdan-dong-store-moving-cleaning-service,https://clever-griffin-93819d.netlify.app/seo-incheon-geomdan-dong-store-moving-cleaning-service/,인천 검단동,이사청소,상가,업체
2026-09-03T15:05:30,인천 검단동 상가 이사청소 당일상담,seo-incheon-geomdan-dong-store-moving-cleaning-same-day-consult,https://clever-griffin-93819d.netlify.app/seo-incheon-geomdan-dong-store-moving-cleaning-same-day-consult/,인천 검단동,이사청소,상가,당일상담
2026-09-03T15:05:30,인천 검단동 상가 이사청소 주말예약,seo-incheon-geomdan-dong-store-moving-cleaning-weekend-booking,https://clever-griffin-93819d.netlify.app/seo-incheon-geomdan-dong-store-moving-cleaning-weekend-booking/,인천 검단동,이사청소,상가,주말예약
2026-09-03T15:05:30,인천 검단동 상가 이사청소 청소범위,seo-incheon-geomdan-dong-store-moving-cleaning-scope,https://clever-griffin-93819d.netlify.app/seo-incheon-geomdan-dong-store-moving-cleaning-scope/,인천 검단동,이사청소,상가,청소범위
2026-09-03T15:05:30,인천 검단동 사무실 이사청소 전문업체,seo-incheon-geomdan-dong-office-moving-cleaning-company,https://clever-griffin-93819d.netlify.app/seo-incheon-geomdan-dong-office-moving-cleaning-company/,인천 검단동,이사청소,사무실,전문업체
2026-09-03T15:05:30,인천 검단동 사무실 이사청소 비용,seo-incheon-geomdan-dong-office-moving-cleaning-cost,https://clever-griffin-93819d.netlify.app/seo-incheon-geomdan-dong-office-moving-cleaning-cost/,인천 검단동,이사청소,사무실,비용
2026-09-03T15:05:30,인천 검단동 사무실 이사청소 가격,seo-incheon-geomdan-dong-office-moving-cleaning-price,https://clever-griffin-93819d.netlify.app/seo-incheon-geomdan-dong-office-moving-cleaning-price/,인천 검단동,이사청소,사무실,가격
2026-09-03T15:05:30,인천 검단동 사무실 이사청소 견적,seo-incheon-geomdan-dong-office-moving-cleaning-estimate,https://clever-griffin-93819d.netlify.app/seo-incheon-geomdan-dong-office-moving-cleaning-estimate/,인천 검단동,이사청소,사무실,견적
2026-09-03T15:05:30,인천 검단동 사무실 이사청소 예약,seo-incheon-geomdan-dong-office-moving-cleaning-booking,https://clever-griffin-93819d.netlify.app/seo-incheon-geomdan-dong-office-moving-cleaning-booking/,인천 검단동,이사청소,사무실,예약
2026-09-03T15:05:30,인천 검단동 사무실 이사청소 추천,seo-incheon-geomdan-dong-office-moving-cleaning-recommend,https://clever-griffin-93819d.netlify.app/seo-incheon-geomdan-dong-office-moving-cleaning-recommend/,인천 검단동,이사청소,사무실,추천
2026-09-03T15:05:30,인천 검단동 사무실 이사청소 후기,seo-incheon-geomdan-dong-office-moving-cleaning-review,https://clever-griffin-93819d.netlify.app/seo-incheon-geomdan-dong-office-moving-cleaning-review/,인천 검단동,이사청소,사무실,후기
2026-09-03T15:05:30,인천 검단동 사무실 이사청소 잘하는곳,seo-incheon-geomdan-dong-office-moving-cleaning-best,https://clever-griffin-93819d.netlify.app/seo-incheon-geomdan-dong-office-moving-cleaning-best/,인천 검단동,이사청소,사무실,잘하는곳
2026-09-03T15:05:30,인천 검단동 사무실 이사청소 업체,seo-incheon-geomdan-dong-office-moving-cleaning-service,https://clever-griffin-93819d.netlify.app/seo-incheon-geomdan-dong-office-moving-cleaning-service/,인천 검단동,이사청소,사무실,업체
2026-09-03T15:05:30,인천 검단동 사무실 이사청소 당일상담,seo-incheon-geomdan-dong-office-moving-cleaning-same-day-consult,https://clever-griffin-93819d.netlify.app/seo-incheon-geomdan-dong-office-moving-cleaning-same-day-consult/,인천 검단동,이사청소,사무실,당일상담
2026-09-03T15:05:30,인천 검단동 사무실 이사청소 주말예약,seo-incheon-geomdan-dong-office-moving-cleaning-weekend-booking,https://clever-griffin-93819d.netlify.app/seo-incheon-geomdan-dong-office-moving-cleaning-weekend-booking/,인천 검단동,이사청소,사무실,주말예약
2026-09-03T15:05:30,인천 검단동 사무실 이사청소 청소범위,seo-incheon-geomdan-dong-office-moving-cleaning-scope,https://clever-griffin-93819d.netlify.app/seo-incheon-geomdan-dong-office-moving-cleaning-scope/,인천 검단동,이사청소,사무실,청소범위
2026-09-03T15:05:30,인천 검단동 아파트 거주청소 전문업체,seo-incheon-geomdan-dong-apartment-residential-cleaning-company,https://clever-griffin-93819d.netlify.app/seo-incheon-geomdan-dong-apartment-residential-cleaning-company/,인천 검단동,거주청소,아파트,전문업체
2026-09-03T15:05:30,인천 검단동 아파트 거주청소 비용,seo-incheon-geomdan-dong-apartment-residential-cleaning-cost,https://clever-griffin-93819d.netlify.app/seo-incheon-geomdan-dong-apartment-residential-cleaning-cost/,인천 검단동,거주청소,아파트,비용
2026-09-03T15:05:30,인천 검단동 아파트 거주청소 가격,seo-incheon-geomdan-dong-apartment-residential-cleaning-price,https://clever-griffin-93819d.netlify.app/seo-incheon-geomdan-dong-apartment-residential-cleaning-price/,인천 검단동,거주청소,아파트,가격
2026-09-03T15:05:30,인천 검단동 아파트 거주청소 견적,seo-incheon-geomdan-dong-apartment-residential-cleaning-estimate,https://clever-griffin-93819d.netlify.app/seo-incheon-geomdan-dong-apartment-residential-cleaning-estimate/,인천 검단동,거주청소,아파트,견적
2026-09-03T15:05:30,인천 검단동 아파트 거주청소 예약,seo-incheon-geomdan-dong-apartment-residential-cleaning-booking,https://clever-griffin-93819d.netlify.app/seo-incheon-geomdan-dong-apartment-residential-cleaning-booking/,인천 검단동,거주청소,아파트,예약
2026-09-03T15:05:30,인천 검단동 아파트 거주청소 추천,seo-incheon-geomdan-dong-apartment-residential-cleaning-recommend,https://clever-griffin-93819d.netlify.app/seo-incheon-geomdan-dong-apartment-residential-cleaning-recommend/,인천 검단동,거주청소,아파트,추천
2026-09-03T15:05:30,인천 검단동 아파트 거주청소 후기,seo-incheon-geomdan-dong-apartment-residential-cleaning-review,https://clever-griffin-93819d.netlify.app/seo-incheon-geomdan-dong-apartment-residential-cleaning-review/,인천 검단동,거주청소,아파트,후기
2026-09-03T15:05:30,인천 검단동 아파트 거주청소 잘하는곳,seo-incheon-geomdan-dong-apartment-residential-cleaning-best,https://clever-griffin-93819d.netlify.app/seo-incheon-geomdan-dong-apartment-residential-cleaning-best/,인천 검단동,거주청소,아파트,잘하는곳
2026-09-03T15:05:30,인천 검단동 아파트 거주청소 업체,seo-incheon-geomdan-dong-apartment-residential-cleaning-service,https://clever-griffin-93819d.netlify.app/seo-incheon-geomdan-dong-apartment-residential-cleaning-service/,인천 검단동,거주청소,아파트,업체
2026-09-03T15:05:30,인천 검단동 아파트 거주청소 당일상담,seo-incheon-geomdan-dong-apartment-residential-cleaning-same-day-consult,https://clever-griffin-93819d.netlify.app/seo-incheon-geomdan-dong-apartment-residential-cleaning-same-day-consult/,인천 검단동,거주청소,아파트,당일상담
2026-09-03T15:05:30,인천 검단동 아파트 거주청소 주말예약,seo-incheon-geomdan-dong-apartment-residential-cleaning-weekend-booking,https://clever-griffin-93819d.netlify.app/seo-incheon-geomdan-dong-apartment-residential-cleaning-weekend-booking/,인천 검단동,거주청소,아파트,주말예약
2026-09-03T15:05:30,인천 검단동 아파트 거주청소 청소범위,seo-incheon-geomdan-dong-apartment-residential-cleaning-scope,https://clever-griffin-93819d.netlify.app/seo-incheon-geomdan-dong-apartment-residential-cleaning-scope/,인천 검단동,거주청소,아파트,청소범위
2026-09-03T15:05:30,인천 검단동 원룸 거주청소 전문업체,seo-incheon-geomdan-dong-one-room-residential-cleaning-company,https://clever-griffin-93819d.netlify.app/seo-incheon-geomdan-dong-one-room-residential-cleaning-company/,인천 검단동,거주청소,원룸,전문업체
2026-09-03T15:05:30,인천 검단동 원룸 거주청소 비용,seo-incheon-geomdan-dong-one-room-residential-cleaning-cost,https://clever-griffin-93819d.netlify.app/seo-incheon-geomdan-dong-one-room-residential-cleaning-cost/,인천 검단동,거주청소,원룸,비용
2026-09-03T15:05:30,인천 검단동 원룸 거주청소 가격,seo-incheon-geomdan-dong-one-room-residential-cleaning-price,https://clever-griffin-93819d.netlify.app/seo-incheon-geomdan-dong-one-room-residential-cleaning-price/,인천 검단동,거주청소,원룸,가격
2026-09-03T15:05:30,인천 검단동 원룸 거주청소 견적,seo-incheon-geomdan-dong-one-room-residential-cleaning-estimate,https://clever-griffin-93819d.netlify.app/seo-incheon-geomdan-dong-one-room-residential-cleaning-estimate/,인천 검단동,거주청소,원룸,견적
2026-09-03T15:05:30,인천 검단동 원룸 거주청소 예약,seo-incheon-geomdan-dong-one-room-residential-cleaning-booking,https://clever-griffin-93819d.netlify.app/seo-incheon-geomdan-dong-one-room-residential-cleaning-booking/,인천 검단동,거주청소,원룸,예약
2026-09-03T15:05:30,인천 검단동 원룸 거주청소 추천,seo-incheon-geomdan-dong-one-room-residential-cleaning-recommend,https://clever-griffin-93819d.netlify.app/seo-incheon-geomdan-dong-one-room-residential-cleaning-recommend/,인천 검단동,거주청소,원룸,추천
2026-09-03T15:05:30,인천 검단동 원룸 거주청소 후기,seo-incheon-geomdan-dong-one-room-residential-cleaning-review,https://clever-griffin-93819d.netlify.app/seo-incheon-geomdan-dong-one-room-residential-cleaning-review/,인천 검단동,거주청소,원룸,후기
2026-09-03T15:05:30,인천 검단동 원룸 거주청소 잘하는곳,seo-incheon-geomdan-dong-one-room-residential-cleaning-best,https://clever-griffin-93819d.netlify.app/seo-incheon-geomdan-dong-one-room-residential-cleaning-best/,인천 검단동,거주청소,원룸,잘하는곳
2026-09-03T15:05:30,인천 검단동 원룸 거주청소 업체,seo-incheon-geomdan-dong-one-room-residential-cleaning-service,https://clever-griffin-93819d.netlify.app/seo-incheon-geomdan-dong-one-room-residential-cleaning-service/,인천 검단동,거주청소,원룸,업체
2026-09-03T15:05:30,인천 검단동 원룸 거주청소 당일상담,seo-incheon-geomdan-dong-one-room-residential-cleaning-same-day-consult,https://clever-griffin-93819d.netlify.app/seo-incheon-geomdan-dong-one-room-residential-cleaning-same-day-consult/,인천 검단동,거주청소,원룸,당일상담
2026-09-03T15:05:30,인천 검단동 원룸 거주청소 주말예약,seo-incheon-geomdan-dong-one-room-residential-cleaning-weekend-booking,https://clever-griffin-93819d.netlify.app/seo-incheon-geomdan-dong-one-room-residential-cleaning-weekend-booking/,인천 검단동,거주청소,원룸,주말예약
2026-09-03T15:05:30,인천 검단동 원룸 거주청소 청소범위,seo-incheon-geomdan-dong-one-room-residential-cleaning-scope,https://clever-griffin-93819d.netlify.app/seo-incheon-geomdan-dong-one-room-residential-cleaning-scope/,인천 검단동,거주청소,원룸,청소범위
2026-09-03T15:05:30,인천 검단동 빌라 거주청소 전문업체,seo-incheon-geomdan-dong-villa-residential-cleaning-company,https://clever-griffin-93819d.netlify.app/seo-incheon-geomdan-dong-villa-residential-cleaning-company/,인천 검단동,거주청소,빌라,전문업체
2026-09-03T15:05:30,인천 검단동 빌라 거주청소 비용,seo-incheon-geomdan-dong-villa-residential-cleaning-cost,https://clever-griffin-93819d.netlify.app/seo-incheon-geomdan-dong-villa-residential-cleaning-cost/,인천 검단동,거주청소,빌라,비용
2026-09-03T15:05:30,인천 검단동 빌라 거주청소 가격,seo-incheon-geomdan-dong-villa-residential-cleaning-price,https://clever-griffin-93819d.netlify.app/seo-incheon-geomdan-dong-villa-residential-cleaning-price/,인천 검단동,거주청소,빌라,가격
2026-09-03T15:05:30,인천 검단동 빌라 거주청소 견적,seo-incheon-geomdan-dong-villa-residential-cleaning-estimate,https://clever-griffin-93819d.netlify.app/seo-incheon-geomdan-dong-villa-residential-cleaning-estimate/,인천 검단동,거주청소,빌라,견적
2026-09-03T15:05:30,인천 검단동 빌라 거주청소 예약,seo-incheon-geomdan-dong-villa-residential-cleaning-booking,https://clever-griffin-93819d.netlify.app/seo-incheon-geomdan-dong-villa-residential-cleaning-booking/,인천 검단동,거주청소,빌라,예약
2026-09-03T15:05:30,인천 검단동 빌라 거주청소 추천,seo-incheon-geomdan-dong-villa-residential-cleaning-recommend,https://clever-griffin-93819d.netlify.app/seo-incheon-geomdan-dong-villa-residential-cleaning-recommend/,인천 검단동,거주청소,빌라,추천
2026-09-03T15:05:30,인천 검단동 빌라 거주청소 후기,seo-incheon-geomdan-dong-villa-residential-cleaning-review,https://clever-griffin-93819d.netlify.app/seo-incheon-geomdan-dong-villa-residential-cleaning-review/,인천 검단동,거주청소,빌라,후기
2026-09-03T15:05:30,인천 검단동 빌라 거주청소 잘하는곳,seo-incheon-geomdan-dong-villa-residential-cleaning-best,https://clever-griffin-93819d.netlify.app/seo-incheon-geomdan-dong-villa-residential-cleaning-best/,인천 검단동,거주청소,빌라,잘하는곳
2026-09-03T15:05:30,인천 검단동 빌라 거주청소 업체,seo-incheon-geomdan-dong-villa-residential-cleaning-service,https://clever-griffin-93819d.netlify.app/seo-incheon-geomdan-dong-villa-residential-cleaning-service/,인천 검단동,거주청소,빌라,업체
2026-09-03T15:05:30,인천 검단동 빌라 거주청소 당일상담,seo-incheon-geomdan-dong-villa-residential-cleaning-same-day-consult,https://clever-griffin-93819d.netlify.app/seo-incheon-geomdan-dong-villa-residential-cleaning-same-day-consult/,인천 검단동,거주청소,빌라,당일상담
2026-09-03T15:05:30,인천 검단동 빌라 거주청소 주말예약,seo-incheon-geomdan-dong-villa-residential-cleaning-weekend-booking,https://clever-griffin-93819d.netlify.app/seo-incheon-geomdan-dong-villa-residential-cleaning-weekend-booking/,인천 검단동,거주청소,빌라,주말예약
2026-09-03T15:05:30,인천 검단동 빌라 거주청소 청소범위,seo-incheon-geomdan-dong-villa-residential-cleaning-scope,https://clever-griffin-93819d.netlify.app/seo-incheon-geomdan-dong-villa-residential-cleaning-scope/,인천 검단동,거주청소,빌라,청소범위
2026-09-03T15:05:30,인천 검단동 오피스텔 거주청소 전문업체,seo-incheon-geomdan-dong-officetel-residential-cleaning-company,https://clever-griffin-93819d.netlify.app/seo-incheon-geomdan-dong-officetel-residential-cleaning-company/,인천 검단동,거주청소,오피스텔,전문업체
2026-09-03T15:05:30,인천 검단동 오피스텔 거주청소 비용,seo-incheon-geomdan-dong-officetel-residential-cleaning-cost,https://clever-griffin-93819d.netlify.app/seo-incheon-geomdan-dong-officetel-residential-cleaning-cost/,인천 검단동,거주청소,오피스텔,비용
2026-09-03T15:05:30,인천 검단동 오피스텔 거주청소 가격,seo-incheon-geomdan-dong-officetel-residential-cleaning-price,https://clever-griffin-93819d.netlify.app/seo-incheon-geomdan-dong-officetel-residential-cleaning-price/,인천 검단동,거주청소,오피스텔,가격
2026-09-03T15:05:30,인천 검단동 오피스텔 거주청소 견적,seo-incheon-geomdan-dong-officetel-residential-cleaning-estimate,https://clever-griffin-93819d.netlify.app/seo-incheon-geomdan-dong-officetel-residential-cleaning-estimate/,인천 검단동,거주청소,오피스텔,견적
2026-09-03T15:05:30,인천 검단동 오피스텔 거주청소 예약,seo-incheon-geomdan-dong-officetel-residential-cleaning-booking,https://clever-griffin-93819d.netlify.app/seo-incheon-geomdan-dong-officetel-residential-cleaning-booking/,인천 검단동,거주청소,오피스텔,예약
2026-09-03T15:05:30,인천 검단동 오피스텔 거주청소 추천,seo-incheon-geomdan-dong-officetel-residential-cleaning-recommend,https://clever-griffin-93819d.netlify.app/seo-incheon-geomdan-dong-officetel-residential-cleaning-recommend/,인천 검단동,거주청소,오피스텔,추천
2026-09-03T15:05:30,인천 검단동 오피스텔 거주청소 후기,seo-incheon-geomdan-dong-officetel-residential-cleaning-review,https://clever-griffin-93819d.netlify.app/seo-incheon-geomdan-dong-officetel-residential-cleaning-review/,인천 검단동,거주청소,오피스텔,후기
2026-09-03T15:05:30,인천 검단동 오피스텔 거주청소 잘하는곳,seo-incheon-geomdan-dong-officetel-residential-cleaning-best,https://clever-griffin-93819d.netlify.app/seo-incheon-geomdan-dong-officetel-residential-cleaning-best/,인천 검단동,거주청소,오피스텔,잘하는곳
2026-09-03T15:05:30,인천 검단동 오피스텔 거주청소 업체,seo-incheon-geomdan-dong-officetel-residential-cleaning-service,https://clever-griffin-93819d.netlify.app/seo-incheon-geomdan-dong-officetel-residential-cleaning-service/,인천 검단동,거주청소,오피스텔,업체
2026-09-03T15:05:30,인천 검단동 오피스텔 거주청소 당일상담,seo-incheon-geomdan-dong-officetel-residential-cleaning-same-day-consult,https://clever-griffin-93819d.netlify.app/seo-incheon-geomdan-dong-officetel-residential-cleaning-same-day-consult/,인천 검단동,거주청소,오피스텔,당일상담
2026-09-03T15:05:30,인천 검단동 오피스텔 거주청소 주말예약,seo-incheon-geomdan-dong-officetel-residential-cleaning-weekend-booking,https://clever-griffin-93819d.netlify.app/seo-incheon-geomdan-dong-officetel-residential-cleaning-weekend-booking/,인천 검단동,거주청소,오피스텔,주말예약
2026-09-03T15:05:30,인천 검단동 오피스텔 거주청소 청소범위,seo-incheon-geomdan-dong-officetel-residential-cleaning-scope,https://clever-griffin-93819d.netlify.app/seo-incheon-geomdan-dong-officetel-residential-cleaning-scope/,인천 검단동,거주청소,오피스텔,청소범위
2026-09-03T15:05:30,인천 검단동 상가 거주청소 전문업체,seo-incheon-geomdan-dong-store-residential-cleaning-company,https://clever-griffin-93819d.netlify.app/seo-incheon-geomdan-dong-store-residential-cleaning-company/,인천 검단동,거주청소,상가,전문업체
2026-09-03T15:05:30,인천 검단동 상가 거주청소 비용,seo-incheon-geomdan-dong-store-residential-cleaning-cost,https://clever-griffin-93819d.netlify.app/seo-incheon-geomdan-dong-store-residential-cleaning-cost/,인천 검단동,거주청소,상가,비용
2026-09-03T15:05:30,인천 검단동 상가 거주청소 가격,seo-incheon-geomdan-dong-store-residential-cleaning-price,https://clever-griffin-93819d.netlify.app/seo-incheon-geomdan-dong-store-residential-cleaning-price/,인천 검단동,거주청소,상가,가격
2026-09-03T15:05:30,인천 검단동 상가 거주청소 견적,seo-incheon-geomdan-dong-store-residential-cleaning-estimate,https://clever-griffin-93819d.netlify.app/seo-incheon-geomdan-dong-store-residential-cleaning-estimate/,인천 검단동,거주청소,상가,견적
2026-09-03T15:05:30,인천 검단동 상가 거주청소 예약,seo-incheon-geomdan-dong-store-residential-cleaning-booking,https://clever-griffin-93819d.netlify.app/seo-incheon-geomdan-dong-store-residential-cleaning-booking/,인천 검단동,거주청소,상가,예약
2026-09-03T15:05:30,인천 검단동 상가 거주청소 추천,seo-incheon-geomdan-dong-store-residential-cleaning-recommend,https://clever-griffin-93819d.netlify.app/seo-incheon-geomdan-dong-store-residential-cleaning-recommend/,인천 검단동,거주청소,상가,추천
2026-09-03T15:05:30,인천 검단동 상가 거주청소 후기,seo-incheon-geomdan-dong-store-residential-cleaning-review,https://clever-griffin-93819d.netlify.app/seo-incheon-geomdan-dong-store-residential-cleaning-review/,인천 검단동,거주청소,상가,후기
2026-09-03T15:05:30,인천 검단동 상가 거주청소 잘하는곳,seo-incheon-geomdan-dong-store-residential-cleaning-best,https://clever-griffin-93819d.netlify.app/seo-incheon-geomdan-dong-store-residential-cleaning-best/,인천 검단동,거주청소,상가,잘하는곳
2026-09-03T15:05:30,인천 검단동 상가 거주청소 업체,seo-incheon-geomdan-dong-store-residential-cleaning-service,https://clever-griffin-93819d.netlify.app/seo-incheon-geomdan-dong-store-residential-cleaning-service/,인천 검단동,거주청소,상가,업체
2026-09-03T15:05:30,인천 검단동 상가 거주청소 당일상담,seo-incheon-geomdan-dong-store-residential-cleaning-same-day-consult,https://clever-griffin-93819d.netlify.app/seo-incheon-geomdan-dong-store-residential-cleaning-same-day-consult/,인천 검단동,거주청소,상가,당일상담
2026-09-03T15:05:30,인천 검단동 상가 거주청소 주말예약,seo-incheon-geomdan-dong-store-residential-cleaning-weekend-booking,https://clever-griffin-93819d.netlify.app/seo-incheon-geomdan-dong-store-residential-cleaning-weekend-booking/,인천 검단동,거주청소,상가,주말예약
2026-09-03T15:05:30,인천 검단동 상가 거주청소 청소범위,seo-incheon-geomdan-dong-store-residential-cleaning-scope,https://clever-griffin-93819d.netlify.app/seo-incheon-geomdan-dong-store-residential-cleaning-scope/,인천 검단동,거주청소,상가,청소범위
2026-09-03T15:05:30,인천 검단동 사무실 거주청소 전문업체,seo-incheon-geomdan-dong-office-residential-cleaning-company,https://clever-griffin-93819d.netlify.app/seo-incheon-geomdan-dong-office-residential-cleaning-company/,인천 검단동,거주청소,사무실,전문업체
2026-09-03T15:05:30,인천 검단동 사무실 거주청소 비용,seo-incheon-geomdan-dong-office-residential-cleaning-cost,https://clever-griffin-93819d.netlify.app/seo-incheon-geomdan-dong-office-residential-cleaning-cost/,인천 검단동,거주청소,사무실,비용
2026-09-03T15:05:30,인천 검단동 사무실 거주청소 가격,seo-incheon-geomdan-dong-office-residential-cleaning-price,https://clever-griffin-93819d.netlify.app/seo-incheon-geomdan-dong-office-residential-cleaning-price/,인천 검단동,거주청소,사무실,가격
2026-09-03T15:05:30,인천 검단동 사무실 거주청소 견적,seo-incheon-geomdan-dong-office-residential-cleaning-estimate,https://clever-griffin-93819d.netlify.app/seo-incheon-geomdan-dong-office-residential-cleaning-estimate/,인천 검단동,거주청소,사무실,견적
2026-09-03T15:05:30,인천 검단동 사무실 거주청소 예약,seo-incheon-geomdan-dong-office-residential-cleaning-booking,https://clever-griffin-93819d.netlify.app/seo-incheon-geomdan-dong-office-residential-cleaning-booking/,인천 검단동,거주청소,사무실,예약
2026-09-03T15:05:30,인천 검단동 사무실 거주청소 추천,seo-incheon-geomdan-dong-office-residential-cleaning-recommend,https://clever-griffin-93819d.netlify.app/seo-incheon-geomdan-dong-office-residential-cleaning-recommend/,인천 검단동,거주청소,사무실,추천
2026-09-03T15:05:30,인천 검단동 사무실 거주청소 후기,seo-incheon-geomdan-dong-office-residential-cleaning-review,https://clever-griffin-93819d.netlify.app/seo-incheon-geomdan-dong-office-residential-cleaning-review/,인천 검단동,거주청소,사무실,후기
2026-09-03T15:05:30,인천 검단동 사무실 거주청소 잘하는곳,seo-incheon-geomdan-dong-office-residential-cleaning-best,https://clever-griffin-93819d.netlify.app/seo-incheon-geomdan-dong-office-residential-cleaning-best/,인천 검단동,거주청소,사무실,잘하는곳
2026-09-03T15:05:30,인천 검단동 사무실 거주청소 업체,seo-incheon-geomdan-dong-office-residential-cleaning-service,https://clever-griffin-93819d.netlify.app/seo-incheon-geomdan-dong-office-residential-cleaning-service/,인천 검단동,거주청소,사무실,업체
2026-09-03T15:05:30,인천 검단동 사무실 거주청소 당일상담,seo-incheon-geomdan-dong-office-residential-cleaning-same-day-consult,https://clever-griffin-93819d.netlify.app/seo-incheon-geomdan-dong-office-residential-cleaning-same-day-consult/,인천 검단동,거주청소,사무실,당일상담
2026-09-03T15:05:30,인천 검단동 사무실 거주청소 주말예약,seo-incheon-geomdan-dong-office-residential-cleaning-weekend-booking,https://clever-griffin-93819d.netlify.app/seo-incheon-geomdan-dong-office-residential-cleaning-weekend-booking/,인천 검단동,거주청소,사무실,주말예약
2026-09-03T15:05:30,인천 검단동 사무실 거주청소 청소범위,seo-incheon-geomdan-dong-office-residential-cleaning-scope,https://clever-griffin-93819d.netlify.app/seo-incheon-geomdan-dong-office-residential-cleaning-scope/,인천 검단동,거주청소,사무실,청소범위
2026-09-03T15:05:30,인천 검단동 상가청소 전문업체,seo-incheon-geomdan-dong-store-cleaning-company,https://clever-griffin-93819d.netlify.app/seo-incheon-geomdan-dong-store-cleaning-company/,인천 검단동,상가청소,상가,전문업체
2026-09-03T15:05:30,인천 검단동 상가청소 비용,seo-incheon-geomdan-dong-store-cleaning-cost,https://clever-griffin-93819d.netlify.app/seo-incheon-geomdan-dong-store-cleaning-cost/,인천 검단동,상가청소,상가,비용
2026-09-03T15:05:30,인천 검단동 상가청소 가격,seo-incheon-geomdan-dong-store-cleaning-price,https://clever-griffin-93819d.netlify.app/seo-incheon-geomdan-dong-store-cleaning-price/,인천 검단동,상가청소,상가,가격
2026-09-03T15:05:30,인천 검단동 상가청소 견적,seo-incheon-geomdan-dong-store-cleaning-estimate,https://clever-griffin-93819d.netlify.app/seo-incheon-geomdan-dong-store-cleaning-estimate/,인천 검단동,상가청소,상가,견적
2026-09-03T15:05:30,인천 검단동 상가청소 예약,seo-incheon-geomdan-dong-store-cleaning-booking,https://clever-griffin-93819d.netlify.app/seo-incheon-geomdan-dong-store-cleaning-booking/,인천 검단동,상가청소,상가,예약
2026-09-03T15:05:30,인천 검단동 상가청소 추천,seo-incheon-geomdan-dong-store-cleaning-recommend,https://clever-griffin-93819d.netlify.app/seo-incheon-geomdan-dong-store-cleaning-recommend/,인천 검단동,상가청소,상가,추천
2026-09-03T15:05:30,인천 검단동 상가청소 후기,seo-incheon-geomdan-dong-store-cleaning-review,https://clever-griffin-93819d.netlify.app/seo-incheon-geomdan-dong-store-cleaning-review/,인천 검단동,상가청소,상가,후기
2026-09-03T15:05:30,인천 검단동 상가청소 잘하는곳,seo-incheon-geomdan-dong-store-cleaning-best,https://clever-griffin-93819d.netlify.app/seo-incheon-geomdan-dong-store-cleaning-best/,인천 검단동,상가청소,상가,잘하는곳
2026-09-03T15:05:30,인천 검단동 상가청소 업체,seo-incheon-geomdan-dong-store-cleaning-service,https://clever-griffin-93819d.netlify.app/seo-incheon-geomdan-dong-store-cleaning-service/,인천 검단동,상가청소,상가,업체
2026-09-03T15:05:30,인천 검단동 상가청소 당일상담,seo-incheon-geomdan-dong-store-cleaning-same-day-consult,https://clever-griffin-93819d.netlify.app/seo-incheon-geomdan-dong-store-cleaning-same-day-consult/,인천 검단동,상가청소,상가,당일상담
2026-09-03T15:05:30,인천 검단동 상가청소 주말예약,seo-incheon-geomdan-dong-store-cleaning-weekend-booking,https://clever-griffin-93819d.netlify.app/seo-incheon-geomdan-dong-store-cleaning-weekend-booking/,인천 검단동,상가청소,상가,주말예약
2026-09-03T15:05:30,인천 검단동 상가청소 청소범위,seo-incheon-geomdan-dong-store-cleaning-scope,https://clever-griffin-93819d.netlify.app/seo-incheon-geomdan-dong-store-cleaning-scope/,인천 검단동,상가청소,상가,청소범위
2026-09-03T15:05:30,인천 검단동 사무실청소 전문업체,seo-incheon-geomdan-dong-office-cleaning-company,https://clever-griffin-93819d.netlify.app/seo-incheon-geomdan-dong-office-cleaning-company/,인천 검단동,사무실청소,사무실,전문업체
2026-09-03T15:05:30,인천 검단동 사무실청소 비용,seo-incheon-geomdan-dong-office-cleaning-cost,https://clever-griffin-93819d.netlify.app/seo-incheon-geomdan-dong-office-cleaning-cost/,인천 검단동,사무실청소,사무실,비용
2026-09-03T15:05:30,인천 검단동 사무실청소 가격,seo-incheon-geomdan-dong-office-cleaning-price,https://clever-griffin-93819d.netlify.app/seo-incheon-geomdan-dong-office-cleaning-price/,인천 검단동,사무실청소,사무실,가격
2026-09-03T15:05:30,인천 검단동 사무실청소 견적,seo-incheon-geomdan-dong-office-cleaning-estimate,https://clever-griffin-93819d.netlify.app/seo-incheon-geomdan-dong-office-cleaning-estimate/,인천 검단동,사무실청소,사무실,견적
2026-09-03T15:05:30,인천 검단동 사무실청소 예약,seo-incheon-geomdan-dong-office-cleaning-booking,https://clever-griffin-93819d.netlify.app/seo-incheon-geomdan-dong-office-cleaning-booking/,인천 검단동,사무실청소,사무실,예약
2026-09-03T15:05:30,인천 검단동 사무실청소 추천,seo-incheon-geomdan-dong-office-cleaning-recommend,https://clever-griffin-93819d.netlify.app/seo-incheon-geomdan-dong-office-cleaning-recommend/,인천 검단동,사무실청소,사무실,추천
2026-09-03T15:05:30,인천 검단동 사무실청소 후기,seo-incheon-geomdan-dong-office-cleaning-review,https://clever-griffin-93819d.netlify.app/seo-incheon-geomdan-dong-office-cleaning-review/,인천 검단동,사무실청소,사무실,후기
2026-09-03T15:05:30,인천 검단동 사무실청소 잘하는곳,seo-incheon-geomdan-dong-office-cleaning-best,https://clever-griffin-93819d.netlify.app/seo-incheon-geomdan-dong-office-cleaning-best/,인천 검단동,사무실청소,사무실,잘하는곳
2026-09-03T15:05:30,인천 검단동 사무실청소 업체,seo-incheon-geomdan-dong-office-cleaning-service,https://clever-griffin-93819d.netlify.app/seo-incheon-geomdan-dong-office-cleaning-service/,인천 검단동,사무실청소,사무실,업체
2026-09-03T15:05:30,인천 검단동 사무실청소 당일상담,seo-incheon-geomdan-dong-office-cleaning-same-day-consult,https://clever-griffin-93819d.netlify.app/seo-incheon-geomdan-dong-office-cleaning-same-day-consult/,인천 검단동,사무실청소,사무실,당일상담
2026-09-03T15:05:30,인천 검단동 사무실청소 주말예약,seo-incheon-geomdan-dong-office-cleaning-weekend-booking,https://clever-griffin-93819d.netlify.app/seo-incheon-geomdan-dong-office-cleaning-weekend-booking/,인천 검단동,사무실청소,사무실,주말예약
2026-09-03T15:05:30,인천 검단동 사무실청소 청소범위,seo-incheon-geomdan-dong-office-cleaning-scope,https://clever-griffin-93819d.netlify.app/seo-incheon-geomdan-dong-office-cleaning-scope/,인천 검단동,사무실청소,사무실,청소범위
2026-09-03T15:05:30,인천 검단동 원룸청소 전문업체,seo-incheon-geomdan-dong-one-room-cleaning-company,https://clever-griffin-93819d.netlify.app/seo-incheon-geomdan-dong-one-room-cleaning-company/,인천 검단동,원룸청소,원룸,전문업체
2026-09-03T15:05:30,인천 검단동 원룸청소 비용,seo-incheon-geomdan-dong-one-room-cleaning-cost,https://clever-griffin-93819d.netlify.app/seo-incheon-geomdan-dong-one-room-cleaning-cost/,인천 검단동,원룸청소,원룸,비용
2026-09-03T15:05:30,인천 검단동 원룸청소 가격,seo-incheon-geomdan-dong-one-room-cleaning-price,https://clever-griffin-93819d.netlify.app/seo-incheon-geomdan-dong-one-room-cleaning-price/,인천 검단동,원룸청소,원룸,가격
2026-09-03T15:05:30,인천 검단동 원룸청소 견적,seo-incheon-geomdan-dong-one-room-cleaning-estimate,https://clever-griffin-93819d.netlify.app/seo-incheon-geomdan-dong-one-room-cleaning-estimate/,인천 검단동,원룸청소,원룸,견적
2026-09-03T15:05:30,인천 검단동 원룸청소 예약,seo-incheon-geomdan-dong-one-room-cleaning-booking,https://clever-griffin-93819d.netlify.app/seo-incheon-geomdan-dong-one-room-cleaning-booking/,인천 검단동,원룸청소,원룸,예약
2026-09-03T15:05:30,인천 검단동 원룸청소 추천,seo-incheon-geomdan-dong-one-room-cleaning-recommend,https://clever-griffin-93819d.netlify.app/seo-incheon-geomdan-dong-one-room-cleaning-recommend/,인천 검단동,원룸청소,원룸,추천
2026-09-03T15:05:30,인천 검단동 원룸청소 후기,seo-incheon-geomdan-dong-one-room-cleaning-review,https://clever-griffin-93819d.netlify.app/seo-incheon-geomdan-dong-one-room-cleaning-review/,인천 검단동,원룸청소,원룸,후기
2026-09-03T15:05:30,인천 검단동 원룸청소 잘하는곳,seo-incheon-geomdan-dong-one-room-cleaning-best,https://clever-griffin-93819d.netlify.app/seo-incheon-geomdan-dong-one-room-cleaning-best/,인천 검단동,원룸청소,원룸,잘하는곳
2026-09-03T15:05:30,인천 검단동 원룸청소 업체,seo-incheon-geomdan-dong-one-room-cleaning-service,https://clever-griffin-93819d.netlify.app/seo-incheon-geomdan-dong-one-room-cleaning-service/,인천 검단동,원룸청소,원룸,업체
2026-09-03T15:05:30,인천 검단동 원룸청소 당일상담,seo-incheon-geomdan-dong-one-room-cleaning-same-day-consult,https://clever-griffin-93819d.netlify.app/seo-incheon-geomdan-dong-one-room-cleaning-same-day-consult/,인천 검단동,원룸청소,원룸,당일상담
2026-09-03T15:05:30,인천 검단동 원룸청소 주말예약,seo-incheon-geomdan-dong-one-room-cleaning-weekend-booking,https://clever-griffin-93819d.netlify.app/seo-incheon-geomdan-dong-one-room-cleaning-weekend-booking/,인천 검단동,원룸청소,원룸,주말예약
2026-09-03T15:05:30,인천 검단동 원룸청소 청소범위,seo-incheon-geomdan-dong-one-room-cleaning-scope,https://clever-griffin-93819d.netlify.app/seo-incheon-geomdan-dong-one-room-cleaning-scope/,인천 검단동,원룸청소,원룸,청소범위
2026-09-03T15:05:30,인천 검단동 빌라청소 전문업체,seo-incheon-geomdan-dong-villa-cleaning-company,https://clever-griffin-93819d.netlify.app/seo-incheon-geomdan-dong-villa-cleaning-company/,인천 검단동,빌라청소,빌라,전문업체
2026-09-03T15:05:30,인천 검단동 빌라청소 비용,seo-incheon-geomdan-dong-villa-cleaning-cost,https://clever-griffin-93819d.netlify.app/seo-incheon-geomdan-dong-villa-cleaning-cost/,인천 검단동,빌라청소,빌라,비용
2026-09-03T15:05:30,인천 검단동 빌라청소 가격,seo-incheon-geomdan-dong-villa-cleaning-price,https://clever-griffin-93819d.netlify.app/seo-incheon-geomdan-dong-villa-cleaning-price/,인천 검단동,빌라청소,빌라,가격
2026-09-03T15:05:30,인천 검단동 빌라청소 견적,seo-incheon-geomdan-dong-villa-cleaning-estimate,https://clever-griffin-93819d.netlify.app/seo-incheon-geomdan-dong-villa-cleaning-estimate/,인천 검단동,빌라청소,빌라,견적
2026-09-03T15:05:30,인천 검단동 빌라청소 예약,seo-incheon-geomdan-dong-villa-cleaning-booking,https://clever-griffin-93819d.netlify.app/seo-incheon-geomdan-dong-villa-cleaning-booking/,인천 검단동,빌라청소,빌라,예약
2026-09-03T15:05:30,인천 검단동 빌라청소 추천,seo-incheon-geomdan-dong-villa-cleaning-recommend,https://clever-griffin-93819d.netlify.app/seo-incheon-geomdan-dong-villa-cleaning-recommend/,인천 검단동,빌라청소,빌라,추천
2026-09-03T15:05:30,인천 검단동 빌라청소 후기,seo-incheon-geomdan-dong-villa-cleaning-review,https://clever-griffin-93819d.netlify.app/seo-incheon-geomdan-dong-villa-cleaning-review/,인천 검단동,빌라청소,빌라,후기
2026-09-03T15:05:30,인천 검단동 빌라청소 잘하는곳,seo-incheon-geomdan-dong-villa-cleaning-best,https://clever-griffin-93819d.netlify.app/seo-incheon-geomdan-dong-villa-cleaning-best/,인천 검단동,빌라청소,빌라,잘하는곳
2026-09-03T15:05:30,인천 검단동 빌라청소 업체,seo-incheon-geomdan-dong-villa-cleaning-service,https://clever-griffin-93819d.netlify.app/seo-incheon-geomdan-dong-villa-cleaning-service/,인천 검단동,빌라청소,빌라,업체
2026-09-03T15:05:30,인천 검단동 빌라청소 당일상담,seo-incheon-geomdan-dong-villa-cleaning-same-day-consult,https://clever-griffin-93819d.netlify.app/seo-incheon-geomdan-dong-villa-cleaning-same-day-consult/,인천 검단동,빌라청소,빌라,당일상담
2026-09-03T15:05:30,인천 검단동 빌라청소 주말예약,seo-incheon-geomdan-dong-villa-cleaning-weekend-booking,https://clever-griffin-93819d.netlify.app/seo-incheon-geomdan-dong-villa-cleaning-weekend-booking/,인천 검단동,빌라청소,빌라,주말예약
2026-09-03T15:05:30,인천 검단동 빌라청소 청소범위,seo-incheon-geomdan-dong-villa-cleaning-scope,https://clever-griffin-93819d.netlify.app/seo-incheon-geomdan-dong-villa-cleaning-scope/,인천 검단동,빌라청소,빌라,청소범위
2026-09-03T15:05:30,인천 검단동 오피스텔청소 전문업체,seo-incheon-geomdan-dong-officetel-cleaning-company,https://clever-griffin-93819d.netlify.app/seo-incheon-geomdan-dong-officetel-cleaning-company/,인천 검단동,오피스텔청소,오피스텔,전문업체
2026-09-03T15:05:30,인천 검단동 오피스텔청소 비용,seo-incheon-geomdan-dong-officetel-cleaning-cost,https://clever-griffin-93819d.netlify.app/seo-incheon-geomdan-dong-officetel-cleaning-cost/,인천 검단동,오피스텔청소,오피스텔,비용
2026-09-03T15:05:30,인천 검단동 오피스텔청소 가격,seo-incheon-geomdan-dong-officetel-cleaning-price,https://clever-griffin-93819d.netlify.app/seo-incheon-geomdan-dong-officetel-cleaning-price/,인천 검단동,오피스텔청소,오피스텔,가격
2026-09-03T15:05:30,인천 검단동 오피스텔청소 견적,seo-incheon-geomdan-dong-officetel-cleaning-estimate,https://clever-griffin-93819d.netlify.app/seo-incheon-geomdan-dong-officetel-cleaning-estimate/,인천 검단동,오피스텔청소,오피스텔,견적
2026-09-03T15:05:30,인천 검단동 오피스텔청소 예약,seo-incheon-geomdan-dong-officetel-cleaning-booking,https://clever-griffin-93819d.netlify.app/seo-incheon-geomdan-dong-officetel-cleaning-booking/,인천 검단동,오피스텔청소,오피스텔,예약
2026-09-03T15:05:30,인천 검단동 오피스텔청소 추천,seo-incheon-geomdan-dong-officetel-cleaning-recommend,https://clever-griffin-93819d.netlify.app/seo-incheon-geomdan-dong-officetel-cleaning-recommend/,인천 검단동,오피스텔청소,오피스텔,추천
2026-09-03T15:05:30,인천 검단동 오피스텔청소 후기,seo-incheon-geomdan-dong-officetel-cleaning-review,https://clever-griffin-93819d.netlify.app/seo-incheon-geomdan-dong-officetel-cleaning-review/,인천 검단동,오피스텔청소,오피스텔,후기
2026-09-03T15:05:30,인천 검단동 오피스텔청소 잘하는곳,seo-incheon-geomdan-dong-officetel-cleaning-best,https://clever-griffin-93819d.netlify.app/seo-incheon-geomdan-dong-officetel-cleaning-best/,인천 검단동,오피스텔청소,오피스텔,잘하는곳
2026-09-03T15:05:30,인천 검단동 오피스텔청소 업체,seo-incheon-geomdan-dong-officetel-cleaning-service,https://clever-griffin-93819d.netlify.app/seo-incheon-geomdan-dong-officetel-cleaning-service/,인천 검단동,오피스텔청소,오피스텔,업체
2026-09-03T15:05:30,인천 검단동 오피스텔청소 당일상담,seo-incheon-geomdan-dong-officetel-cleaning-same-day-consult,https://clever-griffin-93819d.netlify.app/seo-incheon-geomdan-dong-officetel-cleaning-same-day-consult/,인천 검단동,오피스텔청소,오피스텔,당일상담
2026-09-03T15:05:30,인천 검단동 오피스텔청소 주말예약,seo-incheon-geomdan-dong-officetel-cleaning-weekend-booking,https://clever-griffin-93819d.netlify.app/seo-incheon-geomdan-dong-officetel-cleaning-weekend-booking/,인천 검단동,오피스텔청소,오피스텔,주말예약
2026-09-03T15:05:30,인천 검단동 오피스텔청소 청소범위,seo-incheon-geomdan-dong-officetel-cleaning-scope,https://clever-griffin-93819d.netlify.app/seo-incheon-geomdan-dong-officetel-cleaning-scope/,인천 검단동,오피스텔청소,오피스텔,청소범위
2026-09-03T15:05:30,인천 검단동 원룸 폐기물청소 전문업체,seo-incheon-geomdan-dong-one-room-waste-cleaning-company,https://clever-griffin-93819d.netlify.app/seo-incheon-geomdan-dong-one-room-waste-cleaning-company/,인천 검단동,폐기물청소,원룸,전문업체
2026-09-03T15:05:30,인천 검단동 원룸 폐기물청소 비용,seo-incheon-geomdan-dong-one-room-waste-cleaning-cost,https://clever-griffin-93819d.netlify.app/seo-incheon-geomdan-dong-one-room-waste-cleaning-cost/,인천 검단동,폐기물청소,원룸,비용
2026-09-03T15:05:30,인천 검단동 원룸 폐기물청소 가격,seo-incheon-geomdan-dong-one-room-waste-cleaning-price,https://clever-griffin-93819d.netlify.app/seo-incheon-geomdan-dong-one-room-waste-cleaning-price/,인천 검단동,폐기물청소,원룸,가격
2026-09-03T15:05:30,인천 검단동 원룸 폐기물청소 견적,seo-incheon-geomdan-dong-one-room-waste-cleaning-estimate,https://clever-griffin-93819d.netlify.app/seo-incheon-geomdan-dong-one-room-waste-cleaning-estimate/,인천 검단동,폐기물청소,원룸,견적
2026-09-03T15:05:30,인천 검단동 원룸 폐기물청소 예약,seo-incheon-geomdan-dong-one-room-waste-cleaning-booking,https://clever-griffin-93819d.netlify.app/seo-incheon-geomdan-dong-one-room-waste-cleaning-booking/,인천 검단동,폐기물청소,원룸,예약
2026-09-03T15:05:30,인천 검단동 원룸 폐기물청소 추천,seo-incheon-geomdan-dong-one-room-waste-cleaning-recommend,https://clever-griffin-93819d.netlify.app/seo-incheon-geomdan-dong-one-room-waste-cleaning-recommend/,인천 검단동,폐기물청소,원룸,추천
2026-09-03T15:05:30,인천 검단동 원룸 폐기물청소 후기,seo-incheon-geomdan-dong-one-room-waste-cleaning-review,https://clever-griffin-93819d.netlify.app/seo-incheon-geomdan-dong-one-room-waste-cleaning-review/,인천 검단동,폐기물청소,원룸,후기
2026-09-03T15:05:30,인천 검단동 원룸 폐기물청소 잘하는곳,seo-incheon-geomdan-dong-one-room-waste-cleaning-best,https://clever-griffin-93819d.netlify.app/seo-incheon-geomdan-dong-one-room-waste-cleaning-best/,인천 검단동,폐기물청소,원룸,잘하는곳
2026-09-03T15:05:30,인천 검단동 원룸 폐기물청소 업체,seo-incheon-geomdan-dong-one-room-waste-cleaning-service,https://clever-griffin-93819d.netlify.app/seo-incheon-geomdan-dong-one-room-waste-cleaning-service/,인천 검단동,폐기물청소,원룸,업체
2026-09-03T15:05:30,인천 검단동 원룸 폐기물청소 당일상담,seo-incheon-geomdan-dong-one-room-waste-cleaning-same-day-consult,https://clever-griffin-93819d.netlify.app/seo-incheon-geomdan-dong-one-room-waste-cleaning-same-day-consult/,인천 검단동,폐기물청소,원룸,당일상담
2026-09-03T15:05:30,인천 검단동 원룸 폐기물청소 주말예약,seo-incheon-geomdan-dong-one-room-waste-cleaning-weekend-booking,https://clever-griffin-93819d.netlify.app/seo-incheon-geomdan-dong-one-room-waste-cleaning-weekend-booking/,인천 검단동,폐기물청소,원룸,주말예약
2026-09-03T15:05:30,인천 검단동 원룸 폐기물청소 청소범위,seo-incheon-geomdan-dong-one-room-waste-cleaning-scope,https://clever-griffin-93819d.netlify.app/seo-incheon-geomdan-dong-one-room-waste-cleaning-scope/,인천 검단동,폐기물청소,원룸,청소범위
2026-09-03T15:05:30,인천 검단동 빌라 폐기물청소 전문업체,seo-incheon-geomdan-dong-villa-waste-cleaning-company,https://clever-griffin-93819d.netlify.app/seo-incheon-geomdan-dong-villa-waste-cleaning-company/,인천 검단동,폐기물청소,빌라,전문업체
2026-09-03T15:05:30,인천 검단동 빌라 폐기물청소 비용,seo-incheon-geomdan-dong-villa-waste-cleaning-cost,https://clever-griffin-93819d.netlify.app/seo-incheon-geomdan-dong-villa-waste-cleaning-cost/,인천 검단동,폐기물청소,빌라,비용
2026-09-03T15:05:30,인천 검단동 빌라 폐기물청소 가격,seo-incheon-geomdan-dong-villa-waste-cleaning-price,https://clever-griffin-93819d.netlify.app/seo-incheon-geomdan-dong-villa-waste-cleaning-price/,인천 검단동,폐기물청소,빌라,가격
2026-09-03T15:05:30,인천 검단동 빌라 폐기물청소 견적,seo-incheon-geomdan-dong-villa-waste-cleaning-estimate,https://clever-griffin-93819d.netlify.app/seo-incheon-geomdan-dong-villa-waste-cleaning-estimate/,인천 검단동,폐기물청소,빌라,견적
2026-09-03T15:05:30,인천 검단동 빌라 폐기물청소 예약,seo-incheon-geomdan-dong-villa-waste-cleaning-booking,https://clever-griffin-93819d.netlify.app/seo-incheon-geomdan-dong-villa-waste-cleaning-booking/,인천 검단동,폐기물청소,빌라,예약
2026-09-03T15:05:30,인천 검단동 빌라 폐기물청소 추천,seo-incheon-geomdan-dong-villa-waste-cleaning-recommend,https://clever-griffin-93819d.netlify.app/seo-incheon-geomdan-dong-villa-waste-cleaning-recommend/,인천 검단동,폐기물청소,빌라,추천
2026-09-03T15:05:30,인천 검단동 빌라 폐기물청소 후기,seo-incheon-geomdan-dong-villa-waste-cleaning-review,https://clever-griffin-93819d.netlify.app/seo-incheon-geomdan-dong-villa-waste-cleaning-review/,인천 검단동,폐기물청소,빌라,후기
2026-09-03T15:05:30,인천 검단동 빌라 폐기물청소 잘하는곳,seo-incheon-geomdan-dong-villa-waste-cleaning-best,https://clever-griffin-93819d.netlify.app/seo-incheon-geomdan-dong-villa-waste-cleaning-best/,인천 검단동,폐기물청소,빌라,잘하는곳
2026-09-03T15:05:30,인천 검단동 빌라 폐기물청소 업체,seo-incheon-geomdan-dong-villa-waste-cleaning-service,https://clever-griffin-93819d.netlify.app/seo-incheon-geomdan-dong-villa-waste-cleaning-service/,인천 검단동,폐기물청소,빌라,업체
2026-09-03T15:05:30,인천 검단동 빌라 폐기물청소 당일상담,seo-incheon-geomdan-dong-villa-waste-cleaning-same-day-consult,https://clever-griffin-93819d.netlify.app/seo-incheon-geomdan-dong-villa-waste-cleaning-same-day-consult/,인천 검단동,폐기물청소,빌라,당일상담
2026-09-03T15:05:30,인천 검단동 빌라 폐기물청소 주말예약,seo-incheon-geomdan-dong-villa-waste-cleaning-weekend-booking,https://clever-griffin-93819d.netlify.app/seo-incheon-geomdan-dong-villa-waste-cleaning-weekend-booking/,인천 검단동,폐기물청소,빌라,주말예약
2026-09-03T15:05:30,인천 검단동 빌라 폐기물청소 청소범위,seo-incheon-geomdan-dong-villa-waste-cleaning-scope,https://clever-griffin-93819d.netlify.app/seo-incheon-geomdan-dong-villa-waste-cleaning-scope/,인천 검단동,폐기물청소,빌라,청소범위
2026-09-03T15:05:30,인천 검단동 오피스텔 폐기물청소 전문업체,seo-incheon-geomdan-dong-officetel-waste-cleaning-company,https://clever-griffin-93819d.netlify.app/seo-incheon-geomdan-dong-officetel-waste-cleaning-company/,인천 검단동,폐기물청소,오피스텔,전문업체
2026-09-03T15:05:30,인천 검단동 오피스텔 폐기물청소 비용,seo-incheon-geomdan-dong-officetel-waste-cleaning-cost,https://clever-griffin-93819d.netlify.app/seo-incheon-geomdan-dong-officetel-waste-cleaning-cost/,인천 검단동,폐기물청소,오피스텔,비용
2026-09-03T15:05:30,인천 검단동 오피스텔 폐기물청소 가격,seo-incheon-geomdan-dong-officetel-waste-cleaning-price,https://clever-griffin-93819d.netlify.app/seo-incheon-geomdan-dong-officetel-waste-cleaning-price/,인천 검단동,폐기물청소,오피스텔,가격
2026-09-03T15:05:30,인천 검단동 오피스텔 폐기물청소 견적,seo-incheon-geomdan-dong-officetel-waste-cleaning-estimate,https://clever-griffin-93819d.netlify.app/seo-incheon-geomdan-dong-officetel-waste-cleaning-estimate/,인천 검단동,폐기물청소,오피스텔,견적
2026-09-03T15:05:30,인천 검단동 오피스텔 폐기물청소 예약,seo-incheon-geomdan-dong-officetel-waste-cleaning-booking,https://clever-griffin-93819d.netlify.app/seo-incheon-geomdan-dong-officetel-waste-cleaning-booking/,인천 검단동,폐기물청소,오피스텔,예약
2026-09-03T15:05:30,인천 검단동 오피스텔 폐기물청소 추천,seo-incheon-geomdan-dong-officetel-waste-cleaning-recommend,https://clever-griffin-93819d.netlify.app/seo-incheon-geomdan-dong-officetel-waste-cleaning-recommend/,인천 검단동,폐기물청소,오피스텔,추천
2026-09-03T15:05:30,인천 검단동 오피스텔 폐기물청소 후기,seo-incheon-geomdan-dong-officetel-waste-cleaning-review,https://clever-griffin-93819d.netlify.app/seo-incheon-geomdan-dong-officetel-waste-cleaning-review/,인천 검단동,폐기물청소,오피스텔,후기
2026-09-03T15:05:30,인천 검단동 오피스텔 폐기물청소 잘하는곳,seo-incheon-geomdan-dong-officetel-waste-cleaning-best,https://clever-griffin-93819d.netlify.app/seo-incheon-geomdan-dong-officetel-waste-cleaning-best/,인천 검단동,폐기물청소,오피스텔,잘하는곳
2026-09-03T15:05:30,인천 검단동 오피스텔 폐기물청소 업체,seo-incheon-geomdan-dong-officetel-waste-cleaning-service,https://clever-griffin-93819d.netlify.app/seo-incheon-geomdan-dong-officetel-waste-cleaning-service/,인천 검단동,폐기물청소,오피스텔,업체
2026-09-03T15:05:30,인천 검단동 오피스텔 폐기물청소 당일상담,seo-incheon-geomdan-dong-officetel-waste-cleaning-same-day-consult,https://clever-griffin-93819d.netlify.app/seo-incheon-geomdan-dong-officetel-waste-cleaning-same-day-consult/,인천 검단동,폐기물청소,오피스텔,당일상담
2026-09-03T15:05:30,인천 검단동 오피스텔 폐기물청소 주말예약,seo-incheon-geomdan-dong-officetel-waste-cleaning-weekend-booking,https://clever-griffin-93819d.netlify.app/seo-incheon-geomdan-dong-officetel-waste-cleaning-weekend-booking/,인천 검단동,폐기물청소,오피스텔,주말예약
2026-09-03T15:05:30,인천 검단동 오피스텔 폐기물청소 청소범위,seo-incheon-geomdan-dong-officetel-waste-cleaning-scope,https://clever-griffin-93819d.netlify.app/seo-incheon-geomdan-dong-officetel-waste-cleaning-scope/,인천 검단동,폐기물청소,오피스텔,청소범위
2026-09-03T15:05:30,인천 검단동 상가 폐기물청소 전문업체,seo-incheon-geomdan-dong-store-waste-cleaning-company,https://clever-griffin-93819d.netlify.app/seo-incheon-geomdan-dong-store-waste-cleaning-company/,인천 검단동,폐기물청소,상가,전문업체
2026-09-03T15:05:30,인천 검단동 상가 폐기물청소 비용,seo-incheon-geomdan-dong-store-waste-cleaning-cost,https://clever-griffin-93819d.netlify.app/seo-incheon-geomdan-dong-store-waste-cleaning-cost/,인천 검단동,폐기물청소,상가,비용
2026-09-03T15:05:30,인천 검단동 상가 폐기물청소 가격,seo-incheon-geomdan-dong-store-waste-cleaning-price,https://clever-griffin-93819d.netlify.app/seo-incheon-geomdan-dong-store-waste-cleaning-price/,인천 검단동,폐기물청소,상가,가격
2026-09-03T15:05:30,인천 검단동 상가 폐기물청소 견적,seo-incheon-geomdan-dong-store-waste-cleaning-estimate,https://clever-griffin-93819d.netlify.app/seo-incheon-geomdan-dong-store-waste-cleaning-estimate/,인천 검단동,폐기물청소,상가,견적
2026-09-03T15:05:30,인천 검단동 상가 폐기물청소 예약,seo-incheon-geomdan-dong-store-waste-cleaning-booking,https://clever-griffin-93819d.netlify.app/seo-incheon-geomdan-dong-store-waste-cleaning-booking/,인천 검단동,폐기물청소,상가,예약
2026-09-03T15:05:30,인천 검단동 상가 폐기물청소 추천,seo-incheon-geomdan-dong-store-waste-cleaning-recommend,https://clever-griffin-93819d.netlify.app/seo-incheon-geomdan-dong-store-waste-cleaning-recommend/,인천 검단동,폐기물청소,상가,추천
2026-09-03T15:05:30,인천 검단동 상가 폐기물청소 후기,seo-incheon-geomdan-dong-store-waste-cleaning-review,https://clever-griffin-93819d.netlify.app/seo-incheon-geomdan-dong-store-waste-cleaning-review/,인천 검단동,폐기물청소,상가,후기
2026-09-03T15:05:30,인천 검단동 상가 폐기물청소 잘하는곳,seo-incheon-geomdan-dong-store-waste-cleaning-best,https://clever-griffin-93819d.netlify.app/seo-incheon-geomdan-dong-store-waste-cleaning-best/,인천 검단동,폐기물청소,상가,잘하는곳
2026-09-03T15:05:30,인천 검단동 상가 폐기물청소 업체,seo-incheon-geomdan-dong-store-waste-cleaning-service,https://clever-griffin-93819d.netlify.app/seo-incheon-geomdan-dong-store-waste-cleaning-service/,인천 검단동,폐기물청소,상가,업체
2026-09-03T15:05:30,인천 검단동 상가 폐기물청소 당일상담,seo-incheon-geomdan-dong-store-waste-cleaning-same-day-consult,https://clever-griffin-93819d.netlify.app/seo-incheon-geomdan-dong-store-waste-cleaning-same-day-consult/,인천 검단동,폐기물청소,상가,당일상담
2026-09-03T15:05:30,인천 검단동 상가 폐기물청소 주말예약,seo-incheon-geomdan-dong-store-waste-cleaning-weekend-booking,https://clever-griffin-93819d.netlify.app/seo-incheon-geomdan-dong-store-waste-cleaning-weekend-booking/,인천 검단동,폐기물청소,상가,주말예약
2026-09-03T15:05:30,인천 검단동 상가 폐기물청소 청소범위,seo-incheon-geomdan-dong-store-waste-cleaning-scope,https://clever-griffin-93819d.netlify.app/seo-incheon-geomdan-dong-store-waste-cleaning-scope/,인천 검단동,폐기물청소,상가,청소범위
2026-09-03T15:05:30,인천 검단동 사무실 폐기물청소 전문업체,seo-incheon-geomdan-dong-office-waste-cleaning-company,https://clever-griffin-93819d.netlify.app/seo-incheon-geomdan-dong-office-waste-cleaning-company/,인천 검단동,폐기물청소,사무실,전문업체
2026-09-03T15:05:30,인천 검단동 사무실 폐기물청소 비용,seo-incheon-geomdan-dong-office-waste-cleaning-cost,https://clever-griffin-93819d.netlify.app/seo-incheon-geomdan-dong-office-waste-cleaning-cost/,인천 검단동,폐기물청소,사무실,비용
2026-09-03T15:05:30,인천 검단동 사무실 폐기물청소 가격,seo-incheon-geomdan-dong-office-waste-cleaning-price,https://clever-griffin-93819d.netlify.app/seo-incheon-geomdan-dong-office-waste-cleaning-price/,인천 검단동,폐기물청소,사무실,가격
2026-09-03T15:05:30,인천 검단동 사무실 폐기물청소 견적,seo-incheon-geomdan-dong-office-waste-cleaning-estimate,https://clever-griffin-93819d.netlify.app/seo-incheon-geomdan-dong-office-waste-cleaning-estimate/,인천 검단동,폐기물청소,사무실,견적
2026-09-03T15:05:30,인천 검단동 사무실 폐기물청소 예약,seo-incheon-geomdan-dong-office-waste-cleaning-booking,https://clever-griffin-93819d.netlify.app/seo-incheon-geomdan-dong-office-waste-cleaning-booking/,인천 검단동,폐기물청소,사무실,예약
2026-09-03T15:05:30,인천 검단동 사무실 폐기물청소 추천,seo-incheon-geomdan-dong-office-waste-cleaning-recommend,https://clever-griffin-93819d.netlify.app/seo-incheon-geomdan-dong-office-waste-cleaning-recommend/,인천 검단동,폐기물청소,사무실,추천
2026-09-03T15:05:30,인천 검단동 사무실 폐기물청소 후기,seo-incheon-geomdan-dong-office-waste-cleaning-review,https://clever-griffin-93819d.netlify.app/seo-incheon-geomdan-dong-office-waste-cleaning-review/,인천 검단동,폐기물청소,사무실,후기
2026-09-03T15:05:30,인천 검단동 사무실 폐기물청소 잘하는곳,seo-incheon-geomdan-dong-office-waste-cleaning-best,https://clever-griffin-93819d.netlify.app/seo-incheon-geomdan-dong-office-waste-cleaning-best/,인천 검단동,폐기물청소,사무실,잘하는곳
2026-09-03T15:05:30,인천 검단동 사무실 폐기물청소 업체,seo-incheon-geomdan-dong-office-waste-cleaning-service,https://clever-griffin-93819d.netlify.app/seo-incheon-geomdan-dong-office-waste-cleaning-service/,인천 검단동,폐기물청소,사무실,업체
2026-09-03T15:05:30,인천 검단동 사무실 폐기물청소 당일상담,seo-incheon-geomdan-dong-office-waste-cleaning-same-day-consult,https://clever-griffin-93819d.netlify.app/seo-incheon-geomdan-dong-office-waste-cleaning-same-day-consult/,인천 검단동,폐기물청소,사무실,당일상담
2026-09-03T15:05:30,인천 검단동 사무실 폐기물청소 주말예약,seo-incheon-geomdan-dong-office-waste-cleaning-weekend-booking,https://clever-griffin-93819d.netlify.app/seo-incheon-geomdan-dong-office-waste-cleaning-weekend-booking/,인천 검단동,폐기물청소,사무실,주말예약
2026-09-03T15:05:30,인천 검단동 사무실 폐기물청소 청소범위,seo-incheon-geomdan-dong-office-waste-cleaning-scope,https://clever-griffin-93819d.netlify.app/seo-incheon-geomdan-dong-office-waste-cleaning-scope/,인천 검단동,폐기물청소,사무실,청소범위
2026-09-03T15:05:30,인천 주안동 아파트 입주청소 전문업체,seo-incheon-juan-dong-apartment-move-in-cleaning-company,https://clever-griffin-93819d.netlify.app/seo-incheon-juan-dong-apartment-move-in-cleaning-company/,인천 주안동,입주청소,아파트,전문업체
2026-09-03T15:05:30,인천 주안동 아파트 입주청소 비용,seo-incheon-juan-dong-apartment-move-in-cleaning-cost,https://clever-griffin-93819d.netlify.app/seo-incheon-juan-dong-apartment-move-in-cleaning-cost/,인천 주안동,입주청소,아파트,비용
2026-09-03T15:05:30,인천 주안동 아파트 입주청소 가격,seo-incheon-juan-dong-apartment-move-in-cleaning-price,https://clever-griffin-93819d.netlify.app/seo-incheon-juan-dong-apartment-move-in-cleaning-price/,인천 주안동,입주청소,아파트,가격
2026-09-03T15:05:30,인천 주안동 아파트 입주청소 견적,seo-incheon-juan-dong-apartment-move-in-cleaning-estimate,https://clever-griffin-93819d.netlify.app/seo-incheon-juan-dong-apartment-move-in-cleaning-estimate/,인천 주안동,입주청소,아파트,견적
2026-09-03T15:05:30,인천 주안동 아파트 입주청소 예약,seo-incheon-juan-dong-apartment-move-in-cleaning-booking,https://clever-griffin-93819d.netlify.app/seo-incheon-juan-dong-apartment-move-in-cleaning-booking/,인천 주안동,입주청소,아파트,예약
2026-09-03T15:05:30,인천 주안동 아파트 입주청소 추천,seo-incheon-juan-dong-apartment-move-in-cleaning-recommend,https://clever-griffin-93819d.netlify.app/seo-incheon-juan-dong-apartment-move-in-cleaning-recommend/,인천 주안동,입주청소,아파트,추천
2026-09-03T15:05:30,인천 주안동 아파트 입주청소 후기,seo-incheon-juan-dong-apartment-move-in-cleaning-review,https://clever-griffin-93819d.netlify.app/seo-incheon-juan-dong-apartment-move-in-cleaning-review/,인천 주안동,입주청소,아파트,후기
2026-09-03T15:05:30,인천 주안동 아파트 입주청소 잘하는곳,seo-incheon-juan-dong-apartment-move-in-cleaning-best,https://clever-griffin-93819d.netlify.app/seo-incheon-juan-dong-apartment-move-in-cleaning-best/,인천 주안동,입주청소,아파트,잘하는곳
2026-09-03T15:05:30,인천 주안동 아파트 입주청소 업체,seo-incheon-juan-dong-apartment-move-in-cleaning-service,https://clever-griffin-93819d.netlify.app/seo-incheon-juan-dong-apartment-move-in-cleaning-service/,인천 주안동,입주청소,아파트,업체
2026-09-03T15:05:30,인천 주안동 아파트 입주청소 당일상담,seo-incheon-juan-dong-apartment-move-in-cleaning-same-day-consult,https://clever-griffin-93819d.netlify.app/seo-incheon-juan-dong-apartment-move-in-cleaning-same-day-consult/,인천 주안동,입주청소,아파트,당일상담
2026-09-03T15:05:30,인천 주안동 아파트 입주청소 주말예약,seo-incheon-juan-dong-apartment-move-in-cleaning-weekend-booking,https://clever-griffin-93819d.netlify.app/seo-incheon-juan-dong-apartment-move-in-cleaning-weekend-booking/,인천 주안동,입주청소,아파트,주말예약
2026-09-03T15:05:30,인천 주안동 아파트 입주청소 청소범위,seo-incheon-juan-dong-apartment-move-in-cleaning-scope,https://clever-griffin-93819d.netlify.app/seo-incheon-juan-dong-apartment-move-in-cleaning-scope/,인천 주안동,입주청소,아파트,청소범위
2026-09-03T15:05:30,인천 주안동 원룸 입주청소 전문업체,seo-incheon-juan-dong-one-room-move-in-cleaning-company,https://clever-griffin-93819d.netlify.app/seo-incheon-juan-dong-one-room-move-in-cleaning-company/,인천 주안동,입주청소,원룸,전문업체
2026-09-03T15:05:30,인천 주안동 원룸 입주청소 비용,seo-incheon-juan-dong-one-room-move-in-cleaning-cost,https://clever-griffin-93819d.netlify.app/seo-incheon-juan-dong-one-room-move-in-cleaning-cost/,인천 주안동,입주청소,원룸,비용
2026-09-03T15:05:30,인천 주안동 원룸 입주청소 가격,seo-incheon-juan-dong-one-room-move-in-cleaning-price,https://clever-griffin-93819d.netlify.app/seo-incheon-juan-dong-one-room-move-in-cleaning-price/,인천 주안동,입주청소,원룸,가격
2026-09-03T15:05:30,인천 주안동 원룸 입주청소 견적,seo-incheon-juan-dong-one-room-move-in-cleaning-estimate,https://clever-griffin-93819d.netlify.app/seo-incheon-juan-dong-one-room-move-in-cleaning-estimate/,인천 주안동,입주청소,원룸,견적
2026-09-03T15:05:30,인천 주안동 원룸 입주청소 예약,seo-incheon-juan-dong-one-room-move-in-cleaning-booking,https://clever-griffin-93819d.netlify.app/seo-incheon-juan-dong-one-room-move-in-cleaning-booking/,인천 주안동,입주청소,원룸,예약
2026-09-03T15:05:30,인천 주안동 원룸 입주청소 추천,seo-incheon-juan-dong-one-room-move-in-cleaning-recommend,https://clever-griffin-93819d.netlify.app/seo-incheon-juan-dong-one-room-move-in-cleaning-recommend/,인천 주안동,입주청소,원룸,추천
2026-09-03T15:05:30,인천 주안동 원룸 입주청소 후기,seo-incheon-juan-dong-one-room-move-in-cleaning-review,https://clever-griffin-93819d.netlify.app/seo-incheon-juan-dong-one-room-move-in-cleaning-review/,인천 주안동,입주청소,원룸,후기
2026-09-03T15:05:30,인천 주안동 원룸 입주청소 잘하는곳,seo-incheon-juan-dong-one-room-move-in-cleaning-best,https://clever-griffin-93819d.netlify.app/seo-incheon-juan-dong-one-room-move-in-cleaning-best/,인천 주안동,입주청소,원룸,잘하는곳
2026-09-03T15:05:30,인천 주안동 원룸 입주청소 업체,seo-incheon-juan-dong-one-room-move-in-cleaning-service,https://clever-griffin-93819d.netlify.app/seo-incheon-juan-dong-one-room-move-in-cleaning-service/,인천 주안동,입주청소,원룸,업체
2026-09-03T15:05:30,인천 주안동 원룸 입주청소 당일상담,seo-incheon-juan-dong-one-room-move-in-cleaning-same-day-consult,https://clever-griffin-93819d.netlify.app/seo-incheon-juan-dong-one-room-move-in-cleaning-same-day-consult/,인천 주안동,입주청소,원룸,당일상담
2026-09-03T15:05:30,인천 주안동 원룸 입주청소 주말예약,seo-incheon-juan-dong-one-room-move-in-cleaning-weekend-booking,https://clever-griffin-93819d.netlify.app/seo-incheon-juan-dong-one-room-move-in-cleaning-weekend-booking/,인천 주안동,입주청소,원룸,주말예약
2026-09-03T15:05:30,인천 주안동 원룸 입주청소 청소범위,seo-incheon-juan-dong-one-room-move-in-cleaning-scope,https://clever-griffin-93819d.netlify.app/seo-incheon-juan-dong-one-room-move-in-cleaning-scope/,인천 주안동,입주청소,원룸,청소범위
2026-09-03T15:05:30,인천 주안동 빌라 입주청소 전문업체,seo-incheon-juan-dong-villa-move-in-cleaning-company,https://clever-griffin-93819d.netlify.app/seo-incheon-juan-dong-villa-move-in-cleaning-company/,인천 주안동,입주청소,빌라,전문업체
2026-09-03T15:05:30,인천 주안동 빌라 입주청소 비용,seo-incheon-juan-dong-villa-move-in-cleaning-cost,https://clever-griffin-93819d.netlify.app/seo-incheon-juan-dong-villa-move-in-cleaning-cost/,인천 주안동,입주청소,빌라,비용
2026-09-03T15:05:30,인천 주안동 빌라 입주청소 가격,seo-incheon-juan-dong-villa-move-in-cleaning-price,https://clever-griffin-93819d.netlify.app/seo-incheon-juan-dong-villa-move-in-cleaning-price/,인천 주안동,입주청소,빌라,가격
2026-09-03T15:05:30,인천 주안동 빌라 입주청소 견적,seo-incheon-juan-dong-villa-move-in-cleaning-estimate,https://clever-griffin-93819d.netlify.app/seo-incheon-juan-dong-villa-move-in-cleaning-estimate/,인천 주안동,입주청소,빌라,견적
2026-09-03T15:05:30,인천 주안동 빌라 입주청소 예약,seo-incheon-juan-dong-villa-move-in-cleaning-booking,https://clever-griffin-93819d.netlify.app/seo-incheon-juan-dong-villa-move-in-cleaning-booking/,인천 주안동,입주청소,빌라,예약
2026-09-03T15:05:30,인천 주안동 빌라 입주청소 추천,seo-incheon-juan-dong-villa-move-in-cleaning-recommend,https://clever-griffin-93819d.netlify.app/seo-incheon-juan-dong-villa-move-in-cleaning-recommend/,인천 주안동,입주청소,빌라,추천
2026-09-03T15:05:30,인천 주안동 빌라 입주청소 후기,seo-incheon-juan-dong-villa-move-in-cleaning-review,https://clever-griffin-93819d.netlify.app/seo-incheon-juan-dong-villa-move-in-cleaning-review/,인천 주안동,입주청소,빌라,후기
2026-09-03T15:05:30,인천 주안동 빌라 입주청소 잘하는곳,seo-incheon-juan-dong-villa-move-in-cleaning-best,https://clever-griffin-93819d.netlify.app/seo-incheon-juan-dong-villa-move-in-cleaning-best/,인천 주안동,입주청소,빌라,잘하는곳
2026-09-03T15:05:30,인천 주안동 빌라 입주청소 업체,seo-incheon-juan-dong-villa-move-in-cleaning-service,https://clever-griffin-93819d.netlify.app/seo-incheon-juan-dong-villa-move-in-cleaning-service/,인천 주안동,입주청소,빌라,업체
2026-09-03T15:05:30,인천 주안동 빌라 입주청소 당일상담,seo-incheon-juan-dong-villa-move-in-cleaning-same-day-consult,https://clever-griffin-93819d.netlify.app/seo-incheon-juan-dong-villa-move-in-cleaning-same-day-consult/,인천 주안동,입주청소,빌라,당일상담
2026-09-03T15:05:30,인천 주안동 빌라 입주청소 주말예약,seo-incheon-juan-dong-villa-move-in-cleaning-weekend-booking,https://clever-griffin-93819d.netlify.app/seo-incheon-juan-dong-villa-move-in-cleaning-weekend-booking/,인천 주안동,입주청소,빌라,주말예약
2026-09-03T15:05:30,인천 주안동 빌라 입주청소 청소범위,seo-incheon-juan-dong-villa-move-in-cleaning-scope,https://clever-griffin-93819d.netlify.app/seo-incheon-juan-dong-villa-move-in-cleaning-scope/,인천 주안동,입주청소,빌라,청소범위
2026-09-03T15:05:30,인천 주안동 오피스텔 입주청소 전문업체,seo-incheon-juan-dong-officetel-move-in-cleaning-company,https://clever-griffin-93819d.netlify.app/seo-incheon-juan-dong-officetel-move-in-cleaning-company/,인천 주안동,입주청소,오피스텔,전문업체
2026-09-03T15:05:30,인천 주안동 오피스텔 입주청소 비용,seo-incheon-juan-dong-officetel-move-in-cleaning-cost,https://clever-griffin-93819d.netlify.app/seo-incheon-juan-dong-officetel-move-in-cleaning-cost/,인천 주안동,입주청소,오피스텔,비용
2026-09-03T15:05:30,인천 주안동 오피스텔 입주청소 가격,seo-incheon-juan-dong-officetel-move-in-cleaning-price,https://clever-griffin-93819d.netlify.app/seo-incheon-juan-dong-officetel-move-in-cleaning-price/,인천 주안동,입주청소,오피스텔,가격
2026-09-03T15:05:30,인천 주안동 오피스텔 입주청소 견적,seo-incheon-juan-dong-officetel-move-in-cleaning-estimate,https://clever-griffin-93819d.netlify.app/seo-incheon-juan-dong-officetel-move-in-cleaning-estimate/,인천 주안동,입주청소,오피스텔,견적
2026-09-03T15:05:30,인천 주안동 오피스텔 입주청소 예약,seo-incheon-juan-dong-officetel-move-in-cleaning-booking,https://clever-griffin-93819d.netlify.app/seo-incheon-juan-dong-officetel-move-in-cleaning-booking/,인천 주안동,입주청소,오피스텔,예약
2026-09-03T15:05:30,인천 주안동 오피스텔 입주청소 추천,seo-incheon-juan-dong-officetel-move-in-cleaning-recommend,https://clever-griffin-93819d.netlify.app/seo-incheon-juan-dong-officetel-move-in-cleaning-recommend/,인천 주안동,입주청소,오피스텔,추천
2026-09-03T15:05:30,인천 주안동 오피스텔 입주청소 후기,seo-incheon-juan-dong-officetel-move-in-cleaning-review,https://clever-griffin-93819d.netlify.app/seo-incheon-juan-dong-officetel-move-in-cleaning-review/,인천 주안동,입주청소,오피스텔,후기
2026-09-03T15:05:30,인천 주안동 오피스텔 입주청소 잘하는곳,seo-incheon-juan-dong-officetel-move-in-cleaning-best,https://clever-griffin-93819d.netlify.app/seo-incheon-juan-dong-officetel-move-in-cleaning-best/,인천 주안동,입주청소,오피스텔,잘하는곳
2026-09-03T15:05:30,인천 주안동 오피스텔 입주청소 업체,seo-incheon-juan-dong-officetel-move-in-cleaning-service,https://clever-griffin-93819d.netlify.app/seo-incheon-juan-dong-officetel-move-in-cleaning-service/,인천 주안동,입주청소,오피스텔,업체
2026-09-03T15:05:30,인천 주안동 오피스텔 입주청소 당일상담,seo-incheon-juan-dong-officetel-move-in-cleaning-same-day-consult,https://clever-griffin-93819d.netlify.app/seo-incheon-juan-dong-officetel-move-in-cleaning-same-day-consult/,인천 주안동,입주청소,오피스텔,당일상담
2026-09-03T15:05:30,인천 주안동 오피스텔 입주청소 주말예약,seo-incheon-juan-dong-officetel-move-in-cleaning-weekend-booking,https://clever-griffin-93819d.netlify.app/seo-incheon-juan-dong-officetel-move-in-cleaning-weekend-booking/,인천 주안동,입주청소,오피스텔,주말예약
2026-09-03T15:05:30,인천 주안동 오피스텔 입주청소 청소범위,seo-incheon-juan-dong-officetel-move-in-cleaning-scope,https://clever-griffin-93819d.netlify.app/seo-incheon-juan-dong-officetel-move-in-cleaning-scope/,인천 주안동,입주청소,오피스텔,청소범위
2026-09-03T15:05:30,인천 주안동 상가 입주청소 전문업체,seo-incheon-juan-dong-store-move-in-cleaning-company,https://clever-griffin-93819d.netlify.app/seo-incheon-juan-dong-store-move-in-cleaning-company/,인천 주안동,입주청소,상가,전문업체
2026-09-03T15:05:30,인천 주안동 상가 입주청소 비용,seo-incheon-juan-dong-store-move-in-cleaning-cost,https://clever-griffin-93819d.netlify.app/seo-incheon-juan-dong-store-move-in-cleaning-cost/,인천 주안동,입주청소,상가,비용
2026-09-03T15:05:30,인천 주안동 상가 입주청소 가격,seo-incheon-juan-dong-store-move-in-cleaning-price,https://clever-griffin-93819d.netlify.app/seo-incheon-juan-dong-store-move-in-cleaning-price/,인천 주안동,입주청소,상가,가격
2026-09-03T15:05:30,인천 주안동 상가 입주청소 견적,seo-incheon-juan-dong-store-move-in-cleaning-estimate,https://clever-griffin-93819d.netlify.app/seo-incheon-juan-dong-store-move-in-cleaning-estimate/,인천 주안동,입주청소,상가,견적
2026-09-03T15:05:30,인천 주안동 상가 입주청소 예약,seo-incheon-juan-dong-store-move-in-cleaning-booking,https://clever-griffin-93819d.netlify.app/seo-incheon-juan-dong-store-move-in-cleaning-booking/,인천 주안동,입주청소,상가,예약
2026-09-03T15:05:30,인천 주안동 상가 입주청소 추천,seo-incheon-juan-dong-store-move-in-cleaning-recommend,https://clever-griffin-93819d.netlify.app/seo-incheon-juan-dong-store-move-in-cleaning-recommend/,인천 주안동,입주청소,상가,추천
2026-09-03T15:05:30,인천 주안동 상가 입주청소 후기,seo-incheon-juan-dong-store-move-in-cleaning-review,https://clever-griffin-93819d.netlify.app/seo-incheon-juan-dong-store-move-in-cleaning-review/,인천 주안동,입주청소,상가,후기
2026-09-03T15:05:30,인천 주안동 상가 입주청소 잘하는곳,seo-incheon-juan-dong-store-move-in-cleaning-best,https://clever-griffin-93819d.netlify.app/seo-incheon-juan-dong-store-move-in-cleaning-best/,인천 주안동,입주청소,상가,잘하는곳
2026-09-03T15:05:30,인천 주안동 상가 입주청소 업체,seo-incheon-juan-dong-store-move-in-cleaning-service,https://clever-griffin-93819d.netlify.app/seo-incheon-juan-dong-store-move-in-cleaning-service/,인천 주안동,입주청소,상가,업체
2026-09-03T15:05:30,인천 주안동 상가 입주청소 당일상담,seo-incheon-juan-dong-store-move-in-cleaning-same-day-consult,https://clever-griffin-93819d.netlify.app/seo-incheon-juan-dong-store-move-in-cleaning-same-day-consult/,인천 주안동,입주청소,상가,당일상담
2026-09-03T15:05:30,인천 주안동 상가 입주청소 주말예약,seo-incheon-juan-dong-store-move-in-cleaning-weekend-booking,https://clever-griffin-93819d.netlify.app/seo-incheon-juan-dong-store-move-in-cleaning-weekend-booking/,인천 주안동,입주청소,상가,주말예약
2026-09-03T15:05:30,인천 주안동 상가 입주청소 청소범위,seo-incheon-juan-dong-store-move-in-cleaning-scope,https://clever-griffin-93819d.netlify.app/seo-incheon-juan-dong-store-move-in-cleaning-scope/,인천 주안동,입주청소,상가,청소범위
2026-09-03T15:05:30,인천 주안동 사무실 입주청소 전문업체,seo-incheon-juan-dong-office-move-in-cleaning-company,https://clever-griffin-93819d.netlify.app/seo-incheon-juan-dong-office-move-in-cleaning-company/,인천 주안동,입주청소,사무실,전문업체
2026-09-03T15:05:30,인천 주안동 사무실 입주청소 비용,seo-incheon-juan-dong-office-move-in-cleaning-cost,https://clever-griffin-93819d.netlify.app/seo-incheon-juan-dong-office-move-in-cleaning-cost/,인천 주안동,입주청소,사무실,비용
2026-09-03T15:05:30,인천 주안동 사무실 입주청소 가격,seo-incheon-juan-dong-office-move-in-cleaning-price,https://clever-griffin-93819d.netlify.app/seo-incheon-juan-dong-office-move-in-cleaning-price/,인천 주안동,입주청소,사무실,가격
2026-09-03T15:05:30,인천 주안동 사무실 입주청소 견적,seo-incheon-juan-dong-office-move-in-cleaning-estimate,https://clever-griffin-93819d.netlify.app/seo-incheon-juan-dong-office-move-in-cleaning-estimate/,인천 주안동,입주청소,사무실,견적
2026-09-03T15:05:30,인천 주안동 사무실 입주청소 예약,seo-incheon-juan-dong-office-move-in-cleaning-booking,https://clever-griffin-93819d.netlify.app/seo-incheon-juan-dong-office-move-in-cleaning-booking/,인천 주안동,입주청소,사무실,예약
2026-09-03T15:05:30,인천 주안동 사무실 입주청소 추천,seo-incheon-juan-dong-office-move-in-cleaning-recommend,https://clever-griffin-93819d.netlify.app/seo-incheon-juan-dong-office-move-in-cleaning-recommend/,인천 주안동,입주청소,사무실,추천
2026-09-03T15:05:30,인천 주안동 사무실 입주청소 후기,seo-incheon-juan-dong-office-move-in-cleaning-review,https://clever-griffin-93819d.netlify.app/seo-incheon-juan-dong-office-move-in-cleaning-review/,인천 주안동,입주청소,사무실,후기
2026-09-03T15:05:30,인천 주안동 사무실 입주청소 잘하는곳,seo-incheon-juan-dong-office-move-in-cleaning-best,https://clever-griffin-93819d.netlify.app/seo-incheon-juan-dong-office-move-in-cleaning-best/,인천 주안동,입주청소,사무실,잘하는곳
2026-09-03T15:05:30,인천 주안동 사무실 입주청소 업체,seo-incheon-juan-dong-office-move-in-cleaning-service,https://clever-griffin-93819d.netlify.app/seo-incheon-juan-dong-office-move-in-cleaning-service/,인천 주안동,입주청소,사무실,업체
2026-09-03T15:05:30,인천 주안동 사무실 입주청소 당일상담,seo-incheon-juan-dong-office-move-in-cleaning-same-day-consult,https://clever-griffin-93819d.netlify.app/seo-incheon-juan-dong-office-move-in-cleaning-same-day-consult/,인천 주안동,입주청소,사무실,당일상담
2026-09-03T15:05:30,인천 주안동 사무실 입주청소 주말예약,seo-incheon-juan-dong-office-move-in-cleaning-weekend-booking,https://clever-griffin-93819d.netlify.app/seo-incheon-juan-dong-office-move-in-cleaning-weekend-booking/,인천 주안동,입주청소,사무실,주말예약
2026-09-03T15:05:30,인천 주안동 사무실 입주청소 청소범위,seo-incheon-juan-dong-office-move-in-cleaning-scope,https://clever-griffin-93819d.netlify.app/seo-incheon-juan-dong-office-move-in-cleaning-scope/,인천 주안동,입주청소,사무실,청소범위
2026-09-03T15:05:30,인천 주안동 아파트 이사청소 전문업체,seo-incheon-juan-dong-apartment-moving-cleaning-company,https://clever-griffin-93819d.netlify.app/seo-incheon-juan-dong-apartment-moving-cleaning-company/,인천 주안동,이사청소,아파트,전문업체
2026-09-03T15:05:30,인천 주안동 아파트 이사청소 비용,seo-incheon-juan-dong-apartment-moving-cleaning-cost,https://clever-griffin-93819d.netlify.app/seo-incheon-juan-dong-apartment-moving-cleaning-cost/,인천 주안동,이사청소,아파트,비용
2026-09-03T15:05:30,인천 주안동 아파트 이사청소 가격,seo-incheon-juan-dong-apartment-moving-cleaning-price,https://clever-griffin-93819d.netlify.app/seo-incheon-juan-dong-apartment-moving-cleaning-price/,인천 주안동,이사청소,아파트,가격
2026-09-03T15:05:30,인천 주안동 아파트 이사청소 견적,seo-incheon-juan-dong-apartment-moving-cleaning-estimate,https://clever-griffin-93819d.netlify.app/seo-incheon-juan-dong-apartment-moving-cleaning-estimate/,인천 주안동,이사청소,아파트,견적
2026-09-03T15:05:30,인천 주안동 아파트 이사청소 예약,seo-incheon-juan-dong-apartment-moving-cleaning-booking,https://clever-griffin-93819d.netlify.app/seo-incheon-juan-dong-apartment-moving-cleaning-booking/,인천 주안동,이사청소,아파트,예약
2026-09-03T15:05:30,인천 주안동 아파트 이사청소 추천,seo-incheon-juan-dong-apartment-moving-cleaning-recommend,https://clever-griffin-93819d.netlify.app/seo-incheon-juan-dong-apartment-moving-cleaning-recommend/,인천 주안동,이사청소,아파트,추천
2026-09-03T15:05:30,인천 주안동 아파트 이사청소 후기,seo-incheon-juan-dong-apartment-moving-cleaning-review,https://clever-griffin-93819d.netlify.app/seo-incheon-juan-dong-apartment-moving-cleaning-review/,인천 주안동,이사청소,아파트,후기
2026-09-03T15:05:30,인천 주안동 아파트 이사청소 잘하는곳,seo-incheon-juan-dong-apartment-moving-cleaning-best,https://clever-griffin-93819d.netlify.app/seo-incheon-juan-dong-apartment-moving-cleaning-best/,인천 주안동,이사청소,아파트,잘하는곳
2026-09-03T15:05:30,인천 주안동 아파트 이사청소 업체,seo-incheon-juan-dong-apartment-moving-cleaning-service,https://clever-griffin-93819d.netlify.app/seo-incheon-juan-dong-apartment-moving-cleaning-service/,인천 주안동,이사청소,아파트,업체
2026-09-03T15:05:30,인천 주안동 아파트 이사청소 당일상담,seo-incheon-juan-dong-apartment-moving-cleaning-same-day-consult,https://clever-griffin-93819d.netlify.app/seo-incheon-juan-dong-apartment-moving-cleaning-same-day-consult/,인천 주안동,이사청소,아파트,당일상담
2026-09-03T15:05:30,인천 주안동 아파트 이사청소 주말예약,seo-incheon-juan-dong-apartment-moving-cleaning-weekend-booking,https://clever-griffin-93819d.netlify.app/seo-incheon-juan-dong-apartment-moving-cleaning-weekend-booking/,인천 주안동,이사청소,아파트,주말예약
2026-09-03T15:05:30,인천 주안동 아파트 이사청소 청소범위,seo-incheon-juan-dong-apartment-moving-cleaning-scope,https://clever-griffin-93819d.netlify.app/seo-incheon-juan-dong-apartment-moving-cleaning-scope/,인천 주안동,이사청소,아파트,청소범위
2026-09-03T15:05:30,인천 주안동 원룸 이사청소 전문업체,seo-incheon-juan-dong-one-room-moving-cleaning-company,https://clever-griffin-93819d.netlify.app/seo-incheon-juan-dong-one-room-moving-cleaning-company/,인천 주안동,이사청소,원룸,전문업체
2026-09-03T15:05:30,인천 주안동 원룸 이사청소 비용,seo-incheon-juan-dong-one-room-moving-cleaning-cost,https://clever-griffin-93819d.netlify.app/seo-incheon-juan-dong-one-room-moving-cleaning-cost/,인천 주안동,이사청소,원룸,비용
2026-09-03T15:05:30,인천 주안동 원룸 이사청소 가격,seo-incheon-juan-dong-one-room-moving-cleaning-price,https://clever-griffin-93819d.netlify.app/seo-incheon-juan-dong-one-room-moving-cleaning-price/,인천 주안동,이사청소,원룸,가격
2026-09-03T15:05:30,인천 주안동 원룸 이사청소 견적,seo-incheon-juan-dong-one-room-moving-cleaning-estimate,https://clever-griffin-93819d.netlify.app/seo-incheon-juan-dong-one-room-moving-cleaning-estimate/,인천 주안동,이사청소,원룸,견적
2026-09-03T15:05:30,인천 주안동 원룸 이사청소 예약,seo-incheon-juan-dong-one-room-moving-cleaning-booking,https://clever-griffin-93819d.netlify.app/seo-incheon-juan-dong-one-room-moving-cleaning-booking/,인천 주안동,이사청소,원룸,예약
2026-09-03T15:05:30,인천 주안동 원룸 이사청소 추천,seo-incheon-juan-dong-one-room-moving-cleaning-recommend,https://clever-griffin-93819d.netlify.app/seo-incheon-juan-dong-one-room-moving-cleaning-recommend/,인천 주안동,이사청소,원룸,추천
2026-09-03T15:05:30,인천 주안동 원룸 이사청소 후기,seo-incheon-juan-dong-one-room-moving-cleaning-review,https://clever-griffin-93819d.netlify.app/seo-incheon-juan-dong-one-room-moving-cleaning-review/,인천 주안동,이사청소,원룸,후기
2026-09-03T15:05:30,인천 주안동 원룸 이사청소 잘하는곳,seo-incheon-juan-dong-one-room-moving-cleaning-best,https://clever-griffin-93819d.netlify.app/seo-incheon-juan-dong-one-room-moving-cleaning-best/,인천 주안동,이사청소,원룸,잘하는곳
2026-09-03T15:05:30,인천 주안동 원룸 이사청소 업체,seo-incheon-juan-dong-one-room-moving-cleaning-service,https://clever-griffin-93819d.netlify.app/seo-incheon-juan-dong-one-room-moving-cleaning-service/,인천 주안동,이사청소,원룸,업체
2026-09-03T15:05:30,인천 주안동 원룸 이사청소 당일상담,seo-incheon-juan-dong-one-room-moving-cleaning-same-day-consult,https://clever-griffin-93819d.netlify.app/seo-incheon-juan-dong-one-room-moving-cleaning-same-day-consult/,인천 주안동,이사청소,원룸,당일상담
2026-09-03T15:05:30,인천 주안동 원룸 이사청소 주말예약,seo-incheon-juan-dong-one-room-moving-cleaning-weekend-booking,https://clever-griffin-93819d.netlify.app/seo-incheon-juan-dong-one-room-moving-cleaning-weekend-booking/,인천 주안동,이사청소,원룸,주말예약
2026-09-03T15:05:30,인천 주안동 원룸 이사청소 청소범위,seo-incheon-juan-dong-one-room-moving-cleaning-scope,https://clever-griffin-93819d.netlify.app/seo-incheon-juan-dong-one-room-moving-cleaning-scope/,인천 주안동,이사청소,원룸,청소범위
2026-09-03T15:05:30,인천 주안동 빌라 이사청소 전문업체,seo-incheon-juan-dong-villa-moving-cleaning-company,https://clever-griffin-93819d.netlify.app/seo-incheon-juan-dong-villa-moving-cleaning-company/,인천 주안동,이사청소,빌라,전문업체
2026-09-03T15:05:30,인천 주안동 빌라 이사청소 비용,seo-incheon-juan-dong-villa-moving-cleaning-cost,https://clever-griffin-93819d.netlify.app/seo-incheon-juan-dong-villa-moving-cleaning-cost/,인천 주안동,이사청소,빌라,비용
2026-09-03T15:05:30,인천 주안동 빌라 이사청소 가격,seo-incheon-juan-dong-villa-moving-cleaning-price,https://clever-griffin-93819d.netlify.app/seo-incheon-juan-dong-villa-moving-cleaning-price/,인천 주안동,이사청소,빌라,가격
2026-09-03T15:05:30,인천 주안동 빌라 이사청소 견적,seo-incheon-juan-dong-villa-moving-cleaning-estimate,https://clever-griffin-93819d.netlify.app/seo-incheon-juan-dong-villa-moving-cleaning-estimate/,인천 주안동,이사청소,빌라,견적
2026-09-03T15:05:30,인천 주안동 빌라 이사청소 예약,seo-incheon-juan-dong-villa-moving-cleaning-booking,https://clever-griffin-93819d.netlify.app/seo-incheon-juan-dong-villa-moving-cleaning-booking/,인천 주안동,이사청소,빌라,예약
2026-09-03T15:05:30,인천 주안동 빌라 이사청소 추천,seo-incheon-juan-dong-villa-moving-cleaning-recommend,https://clever-griffin-93819d.netlify.app/seo-incheon-juan-dong-villa-moving-cleaning-recommend/,인천 주안동,이사청소,빌라,추천
2026-09-03T15:05:30,인천 주안동 빌라 이사청소 후기,seo-incheon-juan-dong-villa-moving-cleaning-review,https://clever-griffin-93819d.netlify.app/seo-incheon-juan-dong-villa-moving-cleaning-review/,인천 주안동,이사청소,빌라,후기
2026-09-03T15:05:30,인천 주안동 빌라 이사청소 잘하는곳,seo-incheon-juan-dong-villa-moving-cleaning-best,https://clever-griffin-93819d.netlify.app/seo-incheon-juan-dong-villa-moving-cleaning-best/,인천 주안동,이사청소,빌라,잘하는곳
2026-09-03T15:05:30,인천 주안동 빌라 이사청소 업체,seo-incheon-juan-dong-villa-moving-cleaning-service,https://clever-griffin-93819d.netlify.app/seo-incheon-juan-dong-villa-moving-cleaning-service/,인천 주안동,이사청소,빌라,업체
2026-09-03T15:05:30,인천 주안동 빌라 이사청소 당일상담,seo-incheon-juan-dong-villa-moving-cleaning-same-day-consult,https://clever-griffin-93819d.netlify.app/seo-incheon-juan-dong-villa-moving-cleaning-same-day-consult/,인천 주안동,이사청소,빌라,당일상담
2026-09-03T15:05:30,인천 주안동 빌라 이사청소 주말예약,seo-incheon-juan-dong-villa-moving-cleaning-weekend-booking,https://clever-griffin-93819d.netlify.app/seo-incheon-juan-dong-villa-moving-cleaning-weekend-booking/,인천 주안동,이사청소,빌라,주말예약
2026-09-03T15:05:30,인천 주안동 빌라 이사청소 청소범위,seo-incheon-juan-dong-villa-moving-cleaning-scope,https://clever-griffin-93819d.netlify.app/seo-incheon-juan-dong-villa-moving-cleaning-scope/,인천 주안동,이사청소,빌라,청소범위
2026-09-03T15:05:30,인천 주안동 오피스텔 이사청소 전문업체,seo-incheon-juan-dong-officetel-moving-cleaning-company,https://clever-griffin-93819d.netlify.app/seo-incheon-juan-dong-officetel-moving-cleaning-company/,인천 주안동,이사청소,오피스텔,전문업체
2026-09-03T15:05:30,인천 주안동 오피스텔 이사청소 비용,seo-incheon-juan-dong-officetel-moving-cleaning-cost,https://clever-griffin-93819d.netlify.app/seo-incheon-juan-dong-officetel-moving-cleaning-cost/,인천 주안동,이사청소,오피스텔,비용
2026-09-03T15:05:30,인천 주안동 오피스텔 이사청소 가격,seo-incheon-juan-dong-officetel-moving-cleaning-price,https://clever-griffin-93819d.netlify.app/seo-incheon-juan-dong-officetel-moving-cleaning-price/,인천 주안동,이사청소,오피스텔,가격
2026-09-03T15:05:30,인천 주안동 오피스텔 이사청소 견적,seo-incheon-juan-dong-officetel-moving-cleaning-estimate,https://clever-griffin-93819d.netlify.app/seo-incheon-juan-dong-officetel-moving-cleaning-estimate/,인천 주안동,이사청소,오피스텔,견적
2026-09-03T15:05:30,인천 주안동 오피스텔 이사청소 예약,seo-incheon-juan-dong-officetel-moving-cleaning-booking,https://clever-griffin-93819d.netlify.app/seo-incheon-juan-dong-officetel-moving-cleaning-booking/,인천 주안동,이사청소,오피스텔,예약
2026-09-03T15:05:30,인천 주안동 오피스텔 이사청소 추천,seo-incheon-juan-dong-officetel-moving-cleaning-recommend,https://clever-griffin-93819d.netlify.app/seo-incheon-juan-dong-officetel-moving-cleaning-recommend/,인천 주안동,이사청소,오피스텔,추천
2026-09-03T15:05:30,인천 주안동 오피스텔 이사청소 후기,seo-incheon-juan-dong-officetel-moving-cleaning-review,https://clever-griffin-93819d.netlify.app/seo-incheon-juan-dong-officetel-moving-cleaning-review/,인천 주안동,이사청소,오피스텔,후기
2026-09-03T15:05:30,인천 주안동 오피스텔 이사청소 잘하는곳,seo-incheon-juan-dong-officetel-moving-cleaning-best,https://clever-griffin-93819d.netlify.app/seo-incheon-juan-dong-officetel-moving-cleaning-best/,인천 주안동,이사청소,오피스텔,잘하는곳
2026-09-03T15:05:30,인천 주안동 오피스텔 이사청소 업체,seo-incheon-juan-dong-officetel-moving-cleaning-service,https://clever-griffin-93819d.netlify.app/seo-incheon-juan-dong-officetel-moving-cleaning-service/,인천 주안동,이사청소,오피스텔,업체
2026-09-03T15:05:30,인천 주안동 오피스텔 이사청소 당일상담,seo-incheon-juan-dong-officetel-moving-cleaning-same-day-consult,https://clever-griffin-93819d.netlify.app/seo-incheon-juan-dong-officetel-moving-cleaning-same-day-consult/,인천 주안동,이사청소,오피스텔,당일상담
2026-09-03T15:05:30,인천 주안동 오피스텔 이사청소 주말예약,seo-incheon-juan-dong-officetel-moving-cleaning-weekend-booking,https://clever-griffin-93819d.netlify.app/seo-incheon-juan-dong-officetel-moving-cleaning-weekend-booking/,인천 주안동,이사청소,오피스텔,주말예약
2026-09-03T15:05:30,인천 주안동 오피스텔 이사청소 청소범위,seo-incheon-juan-dong-officetel-moving-cleaning-scope,https://clever-griffin-93819d.netlify.app/seo-incheon-juan-dong-officetel-moving-cleaning-scope/,인천 주안동,이사청소,오피스텔,청소범위
2026-09-03T15:05:30,인천 주안동 상가 이사청소 전문업체,seo-incheon-juan-dong-store-moving-cleaning-company,https://clever-griffin-93819d.netlify.app/seo-incheon-juan-dong-store-moving-cleaning-company/,인천 주안동,이사청소,상가,전문업체
2026-09-03T15:05:30,인천 주안동 상가 이사청소 비용,seo-incheon-juan-dong-store-moving-cleaning-cost,https://clever-griffin-93819d.netlify.app/seo-incheon-juan-dong-store-moving-cleaning-cost/,인천 주안동,이사청소,상가,비용
2026-09-03T15:05:30,인천 주안동 상가 이사청소 가격,seo-incheon-juan-dong-store-moving-cleaning-price,https://clever-griffin-93819d.netlify.app/seo-incheon-juan-dong-store-moving-cleaning-price/,인천 주안동,이사청소,상가,가격
2026-09-03T15:05:30,인천 주안동 상가 이사청소 견적,seo-incheon-juan-dong-store-moving-cleaning-estimate,https://clever-griffin-93819d.netlify.app/seo-incheon-juan-dong-store-moving-cleaning-estimate/,인천 주안동,이사청소,상가,견적
2026-09-03T15:05:30,인천 주안동 상가 이사청소 예약,seo-incheon-juan-dong-store-moving-cleaning-booking,https://clever-griffin-93819d.netlify.app/seo-incheon-juan-dong-store-moving-cleaning-booking/,인천 주안동,이사청소,상가,예약
2026-09-03T15:05:30,인천 주안동 상가 이사청소 추천,seo-incheon-juan-dong-store-moving-cleaning-recommend,https://clever-griffin-93819d.netlify.app/seo-incheon-juan-dong-store-moving-cleaning-recommend/,인천 주안동,이사청소,상가,추천
2026-09-03T15:05:30,인천 주안동 상가 이사청소 후기,seo-incheon-juan-dong-store-moving-cleaning-review,https://clever-griffin-93819d.netlify.app/seo-incheon-juan-dong-store-moving-cleaning-review/,인천 주안동,이사청소,상가,후기
2026-09-03T15:05:30,인천 주안동 상가 이사청소 잘하는곳,seo-incheon-juan-dong-store-moving-cleaning-best,https://clever-griffin-93819d.netlify.app/seo-incheon-juan-dong-store-moving-cleaning-best/,인천 주안동,이사청소,상가,잘하는곳
2026-09-03T15:05:30,인천 주안동 상가 이사청소 업체,seo-incheon-juan-dong-store-moving-cleaning-service,https://clever-griffin-93819d.netlify.app/seo-incheon-juan-dong-store-moving-cleaning-service/,인천 주안동,이사청소,상가,업체
2026-09-03T15:05:30,인천 주안동 상가 이사청소 당일상담,seo-incheon-juan-dong-store-moving-cleaning-same-day-consult,https://clever-griffin-93819d.netlify.app/seo-incheon-juan-dong-store-moving-cleaning-same-day-consult/,인천 주안동,이사청소,상가,당일상담
2026-09-03T15:05:30,인천 주안동 상가 이사청소 주말예약,seo-incheon-juan-dong-store-moving-cleaning-weekend-booking,https://clever-griffin-93819d.netlify.app/seo-incheon-juan-dong-store-moving-cleaning-weekend-booking/,인천 주안동,이사청소,상가,주말예약
2026-09-03T15:05:30,인천 주안동 상가 이사청소 청소범위,seo-incheon-juan-dong-store-moving-cleaning-scope,https://clever-griffin-93819d.netlify.app/seo-incheon-juan-dong-store-moving-cleaning-scope/,인천 주안동,이사청소,상가,청소범위
2026-09-03T15:05:30,인천 주안동 사무실 이사청소 전문업체,seo-incheon-juan-dong-office-moving-cleaning-company,https://clever-griffin-93819d.netlify.app/seo-incheon-juan-dong-office-moving-cleaning-company/,인천 주안동,이사청소,사무실,전문업체
2026-09-03T15:05:30,인천 주안동 사무실 이사청소 비용,seo-incheon-juan-dong-office-moving-cleaning-cost,https://clever-griffin-93819d.netlify.app/seo-incheon-juan-dong-office-moving-cleaning-cost/,인천 주안동,이사청소,사무실,비용
2026-09-03T15:05:30,인천 주안동 사무실 이사청소 가격,seo-incheon-juan-dong-office-moving-cleaning-price,https://clever-griffin-93819d.netlify.app/seo-incheon-juan-dong-office-moving-cleaning-price/,인천 주안동,이사청소,사무실,가격
2026-09-03T15:05:30,인천 주안동 사무실 이사청소 견적,seo-incheon-juan-dong-office-moving-cleaning-estimate,https://clever-griffin-93819d.netlify.app/seo-incheon-juan-dong-office-moving-cleaning-estimate/,인천 주안동,이사청소,사무실,견적
2026-09-03T15:05:30,인천 주안동 사무실 이사청소 예약,seo-incheon-juan-dong-office-moving-cleaning-booking,https://clever-griffin-93819d.netlify.app/seo-incheon-juan-dong-office-moving-cleaning-booking/,인천 주안동,이사청소,사무실,예약
2026-09-03T15:05:30,인천 주안동 사무실 이사청소 추천,seo-incheon-juan-dong-office-moving-cleaning-recommend,https://clever-griffin-93819d.netlify.app/seo-incheon-juan-dong-office-moving-cleaning-recommend/,인천 주안동,이사청소,사무실,추천
2026-09-03T15:05:30,인천 주안동 사무실 이사청소 후기,seo-incheon-juan-dong-office-moving-cleaning-review,https://clever-griffin-93819d.netlify.app/seo-incheon-juan-dong-office-moving-cleaning-review/,인천 주안동,이사청소,사무실,후기
2026-09-03T15:05:30,인천 주안동 사무실 이사청소 잘하는곳,seo-incheon-juan-dong-office-moving-cleaning-best,https://clever-griffin-93819d.netlify.app/seo-incheon-juan-dong-office-moving-cleaning-best/,인천 주안동,이사청소,사무실,잘하는곳
2026-09-03T15:05:30,인천 주안동 사무실 이사청소 업체,seo-incheon-juan-dong-office-moving-cleaning-service,https://clever-griffin-93819d.netlify.app/seo-incheon-juan-dong-office-moving-cleaning-service/,인천 주안동,이사청소,사무실,업체
2026-09-03T15:05:30,인천 주안동 사무실 이사청소 당일상담,seo-incheon-juan-dong-office-moving-cleaning-same-day-consult,https://clever-griffin-93819d.netlify.app/seo-incheon-juan-dong-office-moving-cleaning-same-day-consult/,인천 주안동,이사청소,사무실,당일상담
2026-09-03T15:05:30,인천 주안동 사무실 이사청소 주말예약,seo-incheon-juan-dong-office-moving-cleaning-weekend-booking,https://clever-griffin-93819d.netlify.app/seo-incheon-juan-dong-office-moving-cleaning-weekend-booking/,인천 주안동,이사청소,사무실,주말예약
2026-09-03T15:05:30,인천 주안동 사무실 이사청소 청소범위,seo-incheon-juan-dong-office-moving-cleaning-scope,https://clever-griffin-93819d.netlify.app/seo-incheon-juan-dong-office-moving-cleaning-scope/,인천 주안동,이사청소,사무실,청소범위
2026-09-03T15:05:30,인천 주안동 아파트 거주청소 전문업체,seo-incheon-juan-dong-apartment-residential-cleaning-company,https://clever-griffin-93819d.netlify.app/seo-incheon-juan-dong-apartment-residential-cleaning-company/,인천 주안동,거주청소,아파트,전문업체
2026-09-03T15:05:30,인천 주안동 아파트 거주청소 비용,seo-incheon-juan-dong-apartment-residential-cleaning-cost,https://clever-griffin-93819d.netlify.app/seo-incheon-juan-dong-apartment-residential-cleaning-cost/,인천 주안동,거주청소,아파트,비용
2026-09-03T15:05:30,인천 주안동 아파트 거주청소 가격,seo-incheon-juan-dong-apartment-residential-cleaning-price,https://clever-griffin-93819d.netlify.app/seo-incheon-juan-dong-apartment-residential-cleaning-price/,인천 주안동,거주청소,아파트,가격
2026-09-03T15:05:30,인천 주안동 아파트 거주청소 견적,seo-incheon-juan-dong-apartment-residential-cleaning-estimate,https://clever-griffin-93819d.netlify.app/seo-incheon-juan-dong-apartment-residential-cleaning-estimate/,인천 주안동,거주청소,아파트,견적
2026-09-03T15:05:30,인천 주안동 아파트 거주청소 예약,seo-incheon-juan-dong-apartment-residential-cleaning-booking,https://clever-griffin-93819d.netlify.app/seo-incheon-juan-dong-apartment-residential-cleaning-booking/,인천 주안동,거주청소,아파트,예약
2026-09-03T15:05:30,인천 주안동 아파트 거주청소 추천,seo-incheon-juan-dong-apartment-residential-cleaning-recommend,https://clever-griffin-93819d.netlify.app/seo-incheon-juan-dong-apartment-residential-cleaning-recommend/,인천 주안동,거주청소,아파트,추천
2026-09-03T15:05:30,인천 주안동 아파트 거주청소 후기,seo-incheon-juan-dong-apartment-residential-cleaning-review,https://clever-griffin-93819d.netlify.app/seo-incheon-juan-dong-apartment-residential-cleaning-review/,인천 주안동,거주청소,아파트,후기
2026-09-03T15:05:30,인천 주안동 아파트 거주청소 잘하는곳,seo-incheon-juan-dong-apartment-residential-cleaning-best,https://clever-griffin-93819d.netlify.app/seo-incheon-juan-dong-apartment-residential-cleaning-best/,인천 주안동,거주청소,아파트,잘하는곳
2026-09-03T15:05:30,인천 주안동 아파트 거주청소 업체,seo-incheon-juan-dong-apartment-residential-cleaning-service,https://clever-griffin-93819d.netlify.app/seo-incheon-juan-dong-apartment-residential-cleaning-service/,인천 주안동,거주청소,아파트,업체
2026-09-03T15:05:30,인천 주안동 아파트 거주청소 당일상담,seo-incheon-juan-dong-apartment-residential-cleaning-same-day-consult,https://clever-griffin-93819d.netlify.app/seo-incheon-juan-dong-apartment-residential-cleaning-same-day-consult/,인천 주안동,거주청소,아파트,당일상담
2026-09-03T15:05:30,인천 주안동 아파트 거주청소 주말예약,seo-incheon-juan-dong-apartment-residential-cleaning-weekend-booking,https://clever-griffin-93819d.netlify.app/seo-incheon-juan-dong-apartment-residential-cleaning-weekend-booking/,인천 주안동,거주청소,아파트,주말예약
2026-09-03T15:05:30,인천 주안동 아파트 거주청소 청소범위,seo-incheon-juan-dong-apartment-residential-cleaning-scope,https://clever-griffin-93819d.netlify.app/seo-incheon-juan-dong-apartment-residential-cleaning-scope/,인천 주안동,거주청소,아파트,청소범위
2026-09-03T15:05:30,인천 주안동 원룸 거주청소 전문업체,seo-incheon-juan-dong-one-room-residential-cleaning-company,https://clever-griffin-93819d.netlify.app/seo-incheon-juan-dong-one-room-residential-cleaning-company/,인천 주안동,거주청소,원룸,전문업체
2026-09-03T15:05:30,인천 주안동 원룸 거주청소 비용,seo-incheon-juan-dong-one-room-residential-cleaning-cost,https://clever-griffin-93819d.netlify.app/seo-incheon-juan-dong-one-room-residential-cleaning-cost/,인천 주안동,거주청소,원룸,비용
2026-09-03T15:05:30,인천 주안동 원룸 거주청소 가격,seo-incheon-juan-dong-one-room-residential-cleaning-price,https://clever-griffin-93819d.netlify.app/seo-incheon-juan-dong-one-room-residential-cleaning-price/,인천 주안동,거주청소,원룸,가격
2026-09-03T15:05:30,인천 주안동 원룸 거주청소 견적,seo-incheon-juan-dong-one-room-residential-cleaning-estimate,https://clever-griffin-93819d.netlify.app/seo-incheon-juan-dong-one-room-residential-cleaning-estimate/,인천 주안동,거주청소,원룸,견적
2026-09-03T15:05:30,인천 주안동 원룸 거주청소 예약,seo-incheon-juan-dong-one-room-residential-cleaning-booking,https://clever-griffin-93819d.netlify.app/seo-incheon-juan-dong-one-room-residential-cleaning-booking/,인천 주안동,거주청소,원룸,예약
2026-09-03T15:05:30,인천 주안동 원룸 거주청소 추천,seo-incheon-juan-dong-one-room-residential-cleaning-recommend,https://clever-griffin-93819d.netlify.app/seo-incheon-juan-dong-one-room-residential-cleaning-recommend/,인천 주안동,거주청소,원룸,추천
2026-09-03T15:05:30,인천 주안동 원룸 거주청소 후기,seo-incheon-juan-dong-one-room-residential-cleaning-review,https://clever-griffin-93819d.netlify.app/seo-incheon-juan-dong-one-room-residential-cleaning-review/,인천 주안동,거주청소,원룸,후기
2026-09-03T15:05:30,인천 주안동 원룸 거주청소 잘하는곳,seo-incheon-juan-dong-one-room-residential-cleaning-best,https://clever-griffin-93819d.netlify.app/seo-incheon-juan-dong-one-room-residential-cleaning-best/,인천 주안동,거주청소,원룸,잘하는곳
2026-09-03T15:05:30,인천 주안동 원룸 거주청소 업체,seo-incheon-juan-dong-one-room-residential-cleaning-service,https://clever-griffin-93819d.netlify.app/seo-incheon-juan-dong-one-room-residential-cleaning-service/,인천 주안동,거주청소,원룸,업체
2026-09-03T15:05:30,인천 주안동 원룸 거주청소 당일상담,seo-incheon-juan-dong-one-room-residential-cleaning-same-day-consult,https://clever-griffin-93819d.netlify.app/seo-incheon-juan-dong-one-room-residential-cleaning-same-day-consult/,인천 주안동,거주청소,원룸,당일상담
2026-09-03T15:05:30,인천 주안동 원룸 거주청소 주말예약,seo-incheon-juan-dong-one-room-residential-cleaning-weekend-booking,https://clever-griffin-93819d.netlify.app/seo-incheon-juan-dong-one-room-residential-cleaning-weekend-booking/,인천 주안동,거주청소,원룸,주말예약
2026-09-03T15:05:30,인천 주안동 원룸 거주청소 청소범위,seo-incheon-juan-dong-one-room-residential-cleaning-scope,https://clever-griffin-93819d.netlify.app/seo-incheon-juan-dong-one-room-residential-cleaning-scope/,인천 주안동,거주청소,원룸,청소범위
2026-09-03T15:05:30,인천 주안동 빌라 거주청소 전문업체,seo-incheon-juan-dong-villa-residential-cleaning-company,https://clever-griffin-93819d.netlify.app/seo-incheon-juan-dong-villa-residential-cleaning-company/,인천 주안동,거주청소,빌라,전문업체
2026-09-03T15:05:30,인천 주안동 빌라 거주청소 비용,seo-incheon-juan-dong-villa-residential-cleaning-cost,https://clever-griffin-93819d.netlify.app/seo-incheon-juan-dong-villa-residential-cleaning-cost/,인천 주안동,거주청소,빌라,비용
2026-09-03T15:05:30,인천 주안동 빌라 거주청소 가격,seo-incheon-juan-dong-villa-residential-cleaning-price,https://clever-griffin-93819d.netlify.app/seo-incheon-juan-dong-villa-residential-cleaning-price/,인천 주안동,거주청소,빌라,가격
2026-09-03T15:05:30,인천 주안동 빌라 거주청소 견적,seo-incheon-juan-dong-villa-residential-cleaning-estimate,https://clever-griffin-93819d.netlify.app/seo-incheon-juan-dong-villa-residential-cleaning-estimate/,인천 주안동,거주청소,빌라,견적
2026-09-03T15:05:30,인천 주안동 빌라 거주청소 예약,seo-incheon-juan-dong-villa-residential-cleaning-booking,https://clever-griffin-93819d.netlify.app/seo-incheon-juan-dong-villa-residential-cleaning-booking/,인천 주안동,거주청소,빌라,예약
2026-09-03T15:05:30,인천 주안동 빌라 거주청소 추천,seo-incheon-juan-dong-villa-residential-cleaning-recommend,https://clever-griffin-93819d.netlify.app/seo-incheon-juan-dong-villa-residential-cleaning-recommend/,인천 주안동,거주청소,빌라,추천
2026-09-03T15:05:30,인천 주안동 빌라 거주청소 후기,seo-incheon-juan-dong-villa-residential-cleaning-review,https://clever-griffin-93819d.netlify.app/seo-incheon-juan-dong-villa-residential-cleaning-review/,인천 주안동,거주청소,빌라,후기
2026-09-03T15:05:30,인천 주안동 빌라 거주청소 잘하는곳,seo-incheon-juan-dong-villa-residential-cleaning-best,https://clever-griffin-93819d.netlify.app/seo-incheon-juan-dong-villa-residential-cleaning-best/,인천 주안동,거주청소,빌라,잘하는곳
2026-09-03T15:05:30,인천 주안동 빌라 거주청소 업체,seo-incheon-juan-dong-villa-residential-cleaning-service,https://clever-griffin-93819d.netlify.app/seo-incheon-juan-dong-villa-residential-cleaning-service/,인천 주안동,거주청소,빌라,업체
2026-09-03T15:05:30,인천 주안동 빌라 거주청소 당일상담,seo-incheon-juan-dong-villa-residential-cleaning-same-day-consult,https://clever-griffin-93819d.netlify.app/seo-incheon-juan-dong-villa-residential-cleaning-same-day-consult/,인천 주안동,거주청소,빌라,당일상담
2026-09-03T15:05:30,인천 주안동 빌라 거주청소 주말예약,seo-incheon-juan-dong-villa-residential-cleaning-weekend-booking,https://clever-griffin-93819d.netlify.app/seo-incheon-juan-dong-villa-residential-cleaning-weekend-booking/,인천 주안동,거주청소,빌라,주말예약
2026-09-03T15:05:30,인천 주안동 빌라 거주청소 청소범위,seo-incheon-juan-dong-villa-residential-cleaning-scope,https://clever-griffin-93819d.netlify.app/seo-incheon-juan-dong-villa-residential-cleaning-scope/,인천 주안동,거주청소,빌라,청소범위
2026-09-03T15:05:30,인천 주안동 오피스텔 거주청소 전문업체,seo-incheon-juan-dong-officetel-residential-cleaning-company,https://clever-griffin-93819d.netlify.app/seo-incheon-juan-dong-officetel-residential-cleaning-company/,인천 주안동,거주청소,오피스텔,전문업체
2026-09-03T15:05:30,인천 주안동 오피스텔 거주청소 비용,seo-incheon-juan-dong-officetel-residential-cleaning-cost,https://clever-griffin-93819d.netlify.app/seo-incheon-juan-dong-officetel-residential-cleaning-cost/,인천 주안동,거주청소,오피스텔,비용
2026-09-03T15:05:30,인천 주안동 오피스텔 거주청소 가격,seo-incheon-juan-dong-officetel-residential-cleaning-price,https://clever-griffin-93819d.netlify.app/seo-incheon-juan-dong-officetel-residential-cleaning-price/,인천 주안동,거주청소,오피스텔,가격
2026-09-03T15:05:30,인천 주안동 오피스텔 거주청소 견적,seo-incheon-juan-dong-officetel-residential-cleaning-estimate,https://clever-griffin-93819d.netlify.app/seo-incheon-juan-dong-officetel-residential-cleaning-estimate/,인천 주안동,거주청소,오피스텔,견적
2026-09-03T15:05:30,인천 주안동 오피스텔 거주청소 예약,seo-incheon-juan-dong-officetel-residential-cleaning-booking,https://clever-griffin-93819d.netlify.app/seo-incheon-juan-dong-officetel-residential-cleaning-booking/,인천 주안동,거주청소,오피스텔,예약
2026-09-03T15:05:30,인천 주안동 오피스텔 거주청소 추천,seo-incheon-juan-dong-officetel-residential-cleaning-recommend,https://clever-griffin-93819d.netlify.app/seo-incheon-juan-dong-officetel-residential-cleaning-recommend/,인천 주안동,거주청소,오피스텔,추천
2026-09-03T15:05:30,인천 주안동 오피스텔 거주청소 후기,seo-incheon-juan-dong-officetel-residential-cleaning-review,https://clever-griffin-93819d.netlify.app/seo-incheon-juan-dong-officetel-residential-cleaning-review/,인천 주안동,거주청소,오피스텔,후기
2026-09-03T15:05:30,인천 주안동 오피스텔 거주청소 잘하는곳,seo-incheon-juan-dong-officetel-residential-cleaning-best,https://clever-griffin-93819d.netlify.app/seo-incheon-juan-dong-officetel-residential-cleaning-best/,인천 주안동,거주청소,오피스텔,잘하는곳
2026-09-03T15:05:30,인천 주안동 오피스텔 거주청소 업체,seo-incheon-juan-dong-officetel-residential-cleaning-service,https://clever-griffin-93819d.netlify.app/seo-incheon-juan-dong-officetel-residential-cleaning-service/,인천 주안동,거주청소,오피스텔,업체
2026-09-03T15:05:30,인천 주안동 오피스텔 거주청소 당일상담,seo-incheon-juan-dong-officetel-residential-cleaning-same-day-consult,https://clever-griffin-93819d.netlify.app/seo-incheon-juan-dong-officetel-residential-cleaning-same-day-consult/,인천 주안동,거주청소,오피스텔,당일상담
2026-09-03T15:05:30,인천 주안동 오피스텔 거주청소 주말예약,seo-incheon-juan-dong-officetel-residential-cleaning-weekend-booking,https://clever-griffin-93819d.netlify.app/seo-incheon-juan-dong-officetel-residential-cleaning-weekend-booking/,인천 주안동,거주청소,오피스텔,주말예약
2026-09-03T15:05:30,인천 주안동 오피스텔 거주청소 청소범위,seo-incheon-juan-dong-officetel-residential-cleaning-scope,https://clever-griffin-93819d.netlify.app/seo-incheon-juan-dong-officetel-residential-cleaning-scope/,인천 주안동,거주청소,오피스텔,청소범위
2026-09-03T15:05:30,인천 주안동 상가 거주청소 전문업체,seo-incheon-juan-dong-store-residential-cleaning-company,https://clever-griffin-93819d.netlify.app/seo-incheon-juan-dong-store-residential-cleaning-company/,인천 주안동,거주청소,상가,전문업체
2026-09-03T15:05:30,인천 주안동 상가 거주청소 비용,seo-incheon-juan-dong-store-residential-cleaning-cost,https://clever-griffin-93819d.netlify.app/seo-incheon-juan-dong-store-residential-cleaning-cost/,인천 주안동,거주청소,상가,비용
2026-09-03T15:05:30,인천 주안동 상가 거주청소 가격,seo-incheon-juan-dong-store-residential-cleaning-price,https://clever-griffin-93819d.netlify.app/seo-incheon-juan-dong-store-residential-cleaning-price/,인천 주안동,거주청소,상가,가격
2026-09-03T15:05:30,인천 주안동 상가 거주청소 견적,seo-incheon-juan-dong-store-residential-cleaning-estimate,https://clever-griffin-93819d.netlify.app/seo-incheon-juan-dong-store-residential-cleaning-estimate/,인천 주안동,거주청소,상가,견적
2026-09-03T15:05:30,인천 주안동 상가 거주청소 예약,seo-incheon-juan-dong-store-residential-cleaning-booking,https://clever-griffin-93819d.netlify.app/seo-incheon-juan-dong-store-residential-cleaning-booking/,인천 주안동,거주청소,상가,예약
2026-09-03T15:05:30,인천 주안동 상가 거주청소 추천,seo-incheon-juan-dong-store-residential-cleaning-recommend,https://clever-griffin-93819d.netlify.app/seo-incheon-juan-dong-store-residential-cleaning-recommend/,인천 주안동,거주청소,상가,추천
2026-09-03T15:05:30,인천 주안동 상가 거주청소 후기,seo-incheon-juan-dong-store-residential-cleaning-review,https://clever-griffin-93819d.netlify.app/seo-incheon-juan-dong-store-residential-cleaning-review/,인천 주안동,거주청소,상가,후기
2026-09-03T15:05:30,인천 주안동 상가 거주청소 잘하는곳,seo-incheon-juan-dong-store-residential-cleaning-best,https://clever-griffin-93819d.netlify.app/seo-incheon-juan-dong-store-residential-cleaning-best/,인천 주안동,거주청소,상가,잘하는곳
2026-09-03T15:05:30,인천 주안동 상가 거주청소 업체,seo-incheon-juan-dong-store-residential-cleaning-service,https://clever-griffin-93819d.netlify.app/seo-incheon-juan-dong-store-residential-cleaning-service/,인천 주안동,거주청소,상가,업체
2026-09-03T15:05:30,인천 주안동 상가 거주청소 당일상담,seo-incheon-juan-dong-store-residential-cleaning-same-day-consult,https://clever-griffin-93819d.netlify.app/seo-incheon-juan-dong-store-residential-cleaning-same-day-consult/,인천 주안동,거주청소,상가,당일상담
2026-09-03T15:05:30,인천 주안동 상가 거주청소 주말예약,seo-incheon-juan-dong-store-residential-cleaning-weekend-booking,https://clever-griffin-93819d.netlify.app/seo-incheon-juan-dong-store-residential-cleaning-weekend-booking/,인천 주안동,거주청소,상가,주말예약
2026-09-03T15:05:30,인천 주안동 상가 거주청소 청소범위,seo-incheon-juan-dong-store-residential-cleaning-scope,https://clever-griffin-93819d.netlify.app/seo-incheon-juan-dong-store-residential-cleaning-scope/,인천 주안동,거주청소,상가,청소범위
2026-09-03T15:05:30,인천 주안동 사무실 거주청소 전문업체,seo-incheon-juan-dong-office-residential-cleaning-company,https://clever-griffin-93819d.netlify.app/seo-incheon-juan-dong-office-residential-cleaning-company/,인천 주안동,거주청소,사무실,전문업체
2026-09-03T15:05:30,인천 주안동 사무실 거주청소 비용,seo-incheon-juan-dong-office-residential-cleaning-cost,https://clever-griffin-93819d.netlify.app/seo-incheon-juan-dong-office-residential-cleaning-cost/,인천 주안동,거주청소,사무실,비용
2026-09-03T15:05:30,인천 주안동 사무실 거주청소 가격,seo-incheon-juan-dong-office-residential-cleaning-price,https://clever-griffin-93819d.netlify.app/seo-incheon-juan-dong-office-residential-cleaning-price/,인천 주안동,거주청소,사무실,가격
2026-09-03T15:05:30,인천 주안동 사무실 거주청소 견적,seo-incheon-juan-dong-office-residential-cleaning-estimate,https://clever-griffin-93819d.netlify.app/seo-incheon-juan-dong-office-residential-cleaning-estimate/,인천 주안동,거주청소,사무실,견적
2026-09-03T15:05:30,인천 주안동 사무실 거주청소 예약,seo-incheon-juan-dong-office-residential-cleaning-booking,https://clever-griffin-93819d.netlify.app/seo-incheon-juan-dong-office-residential-cleaning-booking/,인천 주안동,거주청소,사무실,예약
2026-09-03T15:05:30,인천 주안동 사무실 거주청소 추천,seo-incheon-juan-dong-office-residential-cleaning-recommend,https://clever-griffin-93819d.netlify.app/seo-incheon-juan-dong-office-residential-cleaning-recommend/,인천 주안동,거주청소,사무실,추천
2026-09-03T15:05:30,인천 주안동 사무실 거주청소 후기,seo-incheon-juan-dong-office-residential-cleaning-review,https://clever-griffin-93819d.netlify.app/seo-incheon-juan-dong-office-residential-cleaning-review/,인천 주안동,거주청소,사무실,후기
2026-09-03T15:05:30,인천 주안동 사무실 거주청소 잘하는곳,seo-incheon-juan-dong-office-residential-cleaning-best,https://clever-griffin-93819d.netlify.app/seo-incheon-juan-dong-office-residential-cleaning-best/,인천 주안동,거주청소,사무실,잘하는곳
2026-09-03T15:05:30,인천 주안동 사무실 거주청소 업체,seo-incheon-juan-dong-office-residential-cleaning-service,https://clever-griffin-93819d.netlify.app/seo-incheon-juan-dong-office-residential-cleaning-service/,인천 주안동,거주청소,사무실,업체
2026-09-03T15:05:30,인천 주안동 사무실 거주청소 당일상담,seo-incheon-juan-dong-office-residential-cleaning-same-day-consult,https://clever-griffin-93819d.netlify.app/seo-incheon-juan-dong-office-residential-cleaning-same-day-consult/,인천 주안동,거주청소,사무실,당일상담
2026-09-03T15:05:30,인천 주안동 사무실 거주청소 주말예약,seo-incheon-juan-dong-office-residential-cleaning-weekend-booking,https://clever-griffin-93819d.netlify.app/seo-incheon-juan-dong-office-residential-cleaning-weekend-booking/,인천 주안동,거주청소,사무실,주말예약
2026-09-03T15:05:30,인천 주안동 사무실 거주청소 청소범위,seo-incheon-juan-dong-office-residential-cleaning-scope,https://clever-griffin-93819d.netlify.app/seo-incheon-juan-dong-office-residential-cleaning-scope/,인천 주안동,거주청소,사무실,청소범위
2026-09-03T15:05:30,인천 주안동 상가청소 전문업체,seo-incheon-juan-dong-store-cleaning-company,https://clever-griffin-93819d.netlify.app/seo-incheon-juan-dong-store-cleaning-company/,인천 주안동,상가청소,상가,전문업체
2026-09-03T15:05:30,인천 주안동 상가청소 비용,seo-incheon-juan-dong-store-cleaning-cost,https://clever-griffin-93819d.netlify.app/seo-incheon-juan-dong-store-cleaning-cost/,인천 주안동,상가청소,상가,비용
2026-09-03T15:05:30,인천 주안동 상가청소 가격,seo-incheon-juan-dong-store-cleaning-price,https://clever-griffin-93819d.netlify.app/seo-incheon-juan-dong-store-cleaning-price/,인천 주안동,상가청소,상가,가격
2026-09-03T15:05:30,인천 주안동 상가청소 견적,seo-incheon-juan-dong-store-cleaning-estimate,https://clever-griffin-93819d.netlify.app/seo-incheon-juan-dong-store-cleaning-estimate/,인천 주안동,상가청소,상가,견적
2026-09-03T15:05:30,인천 주안동 상가청소 예약,seo-incheon-juan-dong-store-cleaning-booking,https://clever-griffin-93819d.netlify.app/seo-incheon-juan-dong-store-cleaning-booking/,인천 주안동,상가청소,상가,예약
2026-09-03T15:05:30,인천 주안동 상가청소 추천,seo-incheon-juan-dong-store-cleaning-recommend,https://clever-griffin-93819d.netlify.app/seo-incheon-juan-dong-store-cleaning-recommend/,인천 주안동,상가청소,상가,추천
2026-09-03T15:05:30,인천 주안동 상가청소 후기,seo-incheon-juan-dong-store-cleaning-review,https://clever-griffin-93819d.netlify.app/seo-incheon-juan-dong-store-cleaning-review/,인천 주안동,상가청소,상가,후기
2026-09-03T15:05:30,인천 주안동 상가청소 잘하는곳,seo-incheon-juan-dong-store-cleaning-best,https://clever-griffin-93819d.netlify.app/seo-incheon-juan-dong-store-cleaning-best/,인천 주안동,상가청소,상가,잘하는곳
2026-09-03T15:05:30,인천 주안동 상가청소 업체,seo-incheon-juan-dong-store-cleaning-service,https://clever-griffin-93819d.netlify.app/seo-incheon-juan-dong-store-cleaning-service/,인천 주안동,상가청소,상가,업체
2026-09-03T15:05:30,인천 주안동 상가청소 당일상담,seo-incheon-juan-dong-store-cleaning-same-day-consult,https://clever-griffin-93819d.netlify.app/seo-incheon-juan-dong-store-cleaning-same-day-consult/,인천 주안동,상가청소,상가,당일상담
2026-09-03T15:05:30,인천 주안동 상가청소 주말예약,seo-incheon-juan-dong-store-cleaning-weekend-booking,https://clever-griffin-93819d.netlify.app/seo-incheon-juan-dong-store-cleaning-weekend-booking/,인천 주안동,상가청소,상가,주말예약
2026-09-03T15:05:30,인천 주안동 상가청소 청소범위,seo-incheon-juan-dong-store-cleaning-scope,https://clever-griffin-93819d.netlify.app/seo-incheon-juan-dong-store-cleaning-scope/,인천 주안동,상가청소,상가,청소범위
2026-09-03T15:05:30,인천 주안동 사무실청소 전문업체,seo-incheon-juan-dong-office-cleaning-company,https://clever-griffin-93819d.netlify.app/seo-incheon-juan-dong-office-cleaning-company/,인천 주안동,사무실청소,사무실,전문업체
2026-09-03T15:05:30,인천 주안동 사무실청소 비용,seo-incheon-juan-dong-office-cleaning-cost,https://clever-griffin-93819d.netlify.app/seo-incheon-juan-dong-office-cleaning-cost/,인천 주안동,사무실청소,사무실,비용
2026-09-03T15:05:30,인천 주안동 사무실청소 가격,seo-incheon-juan-dong-office-cleaning-price,https://clever-griffin-93819d.netlify.app/seo-incheon-juan-dong-office-cleaning-price/,인천 주안동,사무실청소,사무실,가격
2026-09-03T15:05:30,인천 주안동 사무실청소 견적,seo-incheon-juan-dong-office-cleaning-estimate,https://clever-griffin-93819d.netlify.app/seo-incheon-juan-dong-office-cleaning-estimate/,인천 주안동,사무실청소,사무실,견적
2026-09-03T15:05:30,인천 주안동 사무실청소 예약,seo-incheon-juan-dong-office-cleaning-booking,https://clever-griffin-93819d.netlify.app/seo-incheon-juan-dong-office-cleaning-booking/,인천 주안동,사무실청소,사무실,예약
2026-09-03T15:05:30,인천 주안동 사무실청소 추천,seo-incheon-juan-dong-office-cleaning-recommend,https://clever-griffin-93819d.netlify.app/seo-incheon-juan-dong-office-cleaning-recommend/,인천 주안동,사무실청소,사무실,추천
2026-09-03T15:05:30,인천 주안동 사무실청소 후기,seo-incheon-juan-dong-office-cleaning-review,https://clever-griffin-93819d.netlify.app/seo-incheon-juan-dong-office-cleaning-review/,인천 주안동,사무실청소,사무실,후기
2026-09-03T15:05:30,인천 주안동 사무실청소 잘하는곳,seo-incheon-juan-dong-office-cleaning-best,https://clever-griffin-93819d.netlify.app/seo-incheon-juan-dong-office-cleaning-best/,인천 주안동,사무실청소,사무실,잘하는곳
2026-09-03T15:05:30,인천 주안동 사무실청소 업체,seo-incheon-juan-dong-office-cleaning-service,https://clever-griffin-93819d.netlify.app/seo-incheon-juan-dong-office-cleaning-service/,인천 주안동,사무실청소,사무실,업체
2026-09-03T15:05:30,인천 주안동 사무실청소 당일상담,seo-incheon-juan-dong-office-cleaning-same-day-consult,https://clever-griffin-93819d.netlify.app/seo-incheon-juan-dong-office-cleaning-same-day-consult/,인천 주안동,사무실청소,사무실,당일상담
2026-09-03T15:05:30,인천 주안동 사무실청소 주말예약,seo-incheon-juan-dong-office-cleaning-weekend-booking,https://clever-griffin-93819d.netlify.app/seo-incheon-juan-dong-office-cleaning-weekend-booking/,인천 주안동,사무실청소,사무실,주말예약
2026-09-03T15:05:30,인천 주안동 사무실청소 청소범위,seo-incheon-juan-dong-office-cleaning-scope,https://clever-griffin-93819d.netlify.app/seo-incheon-juan-dong-office-cleaning-scope/,인천 주안동,사무실청소,사무실,청소범위
2026-09-03T15:05:30,인천 주안동 원룸청소 전문업체,seo-incheon-juan-dong-one-room-cleaning-company,https://clever-griffin-93819d.netlify.app/seo-incheon-juan-dong-one-room-cleaning-company/,인천 주안동,원룸청소,원룸,전문업체
2026-09-03T15:05:30,인천 주안동 원룸청소 비용,seo-incheon-juan-dong-one-room-cleaning-cost,https://clever-griffin-93819d.netlify.app/seo-incheon-juan-dong-one-room-cleaning-cost/,인천 주안동,원룸청소,원룸,비용
2026-09-03T15:05:30,인천 주안동 원룸청소 가격,seo-incheon-juan-dong-one-room-cleaning-price,https://clever-griffin-93819d.netlify.app/seo-incheon-juan-dong-one-room-cleaning-price/,인천 주안동,원룸청소,원룸,가격
2026-09-03T15:05:30,인천 주안동 원룸청소 견적,seo-incheon-juan-dong-one-room-cleaning-estimate,https://clever-griffin-93819d.netlify.app/seo-incheon-juan-dong-one-room-cleaning-estimate/,인천 주안동,원룸청소,원룸,견적
2026-09-03T15:05:30,인천 주안동 원룸청소 예약,seo-incheon-juan-dong-one-room-cleaning-booking,https://clever-griffin-93819d.netlify.app/seo-incheon-juan-dong-one-room-cleaning-booking/,인천 주안동,원룸청소,원룸,예약
2026-09-03T15:05:30,인천 주안동 원룸청소 추천,seo-incheon-juan-dong-one-room-cleaning-recommend,https://clever-griffin-93819d.netlify.app/seo-incheon-juan-dong-one-room-cleaning-recommend/,인천 주안동,원룸청소,원룸,추천
2026-09-03T15:05:30,인천 주안동 원룸청소 후기,seo-incheon-juan-dong-one-room-cleaning-review,https://clever-griffin-93819d.netlify.app/seo-incheon-juan-dong-one-room-cleaning-review/,인천 주안동,원룸청소,원룸,후기
2026-09-03T15:05:30,인천 주안동 원룸청소 잘하는곳,seo-incheon-juan-dong-one-room-cleaning-best,https://clever-griffin-93819d.netlify.app/seo-incheon-juan-dong-one-room-cleaning-best/,인천 주안동,원룸청소,원룸,잘하는곳
2026-09-03T15:05:30,인천 주안동 원룸청소 업체,seo-incheon-juan-dong-one-room-cleaning-service,https://clever-griffin-93819d.netlify.app/seo-incheon-juan-dong-one-room-cleaning-service/,인천 주안동,원룸청소,원룸,업체
2026-09-03T15:05:30,인천 주안동 원룸청소 당일상담,seo-incheon-juan-dong-one-room-cleaning-same-day-consult,https://clever-griffin-93819d.netlify.app/seo-incheon-juan-dong-one-room-cleaning-same-day-consult/,인천 주안동,원룸청소,원룸,당일상담
2026-09-03T15:05:30,인천 주안동 원룸청소 주말예약,seo-incheon-juan-dong-one-room-cleaning-weekend-booking,https://clever-griffin-93819d.netlify.app/seo-incheon-juan-dong-one-room-cleaning-weekend-booking/,인천 주안동,원룸청소,원룸,주말예약
2026-09-03T15:05:30,인천 주안동 원룸청소 청소범위,seo-incheon-juan-dong-one-room-cleaning-scope,https://clever-griffin-93819d.netlify.app/seo-incheon-juan-dong-one-room-cleaning-scope/,인천 주안동,원룸청소,원룸,청소범위
2026-09-03T15:05:30,인천 주안동 빌라청소 전문업체,seo-incheon-juan-dong-villa-cleaning-company,https://clever-griffin-93819d.netlify.app/seo-incheon-juan-dong-villa-cleaning-company/,인천 주안동,빌라청소,빌라,전문업체
2026-09-03T15:05:30,인천 주안동 빌라청소 비용,seo-incheon-juan-dong-villa-cleaning-cost,https://clever-griffin-93819d.netlify.app/seo-incheon-juan-dong-villa-cleaning-cost/,인천 주안동,빌라청소,빌라,비용
2026-09-03T15:05:30,인천 주안동 빌라청소 가격,seo-incheon-juan-dong-villa-cleaning-price,https://clever-griffin-93819d.netlify.app/seo-incheon-juan-dong-villa-cleaning-price/,인천 주안동,빌라청소,빌라,가격
2026-09-03T15:05:30,인천 주안동 빌라청소 견적,seo-incheon-juan-dong-villa-cleaning-estimate,https://clever-griffin-93819d.netlify.app/seo-incheon-juan-dong-villa-cleaning-estimate/,인천 주안동,빌라청소,빌라,견적
2026-09-03T15:05:30,인천 주안동 빌라청소 예약,seo-incheon-juan-dong-villa-cleaning-booking,https://clever-griffin-93819d.netlify.app/seo-incheon-juan-dong-villa-cleaning-booking/,인천 주안동,빌라청소,빌라,예약
2026-09-03T15:05:30,인천 주안동 빌라청소 추천,seo-incheon-juan-dong-villa-cleaning-recommend,https://clever-griffin-93819d.netlify.app/seo-incheon-juan-dong-villa-cleaning-recommend/,인천 주안동,빌라청소,빌라,추천
2026-09-03T15:05:30,인천 주안동 빌라청소 후기,seo-incheon-juan-dong-villa-cleaning-review,https://clever-griffin-93819d.netlify.app/seo-incheon-juan-dong-villa-cleaning-review/,인천 주안동,빌라청소,빌라,후기
2026-09-03T15:05:30,인천 주안동 빌라청소 잘하는곳,seo-incheon-juan-dong-villa-cleaning-best,https://clever-griffin-93819d.netlify.app/seo-incheon-juan-dong-villa-cleaning-best/,인천 주안동,빌라청소,빌라,잘하는곳
2026-09-03T15:05:30,인천 주안동 빌라청소 업체,seo-incheon-juan-dong-villa-cleaning-service,https://clever-griffin-93819d.netlify.app/seo-incheon-juan-dong-villa-cleaning-service/,인천 주안동,빌라청소,빌라,업체
2026-09-03T15:05:30,인천 주안동 빌라청소 당일상담,seo-incheon-juan-dong-villa-cleaning-same-day-consult,https://clever-griffin-93819d.netlify.app/seo-incheon-juan-dong-villa-cleaning-same-day-consult/,인천 주안동,빌라청소,빌라,당일상담
2026-09-03T15:05:30,인천 주안동 빌라청소 주말예약,seo-incheon-juan-dong-villa-cleaning-weekend-booking,https://clever-griffin-93819d.netlify.app/seo-incheon-juan-dong-villa-cleaning-weekend-booking/,인천 주안동,빌라청소,빌라,주말예약
2026-09-03T15:05:30,인천 주안동 빌라청소 청소범위,seo-incheon-juan-dong-villa-cleaning-scope,https://clever-griffin-93819d.netlify.app/seo-incheon-juan-dong-villa-cleaning-scope/,인천 주안동,빌라청소,빌라,청소범위
2026-09-03T15:05:30,인천 주안동 오피스텔청소 전문업체,seo-incheon-juan-dong-officetel-cleaning-company,https://clever-griffin-93819d.netlify.app/seo-incheon-juan-dong-officetel-cleaning-company/,인천 주안동,오피스텔청소,오피스텔,전문업체
2026-09-03T15:05:30,인천 주안동 오피스텔청소 비용,seo-incheon-juan-dong-officetel-cleaning-cost,https://clever-griffin-93819d.netlify.app/seo-incheon-juan-dong-officetel-cleaning-cost/,인천 주안동,오피스텔청소,오피스텔,비용
2026-09-03T15:05:30,인천 주안동 오피스텔청소 가격,seo-incheon-juan-dong-officetel-cleaning-price,https://clever-griffin-93819d.netlify.app/seo-incheon-juan-dong-officetel-cleaning-price/,인천 주안동,오피스텔청소,오피스텔,가격
2026-09-03T15:05:30,인천 주안동 오피스텔청소 견적,seo-incheon-juan-dong-officetel-cleaning-estimate,https://clever-griffin-93819d.netlify.app/seo-incheon-juan-dong-officetel-cleaning-estimate/,인천 주안동,오피스텔청소,오피스텔,견적
2026-09-03T15:05:30,인천 주안동 오피스텔청소 예약,seo-incheon-juan-dong-officetel-cleaning-booking,https://clever-griffin-93819d.netlify.app/seo-incheon-juan-dong-officetel-cleaning-booking/,인천 주안동,오피스텔청소,오피스텔,예약
2026-09-03T15:05:30,인천 주안동 오피스텔청소 추천,seo-incheon-juan-dong-officetel-cleaning-recommend,https://clever-griffin-93819d.netlify.app/seo-incheon-juan-dong-officetel-cleaning-recommend/,인천 주안동,오피스텔청소,오피스텔,추천
2026-09-03T15:05:30,인천 주안동 오피스텔청소 후기,seo-incheon-juan-dong-officetel-cleaning-review,https://clever-griffin-93819d.netlify.app/seo-incheon-juan-dong-officetel-cleaning-review/,인천 주안동,오피스텔청소,오피스텔,후기
2026-09-03T15:05:30,인천 주안동 오피스텔청소 잘하는곳,seo-incheon-juan-dong-officetel-cleaning-best,https://clever-griffin-93819d.netlify.app/seo-incheon-juan-dong-officetel-cleaning-best/,인천 주안동,오피스텔청소,오피스텔,잘하는곳
2026-09-03T15:05:30,인천 주안동 오피스텔청소 업체,seo-incheon-juan-dong-officetel-cleaning-service,https://clever-griffin-93819d.netlify.app/seo-incheon-juan-dong-officetel-cleaning-service/,인천 주안동,오피스텔청소,오피스텔,업체
2026-09-03T15:05:30,인천 주안동 오피스텔청소 당일상담,seo-incheon-juan-dong-officetel-cleaning-same-day-consult,https://clever-griffin-93819d.netlify.app/seo-incheon-juan-dong-officetel-cleaning-same-day-consult/,인천 주안동,오피스텔청소,오피스텔,당일상담
2026-09-03T15:05:30,인천 주안동 오피스텔청소 주말예약,seo-incheon-juan-dong-officetel-cleaning-weekend-booking,https://clever-griffin-93819d.netlify.app/seo-incheon-juan-dong-officetel-cleaning-weekend-booking/,인천 주안동,오피스텔청소,오피스텔,주말예약
2026-09-03T15:05:30,인천 주안동 오피스텔청소 청소범위,seo-incheon-juan-dong-officetel-cleaning-scope,https://clever-griffin-93819d.netlify.app/seo-incheon-juan-dong-officetel-cleaning-scope/,인천 주안동,오피스텔청소,오피스텔,청소범위
2026-09-03T15:05:30,인천 주안동 원룸 폐기물청소 전문업체,seo-incheon-juan-dong-one-room-waste-cleaning-company,https://clever-griffin-93819d.netlify.app/seo-incheon-juan-dong-one-room-waste-cleaning-company/,인천 주안동,폐기물청소,원룸,전문업체
2026-09-03T15:05:30,인천 주안동 원룸 폐기물청소 비용,seo-incheon-juan-dong-one-room-waste-cleaning-cost,https://clever-griffin-93819d.netlify.app/seo-incheon-juan-dong-one-room-waste-cleaning-cost/,인천 주안동,폐기물청소,원룸,비용
2026-09-03T15:05:30,인천 주안동 원룸 폐기물청소 가격,seo-incheon-juan-dong-one-room-waste-cleaning-price,https://clever-griffin-93819d.netlify.app/seo-incheon-juan-dong-one-room-waste-cleaning-price/,인천 주안동,폐기물청소,원룸,가격
2026-09-03T15:05:30,인천 주안동 원룸 폐기물청소 견적,seo-incheon-juan-dong-one-room-waste-cleaning-estimate,https://clever-griffin-93819d.netlify.app/seo-incheon-juan-dong-one-room-waste-cleaning-estimate/,인천 주안동,폐기물청소,원룸,견적
2026-09-03T15:05:30,인천 주안동 원룸 폐기물청소 예약,seo-incheon-juan-dong-one-room-waste-cleaning-booking,https://clever-griffin-93819d.netlify.app/seo-incheon-juan-dong-one-room-waste-cleaning-booking/,인천 주안동,폐기물청소,원룸,예약
2026-09-03T15:05:30,인천 주안동 원룸 폐기물청소 추천,seo-incheon-juan-dong-one-room-waste-cleaning-recommend,https://clever-griffin-93819d.netlify.app/seo-incheon-juan-dong-one-room-waste-cleaning-recommend/,인천 주안동,폐기물청소,원룸,추천
2026-09-03T15:05:30,인천 주안동 원룸 폐기물청소 후기,seo-incheon-juan-dong-one-room-waste-cleaning-review,https://clever-griffin-93819d.netlify.app/seo-incheon-juan-dong-one-room-waste-cleaning-review/,인천 주안동,폐기물청소,원룸,후기
2026-09-03T15:05:30,인천 주안동 원룸 폐기물청소 잘하는곳,seo-incheon-juan-dong-one-room-waste-cleaning-best,https://clever-griffin-93819d.netlify.app/seo-incheon-juan-dong-one-room-waste-cleaning-best/,인천 주안동,폐기물청소,원룸,잘하는곳
2026-09-03T15:05:30,인천 주안동 원룸 폐기물청소 업체,seo-incheon-juan-dong-one-room-waste-cleaning-service,https://clever-griffin-93819d.netlify.app/seo-incheon-juan-dong-one-room-waste-cleaning-service/,인천 주안동,폐기물청소,원룸,업체
2026-09-03T15:05:30,인천 주안동 원룸 폐기물청소 당일상담,seo-incheon-juan-dong-one-room-waste-cleaning-same-day-consult,https://clever-griffin-93819d.netlify.app/seo-incheon-juan-dong-one-room-waste-cleaning-same-day-consult/,인천 주안동,폐기물청소,원룸,당일상담
2026-09-03T15:05:30,인천 주안동 원룸 폐기물청소 주말예약,seo-incheon-juan-dong-one-room-waste-cleaning-weekend-booking,https://clever-griffin-93819d.netlify.app/seo-incheon-juan-dong-one-room-waste-cleaning-weekend-booking/,인천 주안동,폐기물청소,원룸,주말예약
2026-09-03T15:05:30,인천 주안동 원룸 폐기물청소 청소범위,seo-incheon-juan-dong-one-room-waste-cleaning-scope,https://clever-griffin-93819d.netlify.app/seo-incheon-juan-dong-one-room-waste-cleaning-scope/,인천 주안동,폐기물청소,원룸,청소범위
2026-09-03T15:05:30,인천 주안동 빌라 폐기물청소 전문업체,seo-incheon-juan-dong-villa-waste-cleaning-company,https://clever-griffin-93819d.netlify.app/seo-incheon-juan-dong-villa-waste-cleaning-company/,인천 주안동,폐기물청소,빌라,전문업체
2026-09-03T15:05:30,인천 주안동 빌라 폐기물청소 비용,seo-incheon-juan-dong-villa-waste-cleaning-cost,https://clever-griffin-93819d.netlify.app/seo-incheon-juan-dong-villa-waste-cleaning-cost/,인천 주안동,폐기물청소,빌라,비용
2026-09-03T15:05:30,인천 주안동 빌라 폐기물청소 가격,seo-incheon-juan-dong-villa-waste-cleaning-price,https://clever-griffin-93819d.netlify.app/seo-incheon-juan-dong-villa-waste-cleaning-price/,인천 주안동,폐기물청소,빌라,가격
2026-09-03T15:05:30,인천 주안동 빌라 폐기물청소 견적,seo-incheon-juan-dong-villa-waste-cleaning-estimate,https://clever-griffin-93819d.netlify.app/seo-incheon-juan-dong-villa-waste-cleaning-estimate/,인천 주안동,폐기물청소,빌라,견적
2026-09-03T15:05:30,인천 주안동 빌라 폐기물청소 예약,seo-incheon-juan-dong-villa-waste-cleaning-booking,https://clever-griffin-93819d.netlify.app/seo-incheon-juan-dong-villa-waste-cleaning-booking/,인천 주안동,폐기물청소,빌라,예약
2026-09-03T15:05:30,인천 주안동 빌라 폐기물청소 추천,seo-incheon-juan-dong-villa-waste-cleaning-recommend,https://clever-griffin-93819d.netlify.app/seo-incheon-juan-dong-villa-waste-cleaning-recommend/,인천 주안동,폐기물청소,빌라,추천
2026-09-03T15:05:30,인천 주안동 빌라 폐기물청소 후기,seo-incheon-juan-dong-villa-waste-cleaning-review,https://clever-griffin-93819d.netlify.app/seo-incheon-juan-dong-villa-waste-cleaning-review/,인천 주안동,폐기물청소,빌라,후기
2026-09-03T15:05:30,인천 주안동 빌라 폐기물청소 잘하는곳,seo-incheon-juan-dong-villa-waste-cleaning-best,https://clever-griffin-93819d.netlify.app/seo-incheon-juan-dong-villa-waste-cleaning-best/,인천 주안동,폐기물청소,빌라,잘하는곳
2026-09-03T15:05:30,인천 주안동 빌라 폐기물청소 업체,seo-incheon-juan-dong-villa-waste-cleaning-service,https://clever-griffin-93819d.netlify.app/seo-incheon-juan-dong-villa-waste-cleaning-service/,인천 주안동,폐기물청소,빌라,업체
2026-09-03T15:05:30,인천 주안동 빌라 폐기물청소 당일상담,seo-incheon-juan-dong-villa-waste-cleaning-same-day-consult,https://clever-griffin-93819d.netlify.app/seo-incheon-juan-dong-villa-waste-cleaning-same-day-consult/,인천 주안동,폐기물청소,빌라,당일상담
2026-09-03T15:05:30,인천 주안동 빌라 폐기물청소 주말예약,seo-incheon-juan-dong-villa-waste-cleaning-weekend-booking,https://clever-griffin-93819d.netlify.app/seo-incheon-juan-dong-villa-waste-cleaning-weekend-booking/,인천 주안동,폐기물청소,빌라,주말예약
2026-09-03T15:05:30,인천 주안동 빌라 폐기물청소 청소범위,seo-incheon-juan-dong-villa-waste-cleaning-scope,https://clever-griffin-93819d.netlify.app/seo-incheon-juan-dong-villa-waste-cleaning-scope/,인천 주안동,폐기물청소,빌라,청소범위
2026-09-03T15:05:30,인천 주안동 오피스텔 폐기물청소 전문업체,seo-incheon-juan-dong-officetel-waste-cleaning-company,https://clever-griffin-93819d.netlify.app/seo-incheon-juan-dong-officetel-waste-cleaning-company/,인천 주안동,폐기물청소,오피스텔,전문업체
2026-09-03T15:05:30,인천 주안동 오피스텔 폐기물청소 비용,seo-incheon-juan-dong-officetel-waste-cleaning-cost,https://clever-griffin-93819d.netlify.app/seo-incheon-juan-dong-officetel-waste-cleaning-cost/,인천 주안동,폐기물청소,오피스텔,비용
2026-09-03T15:05:30,인천 주안동 오피스텔 폐기물청소 가격,seo-incheon-juan-dong-officetel-waste-cleaning-price,https://clever-griffin-93819d.netlify.app/seo-incheon-juan-dong-officetel-waste-cleaning-price/,인천 주안동,폐기물청소,오피스텔,가격
2026-09-03T15:05:30,인천 주안동 오피스텔 폐기물청소 견적,seo-incheon-juan-dong-officetel-waste-cleaning-estimate,https://clever-griffin-93819d.netlify.app/seo-incheon-juan-dong-officetel-waste-cleaning-estimate/,인천 주안동,폐기물청소,오피스텔,견적
2026-09-03T15:05:30,인천 주안동 오피스텔 폐기물청소 예약,seo-incheon-juan-dong-officetel-waste-cleaning-booking,https://clever-griffin-93819d.netlify.app/seo-incheon-juan-dong-officetel-waste-cleaning-booking/,인천 주안동,폐기물청소,오피스텔,예약
2026-09-03T15:05:30,인천 주안동 오피스텔 폐기물청소 추천,seo-incheon-juan-dong-officetel-waste-cleaning-recommend,https://clever-griffin-93819d.netlify.app/seo-incheon-juan-dong-officetel-waste-cleaning-recommend/,인천 주안동,폐기물청소,오피스텔,추천
2026-09-03T15:05:30,인천 주안동 오피스텔 폐기물청소 후기,seo-incheon-juan-dong-officetel-waste-cleaning-review,https://clever-griffin-93819d.netlify.app/seo-incheon-juan-dong-officetel-waste-cleaning-review/,인천 주안동,폐기물청소,오피스텔,후기
2026-09-03T15:05:30,인천 주안동 오피스텔 폐기물청소 잘하는곳,seo-incheon-juan-dong-officetel-waste-cleaning-best,https://clever-griffin-93819d.netlify.app/seo-incheon-juan-dong-officetel-waste-cleaning-best/,인천 주안동,폐기물청소,오피스텔,잘하는곳
2026-09-03T15:05:30,인천 주안동 오피스텔 폐기물청소 업체,seo-incheon-juan-dong-officetel-waste-cleaning-service,https://clever-griffin-93819d.netlify.app/seo-incheon-juan-dong-officetel-waste-cleaning-service/,인천 주안동,폐기물청소,오피스텔,업체
2026-09-03T15:05:30,인천 주안동 오피스텔 폐기물청소 당일상담,seo-incheon-juan-dong-officetel-waste-cleaning-same-day-consult,https://clever-griffin-93819d.netlify.app/seo-incheon-juan-dong-officetel-waste-cleaning-same-day-consult/,인천 주안동,폐기물청소,오피스텔,당일상담
2026-09-03T15:05:30,인천 주안동 오피스텔 폐기물청소 주말예약,seo-incheon-juan-dong-officetel-waste-cleaning-weekend-booking,https://clever-griffin-93819d.netlify.app/seo-incheon-juan-dong-officetel-waste-cleaning-weekend-booking/,인천 주안동,폐기물청소,오피스텔,주말예약
2026-09-03T15:05:30,인천 주안동 오피스텔 폐기물청소 청소범위,seo-incheon-juan-dong-officetel-waste-cleaning-scope,https://clever-griffin-93819d.netlify.app/seo-incheon-juan-dong-officetel-waste-cleaning-scope/,인천 주안동,폐기물청소,오피스텔,청소범위
2026-09-03T15:05:30,인천 주안동 상가 폐기물청소 전문업체,seo-incheon-juan-dong-store-waste-cleaning-company,https://clever-griffin-93819d.netlify.app/seo-incheon-juan-dong-store-waste-cleaning-company/,인천 주안동,폐기물청소,상가,전문업체
2026-09-03T15:05:30,인천 주안동 상가 폐기물청소 비용,seo-incheon-juan-dong-store-waste-cleaning-cost,https://clever-griffin-93819d.netlify.app/seo-incheon-juan-dong-store-waste-cleaning-cost/,인천 주안동,폐기물청소,상가,비용
2026-09-03T15:05:30,인천 주안동 상가 폐기물청소 가격,seo-incheon-juan-dong-store-waste-cleaning-price,https://clever-griffin-93819d.netlify.app/seo-incheon-juan-dong-store-waste-cleaning-price/,인천 주안동,폐기물청소,상가,가격
2026-09-03T15:05:30,인천 주안동 상가 폐기물청소 견적,seo-incheon-juan-dong-store-waste-cleaning-estimate,https://clever-griffin-93819d.netlify.app/seo-incheon-juan-dong-store-waste-cleaning-estimate/,인천 주안동,폐기물청소,상가,견적
2026-09-03T15:05:30,인천 주안동 상가 폐기물청소 예약,seo-incheon-juan-dong-store-waste-cleaning-booking,https://clever-griffin-93819d.netlify.app/seo-incheon-juan-dong-store-waste-cleaning-booking/,인천 주안동,폐기물청소,상가,예약
2026-09-03T15:05:30,인천 주안동 상가 폐기물청소 추천,seo-incheon-juan-dong-store-waste-cleaning-recommend,https://clever-griffin-93819d.netlify.app/seo-incheon-juan-dong-store-waste-cleaning-recommend/,인천 주안동,폐기물청소,상가,추천
2026-09-03T15:05:30,인천 주안동 상가 폐기물청소 후기,seo-incheon-juan-dong-store-waste-cleaning-review,https://clever-griffin-93819d.netlify.app/seo-incheon-juan-dong-store-waste-cleaning-review/,인천 주안동,폐기물청소,상가,후기
2026-09-03T15:05:30,인천 주안동 상가 폐기물청소 잘하는곳,seo-incheon-juan-dong-store-waste-cleaning-best,https://clever-griffin-93819d.netlify.app/seo-incheon-juan-dong-store-waste-cleaning-best/,인천 주안동,폐기물청소,상가,잘하는곳
2026-09-03T15:05:30,인천 주안동 상가 폐기물청소 업체,seo-incheon-juan-dong-store-waste-cleaning-service,https://clever-griffin-93819d.netlify.app/seo-incheon-juan-dong-store-waste-cleaning-service/,인천 주안동,폐기물청소,상가,업체
2026-09-03T15:05:30,인천 주안동 상가 폐기물청소 당일상담,seo-incheon-juan-dong-store-waste-cleaning-same-day-consult,https://clever-griffin-93819d.netlify.app/seo-incheon-juan-dong-store-waste-cleaning-same-day-consult/,인천 주안동,폐기물청소,상가,당일상담
2026-09-03T15:05:30,인천 주안동 상가 폐기물청소 주말예약,seo-incheon-juan-dong-store-waste-cleaning-weekend-booking,https://clever-griffin-93819d.netlify.app/seo-incheon-juan-dong-store-waste-cleaning-weekend-booking/,인천 주안동,폐기물청소,상가,주말예약
2026-09-03T15:05:30,인천 주안동 상가 폐기물청소 청소범위,seo-incheon-juan-dong-store-waste-cleaning-scope,https://clever-griffin-93819d.netlify.app/seo-incheon-juan-dong-store-waste-cleaning-scope/,인천 주안동,폐기물청소,상가,청소범위
2026-09-03T15:05:30,인천 주안동 사무실 폐기물청소 전문업체,seo-incheon-juan-dong-office-waste-cleaning-company,https://clever-griffin-93819d.netlify.app/seo-incheon-juan-dong-office-waste-cleaning-company/,인천 주안동,폐기물청소,사무실,전문업체
2026-09-03T15:05:30,인천 주안동 사무실 폐기물청소 비용,seo-incheon-juan-dong-office-waste-cleaning-cost,https://clever-griffin-93819d.netlify.app/seo-incheon-juan-dong-office-waste-cleaning-cost/,인천 주안동,폐기물청소,사무실,비용
2026-09-03T15:05:30,인천 주안동 사무실 폐기물청소 가격,seo-incheon-juan-dong-office-waste-cleaning-price,https://clever-griffin-93819d.netlify.app/seo-incheon-juan-dong-office-waste-cleaning-price/,인천 주안동,폐기물청소,사무실,가격
2026-09-03T15:05:30,인천 주안동 사무실 폐기물청소 견적,seo-incheon-juan-dong-office-waste-cleaning-estimate,https://clever-griffin-93819d.netlify.app/seo-incheon-juan-dong-office-waste-cleaning-estimate/,인천 주안동,폐기물청소,사무실,견적
2026-09-03T15:05:30,인천 주안동 사무실 폐기물청소 예약,seo-incheon-juan-dong-office-waste-cleaning-booking,https://clever-griffin-93819d.netlify.app/seo-incheon-juan-dong-office-waste-cleaning-booking/,인천 주안동,폐기물청소,사무실,예약
2026-09-03T15:05:30,인천 주안동 사무실 폐기물청소 추천,seo-incheon-juan-dong-office-waste-cleaning-recommend,https://clever-griffin-93819d.netlify.app/seo-incheon-juan-dong-office-waste-cleaning-recommend/,인천 주안동,폐기물청소,사무실,추천
2026-09-03T15:05:30,인천 주안동 사무실 폐기물청소 후기,seo-incheon-juan-dong-office-waste-cleaning-review,https://clever-griffin-93819d.netlify.app/seo-incheon-juan-dong-office-waste-cleaning-review/,인천 주안동,폐기물청소,사무실,후기
2026-09-03T15:05:30,인천 주안동 사무실 폐기물청소 잘하는곳,seo-incheon-juan-dong-office-waste-cleaning-best,https://clever-griffin-93819d.netlify.app/seo-incheon-juan-dong-office-waste-cleaning-best/,인천 주안동,폐기물청소,사무실,잘하는곳
2026-09-03T15:05:30,인천 주안동 사무실 폐기물청소 업체,seo-incheon-juan-dong-office-waste-cleaning-service,https://clever-griffin-93819d.netlify.app/seo-incheon-juan-dong-office-waste-cleaning-service/,인천 주안동,폐기물청소,사무실,업체
2026-09-03T15:05:30,인천 주안동 사무실 폐기물청소 당일상담,seo-incheon-juan-dong-office-waste-cleaning-same-day-consult,https://clever-griffin-93819d.netlify.app/seo-incheon-juan-dong-office-waste-cleaning-same-day-consult/,인천 주안동,폐기물청소,사무실,당일상담
2026-09-03T15:05:30,인천 주안동 사무실 폐기물청소 주말예약,seo-incheon-juan-dong-office-waste-cleaning-weekend-booking,https://clever-griffin-93819d.netlify.app/seo-incheon-juan-dong-office-waste-cleaning-weekend-booking/,인천 주안동,폐기물청소,사무실,주말예약
2026-09-03T15:05:30,인천 주안동 사무실 폐기물청소 청소범위,seo-incheon-juan-dong-office-waste-cleaning-scope,https://clever-griffin-93819d.netlify.app/seo-incheon-juan-dong-office-waste-cleaning-scope/,인천 주안동,폐기물청소,사무실,청소범위
2026-09-03T15:05:30,인천 구월동 아파트 입주청소 전문업체,seo-incheon-guwol-dong-apartment-move-in-cleaning-company,https://clever-griffin-93819d.netlify.app/seo-incheon-guwol-dong-apartment-move-in-cleaning-company/,인천 구월동,입주청소,아파트,전문업체
2026-09-03T15:05:30,인천 구월동 아파트 입주청소 비용,seo-incheon-guwol-dong-apartment-move-in-cleaning-cost,https://clever-griffin-93819d.netlify.app/seo-incheon-guwol-dong-apartment-move-in-cleaning-cost/,인천 구월동,입주청소,아파트,비용
2026-09-03T15:05:30,인천 구월동 아파트 입주청소 가격,seo-incheon-guwol-dong-apartment-move-in-cleaning-price,https://clever-griffin-93819d.netlify.app/seo-incheon-guwol-dong-apartment-move-in-cleaning-price/,인천 구월동,입주청소,아파트,가격
2026-09-03T15:05:30,인천 구월동 아파트 입주청소 견적,seo-incheon-guwol-dong-apartment-move-in-cleaning-estimate,https://clever-griffin-93819d.netlify.app/seo-incheon-guwol-dong-apartment-move-in-cleaning-estimate/,인천 구월동,입주청소,아파트,견적
2026-09-03T15:05:30,인천 구월동 아파트 입주청소 예약,seo-incheon-guwol-dong-apartment-move-in-cleaning-booking,https://clever-griffin-93819d.netlify.app/seo-incheon-guwol-dong-apartment-move-in-cleaning-booking/,인천 구월동,입주청소,아파트,예약
2026-09-03T15:05:30,인천 구월동 아파트 입주청소 추천,seo-incheon-guwol-dong-apartment-move-in-cleaning-recommend,https://clever-griffin-93819d.netlify.app/seo-incheon-guwol-dong-apartment-move-in-cleaning-recommend/,인천 구월동,입주청소,아파트,추천
2026-09-03T15:05:30,인천 구월동 아파트 입주청소 후기,seo-incheon-guwol-dong-apartment-move-in-cleaning-review,https://clever-griffin-93819d.netlify.app/seo-incheon-guwol-dong-apartment-move-in-cleaning-review/,인천 구월동,입주청소,아파트,후기
2026-09-03T15:05:30,인천 구월동 아파트 입주청소 잘하는곳,seo-incheon-guwol-dong-apartment-move-in-cleaning-best,https://clever-griffin-93819d.netlify.app/seo-incheon-guwol-dong-apartment-move-in-cleaning-best/,인천 구월동,입주청소,아파트,잘하는곳
2026-09-03T15:05:30,인천 구월동 아파트 입주청소 업체,seo-incheon-guwol-dong-apartment-move-in-cleaning-service,https://clever-griffin-93819d.netlify.app/seo-incheon-guwol-dong-apartment-move-in-cleaning-service/,인천 구월동,입주청소,아파트,업체
2026-09-03T15:05:30,인천 구월동 아파트 입주청소 당일상담,seo-incheon-guwol-dong-apartment-move-in-cleaning-same-day-consult,https://clever-griffin-93819d.netlify.app/seo-incheon-guwol-dong-apartment-move-in-cleaning-same-day-consult/,인천 구월동,입주청소,아파트,당일상담
2026-09-03T15:05:30,인천 구월동 아파트 입주청소 주말예약,seo-incheon-guwol-dong-apartment-move-in-cleaning-weekend-booking,https://clever-griffin-93819d.netlify.app/seo-incheon-guwol-dong-apartment-move-in-cleaning-weekend-booking/,인천 구월동,입주청소,아파트,주말예약
2026-09-03T15:05:30,인천 구월동 아파트 입주청소 청소범위,seo-incheon-guwol-dong-apartment-move-in-cleaning-scope,https://clever-griffin-93819d.netlify.app/seo-incheon-guwol-dong-apartment-move-in-cleaning-scope/,인천 구월동,입주청소,아파트,청소범위
2026-09-03T15:05:30,인천 구월동 원룸 입주청소 전문업체,seo-incheon-guwol-dong-one-room-move-in-cleaning-company,https://clever-griffin-93819d.netlify.app/seo-incheon-guwol-dong-one-room-move-in-cleaning-company/,인천 구월동,입주청소,원룸,전문업체
2026-09-03T15:05:30,인천 구월동 원룸 입주청소 비용,seo-incheon-guwol-dong-one-room-move-in-cleaning-cost,https://clever-griffin-93819d.netlify.app/seo-incheon-guwol-dong-one-room-move-in-cleaning-cost/,인천 구월동,입주청소,원룸,비용
2026-09-03T15:05:30,인천 구월동 원룸 입주청소 가격,seo-incheon-guwol-dong-one-room-move-in-cleaning-price,https://clever-griffin-93819d.netlify.app/seo-incheon-guwol-dong-one-room-move-in-cleaning-price/,인천 구월동,입주청소,원룸,가격
2026-09-03T15:05:30,인천 구월동 원룸 입주청소 견적,seo-incheon-guwol-dong-one-room-move-in-cleaning-estimate,https://clever-griffin-93819d.netlify.app/seo-incheon-guwol-dong-one-room-move-in-cleaning-estimate/,인천 구월동,입주청소,원룸,견적
2026-09-03T15:05:30,인천 구월동 원룸 입주청소 예약,seo-incheon-guwol-dong-one-room-move-in-cleaning-booking,https://clever-griffin-93819d.netlify.app/seo-incheon-guwol-dong-one-room-move-in-cleaning-booking/,인천 구월동,입주청소,원룸,예약
2026-09-03T15:05:30,인천 구월동 원룸 입주청소 추천,seo-incheon-guwol-dong-one-room-move-in-cleaning-recommend,https://clever-griffin-93819d.netlify.app/seo-incheon-guwol-dong-one-room-move-in-cleaning-recommend/,인천 구월동,입주청소,원룸,추천
2026-09-03T15:05:30,인천 구월동 원룸 입주청소 후기,seo-incheon-guwol-dong-one-room-move-in-cleaning-review,https://clever-griffin-93819d.netlify.app/seo-incheon-guwol-dong-one-room-move-in-cleaning-review/,인천 구월동,입주청소,원룸,후기
2026-09-03T15:05:30,인천 구월동 원룸 입주청소 잘하는곳,seo-incheon-guwol-dong-one-room-move-in-cleaning-best,https://clever-griffin-93819d.netlify.app/seo-incheon-guwol-dong-one-room-move-in-cleaning-best/,인천 구월동,입주청소,원룸,잘하는곳
2026-09-03T15:05:30,인천 구월동 원룸 입주청소 업체,seo-incheon-guwol-dong-one-room-move-in-cleaning-service,https://clever-griffin-93819d.netlify.app/seo-incheon-guwol-dong-one-room-move-in-cleaning-service/,인천 구월동,입주청소,원룸,업체
2026-09-03T15:05:30,인천 구월동 원룸 입주청소 당일상담,seo-incheon-guwol-dong-one-room-move-in-cleaning-same-day-consult,https://clever-griffin-93819d.netlify.app/seo-incheon-guwol-dong-one-room-move-in-cleaning-same-day-consult/,인천 구월동,입주청소,원룸,당일상담
2026-09-03T15:05:30,인천 구월동 원룸 입주청소 주말예약,seo-incheon-guwol-dong-one-room-move-in-cleaning-weekend-booking,https://clever-griffin-93819d.netlify.app/seo-incheon-guwol-dong-one-room-move-in-cleaning-weekend-booking/,인천 구월동,입주청소,원룸,주말예약
2026-09-03T15:05:30,인천 구월동 원룸 입주청소 청소범위,seo-incheon-guwol-dong-one-room-move-in-cleaning-scope,https://clever-griffin-93819d.netlify.app/seo-incheon-guwol-dong-one-room-move-in-cleaning-scope/,인천 구월동,입주청소,원룸,청소범위
2026-09-03T15:05:30,인천 구월동 빌라 입주청소 전문업체,seo-incheon-guwol-dong-villa-move-in-cleaning-company,https://clever-griffin-93819d.netlify.app/seo-incheon-guwol-dong-villa-move-in-cleaning-company/,인천 구월동,입주청소,빌라,전문업체
2026-09-03T15:05:30,인천 구월동 빌라 입주청소 비용,seo-incheon-guwol-dong-villa-move-in-cleaning-cost,https://clever-griffin-93819d.netlify.app/seo-incheon-guwol-dong-villa-move-in-cleaning-cost/,인천 구월동,입주청소,빌라,비용
2026-09-03T15:05:30,인천 구월동 빌라 입주청소 가격,seo-incheon-guwol-dong-villa-move-in-cleaning-price,https://clever-griffin-93819d.netlify.app/seo-incheon-guwol-dong-villa-move-in-cleaning-price/,인천 구월동,입주청소,빌라,가격
2026-09-03T15:05:30,인천 구월동 빌라 입주청소 견적,seo-incheon-guwol-dong-villa-move-in-cleaning-estimate,https://clever-griffin-93819d.netlify.app/seo-incheon-guwol-dong-villa-move-in-cleaning-estimate/,인천 구월동,입주청소,빌라,견적
2026-09-03T15:05:30,인천 구월동 빌라 입주청소 예약,seo-incheon-guwol-dong-villa-move-in-cleaning-booking,https://clever-griffin-93819d.netlify.app/seo-incheon-guwol-dong-villa-move-in-cleaning-booking/,인천 구월동,입주청소,빌라,예약
2026-09-03T15:05:30,인천 구월동 빌라 입주청소 추천,seo-incheon-guwol-dong-villa-move-in-cleaning-recommend,https://clever-griffin-93819d.netlify.app/seo-incheon-guwol-dong-villa-move-in-cleaning-recommend/,인천 구월동,입주청소,빌라,추천
2026-09-03T15:05:30,인천 구월동 빌라 입주청소 후기,seo-incheon-guwol-dong-villa-move-in-cleaning-review,https://clever-griffin-93819d.netlify.app/seo-incheon-guwol-dong-villa-move-in-cleaning-review/,인천 구월동,입주청소,빌라,후기
2026-09-03T15:05:30,인천 구월동 빌라 입주청소 잘하는곳,seo-incheon-guwol-dong-villa-move-in-cleaning-best,https://clever-griffin-93819d.netlify.app/seo-incheon-guwol-dong-villa-move-in-cleaning-best/,인천 구월동,입주청소,빌라,잘하는곳
2026-09-03T15:05:30,인천 구월동 빌라 입주청소 업체,seo-incheon-guwol-dong-villa-move-in-cleaning-service,https://clever-griffin-93819d.netlify.app/seo-incheon-guwol-dong-villa-move-in-cleaning-service/,인천 구월동,입주청소,빌라,업체
2026-09-03T15:05:30,인천 구월동 빌라 입주청소 당일상담,seo-incheon-guwol-dong-villa-move-in-cleaning-same-day-consult,https://clever-griffin-93819d.netlify.app/seo-incheon-guwol-dong-villa-move-in-cleaning-same-day-consult/,인천 구월동,입주청소,빌라,당일상담
2026-09-03T15:05:30,인천 구월동 빌라 입주청소 주말예약,seo-incheon-guwol-dong-villa-move-in-cleaning-weekend-booking,https://clever-griffin-93819d.netlify.app/seo-incheon-guwol-dong-villa-move-in-cleaning-weekend-booking/,인천 구월동,입주청소,빌라,주말예약
2026-09-03T15:05:30,인천 구월동 빌라 입주청소 청소범위,seo-incheon-guwol-dong-villa-move-in-cleaning-scope,https://clever-griffin-93819d.netlify.app/seo-incheon-guwol-dong-villa-move-in-cleaning-scope/,인천 구월동,입주청소,빌라,청소범위
2026-09-03T15:05:30,인천 구월동 오피스텔 입주청소 전문업체,seo-incheon-guwol-dong-officetel-move-in-cleaning-company,https://clever-griffin-93819d.netlify.app/seo-incheon-guwol-dong-officetel-move-in-cleaning-company/,인천 구월동,입주청소,오피스텔,전문업체
2026-09-03T15:05:30,인천 구월동 오피스텔 입주청소 비용,seo-incheon-guwol-dong-officetel-move-in-cleaning-cost,https://clever-griffin-93819d.netlify.app/seo-incheon-guwol-dong-officetel-move-in-cleaning-cost/,인천 구월동,입주청소,오피스텔,비용
2026-09-03T15:05:30,인천 구월동 오피스텔 입주청소 가격,seo-incheon-guwol-dong-officetel-move-in-cleaning-price,https://clever-griffin-93819d.netlify.app/seo-incheon-guwol-dong-officetel-move-in-cleaning-price/,인천 구월동,입주청소,오피스텔,가격
2026-09-03T15:05:30,인천 구월동 오피스텔 입주청소 견적,seo-incheon-guwol-dong-officetel-move-in-cleaning-estimate,https://clever-griffin-93819d.netlify.app/seo-incheon-guwol-dong-officetel-move-in-cleaning-estimate/,인천 구월동,입주청소,오피스텔,견적
2026-09-03T15:05:30,인천 구월동 오피스텔 입주청소 예약,seo-incheon-guwol-dong-officetel-move-in-cleaning-booking,https://clever-griffin-93819d.netlify.app/seo-incheon-guwol-dong-officetel-move-in-cleaning-booking/,인천 구월동,입주청소,오피스텔,예약
2026-09-03T15:05:30,인천 구월동 오피스텔 입주청소 추천,seo-incheon-guwol-dong-officetel-move-in-cleaning-recommend,https://clever-griffin-93819d.netlify.app/seo-incheon-guwol-dong-officetel-move-in-cleaning-recommend/,인천 구월동,입주청소,오피스텔,추천
2026-09-03T15:05:30,인천 구월동 오피스텔 입주청소 후기,seo-incheon-guwol-dong-officetel-move-in-cleaning-review,https://clever-griffin-93819d.netlify.app/seo-incheon-guwol-dong-officetel-move-in-cleaning-review/,인천 구월동,입주청소,오피스텔,후기
2026-09-03T15:05:30,인천 구월동 오피스텔 입주청소 잘하는곳,seo-incheon-guwol-dong-officetel-move-in-cleaning-best,https://clever-griffin-93819d.netlify.app/seo-incheon-guwol-dong-officetel-move-in-cleaning-best/,인천 구월동,입주청소,오피스텔,잘하는곳
2026-09-03T15:05:30,인천 구월동 오피스텔 입주청소 업체,seo-incheon-guwol-dong-officetel-move-in-cleaning-service,https://clever-griffin-93819d.netlify.app/seo-incheon-guwol-dong-officetel-move-in-cleaning-service/,인천 구월동,입주청소,오피스텔,업체
2026-09-03T15:05:30,인천 구월동 오피스텔 입주청소 당일상담,seo-incheon-guwol-dong-officetel-move-in-cleaning-same-day-consult,https://clever-griffin-93819d.netlify.app/seo-incheon-guwol-dong-officetel-move-in-cleaning-same-day-consult/,인천 구월동,입주청소,오피스텔,당일상담
2026-09-03T15:05:30,인천 구월동 오피스텔 입주청소 주말예약,seo-incheon-guwol-dong-officetel-move-in-cleaning-weekend-booking,https://clever-griffin-93819d.netlify.app/seo-incheon-guwol-dong-officetel-move-in-cleaning-weekend-booking/,인천 구월동,입주청소,오피스텔,주말예약
2026-09-03T15:05:30,인천 구월동 오피스텔 입주청소 청소범위,seo-incheon-guwol-dong-officetel-move-in-cleaning-scope,https://clever-griffin-93819d.netlify.app/seo-incheon-guwol-dong-officetel-move-in-cleaning-scope/,인천 구월동,입주청소,오피스텔,청소범위
2026-09-03T15:05:30,인천 구월동 상가 입주청소 전문업체,seo-incheon-guwol-dong-store-move-in-cleaning-company,https://clever-griffin-93819d.netlify.app/seo-incheon-guwol-dong-store-move-in-cleaning-company/,인천 구월동,입주청소,상가,전문업체
2026-09-03T15:05:30,인천 구월동 상가 입주청소 비용,seo-incheon-guwol-dong-store-move-in-cleaning-cost,https://clever-griffin-93819d.netlify.app/seo-incheon-guwol-dong-store-move-in-cleaning-cost/,인천 구월동,입주청소,상가,비용
2026-09-03T15:05:30,인천 구월동 상가 입주청소 가격,seo-incheon-guwol-dong-store-move-in-cleaning-price,https://clever-griffin-93819d.netlify.app/seo-incheon-guwol-dong-store-move-in-cleaning-price/,인천 구월동,입주청소,상가,가격
2026-09-03T15:05:30,인천 구월동 상가 입주청소 견적,seo-incheon-guwol-dong-store-move-in-cleaning-estimate,https://clever-griffin-93819d.netlify.app/seo-incheon-guwol-dong-store-move-in-cleaning-estimate/,인천 구월동,입주청소,상가,견적
2026-09-03T15:05:30,인천 구월동 상가 입주청소 예약,seo-incheon-guwol-dong-store-move-in-cleaning-booking,https://clever-griffin-93819d.netlify.app/seo-incheon-guwol-dong-store-move-in-cleaning-booking/,인천 구월동,입주청소,상가,예약
2026-09-03T15:05:30,인천 구월동 상가 입주청소 추천,seo-incheon-guwol-dong-store-move-in-cleaning-recommend,https://clever-griffin-93819d.netlify.app/seo-incheon-guwol-dong-store-move-in-cleaning-recommend/,인천 구월동,입주청소,상가,추천
2026-09-03T15:05:30,인천 구월동 상가 입주청소 후기,seo-incheon-guwol-dong-store-move-in-cleaning-review,https://clever-griffin-93819d.netlify.app/seo-incheon-guwol-dong-store-move-in-cleaning-review/,인천 구월동,입주청소,상가,후기
2026-09-03T15:05:30,인천 구월동 상가 입주청소 잘하는곳,seo-incheon-guwol-dong-store-move-in-cleaning-best,https://clever-griffin-93819d.netlify.app/seo-incheon-guwol-dong-store-move-in-cleaning-best/,인천 구월동,입주청소,상가,잘하는곳
2026-09-03T15:05:30,인천 구월동 상가 입주청소 업체,seo-incheon-guwol-dong-store-move-in-cleaning-service,https://clever-griffin-93819d.netlify.app/seo-incheon-guwol-dong-store-move-in-cleaning-service/,인천 구월동,입주청소,상가,업체
2026-09-03T15:05:30,인천 구월동 상가 입주청소 당일상담,seo-incheon-guwol-dong-store-move-in-cleaning-same-day-consult,https://clever-griffin-93819d.netlify.app/seo-incheon-guwol-dong-store-move-in-cleaning-same-day-consult/,인천 구월동,입주청소,상가,당일상담
2026-09-03T15:05:30,인천 구월동 상가 입주청소 주말예약,seo-incheon-guwol-dong-store-move-in-cleaning-weekend-booking,https://clever-griffin-93819d.netlify.app/seo-incheon-guwol-dong-store-move-in-cleaning-weekend-booking/,인천 구월동,입주청소,상가,주말예약
2026-09-03T15:05:30,인천 구월동 상가 입주청소 청소범위,seo-incheon-guwol-dong-store-move-in-cleaning-scope,https://clever-griffin-93819d.netlify.app/seo-incheon-guwol-dong-store-move-in-cleaning-scope/,인천 구월동,입주청소,상가,청소범위
2026-09-03T15:05:30,인천 구월동 사무실 입주청소 전문업체,seo-incheon-guwol-dong-office-move-in-cleaning-company,https://clever-griffin-93819d.netlify.app/seo-incheon-guwol-dong-office-move-in-cleaning-company/,인천 구월동,입주청소,사무실,전문업체
2026-09-03T15:05:30,인천 구월동 사무실 입주청소 비용,seo-incheon-guwol-dong-office-move-in-cleaning-cost,https://clever-griffin-93819d.netlify.app/seo-incheon-guwol-dong-office-move-in-cleaning-cost/,인천 구월동,입주청소,사무실,비용
2026-09-03T15:05:30,인천 구월동 사무실 입주청소 가격,seo-incheon-guwol-dong-office-move-in-cleaning-price,https://clever-griffin-93819d.netlify.app/seo-incheon-guwol-dong-office-move-in-cleaning-price/,인천 구월동,입주청소,사무실,가격
2026-09-03T15:05:30,인천 구월동 사무실 입주청소 견적,seo-incheon-guwol-dong-office-move-in-cleaning-estimate,https://clever-griffin-93819d.netlify.app/seo-incheon-guwol-dong-office-move-in-cleaning-estimate/,인천 구월동,입주청소,사무실,견적
2026-09-03T15:05:30,인천 구월동 사무실 입주청소 예약,seo-incheon-guwol-dong-office-move-in-cleaning-booking,https://clever-griffin-93819d.netlify.app/seo-incheon-guwol-dong-office-move-in-cleaning-booking/,인천 구월동,입주청소,사무실,예약
2026-09-03T15:05:30,인천 구월동 사무실 입주청소 추천,seo-incheon-guwol-dong-office-move-in-cleaning-recommend,https://clever-griffin-93819d.netlify.app/seo-incheon-guwol-dong-office-move-in-cleaning-recommend/,인천 구월동,입주청소,사무실,추천
2026-09-03T15:05:30,인천 구월동 사무실 입주청소 후기,seo-incheon-guwol-dong-office-move-in-cleaning-review,https://clever-griffin-93819d.netlify.app/seo-incheon-guwol-dong-office-move-in-cleaning-review/,인천 구월동,입주청소,사무실,후기
2026-09-03T15:05:30,인천 구월동 사무실 입주청소 잘하는곳,seo-incheon-guwol-dong-office-move-in-cleaning-best,https://clever-griffin-93819d.netlify.app/seo-incheon-guwol-dong-office-move-in-cleaning-best/,인천 구월동,입주청소,사무실,잘하는곳
2026-09-03T15:05:30,인천 구월동 사무실 입주청소 업체,seo-incheon-guwol-dong-office-move-in-cleaning-service,https://clever-griffin-93819d.netlify.app/seo-incheon-guwol-dong-office-move-in-cleaning-service/,인천 구월동,입주청소,사무실,업체
2026-09-03T15:05:30,인천 구월동 사무실 입주청소 당일상담,seo-incheon-guwol-dong-office-move-in-cleaning-same-day-consult,https://clever-griffin-93819d.netlify.app/seo-incheon-guwol-dong-office-move-in-cleaning-same-day-consult/,인천 구월동,입주청소,사무실,당일상담
2026-09-03T15:05:30,인천 구월동 사무실 입주청소 주말예약,seo-incheon-guwol-dong-office-move-in-cleaning-weekend-booking,https://clever-griffin-93819d.netlify.app/seo-incheon-guwol-dong-office-move-in-cleaning-weekend-booking/,인천 구월동,입주청소,사무실,주말예약
2026-09-03T15:05:30,인천 구월동 사무실 입주청소 청소범위,seo-incheon-guwol-dong-office-move-in-cleaning-scope,https://clever-griffin-93819d.netlify.app/seo-incheon-guwol-dong-office-move-in-cleaning-scope/,인천 구월동,입주청소,사무실,청소범위
2026-09-03T15:05:30,인천 구월동 아파트 이사청소 전문업체,seo-incheon-guwol-dong-apartment-moving-cleaning-company,https://clever-griffin-93819d.netlify.app/seo-incheon-guwol-dong-apartment-moving-cleaning-company/,인천 구월동,이사청소,아파트,전문업체
2026-09-03T15:05:30,인천 구월동 아파트 이사청소 비용,seo-incheon-guwol-dong-apartment-moving-cleaning-cost,https://clever-griffin-93819d.netlify.app/seo-incheon-guwol-dong-apartment-moving-cleaning-cost/,인천 구월동,이사청소,아파트,비용
2026-09-03T15:05:30,인천 구월동 아파트 이사청소 가격,seo-incheon-guwol-dong-apartment-moving-cleaning-price,https://clever-griffin-93819d.netlify.app/seo-incheon-guwol-dong-apartment-moving-cleaning-price/,인천 구월동,이사청소,아파트,가격
2026-09-03T15:05:30,인천 구월동 아파트 이사청소 견적,seo-incheon-guwol-dong-apartment-moving-cleaning-estimate,https://clever-griffin-93819d.netlify.app/seo-incheon-guwol-dong-apartment-moving-cleaning-estimate/,인천 구월동,이사청소,아파트,견적
2026-09-03T15:05:30,인천 구월동 아파트 이사청소 예약,seo-incheon-guwol-dong-apartment-moving-cleaning-booking,https://clever-griffin-93819d.netlify.app/seo-incheon-guwol-dong-apartment-moving-cleaning-booking/,인천 구월동,이사청소,아파트,예약
2026-09-03T15:05:30,인천 구월동 아파트 이사청소 추천,seo-incheon-guwol-dong-apartment-moving-cleaning-recommend,https://clever-griffin-93819d.netlify.app/seo-incheon-guwol-dong-apartment-moving-cleaning-recommend/,인천 구월동,이사청소,아파트,추천
2026-09-03T15:05:30,인천 구월동 아파트 이사청소 후기,seo-incheon-guwol-dong-apartment-moving-cleaning-review,https://clever-griffin-93819d.netlify.app/seo-incheon-guwol-dong-apartment-moving-cleaning-review/,인천 구월동,이사청소,아파트,후기
2026-09-03T15:05:30,인천 구월동 아파트 이사청소 잘하는곳,seo-incheon-guwol-dong-apartment-moving-cleaning-best,https://clever-griffin-93819d.netlify.app/seo-incheon-guwol-dong-apartment-moving-cleaning-best/,인천 구월동,이사청소,아파트,잘하는곳
2026-09-03T15:05:30,인천 구월동 아파트 이사청소 업체,seo-incheon-guwol-dong-apartment-moving-cleaning-service,https://clever-griffin-93819d.netlify.app/seo-incheon-guwol-dong-apartment-moving-cleaning-service/,인천 구월동,이사청소,아파트,업체
2026-09-03T15:05:30,인천 구월동 아파트 이사청소 당일상담,seo-incheon-guwol-dong-apartment-moving-cleaning-same-day-consult,https://clever-griffin-93819d.netlify.app/seo-incheon-guwol-dong-apartment-moving-cleaning-same-day-consult/,인천 구월동,이사청소,아파트,당일상담
2026-09-03T15:05:30,인천 구월동 아파트 이사청소 주말예약,seo-incheon-guwol-dong-apartment-moving-cleaning-weekend-booking,https://clever-griffin-93819d.netlify.app/seo-incheon-guwol-dong-apartment-moving-cleaning-weekend-booking/,인천 구월동,이사청소,아파트,주말예약
2026-09-03T15:05:30,인천 구월동 아파트 이사청소 청소범위,seo-incheon-guwol-dong-apartment-moving-cleaning-scope,https://clever-griffin-93819d.netlify.app/seo-incheon-guwol-dong-apartment-moving-cleaning-scope/,인천 구월동,이사청소,아파트,청소범위
2026-09-03T15:05:30,인천 구월동 원룸 이사청소 전문업체,seo-incheon-guwol-dong-one-room-moving-cleaning-company,https://clever-griffin-93819d.netlify.app/seo-incheon-guwol-dong-one-room-moving-cleaning-company/,인천 구월동,이사청소,원룸,전문업체
2026-09-03T15:05:30,인천 구월동 원룸 이사청소 비용,seo-incheon-guwol-dong-one-room-moving-cleaning-cost,https://clever-griffin-93819d.netlify.app/seo-incheon-guwol-dong-one-room-moving-cleaning-cost/,인천 구월동,이사청소,원룸,비용
2026-09-03T15:05:30,인천 구월동 원룸 이사청소 가격,seo-incheon-guwol-dong-one-room-moving-cleaning-price,https://clever-griffin-93819d.netlify.app/seo-incheon-guwol-dong-one-room-moving-cleaning-price/,인천 구월동,이사청소,원룸,가격
2026-09-03T15:05:30,인천 구월동 원룸 이사청소 견적,seo-incheon-guwol-dong-one-room-moving-cleaning-estimate,https://clever-griffin-93819d.netlify.app/seo-incheon-guwol-dong-one-room-moving-cleaning-estimate/,인천 구월동,이사청소,원룸,견적
2026-09-03T15:05:30,인천 구월동 원룸 이사청소 예약,seo-incheon-guwol-dong-one-room-moving-cleaning-booking,https://clever-griffin-93819d.netlify.app/seo-incheon-guwol-dong-one-room-moving-cleaning-booking/,인천 구월동,이사청소,원룸,예약
2026-09-03T15:05:30,인천 구월동 원룸 이사청소 추천,seo-incheon-guwol-dong-one-room-moving-cleaning-recommend,https://clever-griffin-93819d.netlify.app/seo-incheon-guwol-dong-one-room-moving-cleaning-recommend/,인천 구월동,이사청소,원룸,추천
2026-09-03T15:05:30,인천 구월동 원룸 이사청소 후기,seo-incheon-guwol-dong-one-room-moving-cleaning-review,https://clever-griffin-93819d.netlify.app/seo-incheon-guwol-dong-one-room-moving-cleaning-review/,인천 구월동,이사청소,원룸,후기
2026-09-03T15:05:30,인천 구월동 원룸 이사청소 잘하는곳,seo-incheon-guwol-dong-one-room-moving-cleaning-best,https://clever-griffin-93819d.netlify.app/seo-incheon-guwol-dong-one-room-moving-cleaning-best/,인천 구월동,이사청소,원룸,잘하는곳
2026-09-03T15:05:30,인천 구월동 원룸 이사청소 업체,seo-incheon-guwol-dong-one-room-moving-cleaning-service,https://clever-griffin-93819d.netlify.app/seo-incheon-guwol-dong-one-room-moving-cleaning-service/,인천 구월동,이사청소,원룸,업체
2026-09-03T15:05:30,인천 구월동 원룸 이사청소 당일상담,seo-incheon-guwol-dong-one-room-moving-cleaning-same-day-consult,https://clever-griffin-93819d.netlify.app/seo-incheon-guwol-dong-one-room-moving-cleaning-same-day-consult/,인천 구월동,이사청소,원룸,당일상담
2026-09-03T15:05:30,인천 구월동 원룸 이사청소 주말예약,seo-incheon-guwol-dong-one-room-moving-cleaning-weekend-booking,https://clever-griffin-93819d.netlify.app/seo-incheon-guwol-dong-one-room-moving-cleaning-weekend-booking/,인천 구월동,이사청소,원룸,주말예약
2026-09-03T15:05:30,인천 구월동 원룸 이사청소 청소범위,seo-incheon-guwol-dong-one-room-moving-cleaning-scope,https://clever-griffin-93819d.netlify.app/seo-incheon-guwol-dong-one-room-moving-cleaning-scope/,인천 구월동,이사청소,원룸,청소범위
2026-09-03T15:05:30,인천 구월동 빌라 이사청소 전문업체,seo-incheon-guwol-dong-villa-moving-cleaning-company,https://clever-griffin-93819d.netlify.app/seo-incheon-guwol-dong-villa-moving-cleaning-company/,인천 구월동,이사청소,빌라,전문업체
2026-09-03T15:05:30,인천 구월동 빌라 이사청소 비용,seo-incheon-guwol-dong-villa-moving-cleaning-cost,https://clever-griffin-93819d.netlify.app/seo-incheon-guwol-dong-villa-moving-cleaning-cost/,인천 구월동,이사청소,빌라,비용
2026-09-03T15:05:30,인천 구월동 빌라 이사청소 가격,seo-incheon-guwol-dong-villa-moving-cleaning-price,https://clever-griffin-93819d.netlify.app/seo-incheon-guwol-dong-villa-moving-cleaning-price/,인천 구월동,이사청소,빌라,가격
2026-09-03T15:05:30,인천 구월동 빌라 이사청소 견적,seo-incheon-guwol-dong-villa-moving-cleaning-estimate,https://clever-griffin-93819d.netlify.app/seo-incheon-guwol-dong-villa-moving-cleaning-estimate/,인천 구월동,이사청소,빌라,견적
2026-09-03T15:05:30,인천 구월동 빌라 이사청소 예약,seo-incheon-guwol-dong-villa-moving-cleaning-booking,https://clever-griffin-93819d.netlify.app/seo-incheon-guwol-dong-villa-moving-cleaning-booking/,인천 구월동,이사청소,빌라,예약
2026-09-03T15:05:30,인천 구월동 빌라 이사청소 추천,seo-incheon-guwol-dong-villa-moving-cleaning-recommend,https://clever-griffin-93819d.netlify.app/seo-incheon-guwol-dong-villa-moving-cleaning-recommend/,인천 구월동,이사청소,빌라,추천
2026-09-03T15:05:30,인천 구월동 빌라 이사청소 후기,seo-incheon-guwol-dong-villa-moving-cleaning-review,https://clever-griffin-93819d.netlify.app/seo-incheon-guwol-dong-villa-moving-cleaning-review/,인천 구월동,이사청소,빌라,후기
2026-09-03T15:05:30,인천 구월동 빌라 이사청소 잘하는곳,seo-incheon-guwol-dong-villa-moving-cleaning-best,https://clever-griffin-93819d.netlify.app/seo-incheon-guwol-dong-villa-moving-cleaning-best/,인천 구월동,이사청소,빌라,잘하는곳
2026-09-03T15:05:30,인천 구월동 빌라 이사청소 업체,seo-incheon-guwol-dong-villa-moving-cleaning-service,https://clever-griffin-93819d.netlify.app/seo-incheon-guwol-dong-villa-moving-cleaning-service/,인천 구월동,이사청소,빌라,업체
2026-09-03T15:05:30,인천 구월동 빌라 이사청소 당일상담,seo-incheon-guwol-dong-villa-moving-cleaning-same-day-consult,https://clever-griffin-93819d.netlify.app/seo-incheon-guwol-dong-villa-moving-cleaning-same-day-consult/,인천 구월동,이사청소,빌라,당일상담
2026-09-03T15:05:30,인천 구월동 빌라 이사청소 주말예약,seo-incheon-guwol-dong-villa-moving-cleaning-weekend-booking,https://clever-griffin-93819d.netlify.app/seo-incheon-guwol-dong-villa-moving-cleaning-weekend-booking/,인천 구월동,이사청소,빌라,주말예약
2026-09-03T15:05:30,인천 구월동 빌라 이사청소 청소범위,seo-incheon-guwol-dong-villa-moving-cleaning-scope,https://clever-griffin-93819d.netlify.app/seo-incheon-guwol-dong-villa-moving-cleaning-scope/,인천 구월동,이사청소,빌라,청소범위
2026-09-03T15:05:30,인천 구월동 오피스텔 이사청소 전문업체,seo-incheon-guwol-dong-officetel-moving-cleaning-company,https://clever-griffin-93819d.netlify.app/seo-incheon-guwol-dong-officetel-moving-cleaning-company/,인천 구월동,이사청소,오피스텔,전문업체
2026-09-03T15:05:30,인천 구월동 오피스텔 이사청소 비용,seo-incheon-guwol-dong-officetel-moving-cleaning-cost,https://clever-griffin-93819d.netlify.app/seo-incheon-guwol-dong-officetel-moving-cleaning-cost/,인천 구월동,이사청소,오피스텔,비용
2026-09-03T15:05:30,인천 구월동 오피스텔 이사청소 가격,seo-incheon-guwol-dong-officetel-moving-cleaning-price,https://clever-griffin-93819d.netlify.app/seo-incheon-guwol-dong-officetel-moving-cleaning-price/,인천 구월동,이사청소,오피스텔,가격
2026-09-03T15:05:30,인천 구월동 오피스텔 이사청소 견적,seo-incheon-guwol-dong-officetel-moving-cleaning-estimate,https://clever-griffin-93819d.netlify.app/seo-incheon-guwol-dong-officetel-moving-cleaning-estimate/,인천 구월동,이사청소,오피스텔,견적
2026-09-03T15:05:30,인천 구월동 오피스텔 이사청소 예약,seo-incheon-guwol-dong-officetel-moving-cleaning-booking,https://clever-griffin-93819d.netlify.app/seo-incheon-guwol-dong-officetel-moving-cleaning-booking/,인천 구월동,이사청소,오피스텔,예약
2026-09-03T15:05:30,인천 구월동 오피스텔 이사청소 추천,seo-incheon-guwol-dong-officetel-moving-cleaning-recommend,https://clever-griffin-93819d.netlify.app/seo-incheon-guwol-dong-officetel-moving-cleaning-recommend/,인천 구월동,이사청소,오피스텔,추천
2026-09-03T15:05:30,인천 구월동 오피스텔 이사청소 후기,seo-incheon-guwol-dong-officetel-moving-cleaning-review,https://clever-griffin-93819d.netlify.app/seo-incheon-guwol-dong-officetel-moving-cleaning-review/,인천 구월동,이사청소,오피스텔,후기
2026-09-03T15:05:30,인천 구월동 오피스텔 이사청소 잘하는곳,seo-incheon-guwol-dong-officetel-moving-cleaning-best,https://clever-griffin-93819d.netlify.app/seo-incheon-guwol-dong-officetel-moving-cleaning-best/,인천 구월동,이사청소,오피스텔,잘하는곳
2026-09-03T15:05:30,인천 구월동 오피스텔 이사청소 업체,seo-incheon-guwol-dong-officetel-moving-cleaning-service,https://clever-griffin-93819d.netlify.app/seo-incheon-guwol-dong-officetel-moving-cleaning-service/,인천 구월동,이사청소,오피스텔,업체
2026-09-03T15:05:30,인천 구월동 오피스텔 이사청소 당일상담,seo-incheon-guwol-dong-officetel-moving-cleaning-same-day-consult,https://clever-griffin-93819d.netlify.app/seo-incheon-guwol-dong-officetel-moving-cleaning-same-day-consult/,인천 구월동,이사청소,오피스텔,당일상담
2026-09-03T15:05:30,인천 구월동 오피스텔 이사청소 주말예약,seo-incheon-guwol-dong-officetel-moving-cleaning-weekend-booking,https://clever-griffin-93819d.netlify.app/seo-incheon-guwol-dong-officetel-moving-cleaning-weekend-booking/,인천 구월동,이사청소,오피스텔,주말예약
2026-09-03T15:05:30,인천 구월동 오피스텔 이사청소 청소범위,seo-incheon-guwol-dong-officetel-moving-cleaning-scope,https://clever-griffin-93819d.netlify.app/seo-incheon-guwol-dong-officetel-moving-cleaning-scope/,인천 구월동,이사청소,오피스텔,청소범위
2026-09-03T15:05:30,인천 구월동 상가 이사청소 전문업체,seo-incheon-guwol-dong-store-moving-cleaning-company,https://clever-griffin-93819d.netlify.app/seo-incheon-guwol-dong-store-moving-cleaning-company/,인천 구월동,이사청소,상가,전문업체
2026-09-03T15:05:30,인천 구월동 상가 이사청소 비용,seo-incheon-guwol-dong-store-moving-cleaning-cost,https://clever-griffin-93819d.netlify.app/seo-incheon-guwol-dong-store-moving-cleaning-cost/,인천 구월동,이사청소,상가,비용
2026-09-03T15:05:30,인천 구월동 상가 이사청소 가격,seo-incheon-guwol-dong-store-moving-cleaning-price,https://clever-griffin-93819d.netlify.app/seo-incheon-guwol-dong-store-moving-cleaning-price/,인천 구월동,이사청소,상가,가격
2026-09-03T15:05:30,인천 구월동 상가 이사청소 견적,seo-incheon-guwol-dong-store-moving-cleaning-estimate,https://clever-griffin-93819d.netlify.app/seo-incheon-guwol-dong-store-moving-cleaning-estimate/,인천 구월동,이사청소,상가,견적
2026-09-03T15:05:30,인천 구월동 상가 이사청소 예약,seo-incheon-guwol-dong-store-moving-cleaning-booking,https://clever-griffin-93819d.netlify.app/seo-incheon-guwol-dong-store-moving-cleaning-booking/,인천 구월동,이사청소,상가,예약
2026-09-03T15:05:30,인천 구월동 상가 이사청소 추천,seo-incheon-guwol-dong-store-moving-cleaning-recommend,https://clever-griffin-93819d.netlify.app/seo-incheon-guwol-dong-store-moving-cleaning-recommend/,인천 구월동,이사청소,상가,추천
2026-09-03T15:05:30,인천 구월동 상가 이사청소 후기,seo-incheon-guwol-dong-store-moving-cleaning-review,https://clever-griffin-93819d.netlify.app/seo-incheon-guwol-dong-store-moving-cleaning-review/,인천 구월동,이사청소,상가,후기
2026-09-03T15:05:30,인천 구월동 상가 이사청소 잘하는곳,seo-incheon-guwol-dong-store-moving-cleaning-best,https://clever-griffin-93819d.netlify.app/seo-incheon-guwol-dong-store-moving-cleaning-best/,인천 구월동,이사청소,상가,잘하는곳
2026-09-03T15:05:30,인천 구월동 상가 이사청소 업체,seo-incheon-guwol-dong-store-moving-cleaning-service,https://clever-griffin-93819d.netlify.app/seo-incheon-guwol-dong-store-moving-cleaning-service/,인천 구월동,이사청소,상가,업체
2026-09-03T15:05:30,인천 구월동 상가 이사청소 당일상담,seo-incheon-guwol-dong-store-moving-cleaning-same-day-consult,https://clever-griffin-93819d.netlify.app/seo-incheon-guwol-dong-store-moving-cleaning-same-day-consult/,인천 구월동,이사청소,상가,당일상담
2026-09-03T15:05:30,인천 구월동 상가 이사청소 주말예약,seo-incheon-guwol-dong-store-moving-cleaning-weekend-booking,https://clever-griffin-93819d.netlify.app/seo-incheon-guwol-dong-store-moving-cleaning-weekend-booking/,인천 구월동,이사청소,상가,주말예약
2026-09-03T15:05:30,인천 구월동 상가 이사청소 청소범위,seo-incheon-guwol-dong-store-moving-cleaning-scope,https://clever-griffin-93819d.netlify.app/seo-incheon-guwol-dong-store-moving-cleaning-scope/,인천 구월동,이사청소,상가,청소범위
2026-09-03T15:05:30,인천 구월동 사무실 이사청소 전문업체,seo-incheon-guwol-dong-office-moving-cleaning-company,https://clever-griffin-93819d.netlify.app/seo-incheon-guwol-dong-office-moving-cleaning-company/,인천 구월동,이사청소,사무실,전문업체
2026-09-03T15:05:30,인천 구월동 사무실 이사청소 비용,seo-incheon-guwol-dong-office-moving-cleaning-cost,https://clever-griffin-93819d.netlify.app/seo-incheon-guwol-dong-office-moving-cleaning-cost/,인천 구월동,이사청소,사무실,비용
2026-09-03T15:05:30,인천 구월동 사무실 이사청소 가격,seo-incheon-guwol-dong-office-moving-cleaning-price,https://clever-griffin-93819d.netlify.app/seo-incheon-guwol-dong-office-moving-cleaning-price/,인천 구월동,이사청소,사무실,가격
2026-09-03T15:05:30,인천 구월동 사무실 이사청소 견적,seo-incheon-guwol-dong-office-moving-cleaning-estimate,https://clever-griffin-93819d.netlify.app/seo-incheon-guwol-dong-office-moving-cleaning-estimate/,인천 구월동,이사청소,사무실,견적
2026-09-03T15:05:30,인천 구월동 사무실 이사청소 예약,seo-incheon-guwol-dong-office-moving-cleaning-booking,https://clever-griffin-93819d.netlify.app/seo-incheon-guwol-dong-office-moving-cleaning-booking/,인천 구월동,이사청소,사무실,예약
2026-09-03T15:05:30,인천 구월동 사무실 이사청소 추천,seo-incheon-guwol-dong-office-moving-cleaning-recommend,https://clever-griffin-93819d.netlify.app/seo-incheon-guwol-dong-office-moving-cleaning-recommend/,인천 구월동,이사청소,사무실,추천
2026-09-03T15:05:30,인천 구월동 사무실 이사청소 후기,seo-incheon-guwol-dong-office-moving-cleaning-review,https://clever-griffin-93819d.netlify.app/seo-incheon-guwol-dong-office-moving-cleaning-review/,인천 구월동,이사청소,사무실,후기
2026-09-03T15:05:30,인천 구월동 사무실 이사청소 잘하는곳,seo-incheon-guwol-dong-office-moving-cleaning-best,https://clever-griffin-93819d.netlify.app/seo-incheon-guwol-dong-office-moving-cleaning-best/,인천 구월동,이사청소,사무실,잘하는곳
2026-09-03T15:05:30,인천 구월동 사무실 이사청소 업체,seo-incheon-guwol-dong-office-moving-cleaning-service,https://clever-griffin-93819d.netlify.app/seo-incheon-guwol-dong-office-moving-cleaning-service/,인천 구월동,이사청소,사무실,업체
2026-09-03T15:05:30,인천 구월동 사무실 이사청소 당일상담,seo-incheon-guwol-dong-office-moving-cleaning-same-day-consult,https://clever-griffin-93819d.netlify.app/seo-incheon-guwol-dong-office-moving-cleaning-same-day-consult/,인천 구월동,이사청소,사무실,당일상담
2026-09-03T15:05:30,인천 구월동 사무실 이사청소 주말예약,seo-incheon-guwol-dong-office-moving-cleaning-weekend-booking,https://clever-griffin-93819d.netlify.app/seo-incheon-guwol-dong-office-moving-cleaning-weekend-booking/,인천 구월동,이사청소,사무실,주말예약
2026-09-03T15:05:30,인천 구월동 사무실 이사청소 청소범위,seo-incheon-guwol-dong-office-moving-cleaning-scope,https://clever-griffin-93819d.netlify.app/seo-incheon-guwol-dong-office-moving-cleaning-scope/,인천 구월동,이사청소,사무실,청소범위
2026-09-03T15:05:30,인천 구월동 아파트 거주청소 전문업체,seo-incheon-guwol-dong-apartment-residential-cleaning-company,https://clever-griffin-93819d.netlify.app/seo-incheon-guwol-dong-apartment-residential-cleaning-company/,인천 구월동,거주청소,아파트,전문업체
2026-09-03T15:05:30,인천 구월동 아파트 거주청소 비용,seo-incheon-guwol-dong-apartment-residential-cleaning-cost,https://clever-griffin-93819d.netlify.app/seo-incheon-guwol-dong-apartment-residential-cleaning-cost/,인천 구월동,거주청소,아파트,비용
2026-09-03T15:05:30,인천 구월동 아파트 거주청소 가격,seo-incheon-guwol-dong-apartment-residential-cleaning-price,https://clever-griffin-93819d.netlify.app/seo-incheon-guwol-dong-apartment-residential-cleaning-price/,인천 구월동,거주청소,아파트,가격
2026-09-03T15:05:30,인천 구월동 아파트 거주청소 견적,seo-incheon-guwol-dong-apartment-residential-cleaning-estimate,https://clever-griffin-93819d.netlify.app/seo-incheon-guwol-dong-apartment-residential-cleaning-estimate/,인천 구월동,거주청소,아파트,견적
2026-09-03T15:05:30,인천 구월동 아파트 거주청소 예약,seo-incheon-guwol-dong-apartment-residential-cleaning-booking,https://clever-griffin-93819d.netlify.app/seo-incheon-guwol-dong-apartment-residential-cleaning-booking/,인천 구월동,거주청소,아파트,예약
2026-09-03T15:05:30,인천 구월동 아파트 거주청소 추천,seo-incheon-guwol-dong-apartment-residential-cleaning-recommend,https://clever-griffin-93819d.netlify.app/seo-incheon-guwol-dong-apartment-residential-cleaning-recommend/,인천 구월동,거주청소,아파트,추천
2026-09-03T15:05:30,인천 구월동 아파트 거주청소 후기,seo-incheon-guwol-dong-apartment-residential-cleaning-review,https://clever-griffin-93819d.netlify.app/seo-incheon-guwol-dong-apartment-residential-cleaning-review/,인천 구월동,거주청소,아파트,후기
2026-09-03T15:05:30,인천 구월동 아파트 거주청소 잘하는곳,seo-incheon-guwol-dong-apartment-residential-cleaning-best,https://clever-griffin-93819d.netlify.app/seo-incheon-guwol-dong-apartment-residential-cleaning-best/,인천 구월동,거주청소,아파트,잘하는곳
2026-09-03T15:05:30,인천 구월동 아파트 거주청소 업체,seo-incheon-guwol-dong-apartment-residential-cleaning-service,https://clever-griffin-93819d.netlify.app/seo-incheon-guwol-dong-apartment-residential-cleaning-service/,인천 구월동,거주청소,아파트,업체
2026-09-03T15:05:30,인천 구월동 아파트 거주청소 당일상담,seo-incheon-guwol-dong-apartment-residential-cleaning-same-day-consult,https://clever-griffin-93819d.netlify.app/seo-incheon-guwol-dong-apartment-residential-cleaning-same-day-consult/,인천 구월동,거주청소,아파트,당일상담
2026-09-03T15:05:30,인천 구월동 아파트 거주청소 주말예약,seo-incheon-guwol-dong-apartment-residential-cleaning-weekend-booking,https://clever-griffin-93819d.netlify.app/seo-incheon-guwol-dong-apartment-residential-cleaning-weekend-booking/,인천 구월동,거주청소,아파트,주말예약
2026-09-03T15:05:30,인천 구월동 아파트 거주청소 청소범위,seo-incheon-guwol-dong-apartment-residential-cleaning-scope,https://clever-griffin-93819d.netlify.app/seo-incheon-guwol-dong-apartment-residential-cleaning-scope/,인천 구월동,거주청소,아파트,청소범위
2026-09-03T15:05:30,인천 구월동 원룸 거주청소 전문업체,seo-incheon-guwol-dong-one-room-residential-cleaning-company,https://clever-griffin-93819d.netlify.app/seo-incheon-guwol-dong-one-room-residential-cleaning-company/,인천 구월동,거주청소,원룸,전문업체
2026-09-03T15:05:30,인천 구월동 원룸 거주청소 비용,seo-incheon-guwol-dong-one-room-residential-cleaning-cost,https://clever-griffin-93819d.netlify.app/seo-incheon-guwol-dong-one-room-residential-cleaning-cost/,인천 구월동,거주청소,원룸,비용
2026-09-03T15:05:30,인천 구월동 원룸 거주청소 가격,seo-incheon-guwol-dong-one-room-residential-cleaning-price,https://clever-griffin-93819d.netlify.app/seo-incheon-guwol-dong-one-room-residential-cleaning-price/,인천 구월동,거주청소,원룸,가격
2026-09-03T15:05:30,인천 구월동 원룸 거주청소 견적,seo-incheon-guwol-dong-one-room-residential-cleaning-estimate,https://clever-griffin-93819d.netlify.app/seo-incheon-guwol-dong-one-room-residential-cleaning-estimate/,인천 구월동,거주청소,원룸,견적
2026-09-03T15:05:30,인천 구월동 원룸 거주청소 예약,seo-incheon-guwol-dong-one-room-residential-cleaning-booking,https://clever-griffin-93819d.netlify.app/seo-incheon-guwol-dong-one-room-residential-cleaning-booking/,인천 구월동,거주청소,원룸,예약
2026-09-03T15:05:30,인천 구월동 원룸 거주청소 추천,seo-incheon-guwol-dong-one-room-residential-cleaning-recommend,https://clever-griffin-93819d.netlify.app/seo-incheon-guwol-dong-one-room-residential-cleaning-recommend/,인천 구월동,거주청소,원룸,추천
2026-09-03T15:05:30,인천 구월동 원룸 거주청소 후기,seo-incheon-guwol-dong-one-room-residential-cleaning-review,https://clever-griffin-93819d.netlify.app/seo-incheon-guwol-dong-one-room-residential-cleaning-review/,인천 구월동,거주청소,원룸,후기
2026-09-03T15:05:30,인천 구월동 원룸 거주청소 잘하는곳,seo-incheon-guwol-dong-one-room-residential-cleaning-best,https://clever-griffin-93819d.netlify.app/seo-incheon-guwol-dong-one-room-residential-cleaning-best/,인천 구월동,거주청소,원룸,잘하는곳
2026-09-03T15:05:30,인천 구월동 원룸 거주청소 업체,seo-incheon-guwol-dong-one-room-residential-cleaning-service,https://clever-griffin-93819d.netlify.app/seo-incheon-guwol-dong-one-room-residential-cleaning-service/,인천 구월동,거주청소,원룸,업체
2026-09-03T15:05:30,인천 구월동 원룸 거주청소 당일상담,seo-incheon-guwol-dong-one-room-residential-cleaning-same-day-consult,https://clever-griffin-93819d.netlify.app/seo-incheon-guwol-dong-one-room-residential-cleaning-same-day-consult/,인천 구월동,거주청소,원룸,당일상담
2026-09-03T15:05:30,인천 구월동 원룸 거주청소 주말예약,seo-incheon-guwol-dong-one-room-residential-cleaning-weekend-booking,https://clever-griffin-93819d.netlify.app/seo-incheon-guwol-dong-one-room-residential-cleaning-weekend-booking/,인천 구월동,거주청소,원룸,주말예약
2026-09-03T15:05:30,인천 구월동 원룸 거주청소 청소범위,seo-incheon-guwol-dong-one-room-residential-cleaning-scope,https://clever-griffin-93819d.netlify.app/seo-incheon-guwol-dong-one-room-residential-cleaning-scope/,인천 구월동,거주청소,원룸,청소범위
2026-09-03T15:05:30,인천 구월동 빌라 거주청소 전문업체,seo-incheon-guwol-dong-villa-residential-cleaning-company,https://clever-griffin-93819d.netlify.app/seo-incheon-guwol-dong-villa-residential-cleaning-company/,인천 구월동,거주청소,빌라,전문업체
2026-09-03T15:05:30,인천 구월동 빌라 거주청소 비용,seo-incheon-guwol-dong-villa-residential-cleaning-cost,https://clever-griffin-93819d.netlify.app/seo-incheon-guwol-dong-villa-residential-cleaning-cost/,인천 구월동,거주청소,빌라,비용
2026-09-03T15:05:30,인천 구월동 빌라 거주청소 가격,seo-incheon-guwol-dong-villa-residential-cleaning-price,https://clever-griffin-93819d.netlify.app/seo-incheon-guwol-dong-villa-residential-cleaning-price/,인천 구월동,거주청소,빌라,가격
2026-09-03T15:05:30,인천 구월동 빌라 거주청소 견적,seo-incheon-guwol-dong-villa-residential-cleaning-estimate,https://clever-griffin-93819d.netlify.app/seo-incheon-guwol-dong-villa-residential-cleaning-estimate/,인천 구월동,거주청소,빌라,견적
2026-09-03T15:05:30,인천 구월동 빌라 거주청소 예약,seo-incheon-guwol-dong-villa-residential-cleaning-booking,https://clever-griffin-93819d.netlify.app/seo-incheon-guwol-dong-villa-residential-cleaning-booking/,인천 구월동,거주청소,빌라,예약
2026-09-03T15:05:30,인천 구월동 빌라 거주청소 추천,seo-incheon-guwol-dong-villa-residential-cleaning-recommend,https://clever-griffin-93819d.netlify.app/seo-incheon-guwol-dong-villa-residential-cleaning-recommend/,인천 구월동,거주청소,빌라,추천
2026-09-03T15:05:30,인천 구월동 빌라 거주청소 후기,seo-incheon-guwol-dong-villa-residential-cleaning-review,https://clever-griffin-93819d.netlify.app/seo-incheon-guwol-dong-villa-residential-cleaning-review/,인천 구월동,거주청소,빌라,후기
2026-09-03T15:05:30,인천 구월동 빌라 거주청소 잘하는곳,seo-incheon-guwol-dong-villa-residential-cleaning-best,https://clever-griffin-93819d.netlify.app/seo-incheon-guwol-dong-villa-residential-cleaning-best/,인천 구월동,거주청소,빌라,잘하는곳
2026-09-03T15:05:30,인천 구월동 빌라 거주청소 업체,seo-incheon-guwol-dong-villa-residential-cleaning-service,https://clever-griffin-93819d.netlify.app/seo-incheon-guwol-dong-villa-residential-cleaning-service/,인천 구월동,거주청소,빌라,업체
2026-09-03T15:05:30,인천 구월동 빌라 거주청소 당일상담,seo-incheon-guwol-dong-villa-residential-cleaning-same-day-consult,https://clever-griffin-93819d.netlify.app/seo-incheon-guwol-dong-villa-residential-cleaning-same-day-consult/,인천 구월동,거주청소,빌라,당일상담
2026-09-03T15:05:30,인천 구월동 빌라 거주청소 주말예약,seo-incheon-guwol-dong-villa-residential-cleaning-weekend-booking,https://clever-griffin-93819d.netlify.app/seo-incheon-guwol-dong-villa-residential-cleaning-weekend-booking/,인천 구월동,거주청소,빌라,주말예약
2026-09-03T15:05:30,인천 구월동 빌라 거주청소 청소범위,seo-incheon-guwol-dong-villa-residential-cleaning-scope,https://clever-griffin-93819d.netlify.app/seo-incheon-guwol-dong-villa-residential-cleaning-scope/,인천 구월동,거주청소,빌라,청소범위
2026-09-03T15:05:30,인천 구월동 오피스텔 거주청소 전문업체,seo-incheon-guwol-dong-officetel-residential-cleaning-company,https://clever-griffin-93819d.netlify.app/seo-incheon-guwol-dong-officetel-residential-cleaning-company/,인천 구월동,거주청소,오피스텔,전문업체
2026-09-03T15:05:30,인천 구월동 오피스텔 거주청소 비용,seo-incheon-guwol-dong-officetel-residential-cleaning-cost,https://clever-griffin-93819d.netlify.app/seo-incheon-guwol-dong-officetel-residential-cleaning-cost/,인천 구월동,거주청소,오피스텔,비용
2026-09-03T15:05:30,인천 구월동 오피스텔 거주청소 가격,seo-incheon-guwol-dong-officetel-residential-cleaning-price,https://clever-griffin-93819d.netlify.app/seo-incheon-guwol-dong-officetel-residential-cleaning-price/,인천 구월동,거주청소,오피스텔,가격
2026-09-03T15:05:30,인천 구월동 오피스텔 거주청소 견적,seo-incheon-guwol-dong-officetel-residential-cleaning-estimate,https://clever-griffin-93819d.netlify.app/seo-incheon-guwol-dong-officetel-residential-cleaning-estimate/,인천 구월동,거주청소,오피스텔,견적
2026-09-03T15:05:30,인천 구월동 오피스텔 거주청소 예약,seo-incheon-guwol-dong-officetel-residential-cleaning-booking,https://clever-griffin-93819d.netlify.app/seo-incheon-guwol-dong-officetel-residential-cleaning-booking/,인천 구월동,거주청소,오피스텔,예약
2026-09-03T15:05:30,인천 구월동 오피스텔 거주청소 추천,seo-incheon-guwol-dong-officetel-residential-cleaning-recommend,https://clever-griffin-93819d.netlify.app/seo-incheon-guwol-dong-officetel-residential-cleaning-recommend/,인천 구월동,거주청소,오피스텔,추천
2026-09-03T15:05:30,인천 구월동 오피스텔 거주청소 후기,seo-incheon-guwol-dong-officetel-residential-cleaning-review,https://clever-griffin-93819d.netlify.app/seo-incheon-guwol-dong-officetel-residential-cleaning-review/,인천 구월동,거주청소,오피스텔,후기
2026-09-03T15:05:30,인천 구월동 오피스텔 거주청소 잘하는곳,seo-incheon-guwol-dong-officetel-residential-cleaning-best,https://clever-griffin-93819d.netlify.app/seo-incheon-guwol-dong-officetel-residential-cleaning-best/,인천 구월동,거주청소,오피스텔,잘하는곳
2026-09-03T15:05:30,인천 구월동 오피스텔 거주청소 업체,seo-incheon-guwol-dong-officetel-residential-cleaning-service,https://clever-griffin-93819d.netlify.app/seo-incheon-guwol-dong-officetel-residential-cleaning-service/,인천 구월동,거주청소,오피스텔,업체
2026-09-03T15:05:30,인천 구월동 오피스텔 거주청소 당일상담,seo-incheon-guwol-dong-officetel-residential-cleaning-same-day-consult,https://clever-griffin-93819d.netlify.app/seo-incheon-guwol-dong-officetel-residential-cleaning-same-day-consult/,인천 구월동,거주청소,오피스텔,당일상담
2026-09-03T15:05:30,인천 구월동 오피스텔 거주청소 주말예약,seo-incheon-guwol-dong-officetel-residential-cleaning-weekend-booking,https://clever-griffin-93819d.netlify.app/seo-incheon-guwol-dong-officetel-residential-cleaning-weekend-booking/,인천 구월동,거주청소,오피스텔,주말예약
2026-09-03T15:05:30,인천 구월동 오피스텔 거주청소 청소범위,seo-incheon-guwol-dong-officetel-residential-cleaning-scope,https://clever-griffin-93819d.netlify.app/seo-incheon-guwol-dong-officetel-residential-cleaning-scope/,인천 구월동,거주청소,오피스텔,청소범위
2026-09-03T15:05:30,인천 구월동 상가 거주청소 전문업체,seo-incheon-guwol-dong-store-residential-cleaning-company,https://clever-griffin-93819d.netlify.app/seo-incheon-guwol-dong-store-residential-cleaning-company/,인천 구월동,거주청소,상가,전문업체
2026-09-03T15:05:30,인천 구월동 상가 거주청소 비용,seo-incheon-guwol-dong-store-residential-cleaning-cost,https://clever-griffin-93819d.netlify.app/seo-incheon-guwol-dong-store-residential-cleaning-cost/,인천 구월동,거주청소,상가,비용
2026-09-03T15:05:30,인천 구월동 상가 거주청소 가격,seo-incheon-guwol-dong-store-residential-cleaning-price,https://clever-griffin-93819d.netlify.app/seo-incheon-guwol-dong-store-residential-cleaning-price/,인천 구월동,거주청소,상가,가격
2026-09-03T15:05:30,인천 구월동 상가 거주청소 견적,seo-incheon-guwol-dong-store-residential-cleaning-estimate,https://clever-griffin-93819d.netlify.app/seo-incheon-guwol-dong-store-residential-cleaning-estimate/,인천 구월동,거주청소,상가,견적
2026-09-03T15:05:30,인천 구월동 상가 거주청소 예약,seo-incheon-guwol-dong-store-residential-cleaning-booking,https://clever-griffin-93819d.netlify.app/seo-incheon-guwol-dong-store-residential-cleaning-booking/,인천 구월동,거주청소,상가,예약
2026-09-03T15:05:30,인천 구월동 상가 거주청소 추천,seo-incheon-guwol-dong-store-residential-cleaning-recommend,https://clever-griffin-93819d.netlify.app/seo-incheon-guwol-dong-store-residential-cleaning-recommend/,인천 구월동,거주청소,상가,추천
2026-09-03T15:05:30,인천 구월동 상가 거주청소 후기,seo-incheon-guwol-dong-store-residential-cleaning-review,https://clever-griffin-93819d.netlify.app/seo-incheon-guwol-dong-store-residential-cleaning-review/,인천 구월동,거주청소,상가,후기
2026-09-03T15:05:30,인천 구월동 상가 거주청소 잘하는곳,seo-incheon-guwol-dong-store-residential-cleaning-best,https://clever-griffin-93819d.netlify.app/seo-incheon-guwol-dong-store-residential-cleaning-best/,인천 구월동,거주청소,상가,잘하는곳
2026-09-03T15:05:30,인천 구월동 상가 거주청소 업체,seo-incheon-guwol-dong-store-residential-cleaning-service,https://clever-griffin-93819d.netlify.app/seo-incheon-guwol-dong-store-residential-cleaning-service/,인천 구월동,거주청소,상가,업체
2026-09-03T15:05:30,인천 구월동 상가 거주청소 당일상담,seo-incheon-guwol-dong-store-residential-cleaning-same-day-consult,https://clever-griffin-93819d.netlify.app/seo-incheon-guwol-dong-store-residential-cleaning-same-day-consult/,인천 구월동,거주청소,상가,당일상담
2026-09-03T15:05:30,인천 구월동 상가 거주청소 주말예약,seo-incheon-guwol-dong-store-residential-cleaning-weekend-booking,https://clever-griffin-93819d.netlify.app/seo-incheon-guwol-dong-store-residential-cleaning-weekend-booking/,인천 구월동,거주청소,상가,주말예약
2026-09-03T15:05:30,인천 구월동 상가 거주청소 청소범위,seo-incheon-guwol-dong-store-residential-cleaning-scope,https://clever-griffin-93819d.netlify.app/seo-incheon-guwol-dong-store-residential-cleaning-scope/,인천 구월동,거주청소,상가,청소범위
2026-09-03T15:05:30,인천 구월동 사무실 거주청소 전문업체,seo-incheon-guwol-dong-office-residential-cleaning-company,https://clever-griffin-93819d.netlify.app/seo-incheon-guwol-dong-office-residential-cleaning-company/,인천 구월동,거주청소,사무실,전문업체
2026-09-03T15:05:30,인천 구월동 사무실 거주청소 비용,seo-incheon-guwol-dong-office-residential-cleaning-cost,https://clever-griffin-93819d.netlify.app/seo-incheon-guwol-dong-office-residential-cleaning-cost/,인천 구월동,거주청소,사무실,비용
2026-09-03T15:05:30,인천 구월동 사무실 거주청소 가격,seo-incheon-guwol-dong-office-residential-cleaning-price,https://clever-griffin-93819d.netlify.app/seo-incheon-guwol-dong-office-residential-cleaning-price/,인천 구월동,거주청소,사무실,가격
2026-09-03T15:05:30,인천 구월동 사무실 거주청소 견적,seo-incheon-guwol-dong-office-residential-cleaning-estimate,https://clever-griffin-93819d.netlify.app/seo-incheon-guwol-dong-office-residential-cleaning-estimate/,인천 구월동,거주청소,사무실,견적
2026-09-03T15:05:30,인천 구월동 사무실 거주청소 예약,seo-incheon-guwol-dong-office-residential-cleaning-booking,https://clever-griffin-93819d.netlify.app/seo-incheon-guwol-dong-office-residential-cleaning-booking/,인천 구월동,거주청소,사무실,예약
2026-09-03T15:05:30,인천 구월동 사무실 거주청소 추천,seo-incheon-guwol-dong-office-residential-cleaning-recommend,https://clever-griffin-93819d.netlify.app/seo-incheon-guwol-dong-office-residential-cleaning-recommend/,인천 구월동,거주청소,사무실,추천
2026-09-03T15:05:30,인천 구월동 사무실 거주청소 후기,seo-incheon-guwol-dong-office-residential-cleaning-review,https://clever-griffin-93819d.netlify.app/seo-incheon-guwol-dong-office-residential-cleaning-review/,인천 구월동,거주청소,사무실,후기
2026-09-03T15:05:30,인천 구월동 사무실 거주청소 잘하는곳,seo-incheon-guwol-dong-office-residential-cleaning-best,https://clever-griffin-93819d.netlify.app/seo-incheon-guwol-dong-office-residential-cleaning-best/,인천 구월동,거주청소,사무실,잘하는곳
2026-09-03T15:05:30,인천 구월동 사무실 거주청소 업체,seo-incheon-guwol-dong-office-residential-cleaning-service,https://clever-griffin-93819d.netlify.app/seo-incheon-guwol-dong-office-residential-cleaning-service/,인천 구월동,거주청소,사무실,업체
2026-09-03T15:05:30,인천 구월동 사무실 거주청소 당일상담,seo-incheon-guwol-dong-office-residential-cleaning-same-day-consult,https://clever-griffin-93819d.netlify.app/seo-incheon-guwol-dong-office-residential-cleaning-same-day-consult/,인천 구월동,거주청소,사무실,당일상담
2026-09-03T15:05:30,인천 구월동 사무실 거주청소 주말예약,seo-incheon-guwol-dong-office-residential-cleaning-weekend-booking,https://clever-griffin-93819d.netlify.app/seo-incheon-guwol-dong-office-residential-cleaning-weekend-booking/,인천 구월동,거주청소,사무실,주말예약
2026-09-03T15:05:30,인천 구월동 사무실 거주청소 청소범위,seo-incheon-guwol-dong-office-residential-cleaning-scope,https://clever-griffin-93819d.netlify.app/seo-incheon-guwol-dong-office-residential-cleaning-scope/,인천 구월동,거주청소,사무실,청소범위
2026-09-03T15:05:30,인천 구월동 상가청소 전문업체,seo-incheon-guwol-dong-store-cleaning-company,https://clever-griffin-93819d.netlify.app/seo-incheon-guwol-dong-store-cleaning-company/,인천 구월동,상가청소,상가,전문업체
2026-09-03T15:05:30,인천 구월동 상가청소 비용,seo-incheon-guwol-dong-store-cleaning-cost,https://clever-griffin-93819d.netlify.app/seo-incheon-guwol-dong-store-cleaning-cost/,인천 구월동,상가청소,상가,비용
2026-09-03T15:05:30,인천 구월동 상가청소 가격,seo-incheon-guwol-dong-store-cleaning-price,https://clever-griffin-93819d.netlify.app/seo-incheon-guwol-dong-store-cleaning-price/,인천 구월동,상가청소,상가,가격
2026-09-03T15:05:30,인천 구월동 상가청소 견적,seo-incheon-guwol-dong-store-cleaning-estimate,https://clever-griffin-93819d.netlify.app/seo-incheon-guwol-dong-store-cleaning-estimate/,인천 구월동,상가청소,상가,견적
2026-09-03T15:05:30,인천 구월동 상가청소 예약,seo-incheon-guwol-dong-store-cleaning-booking,https://clever-griffin-93819d.netlify.app/seo-incheon-guwol-dong-store-cleaning-booking/,인천 구월동,상가청소,상가,예약
2026-09-03T15:05:30,인천 구월동 상가청소 추천,seo-incheon-guwol-dong-store-cleaning-recommend,https://clever-griffin-93819d.netlify.app/seo-incheon-guwol-dong-store-cleaning-recommend/,인천 구월동,상가청소,상가,추천
2026-09-03T15:05:30,인천 구월동 상가청소 후기,seo-incheon-guwol-dong-store-cleaning-review,https://clever-griffin-93819d.netlify.app/seo-incheon-guwol-dong-store-cleaning-review/,인천 구월동,상가청소,상가,후기
2026-09-03T15:05:30,인천 구월동 상가청소 잘하는곳,seo-incheon-guwol-dong-store-cleaning-best,https://clever-griffin-93819d.netlify.app/seo-incheon-guwol-dong-store-cleaning-best/,인천 구월동,상가청소,상가,잘하는곳
2026-09-03T15:05:30,인천 구월동 상가청소 업체,seo-incheon-guwol-dong-store-cleaning-service,https://clever-griffin-93819d.netlify.app/seo-incheon-guwol-dong-store-cleaning-service/,인천 구월동,상가청소,상가,업체
2026-09-03T15:05:30,인천 구월동 상가청소 당일상담,seo-incheon-guwol-dong-store-cleaning-same-day-consult,https://clever-griffin-93819d.netlify.app/seo-incheon-guwol-dong-store-cleaning-same-day-consult/,인천 구월동,상가청소,상가,당일상담
2026-09-03T15:05:30,인천 구월동 상가청소 주말예약,seo-incheon-guwol-dong-store-cleaning-weekend-booking,https://clever-griffin-93819d.netlify.app/seo-incheon-guwol-dong-store-cleaning-weekend-booking/,인천 구월동,상가청소,상가,주말예약
2026-09-03T15:05:30,인천 구월동 상가청소 청소범위,seo-incheon-guwol-dong-store-cleaning-scope,https://clever-griffin-93819d.netlify.app/seo-incheon-guwol-dong-store-cleaning-scope/,인천 구월동,상가청소,상가,청소범위
2026-09-03T15:05:30,인천 구월동 사무실청소 전문업체,seo-incheon-guwol-dong-office-cleaning-company,https://clever-griffin-93819d.netlify.app/seo-incheon-guwol-dong-office-cleaning-company/,인천 구월동,사무실청소,사무실,전문업체
2026-09-03T15:05:30,인천 구월동 사무실청소 비용,seo-incheon-guwol-dong-office-cleaning-cost,https://clever-griffin-93819d.netlify.app/seo-incheon-guwol-dong-office-cleaning-cost/,인천 구월동,사무실청소,사무실,비용
2026-09-03T15:05:30,인천 구월동 사무실청소 가격,seo-incheon-guwol-dong-office-cleaning-price,https://clever-griffin-93819d.netlify.app/seo-incheon-guwol-dong-office-cleaning-price/,인천 구월동,사무실청소,사무실,가격
2026-09-03T15:05:30,인천 구월동 사무실청소 견적,seo-incheon-guwol-dong-office-cleaning-estimate,https://clever-griffin-93819d.netlify.app/seo-incheon-guwol-dong-office-cleaning-estimate/,인천 구월동,사무실청소,사무실,견적
2026-09-03T15:05:30,인천 구월동 사무실청소 예약,seo-incheon-guwol-dong-office-cleaning-booking,https://clever-griffin-93819d.netlify.app/seo-incheon-guwol-dong-office-cleaning-booking/,인천 구월동,사무실청소,사무실,예약
2026-09-03T15:05:30,인천 구월동 사무실청소 추천,seo-incheon-guwol-dong-office-cleaning-recommend,https://clever-griffin-93819d.netlify.app/seo-incheon-guwol-dong-office-cleaning-recommend/,인천 구월동,사무실청소,사무실,추천
2026-09-03T15:05:30,인천 구월동 사무실청소 후기,seo-incheon-guwol-dong-office-cleaning-review,https://clever-griffin-93819d.netlify.app/seo-incheon-guwol-dong-office-cleaning-review/,인천 구월동,사무실청소,사무실,후기
2026-09-03T15:05:30,인천 구월동 사무실청소 잘하는곳,seo-incheon-guwol-dong-office-cleaning-best,https://clever-griffin-93819d.netlify.app/seo-incheon-guwol-dong-office-cleaning-best/,인천 구월동,사무실청소,사무실,잘하는곳
2026-09-03T15:05:30,인천 구월동 사무실청소 업체,seo-incheon-guwol-dong-office-cleaning-service,https://clever-griffin-93819d.netlify.app/seo-incheon-guwol-dong-office-cleaning-service/,인천 구월동,사무실청소,사무실,업체
2026-09-03T15:05:30,인천 구월동 사무실청소 당일상담,seo-incheon-guwol-dong-office-cleaning-same-day-consult,https://clever-griffin-93819d.netlify.app/seo-incheon-guwol-dong-office-cleaning-same-day-consult/,인천 구월동,사무실청소,사무실,당일상담
2026-09-03T15:05:30,인천 구월동 사무실청소 주말예약,seo-incheon-guwol-dong-office-cleaning-weekend-booking,https://clever-griffin-93819d.netlify.app/seo-incheon-guwol-dong-office-cleaning-weekend-booking/,인천 구월동,사무실청소,사무실,주말예약
2026-09-03T15:05:30,인천 구월동 사무실청소 청소범위,seo-incheon-guwol-dong-office-cleaning-scope,https://clever-griffin-93819d.netlify.app/seo-incheon-guwol-dong-office-cleaning-scope/,인천 구월동,사무실청소,사무실,청소범위
2026-09-03T15:05:30,인천 구월동 원룸청소 전문업체,seo-incheon-guwol-dong-one-room-cleaning-company,https://clever-griffin-93819d.netlify.app/seo-incheon-guwol-dong-one-room-cleaning-company/,인천 구월동,원룸청소,원룸,전문업체
2026-09-03T15:05:30,인천 구월동 원룸청소 비용,seo-incheon-guwol-dong-one-room-cleaning-cost,https://clever-griffin-93819d.netlify.app/seo-incheon-guwol-dong-one-room-cleaning-cost/,인천 구월동,원룸청소,원룸,비용
2026-09-03T15:05:30,인천 구월동 원룸청소 가격,seo-incheon-guwol-dong-one-room-cleaning-price,https://clever-griffin-93819d.netlify.app/seo-incheon-guwol-dong-one-room-cleaning-price/,인천 구월동,원룸청소,원룸,가격
2026-09-03T15:05:30,인천 구월동 원룸청소 견적,seo-incheon-guwol-dong-one-room-cleaning-estimate,https://clever-griffin-93819d.netlify.app/seo-incheon-guwol-dong-one-room-cleaning-estimate/,인천 구월동,원룸청소,원룸,견적
2026-09-03T15:05:30,인천 구월동 원룸청소 예약,seo-incheon-guwol-dong-one-room-cleaning-booking,https://clever-griffin-93819d.netlify.app/seo-incheon-guwol-dong-one-room-cleaning-booking/,인천 구월동,원룸청소,원룸,예약
2026-09-03T15:05:30,인천 구월동 원룸청소 추천,seo-incheon-guwol-dong-one-room-cleaning-recommend,https://clever-griffin-93819d.netlify.app/seo-incheon-guwol-dong-one-room-cleaning-recommend/,인천 구월동,원룸청소,원룸,추천
2026-09-03T15:05:30,인천 구월동 원룸청소 후기,seo-incheon-guwol-dong-one-room-cleaning-review,https://clever-griffin-93819d.netlify.app/seo-incheon-guwol-dong-one-room-cleaning-review/,인천 구월동,원룸청소,원룸,후기
2026-09-03T15:05:30,인천 구월동 원룸청소 잘하는곳,seo-incheon-guwol-dong-one-room-cleaning-best,https://clever-griffin-93819d.netlify.app/seo-incheon-guwol-dong-one-room-cleaning-best/,인천 구월동,원룸청소,원룸,잘하는곳
2026-09-03T15:05:30,인천 구월동 원룸청소 업체,seo-incheon-guwol-dong-one-room-cleaning-service,https://clever-griffin-93819d.netlify.app/seo-incheon-guwol-dong-one-room-cleaning-service/,인천 구월동,원룸청소,원룸,업체
2026-09-03T15:05:30,인천 구월동 원룸청소 당일상담,seo-incheon-guwol-dong-one-room-cleaning-same-day-consult,https://clever-griffin-93819d.netlify.app/seo-incheon-guwol-dong-one-room-cleaning-same-day-consult/,인천 구월동,원룸청소,원룸,당일상담
2026-09-03T15:05:30,인천 구월동 원룸청소 주말예약,seo-incheon-guwol-dong-one-room-cleaning-weekend-booking,https://clever-griffin-93819d.netlify.app/seo-incheon-guwol-dong-one-room-cleaning-weekend-booking/,인천 구월동,원룸청소,원룸,주말예약
2026-09-03T15:05:30,인천 구월동 원룸청소 청소범위,seo-incheon-guwol-dong-one-room-cleaning-scope,https://clever-griffin-93819d.netlify.app/seo-incheon-guwol-dong-one-room-cleaning-scope/,인천 구월동,원룸청소,원룸,청소범위
2026-09-03T15:05:30,인천 구월동 빌라청소 전문업체,seo-incheon-guwol-dong-villa-cleaning-company,https://clever-griffin-93819d.netlify.app/seo-incheon-guwol-dong-villa-cleaning-company/,인천 구월동,빌라청소,빌라,전문업체
2026-09-03T15:05:30,인천 구월동 빌라청소 비용,seo-incheon-guwol-dong-villa-cleaning-cost,https://clever-griffin-93819d.netlify.app/seo-incheon-guwol-dong-villa-cleaning-cost/,인천 구월동,빌라청소,빌라,비용
2026-09-03T15:05:30,인천 구월동 빌라청소 가격,seo-incheon-guwol-dong-villa-cleaning-price,https://clever-griffin-93819d.netlify.app/seo-incheon-guwol-dong-villa-cleaning-price/,인천 구월동,빌라청소,빌라,가격
2026-09-03T15:05:30,인천 구월동 빌라청소 견적,seo-incheon-guwol-dong-villa-cleaning-estimate,https://clever-griffin-93819d.netlify.app/seo-incheon-guwol-dong-villa-cleaning-estimate/,인천 구월동,빌라청소,빌라,견적
2026-09-03T15:05:30,인천 구월동 빌라청소 예약,seo-incheon-guwol-dong-villa-cleaning-booking,https://clever-griffin-93819d.netlify.app/seo-incheon-guwol-dong-villa-cleaning-booking/,인천 구월동,빌라청소,빌라,예약
2026-09-03T15:05:30,인천 구월동 빌라청소 추천,seo-incheon-guwol-dong-villa-cleaning-recommend,https://clever-griffin-93819d.netlify.app/seo-incheon-guwol-dong-villa-cleaning-recommend/,인천 구월동,빌라청소,빌라,추천
2026-09-03T15:05:30,인천 구월동 빌라청소 후기,seo-incheon-guwol-dong-villa-cleaning-review,https://clever-griffin-93819d.netlify.app/seo-incheon-guwol-dong-villa-cleaning-review/,인천 구월동,빌라청소,빌라,후기
2026-09-03T15:05:30,인천 구월동 빌라청소 잘하는곳,seo-incheon-guwol-dong-villa-cleaning-best,https://clever-griffin-93819d.netlify.app/seo-incheon-guwol-dong-villa-cleaning-best/,인천 구월동,빌라청소,빌라,잘하는곳
2026-09-03T15:05:30,인천 구월동 빌라청소 업체,seo-incheon-guwol-dong-villa-cleaning-service,https://clever-griffin-93819d.netlify.app/seo-incheon-guwol-dong-villa-cleaning-service/,인천 구월동,빌라청소,빌라,업체
2026-09-03T15:05:30,인천 구월동 빌라청소 당일상담,seo-incheon-guwol-dong-villa-cleaning-same-day-consult,https://clever-griffin-93819d.netlify.app/seo-incheon-guwol-dong-villa-cleaning-same-day-consult/,인천 구월동,빌라청소,빌라,당일상담
2026-09-03T15:05:30,인천 구월동 빌라청소 주말예약,seo-incheon-guwol-dong-villa-cleaning-weekend-booking,https://clever-griffin-93819d.netlify.app/seo-incheon-guwol-dong-villa-cleaning-weekend-booking/,인천 구월동,빌라청소,빌라,주말예약
2026-09-03T15:05:30,인천 구월동 빌라청소 청소범위,seo-incheon-guwol-dong-villa-cleaning-scope,https://clever-griffin-93819d.netlify.app/seo-incheon-guwol-dong-villa-cleaning-scope/,인천 구월동,빌라청소,빌라,청소범위
2026-09-03T15:05:30,인천 구월동 오피스텔청소 전문업체,seo-incheon-guwol-dong-officetel-cleaning-company,https://clever-griffin-93819d.netlify.app/seo-incheon-guwol-dong-officetel-cleaning-company/,인천 구월동,오피스텔청소,오피스텔,전문업체
2026-09-03T15:05:30,인천 구월동 오피스텔청소 비용,seo-incheon-guwol-dong-officetel-cleaning-cost,https://clever-griffin-93819d.netlify.app/seo-incheon-guwol-dong-officetel-cleaning-cost/,인천 구월동,오피스텔청소,오피스텔,비용
2026-09-03T15:05:30,인천 구월동 오피스텔청소 가격,seo-incheon-guwol-dong-officetel-cleaning-price,https://clever-griffin-93819d.netlify.app/seo-incheon-guwol-dong-officetel-cleaning-price/,인천 구월동,오피스텔청소,오피스텔,가격
2026-09-03T15:05:30,인천 구월동 오피스텔청소 견적,seo-incheon-guwol-dong-officetel-cleaning-estimate,https://clever-griffin-93819d.netlify.app/seo-incheon-guwol-dong-officetel-cleaning-estimate/,인천 구월동,오피스텔청소,오피스텔,견적
2026-09-03T15:05:30,인천 구월동 오피스텔청소 예약,seo-incheon-guwol-dong-officetel-cleaning-booking,https://clever-griffin-93819d.netlify.app/seo-incheon-guwol-dong-officetel-cleaning-booking/,인천 구월동,오피스텔청소,오피스텔,예약
2026-09-03T15:05:30,인천 구월동 오피스텔청소 추천,seo-incheon-guwol-dong-officetel-cleaning-recommend,https://clever-griffin-93819d.netlify.app/seo-incheon-guwol-dong-officetel-cleaning-recommend/,인천 구월동,오피스텔청소,오피스텔,추천
2026-09-03T15:05:30,인천 구월동 오피스텔청소 후기,seo-incheon-guwol-dong-officetel-cleaning-review,https://clever-griffin-93819d.netlify.app/seo-incheon-guwol-dong-officetel-cleaning-review/,인천 구월동,오피스텔청소,오피스텔,후기
2026-09-03T15:05:30,인천 구월동 오피스텔청소 잘하는곳,seo-incheon-guwol-dong-officetel-cleaning-best,https://clever-griffin-93819d.netlify.app/seo-incheon-guwol-dong-officetel-cleaning-best/,인천 구월동,오피스텔청소,오피스텔,잘하는곳
2026-09-03T15:05:30,인천 구월동 오피스텔청소 업체,seo-incheon-guwol-dong-officetel-cleaning-service,https://clever-griffin-93819d.netlify.app/seo-incheon-guwol-dong-officetel-cleaning-service/,인천 구월동,오피스텔청소,오피스텔,업체
2026-09-03T15:05:30,인천 구월동 오피스텔청소 당일상담,seo-incheon-guwol-dong-officetel-cleaning-same-day-consult,https://clever-griffin-93819d.netlify.app/seo-incheon-guwol-dong-officetel-cleaning-same-day-consult/,인천 구월동,오피스텔청소,오피스텔,당일상담
2026-09-03T15:05:30,인천 구월동 오피스텔청소 주말예약,seo-incheon-guwol-dong-officetel-cleaning-weekend-booking,https://clever-griffin-93819d.netlify.app/seo-incheon-guwol-dong-officetel-cleaning-weekend-booking/,인천 구월동,오피스텔청소,오피스텔,주말예약
2026-09-03T15:05:30,인천 구월동 오피스텔청소 청소범위,seo-incheon-guwol-dong-officetel-cleaning-scope,https://clever-griffin-93819d.netlify.app/seo-incheon-guwol-dong-officetel-cleaning-scope/,인천 구월동,오피스텔청소,오피스텔,청소범위
2026-09-03T15:05:30,인천 구월동 원룸 폐기물청소 전문업체,seo-incheon-guwol-dong-one-room-waste-cleaning-company,https://clever-griffin-93819d.netlify.app/seo-incheon-guwol-dong-one-room-waste-cleaning-company/,인천 구월동,폐기물청소,원룸,전문업체
2026-09-03T15:05:30,인천 구월동 원룸 폐기물청소 비용,seo-incheon-guwol-dong-one-room-waste-cleaning-cost,https://clever-griffin-93819d.netlify.app/seo-incheon-guwol-dong-one-room-waste-cleaning-cost/,인천 구월동,폐기물청소,원룸,비용
2026-09-03T15:05:30,인천 구월동 원룸 폐기물청소 가격,seo-incheon-guwol-dong-one-room-waste-cleaning-price,https://clever-griffin-93819d.netlify.app/seo-incheon-guwol-dong-one-room-waste-cleaning-price/,인천 구월동,폐기물청소,원룸,가격
2026-09-03T15:05:30,인천 구월동 원룸 폐기물청소 견적,seo-incheon-guwol-dong-one-room-waste-cleaning-estimate,https://clever-griffin-93819d.netlify.app/seo-incheon-guwol-dong-one-room-waste-cleaning-estimate/,인천 구월동,폐기물청소,원룸,견적
2026-09-03T15:05:30,인천 구월동 원룸 폐기물청소 예약,seo-incheon-guwol-dong-one-room-waste-cleaning-booking,https://clever-griffin-93819d.netlify.app/seo-incheon-guwol-dong-one-room-waste-cleaning-booking/,인천 구월동,폐기물청소,원룸,예약
2026-09-03T15:05:30,인천 구월동 원룸 폐기물청소 추천,seo-incheon-guwol-dong-one-room-waste-cleaning-recommend,https://clever-griffin-93819d.netlify.app/seo-incheon-guwol-dong-one-room-waste-cleaning-recommend/,인천 구월동,폐기물청소,원룸,추천
2026-09-03T15:05:30,인천 구월동 원룸 폐기물청소 후기,seo-incheon-guwol-dong-one-room-waste-cleaning-review,https://clever-griffin-93819d.netlify.app/seo-incheon-guwol-dong-one-room-waste-cleaning-review/,인천 구월동,폐기물청소,원룸,후기
2026-09-03T15:05:30,인천 구월동 원룸 폐기물청소 잘하는곳,seo-incheon-guwol-dong-one-room-waste-cleaning-best,https://clever-griffin-93819d.netlify.app/seo-incheon-guwol-dong-one-room-waste-cleaning-best/,인천 구월동,폐기물청소,원룸,잘하는곳
2026-09-03T15:05:30,인천 구월동 원룸 폐기물청소 업체,seo-incheon-guwol-dong-one-room-waste-cleaning-service,https://clever-griffin-93819d.netlify.app/seo-incheon-guwol-dong-one-room-waste-cleaning-service/,인천 구월동,폐기물청소,원룸,업체
2026-09-03T15:05:30,인천 구월동 원룸 폐기물청소 당일상담,seo-incheon-guwol-dong-one-room-waste-cleaning-same-day-consult,https://clever-griffin-93819d.netlify.app/seo-incheon-guwol-dong-one-room-waste-cleaning-same-day-consult/,인천 구월동,폐기물청소,원룸,당일상담
2026-09-03T15:05:30,인천 구월동 원룸 폐기물청소 주말예약,seo-incheon-guwol-dong-one-room-waste-cleaning-weekend-booking,https://clever-griffin-93819d.netlify.app/seo-incheon-guwol-dong-one-room-waste-cleaning-weekend-booking/,인천 구월동,폐기물청소,원룸,주말예약
2026-09-03T15:05:30,인천 구월동 원룸 폐기물청소 청소범위,seo-incheon-guwol-dong-one-room-waste-cleaning-scope,https://clever-griffin-93819d.netlify.app/seo-incheon-guwol-dong-one-room-waste-cleaning-scope/,인천 구월동,폐기물청소,원룸,청소범위
2026-09-03T15:05:30,인천 구월동 빌라 폐기물청소 전문업체,seo-incheon-guwol-dong-villa-waste-cleaning-company,https://clever-griffin-93819d.netlify.app/seo-incheon-guwol-dong-villa-waste-cleaning-company/,인천 구월동,폐기물청소,빌라,전문업체
2026-09-03T15:05:30,인천 구월동 빌라 폐기물청소 비용,seo-incheon-guwol-dong-villa-waste-cleaning-cost,https://clever-griffin-93819d.netlify.app/seo-incheon-guwol-dong-villa-waste-cleaning-cost/,인천 구월동,폐기물청소,빌라,비용
2026-09-03T15:05:30,인천 구월동 빌라 폐기물청소 가격,seo-incheon-guwol-dong-villa-waste-cleaning-price,https://clever-griffin-93819d.netlify.app/seo-incheon-guwol-dong-villa-waste-cleaning-price/,인천 구월동,폐기물청소,빌라,가격
2026-09-03T15:05:30,인천 구월동 빌라 폐기물청소 견적,seo-incheon-guwol-dong-villa-waste-cleaning-estimate,https://clever-griffin-93819d.netlify.app/seo-incheon-guwol-dong-villa-waste-cleaning-estimate/,인천 구월동,폐기물청소,빌라,견적
2026-09-03T15:05:30,인천 구월동 빌라 폐기물청소 예약,seo-incheon-guwol-dong-villa-waste-cleaning-booking,https://clever-griffin-93819d.netlify.app/seo-incheon-guwol-dong-villa-waste-cleaning-booking/,인천 구월동,폐기물청소,빌라,예약
2026-09-03T15:05:30,인천 구월동 빌라 폐기물청소 추천,seo-incheon-guwol-dong-villa-waste-cleaning-recommend,https://clever-griffin-93819d.netlify.app/seo-incheon-guwol-dong-villa-waste-cleaning-recommend/,인천 구월동,폐기물청소,빌라,추천
2026-09-03T15:05:30,인천 구월동 빌라 폐기물청소 후기,seo-incheon-guwol-dong-villa-waste-cleaning-review,https://clever-griffin-93819d.netlify.app/seo-incheon-guwol-dong-villa-waste-cleaning-review/,인천 구월동,폐기물청소,빌라,후기
2026-09-03T15:05:30,인천 구월동 빌라 폐기물청소 잘하는곳,seo-incheon-guwol-dong-villa-waste-cleaning-best,https://clever-griffin-93819d.netlify.app/seo-incheon-guwol-dong-villa-waste-cleaning-best/,인천 구월동,폐기물청소,빌라,잘하는곳
2026-09-03T15:05:30,인천 구월동 빌라 폐기물청소 업체,seo-incheon-guwol-dong-villa-waste-cleaning-service,https://clever-griffin-93819d.netlify.app/seo-incheon-guwol-dong-villa-waste-cleaning-service/,인천 구월동,폐기물청소,빌라,업체
2026-09-03T15:05:30,인천 구월동 빌라 폐기물청소 당일상담,seo-incheon-guwol-dong-villa-waste-cleaning-same-day-consult,https://clever-griffin-93819d.netlify.app/seo-incheon-guwol-dong-villa-waste-cleaning-same-day-consult/,인천 구월동,폐기물청소,빌라,당일상담
2026-09-03T15:05:30,인천 구월동 빌라 폐기물청소 주말예약,seo-incheon-guwol-dong-villa-waste-cleaning-weekend-booking,https://clever-griffin-93819d.netlify.app/seo-incheon-guwol-dong-villa-waste-cleaning-weekend-booking/,인천 구월동,폐기물청소,빌라,주말예약
2026-09-03T15:05:30,인천 구월동 빌라 폐기물청소 청소범위,seo-incheon-guwol-dong-villa-waste-cleaning-scope,https://clever-griffin-93819d.netlify.app/seo-incheon-guwol-dong-villa-waste-cleaning-scope/,인천 구월동,폐기물청소,빌라,청소범위
2026-09-03T15:05:30,인천 구월동 오피스텔 폐기물청소 전문업체,seo-incheon-guwol-dong-officetel-waste-cleaning-company,https://clever-griffin-93819d.netlify.app/seo-incheon-guwol-dong-officetel-waste-cleaning-company/,인천 구월동,폐기물청소,오피스텔,전문업체
2026-09-03T15:05:30,인천 구월동 오피스텔 폐기물청소 비용,seo-incheon-guwol-dong-officetel-waste-cleaning-cost,https://clever-griffin-93819d.netlify.app/seo-incheon-guwol-dong-officetel-waste-cleaning-cost/,인천 구월동,폐기물청소,오피스텔,비용
2026-09-03T15:05:30,인천 구월동 오피스텔 폐기물청소 가격,seo-incheon-guwol-dong-officetel-waste-cleaning-price,https://clever-griffin-93819d.netlify.app/seo-incheon-guwol-dong-officetel-waste-cleaning-price/,인천 구월동,폐기물청소,오피스텔,가격
2026-09-03T15:05:30,인천 구월동 오피스텔 폐기물청소 견적,seo-incheon-guwol-dong-officetel-waste-cleaning-estimate,https://clever-griffin-93819d.netlify.app/seo-incheon-guwol-dong-officetel-waste-cleaning-estimate/,인천 구월동,폐기물청소,오피스텔,견적
2026-09-03T15:05:30,인천 구월동 오피스텔 폐기물청소 예약,seo-incheon-guwol-dong-officetel-waste-cleaning-booking,https://clever-griffin-93819d.netlify.app/seo-incheon-guwol-dong-officetel-waste-cleaning-booking/,인천 구월동,폐기물청소,오피스텔,예약
2026-09-03T15:05:30,인천 구월동 오피스텔 폐기물청소 추천,seo-incheon-guwol-dong-officetel-waste-cleaning-recommend,https://clever-griffin-93819d.netlify.app/seo-incheon-guwol-dong-officetel-waste-cleaning-recommend/,인천 구월동,폐기물청소,오피스텔,추천
2026-09-03T15:05:30,인천 구월동 오피스텔 폐기물청소 후기,seo-incheon-guwol-dong-officetel-waste-cleaning-review,https://clever-griffin-93819d.netlify.app/seo-incheon-guwol-dong-officetel-waste-cleaning-review/,인천 구월동,폐기물청소,오피스텔,후기
2026-09-03T15:05:30,인천 구월동 오피스텔 폐기물청소 잘하는곳,seo-incheon-guwol-dong-officetel-waste-cleaning-best,https://clever-griffin-93819d.netlify.app/seo-incheon-guwol-dong-officetel-waste-cleaning-best/,인천 구월동,폐기물청소,오피스텔,잘하는곳
2026-09-03T15:05:30,인천 구월동 오피스텔 폐기물청소 업체,seo-incheon-guwol-dong-officetel-waste-cleaning-service,https://clever-griffin-93819d.netlify.app/seo-incheon-guwol-dong-officetel-waste-cleaning-service/,인천 구월동,폐기물청소,오피스텔,업체
2026-09-03T15:05:30,인천 구월동 오피스텔 폐기물청소 당일상담,seo-incheon-guwol-dong-officetel-waste-cleaning-same-day-consult,https://clever-griffin-93819d.netlify.app/seo-incheon-guwol-dong-officetel-waste-cleaning-same-day-consult/,인천 구월동,폐기물청소,오피스텔,당일상담
2026-09-03T15:05:30,인천 구월동 오피스텔 폐기물청소 주말예약,seo-incheon-guwol-dong-officetel-waste-cleaning-weekend-booking,https://clever-griffin-93819d.netlify.app/seo-incheon-guwol-dong-officetel-waste-cleaning-weekend-booking/,인천 구월동,폐기물청소,오피스텔,주말예약
2026-09-03T15:05:30,인천 구월동 오피스텔 폐기물청소 청소범위,seo-incheon-guwol-dong-officetel-waste-cleaning-scope,https://clever-griffin-93819d.netlify.app/seo-incheon-guwol-dong-officetel-waste-cleaning-scope/,인천 구월동,폐기물청소,오피스텔,청소범위
2026-09-03T15:05:30,인천 구월동 상가 폐기물청소 전문업체,seo-incheon-guwol-dong-store-waste-cleaning-company,https://clever-griffin-93819d.netlify.app/seo-incheon-guwol-dong-store-waste-cleaning-company/,인천 구월동,폐기물청소,상가,전문업체
2026-09-03T15:05:30,인천 구월동 상가 폐기물청소 비용,seo-incheon-guwol-dong-store-waste-cleaning-cost,https://clever-griffin-93819d.netlify.app/seo-incheon-guwol-dong-store-waste-cleaning-cost/,인천 구월동,폐기물청소,상가,비용
2026-09-03T15:05:30,인천 구월동 상가 폐기물청소 가격,seo-incheon-guwol-dong-store-waste-cleaning-price,https://clever-griffin-93819d.netlify.app/seo-incheon-guwol-dong-store-waste-cleaning-price/,인천 구월동,폐기물청소,상가,가격
2026-09-03T15:05:30,인천 구월동 상가 폐기물청소 견적,seo-incheon-guwol-dong-store-waste-cleaning-estimate,https://clever-griffin-93819d.netlify.app/seo-incheon-guwol-dong-store-waste-cleaning-estimate/,인천 구월동,폐기물청소,상가,견적
2026-09-03T15:05:30,인천 구월동 상가 폐기물청소 예약,seo-incheon-guwol-dong-store-waste-cleaning-booking,https://clever-griffin-93819d.netlify.app/seo-incheon-guwol-dong-store-waste-cleaning-booking/,인천 구월동,폐기물청소,상가,예약
2026-09-03T15:05:30,인천 구월동 상가 폐기물청소 추천,seo-incheon-guwol-dong-store-waste-cleaning-recommend,https://clever-griffin-93819d.netlify.app/seo-incheon-guwol-dong-store-waste-cleaning-recommend/,인천 구월동,폐기물청소,상가,추천
2026-09-03T15:05:30,인천 구월동 상가 폐기물청소 후기,seo-incheon-guwol-dong-store-waste-cleaning-review,https://clever-griffin-93819d.netlify.app/seo-incheon-guwol-dong-store-waste-cleaning-review/,인천 구월동,폐기물청소,상가,후기
2026-09-03T15:05:30,인천 구월동 상가 폐기물청소 잘하는곳,seo-incheon-guwol-dong-store-waste-cleaning-best,https://clever-griffin-93819d.netlify.app/seo-incheon-guwol-dong-store-waste-cleaning-best/,인천 구월동,폐기물청소,상가,잘하는곳
2026-09-03T15:05:30,인천 구월동 상가 폐기물청소 업체,seo-incheon-guwol-dong-store-waste-cleaning-service,https://clever-griffin-93819d.netlify.app/seo-incheon-guwol-dong-store-waste-cleaning-service/,인천 구월동,폐기물청소,상가,업체
2026-09-03T15:05:30,인천 구월동 상가 폐기물청소 당일상담,seo-incheon-guwol-dong-store-waste-cleaning-same-day-consult,https://clever-griffin-93819d.netlify.app/seo-incheon-guwol-dong-store-waste-cleaning-same-day-consult/,인천 구월동,폐기물청소,상가,당일상담
2026-09-03T15:05:30,인천 구월동 상가 폐기물청소 주말예약,seo-incheon-guwol-dong-store-waste-cleaning-weekend-booking,https://clever-griffin-93819d.netlify.app/seo-incheon-guwol-dong-store-waste-cleaning-weekend-booking/,인천 구월동,폐기물청소,상가,주말예약
2026-09-03T15:05:30,인천 구월동 상가 폐기물청소 청소범위,seo-incheon-guwol-dong-store-waste-cleaning-scope,https://clever-griffin-93819d.netlify.app/seo-incheon-guwol-dong-store-waste-cleaning-scope/,인천 구월동,폐기물청소,상가,청소범위
2026-09-03T15:05:30,인천 구월동 사무실 폐기물청소 전문업체,seo-incheon-guwol-dong-office-waste-cleaning-company,https://clever-griffin-93819d.netlify.app/seo-incheon-guwol-dong-office-waste-cleaning-company/,인천 구월동,폐기물청소,사무실,전문업체
2026-09-03T15:05:30,인천 구월동 사무실 폐기물청소 비용,seo-incheon-guwol-dong-office-waste-cleaning-cost,https://clever-griffin-93819d.netlify.app/seo-incheon-guwol-dong-office-waste-cleaning-cost/,인천 구월동,폐기물청소,사무실,비용
2026-09-03T15:05:30,인천 구월동 사무실 폐기물청소 가격,seo-incheon-guwol-dong-office-waste-cleaning-price,https://clever-griffin-93819d.netlify.app/seo-incheon-guwol-dong-office-waste-cleaning-price/,인천 구월동,폐기물청소,사무실,가격
2026-09-03T15:05:30,인천 구월동 사무실 폐기물청소 견적,seo-incheon-guwol-dong-office-waste-cleaning-estimate,https://clever-griffin-93819d.netlify.app/seo-incheon-guwol-dong-office-waste-cleaning-estimate/,인천 구월동,폐기물청소,사무실,견적
2026-09-03T15:05:30,인천 구월동 사무실 폐기물청소 예약,seo-incheon-guwol-dong-office-waste-cleaning-booking,https://clever-griffin-93819d.netlify.app/seo-incheon-guwol-dong-office-waste-cleaning-booking/,인천 구월동,폐기물청소,사무실,예약
2026-09-03T15:05:30,인천 구월동 사무실 폐기물청소 추천,seo-incheon-guwol-dong-office-waste-cleaning-recommend,https://clever-griffin-93819d.netlify.app/seo-incheon-guwol-dong-office-waste-cleaning-recommend/,인천 구월동,폐기물청소,사무실,추천
2026-09-03T15:05:30,인천 구월동 사무실 폐기물청소 후기,seo-incheon-guwol-dong-office-waste-cleaning-review,https://clever-griffin-93819d.netlify.app/seo-incheon-guwol-dong-office-waste-cleaning-review/,인천 구월동,폐기물청소,사무실,후기
2026-09-03T15:05:30,인천 구월동 사무실 폐기물청소 잘하는곳,seo-incheon-guwol-dong-office-waste-cleaning-best,https://clever-griffin-93819d.netlify.app/seo-incheon-guwol-dong-office-waste-cleaning-best/,인천 구월동,폐기물청소,사무실,잘하는곳
2026-09-03T15:05:30,인천 구월동 사무실 폐기물청소 업체,seo-incheon-guwol-dong-office-waste-cleaning-service,https://clever-griffin-93819d.netlify.app/seo-incheon-guwol-dong-office-waste-cleaning-service/,인천 구월동,폐기물청소,사무실,업체
2026-09-03T15:05:30,인천 구월동 사무실 폐기물청소 당일상담,seo-incheon-guwol-dong-office-waste-cleaning-same-day-consult,https://clever-griffin-93819d.netlify.app/seo-incheon-guwol-dong-office-waste-cleaning-same-day-consult/,인천 구월동,폐기물청소,사무실,당일상담
2026-09-03T15:05:30,인천 구월동 사무실 폐기물청소 주말예약,seo-incheon-guwol-dong-office-waste-cleaning-weekend-booking,https://clever-griffin-93819d.netlify.app/seo-incheon-guwol-dong-office-waste-cleaning-weekend-booking/,인천 구월동,폐기물청소,사무실,주말예약
2026-09-03T15:05:30,인천 구월동 사무실 폐기물청소 청소범위,seo-incheon-guwol-dong-office-waste-cleaning-scope,https://clever-griffin-93819d.netlify.app/seo-incheon-guwol-dong-office-waste-cleaning-scope/,인천 구월동,폐기물청소,사무실,청소범위
2026-09-03T15:05:30,인천 논현동 아파트 입주청소 전문업체,seo-incheon-nonhyeon-dong-apartment-move-in-cleaning-company,https://clever-griffin-93819d.netlify.app/seo-incheon-nonhyeon-dong-apartment-move-in-cleaning-company/,인천 논현동,입주청소,아파트,전문업체
2026-09-03T15:05:30,인천 논현동 아파트 입주청소 비용,seo-incheon-nonhyeon-dong-apartment-move-in-cleaning-cost,https://clever-griffin-93819d.netlify.app/seo-incheon-nonhyeon-dong-apartment-move-in-cleaning-cost/,인천 논현동,입주청소,아파트,비용
2026-09-03T15:05:30,인천 논현동 아파트 입주청소 가격,seo-incheon-nonhyeon-dong-apartment-move-in-cleaning-price,https://clever-griffin-93819d.netlify.app/seo-incheon-nonhyeon-dong-apartment-move-in-cleaning-price/,인천 논현동,입주청소,아파트,가격
2026-09-03T15:05:30,인천 논현동 아파트 입주청소 견적,seo-incheon-nonhyeon-dong-apartment-move-in-cleaning-estimate,https://clever-griffin-93819d.netlify.app/seo-incheon-nonhyeon-dong-apartment-move-in-cleaning-estimate/,인천 논현동,입주청소,아파트,견적
2026-09-03T15:05:30,인천 논현동 아파트 입주청소 예약,seo-incheon-nonhyeon-dong-apartment-move-in-cleaning-booking,https://clever-griffin-93819d.netlify.app/seo-incheon-nonhyeon-dong-apartment-move-in-cleaning-booking/,인천 논현동,입주청소,아파트,예약
2026-09-03T15:05:30,인천 논현동 아파트 입주청소 추천,seo-incheon-nonhyeon-dong-apartment-move-in-cleaning-recommend,https://clever-griffin-93819d.netlify.app/seo-incheon-nonhyeon-dong-apartment-move-in-cleaning-recommend/,인천 논현동,입주청소,아파트,추천
2026-09-03T15:05:30,인천 논현동 아파트 입주청소 후기,seo-incheon-nonhyeon-dong-apartment-move-in-cleaning-review,https://clever-griffin-93819d.netlify.app/seo-incheon-nonhyeon-dong-apartment-move-in-cleaning-review/,인천 논현동,입주청소,아파트,후기
2026-09-03T15:05:30,인천 논현동 아파트 입주청소 잘하는곳,seo-incheon-nonhyeon-dong-apartment-move-in-cleaning-best,https://clever-griffin-93819d.netlify.app/seo-incheon-nonhyeon-dong-apartment-move-in-cleaning-best/,인천 논현동,입주청소,아파트,잘하는곳
2026-09-03T15:05:30,인천 논현동 아파트 입주청소 업체,seo-incheon-nonhyeon-dong-apartment-move-in-cleaning-service,https://clever-griffin-93819d.netlify.app/seo-incheon-nonhyeon-dong-apartment-move-in-cleaning-service/,인천 논현동,입주청소,아파트,업체
2026-09-03T15:05:30,인천 논현동 아파트 입주청소 당일상담,seo-incheon-nonhyeon-dong-apartment-move-in-cleaning-same-day-consult,https://clever-griffin-93819d.netlify.app/seo-incheon-nonhyeon-dong-apartment-move-in-cleaning-same-day-consult/,인천 논현동,입주청소,아파트,당일상담
2026-09-03T15:05:30,인천 논현동 아파트 입주청소 주말예약,seo-incheon-nonhyeon-dong-apartment-move-in-cleaning-weekend-booking,https://clever-griffin-93819d.netlify.app/seo-incheon-nonhyeon-dong-apartment-move-in-cleaning-weekend-booking/,인천 논현동,입주청소,아파트,주말예약
2026-09-03T15:05:30,인천 논현동 아파트 입주청소 청소범위,seo-incheon-nonhyeon-dong-apartment-move-in-cleaning-scope,https://clever-griffin-93819d.netlify.app/seo-incheon-nonhyeon-dong-apartment-move-in-cleaning-scope/,인천 논현동,입주청소,아파트,청소범위
2026-09-03T15:05:30,인천 논현동 원룸 입주청소 전문업체,seo-incheon-nonhyeon-dong-one-room-move-in-cleaning-company,https://clever-griffin-93819d.netlify.app/seo-incheon-nonhyeon-dong-one-room-move-in-cleaning-company/,인천 논현동,입주청소,원룸,전문업체
2026-09-03T15:05:30,인천 논현동 원룸 입주청소 비용,seo-incheon-nonhyeon-dong-one-room-move-in-cleaning-cost,https://clever-griffin-93819d.netlify.app/seo-incheon-nonhyeon-dong-one-room-move-in-cleaning-cost/,인천 논현동,입주청소,원룸,비용
2026-09-03T15:05:30,인천 논현동 원룸 입주청소 가격,seo-incheon-nonhyeon-dong-one-room-move-in-cleaning-price,https://clever-griffin-93819d.netlify.app/seo-incheon-nonhyeon-dong-one-room-move-in-cleaning-price/,인천 논현동,입주청소,원룸,가격
2026-09-03T15:05:30,인천 논현동 원룸 입주청소 견적,seo-incheon-nonhyeon-dong-one-room-move-in-cleaning-estimate,https://clever-griffin-93819d.netlify.app/seo-incheon-nonhyeon-dong-one-room-move-in-cleaning-estimate/,인천 논현동,입주청소,원룸,견적
2026-09-03T15:05:30,인천 논현동 원룸 입주청소 예약,seo-incheon-nonhyeon-dong-one-room-move-in-cleaning-booking,https://clever-griffin-93819d.netlify.app/seo-incheon-nonhyeon-dong-one-room-move-in-cleaning-booking/,인천 논현동,입주청소,원룸,예약
2026-09-03T15:05:30,인천 논현동 원룸 입주청소 추천,seo-incheon-nonhyeon-dong-one-room-move-in-cleaning-recommend,https://clever-griffin-93819d.netlify.app/seo-incheon-nonhyeon-dong-one-room-move-in-cleaning-recommend/,인천 논현동,입주청소,원룸,추천
2026-09-03T15:05:30,인천 논현동 원룸 입주청소 후기,seo-incheon-nonhyeon-dong-one-room-move-in-cleaning-review,https://clever-griffin-93819d.netlify.app/seo-incheon-nonhyeon-dong-one-room-move-in-cleaning-review/,인천 논현동,입주청소,원룸,후기
2026-09-03T15:05:30,인천 논현동 원룸 입주청소 잘하는곳,seo-incheon-nonhyeon-dong-one-room-move-in-cleaning-best,https://clever-griffin-93819d.netlify.app/seo-incheon-nonhyeon-dong-one-room-move-in-cleaning-best/,인천 논현동,입주청소,원룸,잘하는곳
2026-09-03T15:05:30,인천 논현동 원룸 입주청소 업체,seo-incheon-nonhyeon-dong-one-room-move-in-cleaning-service,https://clever-griffin-93819d.netlify.app/seo-incheon-nonhyeon-dong-one-room-move-in-cleaning-service/,인천 논현동,입주청소,원룸,업체
2026-09-03T15:05:30,인천 논현동 원룸 입주청소 당일상담,seo-incheon-nonhyeon-dong-one-room-move-in-cleaning-same-day-consult,https://clever-griffin-93819d.netlify.app/seo-incheon-nonhyeon-dong-one-room-move-in-cleaning-same-day-consult/,인천 논현동,입주청소,원룸,당일상담
2026-09-03T15:05:30,인천 논현동 원룸 입주청소 주말예약,seo-incheon-nonhyeon-dong-one-room-move-in-cleaning-weekend-booking,https://clever-griffin-93819d.netlify.app/seo-incheon-nonhyeon-dong-one-room-move-in-cleaning-weekend-booking/,인천 논현동,입주청소,원룸,주말예약
2026-09-03T15:05:30,인천 논현동 원룸 입주청소 청소범위,seo-incheon-nonhyeon-dong-one-room-move-in-cleaning-scope,https://clever-griffin-93819d.netlify.app/seo-incheon-nonhyeon-dong-one-room-move-in-cleaning-scope/,인천 논현동,입주청소,원룸,청소범위
2026-09-03T15:05:30,인천 논현동 빌라 입주청소 전문업체,seo-incheon-nonhyeon-dong-villa-move-in-cleaning-company,https://clever-griffin-93819d.netlify.app/seo-incheon-nonhyeon-dong-villa-move-in-cleaning-company/,인천 논현동,입주청소,빌라,전문업체
2026-09-03T15:05:30,인천 논현동 빌라 입주청소 비용,seo-incheon-nonhyeon-dong-villa-move-in-cleaning-cost,https://clever-griffin-93819d.netlify.app/seo-incheon-nonhyeon-dong-villa-move-in-cleaning-cost/,인천 논현동,입주청소,빌라,비용
2026-09-03T15:05:30,인천 논현동 빌라 입주청소 가격,seo-incheon-nonhyeon-dong-villa-move-in-cleaning-price,https://clever-griffin-93819d.netlify.app/seo-incheon-nonhyeon-dong-villa-move-in-cleaning-price/,인천 논현동,입주청소,빌라,가격
2026-09-03T15:05:30,인천 논현동 빌라 입주청소 견적,seo-incheon-nonhyeon-dong-villa-move-in-cleaning-estimate,https://clever-griffin-93819d.netlify.app/seo-incheon-nonhyeon-dong-villa-move-in-cleaning-estimate/,인천 논현동,입주청소,빌라,견적
2026-09-03T15:05:30,인천 논현동 빌라 입주청소 예약,seo-incheon-nonhyeon-dong-villa-move-in-cleaning-booking,https://clever-griffin-93819d.netlify.app/seo-incheon-nonhyeon-dong-villa-move-in-cleaning-booking/,인천 논현동,입주청소,빌라,예약
2026-09-03T15:05:30,인천 논현동 빌라 입주청소 추천,seo-incheon-nonhyeon-dong-villa-move-in-cleaning-recommend,https://clever-griffin-93819d.netlify.app/seo-incheon-nonhyeon-dong-villa-move-in-cleaning-recommend/,인천 논현동,입주청소,빌라,추천
2026-09-03T15:05:30,인천 논현동 빌라 입주청소 후기,seo-incheon-nonhyeon-dong-villa-move-in-cleaning-review,https://clever-griffin-93819d.netlify.app/seo-incheon-nonhyeon-dong-villa-move-in-cleaning-review/,인천 논현동,입주청소,빌라,후기
2026-09-03T15:05:30,인천 논현동 빌라 입주청소 잘하는곳,seo-incheon-nonhyeon-dong-villa-move-in-cleaning-best,https://clever-griffin-93819d.netlify.app/seo-incheon-nonhyeon-dong-villa-move-in-cleaning-best/,인천 논현동,입주청소,빌라,잘하는곳
2026-09-03T15:05:30,인천 논현동 빌라 입주청소 업체,seo-incheon-nonhyeon-dong-villa-move-in-cleaning-service,https://clever-griffin-93819d.netlify.app/seo-incheon-nonhyeon-dong-villa-move-in-cleaning-service/,인천 논현동,입주청소,빌라,업체
2026-09-03T15:05:30,인천 논현동 빌라 입주청소 당일상담,seo-incheon-nonhyeon-dong-villa-move-in-cleaning-same-day-consult,https://clever-griffin-93819d.netlify.app/seo-incheon-nonhyeon-dong-villa-move-in-cleaning-same-day-consult/,인천 논현동,입주청소,빌라,당일상담
2026-09-03T15:05:30,인천 논현동 빌라 입주청소 주말예약,seo-incheon-nonhyeon-dong-villa-move-in-cleaning-weekend-booking,https://clever-griffin-93819d.netlify.app/seo-incheon-nonhyeon-dong-villa-move-in-cleaning-weekend-booking/,인천 논현동,입주청소,빌라,주말예약
2026-09-03T15:05:30,인천 논현동 빌라 입주청소 청소범위,seo-incheon-nonhyeon-dong-villa-move-in-cleaning-scope,https://clever-griffin-93819d.netlify.app/seo-incheon-nonhyeon-dong-villa-move-in-cleaning-scope/,인천 논현동,입주청소,빌라,청소범위
2026-09-03T15:05:30,인천 논현동 오피스텔 입주청소 전문업체,seo-incheon-nonhyeon-dong-officetel-move-in-cleaning-company,https://clever-griffin-93819d.netlify.app/seo-incheon-nonhyeon-dong-officetel-move-in-cleaning-company/,인천 논현동,입주청소,오피스텔,전문업체
2026-09-03T15:05:30,인천 논현동 오피스텔 입주청소 비용,seo-incheon-nonhyeon-dong-officetel-move-in-cleaning-cost,https://clever-griffin-93819d.netlify.app/seo-incheon-nonhyeon-dong-officetel-move-in-cleaning-cost/,인천 논현동,입주청소,오피스텔,비용
2026-09-03T15:05:30,인천 논현동 오피스텔 입주청소 가격,seo-incheon-nonhyeon-dong-officetel-move-in-cleaning-price,https://clever-griffin-93819d.netlify.app/seo-incheon-nonhyeon-dong-officetel-move-in-cleaning-price/,인천 논현동,입주청소,오피스텔,가격
2026-09-03T15:05:30,인천 논현동 오피스텔 입주청소 견적,seo-incheon-nonhyeon-dong-officetel-move-in-cleaning-estimate,https://clever-griffin-93819d.netlify.app/seo-incheon-nonhyeon-dong-officetel-move-in-cleaning-estimate/,인천 논현동,입주청소,오피스텔,견적
2026-09-03T15:05:30,인천 논현동 오피스텔 입주청소 예약,seo-incheon-nonhyeon-dong-officetel-move-in-cleaning-booking,https://clever-griffin-93819d.netlify.app/seo-incheon-nonhyeon-dong-officetel-move-in-cleaning-booking/,인천 논현동,입주청소,오피스텔,예약
2026-09-03T15:05:30,인천 논현동 오피스텔 입주청소 추천,seo-incheon-nonhyeon-dong-officetel-move-in-cleaning-recommend,https://clever-griffin-93819d.netlify.app/seo-incheon-nonhyeon-dong-officetel-move-in-cleaning-recommend/,인천 논현동,입주청소,오피스텔,추천
2026-09-03T15:05:30,인천 논현동 오피스텔 입주청소 후기,seo-incheon-nonhyeon-dong-officetel-move-in-cleaning-review,https://clever-griffin-93819d.netlify.app/seo-incheon-nonhyeon-dong-officetel-move-in-cleaning-review/,인천 논현동,입주청소,오피스텔,후기
2026-09-03T15:05:30,인천 논현동 오피스텔 입주청소 잘하는곳,seo-incheon-nonhyeon-dong-officetel-move-in-cleaning-best,https://clever-griffin-93819d.netlify.app/seo-incheon-nonhyeon-dong-officetel-move-in-cleaning-best/,인천 논현동,입주청소,오피스텔,잘하는곳
2026-09-03T15:05:30,인천 논현동 오피스텔 입주청소 업체,seo-incheon-nonhyeon-dong-officetel-move-in-cleaning-service,https://clever-griffin-93819d.netlify.app/seo-incheon-nonhyeon-dong-officetel-move-in-cleaning-service/,인천 논현동,입주청소,오피스텔,업체
2026-09-03T15:05:30,인천 논현동 오피스텔 입주청소 당일상담,seo-incheon-nonhyeon-dong-officetel-move-in-cleaning-same-day-consult,https://clever-griffin-93819d.netlify.app/seo-incheon-nonhyeon-dong-officetel-move-in-cleaning-same-day-consult/,인천 논현동,입주청소,오피스텔,당일상담
2026-09-03T15:05:30,인천 논현동 오피스텔 입주청소 주말예약,seo-incheon-nonhyeon-dong-officetel-move-in-cleaning-weekend-booking,https://clever-griffin-93819d.netlify.app/seo-incheon-nonhyeon-dong-officetel-move-in-cleaning-weekend-booking/,인천 논현동,입주청소,오피스텔,주말예약
2026-09-03T15:05:30,인천 논현동 오피스텔 입주청소 청소범위,seo-incheon-nonhyeon-dong-officetel-move-in-cleaning-scope,https://clever-griffin-93819d.netlify.app/seo-incheon-nonhyeon-dong-officetel-move-in-cleaning-scope/,인천 논현동,입주청소,오피스텔,청소범위
2026-09-03T15:05:30,인천 논현동 상가 입주청소 전문업체,seo-incheon-nonhyeon-dong-store-move-in-cleaning-company,https://clever-griffin-93819d.netlify.app/seo-incheon-nonhyeon-dong-store-move-in-cleaning-company/,인천 논현동,입주청소,상가,전문업체
2026-09-03T15:05:30,인천 논현동 상가 입주청소 비용,seo-incheon-nonhyeon-dong-store-move-in-cleaning-cost,https://clever-griffin-93819d.netlify.app/seo-incheon-nonhyeon-dong-store-move-in-cleaning-cost/,인천 논현동,입주청소,상가,비용
2026-09-03T15:05:30,인천 논현동 상가 입주청소 가격,seo-incheon-nonhyeon-dong-store-move-in-cleaning-price,https://clever-griffin-93819d.netlify.app/seo-incheon-nonhyeon-dong-store-move-in-cleaning-price/,인천 논현동,입주청소,상가,가격
2026-09-03T15:05:30,인천 논현동 상가 입주청소 견적,seo-incheon-nonhyeon-dong-store-move-in-cleaning-estimate,https://clever-griffin-93819d.netlify.app/seo-incheon-nonhyeon-dong-store-move-in-cleaning-estimate/,인천 논현동,입주청소,상가,견적
2026-09-03T15:05:30,인천 논현동 상가 입주청소 예약,seo-incheon-nonhyeon-dong-store-move-in-cleaning-booking,https://clever-griffin-93819d.netlify.app/seo-incheon-nonhyeon-dong-store-move-in-cleaning-booking/,인천 논현동,입주청소,상가,예약
2026-09-03T15:05:30,인천 논현동 상가 입주청소 추천,seo-incheon-nonhyeon-dong-store-move-in-cleaning-recommend,https://clever-griffin-93819d.netlify.app/seo-incheon-nonhyeon-dong-store-move-in-cleaning-recommend/,인천 논현동,입주청소,상가,추천
2026-09-03T15:05:30,인천 논현동 상가 입주청소 후기,seo-incheon-nonhyeon-dong-store-move-in-cleaning-review,https://clever-griffin-93819d.netlify.app/seo-incheon-nonhyeon-dong-store-move-in-cleaning-review/,인천 논현동,입주청소,상가,후기
2026-09-03T15:05:30,인천 논현동 상가 입주청소 잘하는곳,seo-incheon-nonhyeon-dong-store-move-in-cleaning-best,https://clever-griffin-93819d.netlify.app/seo-incheon-nonhyeon-dong-store-move-in-cleaning-best/,인천 논현동,입주청소,상가,잘하는곳
2026-09-03T15:05:30,인천 논현동 상가 입주청소 업체,seo-incheon-nonhyeon-dong-store-move-in-cleaning-service,https://clever-griffin-93819d.netlify.app/seo-incheon-nonhyeon-dong-store-move-in-cleaning-service/,인천 논현동,입주청소,상가,업체
2026-09-03T15:05:30,인천 논현동 상가 입주청소 당일상담,seo-incheon-nonhyeon-dong-store-move-in-cleaning-same-day-consult,https://clever-griffin-93819d.netlify.app/seo-incheon-nonhyeon-dong-store-move-in-cleaning-same-day-consult/,인천 논현동,입주청소,상가,당일상담
2026-09-03T15:05:30,인천 논현동 상가 입주청소 주말예약,seo-incheon-nonhyeon-dong-store-move-in-cleaning-weekend-booking,https://clever-griffin-93819d.netlify.app/seo-incheon-nonhyeon-dong-store-move-in-cleaning-weekend-booking/,인천 논현동,입주청소,상가,주말예약
2026-09-03T15:05:30,인천 논현동 상가 입주청소 청소범위,seo-incheon-nonhyeon-dong-store-move-in-cleaning-scope,https://clever-griffin-93819d.netlify.app/seo-incheon-nonhyeon-dong-store-move-in-cleaning-scope/,인천 논현동,입주청소,상가,청소범위
2026-09-03T15:05:30,인천 논현동 사무실 입주청소 전문업체,seo-incheon-nonhyeon-dong-office-move-in-cleaning-company,https://clever-griffin-93819d.netlify.app/seo-incheon-nonhyeon-dong-office-move-in-cleaning-company/,인천 논현동,입주청소,사무실,전문업체
2026-09-03T15:05:30,인천 논현동 사무실 입주청소 비용,seo-incheon-nonhyeon-dong-office-move-in-cleaning-cost,https://clever-griffin-93819d.netlify.app/seo-incheon-nonhyeon-dong-office-move-in-cleaning-cost/,인천 논현동,입주청소,사무실,비용
2026-09-03T15:05:30,인천 논현동 사무실 입주청소 가격,seo-incheon-nonhyeon-dong-office-move-in-cleaning-price,https://clever-griffin-93819d.netlify.app/seo-incheon-nonhyeon-dong-office-move-in-cleaning-price/,인천 논현동,입주청소,사무실,가격
2026-09-03T15:05:30,인천 논현동 사무실 입주청소 견적,seo-incheon-nonhyeon-dong-office-move-in-cleaning-estimate,https://clever-griffin-93819d.netlify.app/seo-incheon-nonhyeon-dong-office-move-in-cleaning-estimate/,인천 논현동,입주청소,사무실,견적
2026-09-03T15:05:30,인천 논현동 사무실 입주청소 예약,seo-incheon-nonhyeon-dong-office-move-in-cleaning-booking,https://clever-griffin-93819d.netlify.app/seo-incheon-nonhyeon-dong-office-move-in-cleaning-booking/,인천 논현동,입주청소,사무실,예약
2026-09-03T15:05:30,인천 논현동 사무실 입주청소 추천,seo-incheon-nonhyeon-dong-office-move-in-cleaning-recommend,https://clever-griffin-93819d.netlify.app/seo-incheon-nonhyeon-dong-office-move-in-cleaning-recommend/,인천 논현동,입주청소,사무실,추천
2026-09-03T15:05:30,인천 논현동 사무실 입주청소 후기,seo-incheon-nonhyeon-dong-office-move-in-cleaning-review,https://clever-griffin-93819d.netlify.app/seo-incheon-nonhyeon-dong-office-move-in-cleaning-review/,인천 논현동,입주청소,사무실,후기
2026-09-03T15:05:30,인천 논현동 사무실 입주청소 잘하는곳,seo-incheon-nonhyeon-dong-office-move-in-cleaning-best,https://clever-griffin-93819d.netlify.app/seo-incheon-nonhyeon-dong-office-move-in-cleaning-best/,인천 논현동,입주청소,사무실,잘하는곳
2026-09-03T15:05:30,인천 논현동 사무실 입주청소 업체,seo-incheon-nonhyeon-dong-office-move-in-cleaning-service,https://clever-griffin-93819d.netlify.app/seo-incheon-nonhyeon-dong-office-move-in-cleaning-service/,인천 논현동,입주청소,사무실,업체
2026-09-03T15:05:30,인천 논현동 사무실 입주청소 당일상담,seo-incheon-nonhyeon-dong-office-move-in-cleaning-same-day-consult,https://clever-griffin-93819d.netlify.app/seo-incheon-nonhyeon-dong-office-move-in-cleaning-same-day-consult/,인천 논현동,입주청소,사무실,당일상담
2026-09-03T15:05:30,인천 논현동 사무실 입주청소 주말예약,seo-incheon-nonhyeon-dong-office-move-in-cleaning-weekend-booking,https://clever-griffin-93819d.netlify.app/seo-incheon-nonhyeon-dong-office-move-in-cleaning-weekend-booking/,인천 논현동,입주청소,사무실,주말예약
2026-09-03T15:05:30,인천 논현동 사무실 입주청소 청소범위,seo-incheon-nonhyeon-dong-office-move-in-cleaning-scope,https://clever-griffin-93819d.netlify.app/seo-incheon-nonhyeon-dong-office-move-in-cleaning-scope/,인천 논현동,입주청소,사무실,청소범위
2026-09-03T15:05:30,인천 논현동 아파트 이사청소 전문업체,seo-incheon-nonhyeon-dong-apartment-moving-cleaning-company,https://clever-griffin-93819d.netlify.app/seo-incheon-nonhyeon-dong-apartment-moving-cleaning-company/,인천 논현동,이사청소,아파트,전문업체
2026-09-03T15:05:30,인천 논현동 아파트 이사청소 비용,seo-incheon-nonhyeon-dong-apartment-moving-cleaning-cost,https://clever-griffin-93819d.netlify.app/seo-incheon-nonhyeon-dong-apartment-moving-cleaning-cost/,인천 논현동,이사청소,아파트,비용
2026-09-03T15:05:30,인천 논현동 아파트 이사청소 가격,seo-incheon-nonhyeon-dong-apartment-moving-cleaning-price,https://clever-griffin-93819d.netlify.app/seo-incheon-nonhyeon-dong-apartment-moving-cleaning-price/,인천 논현동,이사청소,아파트,가격
2026-09-03T15:05:30,인천 논현동 아파트 이사청소 견적,seo-incheon-nonhyeon-dong-apartment-moving-cleaning-estimate,https://clever-griffin-93819d.netlify.app/seo-incheon-nonhyeon-dong-apartment-moving-cleaning-estimate/,인천 논현동,이사청소,아파트,견적
2026-09-03T15:05:30,인천 논현동 아파트 이사청소 예약,seo-incheon-nonhyeon-dong-apartment-moving-cleaning-booking,https://clever-griffin-93819d.netlify.app/seo-incheon-nonhyeon-dong-apartment-moving-cleaning-booking/,인천 논현동,이사청소,아파트,예약
2026-09-03T15:05:30,인천 논현동 아파트 이사청소 추천,seo-incheon-nonhyeon-dong-apartment-moving-cleaning-recommend,https://clever-griffin-93819d.netlify.app/seo-incheon-nonhyeon-dong-apartment-moving-cleaning-recommend/,인천 논현동,이사청소,아파트,추천
2026-09-03T15:05:30,인천 논현동 아파트 이사청소 후기,seo-incheon-nonhyeon-dong-apartment-moving-cleaning-review,https://clever-griffin-93819d.netlify.app/seo-incheon-nonhyeon-dong-apartment-moving-cleaning-review/,인천 논현동,이사청소,아파트,후기
2026-09-03T15:05:30,인천 논현동 아파트 이사청소 잘하는곳,seo-incheon-nonhyeon-dong-apartment-moving-cleaning-best,https://clever-griffin-93819d.netlify.app/seo-incheon-nonhyeon-dong-apartment-moving-cleaning-best/,인천 논현동,이사청소,아파트,잘하는곳
2026-09-03T15:05:30,인천 논현동 아파트 이사청소 업체,seo-incheon-nonhyeon-dong-apartment-moving-cleaning-service,https://clever-griffin-93819d.netlify.app/seo-incheon-nonhyeon-dong-apartment-moving-cleaning-service/,인천 논현동,이사청소,아파트,업체
2026-09-03T15:05:30,인천 논현동 아파트 이사청소 당일상담,seo-incheon-nonhyeon-dong-apartment-moving-cleaning-same-day-consult,https://clever-griffin-93819d.netlify.app/seo-incheon-nonhyeon-dong-apartment-moving-cleaning-same-day-consult/,인천 논현동,이사청소,아파트,당일상담
2026-09-03T15:05:30,인천 논현동 아파트 이사청소 주말예약,seo-incheon-nonhyeon-dong-apartment-moving-cleaning-weekend-booking,https://clever-griffin-93819d.netlify.app/seo-incheon-nonhyeon-dong-apartment-moving-cleaning-weekend-booking/,인천 논현동,이사청소,아파트,주말예약
2026-09-03T15:05:30,인천 논현동 아파트 이사청소 청소범위,seo-incheon-nonhyeon-dong-apartment-moving-cleaning-scope,https://clever-griffin-93819d.netlify.app/seo-incheon-nonhyeon-dong-apartment-moving-cleaning-scope/,인천 논현동,이사청소,아파트,청소범위
2026-09-03T15:05:30,인천 논현동 원룸 이사청소 전문업체,seo-incheon-nonhyeon-dong-one-room-moving-cleaning-company,https://clever-griffin-93819d.netlify.app/seo-incheon-nonhyeon-dong-one-room-moving-cleaning-company/,인천 논현동,이사청소,원룸,전문업체
2026-09-03T15:05:30,인천 논현동 원룸 이사청소 비용,seo-incheon-nonhyeon-dong-one-room-moving-cleaning-cost,https://clever-griffin-93819d.netlify.app/seo-incheon-nonhyeon-dong-one-room-moving-cleaning-cost/,인천 논현동,이사청소,원룸,비용
2026-09-03T15:05:30,인천 논현동 원룸 이사청소 가격,seo-incheon-nonhyeon-dong-one-room-moving-cleaning-price,https://clever-griffin-93819d.netlify.app/seo-incheon-nonhyeon-dong-one-room-moving-cleaning-price/,인천 논현동,이사청소,원룸,가격
2026-09-03T15:05:30,인천 논현동 원룸 이사청소 견적,seo-incheon-nonhyeon-dong-one-room-moving-cleaning-estimate,https://clever-griffin-93819d.netlify.app/seo-incheon-nonhyeon-dong-one-room-moving-cleaning-estimate/,인천 논현동,이사청소,원룸,견적
2026-09-03T15:05:30,인천 논현동 원룸 이사청소 예약,seo-incheon-nonhyeon-dong-one-room-moving-cleaning-booking,https://clever-griffin-93819d.netlify.app/seo-incheon-nonhyeon-dong-one-room-moving-cleaning-booking/,인천 논현동,이사청소,원룸,예약
2026-09-03T15:05:30,인천 논현동 원룸 이사청소 추천,seo-incheon-nonhyeon-dong-one-room-moving-cleaning-recommend,https://clever-griffin-93819d.netlify.app/seo-incheon-nonhyeon-dong-one-room-moving-cleaning-recommend/,인천 논현동,이사청소,원룸,추천
2026-09-03T15:05:30,인천 논현동 원룸 이사청소 후기,seo-incheon-nonhyeon-dong-one-room-moving-cleaning-review,https://clever-griffin-93819d.netlify.app/seo-incheon-nonhyeon-dong-one-room-moving-cleaning-review/,인천 논현동,이사청소,원룸,후기
2026-09-03T15:05:30,인천 논현동 원룸 이사청소 잘하는곳,seo-incheon-nonhyeon-dong-one-room-moving-cleaning-best,https://clever-griffin-93819d.netlify.app/seo-incheon-nonhyeon-dong-one-room-moving-cleaning-best/,인천 논현동,이사청소,원룸,잘하는곳
2026-09-03T15:05:30,인천 논현동 원룸 이사청소 업체,seo-incheon-nonhyeon-dong-one-room-moving-cleaning-service,https://clever-griffin-93819d.netlify.app/seo-incheon-nonhyeon-dong-one-room-moving-cleaning-service/,인천 논현동,이사청소,원룸,업체
2026-09-03T15:05:30,인천 논현동 원룸 이사청소 당일상담,seo-incheon-nonhyeon-dong-one-room-moving-cleaning-same-day-consult,https://clever-griffin-93819d.netlify.app/seo-incheon-nonhyeon-dong-one-room-moving-cleaning-same-day-consult/,인천 논현동,이사청소,원룸,당일상담
2026-09-03T15:05:30,인천 논현동 원룸 이사청소 주말예약,seo-incheon-nonhyeon-dong-one-room-moving-cleaning-weekend-booking,https://clever-griffin-93819d.netlify.app/seo-incheon-nonhyeon-dong-one-room-moving-cleaning-weekend-booking/,인천 논현동,이사청소,원룸,주말예약
2026-09-03T15:05:30,인천 논현동 원룸 이사청소 청소범위,seo-incheon-nonhyeon-dong-one-room-moving-cleaning-scope,https://clever-griffin-93819d.netlify.app/seo-incheon-nonhyeon-dong-one-room-moving-cleaning-scope/,인천 논현동,이사청소,원룸,청소범위
2026-09-03T15:05:30,인천 논현동 빌라 이사청소 전문업체,seo-incheon-nonhyeon-dong-villa-moving-cleaning-company,https://clever-griffin-93819d.netlify.app/seo-incheon-nonhyeon-dong-villa-moving-cleaning-company/,인천 논현동,이사청소,빌라,전문업체
2026-09-03T15:05:30,인천 논현동 빌라 이사청소 비용,seo-incheon-nonhyeon-dong-villa-moving-cleaning-cost,https://clever-griffin-93819d.netlify.app/seo-incheon-nonhyeon-dong-villa-moving-cleaning-cost/,인천 논현동,이사청소,빌라,비용
2026-09-03T15:05:30,인천 논현동 빌라 이사청소 가격,seo-incheon-nonhyeon-dong-villa-moving-cleaning-price,https://clever-griffin-93819d.netlify.app/seo-incheon-nonhyeon-dong-villa-moving-cleaning-price/,인천 논현동,이사청소,빌라,가격
2026-09-03T15:05:30,인천 논현동 빌라 이사청소 견적,seo-incheon-nonhyeon-dong-villa-moving-cleaning-estimate,https://clever-griffin-93819d.netlify.app/seo-incheon-nonhyeon-dong-villa-moving-cleaning-estimate/,인천 논현동,이사청소,빌라,견적
2026-09-03T15:05:30,인천 논현동 빌라 이사청소 예약,seo-incheon-nonhyeon-dong-villa-moving-cleaning-booking,https://clever-griffin-93819d.netlify.app/seo-incheon-nonhyeon-dong-villa-moving-cleaning-booking/,인천 논현동,이사청소,빌라,예약
2026-09-03T15:05:30,인천 논현동 빌라 이사청소 추천,seo-incheon-nonhyeon-dong-villa-moving-cleaning-recommend,https://clever-griffin-93819d.netlify.app/seo-incheon-nonhyeon-dong-villa-moving-cleaning-recommend/,인천 논현동,이사청소,빌라,추천
2026-09-03T15:05:30,인천 논현동 빌라 이사청소 후기,seo-incheon-nonhyeon-dong-villa-moving-cleaning-review,https://clever-griffin-93819d.netlify.app/seo-incheon-nonhyeon-dong-villa-moving-cleaning-review/,인천 논현동,이사청소,빌라,후기
2026-09-03T15:05:30,인천 논현동 빌라 이사청소 잘하는곳,seo-incheon-nonhyeon-dong-villa-moving-cleaning-best,https://clever-griffin-93819d.netlify.app/seo-incheon-nonhyeon-dong-villa-moving-cleaning-best/,인천 논현동,이사청소,빌라,잘하는곳
2026-09-03T15:05:30,인천 논현동 빌라 이사청소 업체,seo-incheon-nonhyeon-dong-villa-moving-cleaning-service,https://clever-griffin-93819d.netlify.app/seo-incheon-nonhyeon-dong-villa-moving-cleaning-service/,인천 논현동,이사청소,빌라,업체
2026-09-03T15:05:30,인천 논현동 빌라 이사청소 당일상담,seo-incheon-nonhyeon-dong-villa-moving-cleaning-same-day-consult,https://clever-griffin-93819d.netlify.app/seo-incheon-nonhyeon-dong-villa-moving-cleaning-same-day-consult/,인천 논현동,이사청소,빌라,당일상담
2026-09-03T15:05:30,인천 논현동 빌라 이사청소 주말예약,seo-incheon-nonhyeon-dong-villa-moving-cleaning-weekend-booking,https://clever-griffin-93819d.netlify.app/seo-incheon-nonhyeon-dong-villa-moving-cleaning-weekend-booking/,인천 논현동,이사청소,빌라,주말예약
2026-09-03T15:05:30,인천 논현동 빌라 이사청소 청소범위,seo-incheon-nonhyeon-dong-villa-moving-cleaning-scope,https://clever-griffin-93819d.netlify.app/seo-incheon-nonhyeon-dong-villa-moving-cleaning-scope/,인천 논현동,이사청소,빌라,청소범위
2026-09-03T15:05:30,인천 논현동 오피스텔 이사청소 전문업체,seo-incheon-nonhyeon-dong-officetel-moving-cleaning-company,https://clever-griffin-93819d.netlify.app/seo-incheon-nonhyeon-dong-officetel-moving-cleaning-company/,인천 논현동,이사청소,오피스텔,전문업체
2026-09-03T15:05:30,인천 논현동 오피스텔 이사청소 비용,seo-incheon-nonhyeon-dong-officetel-moving-cleaning-cost,https://clever-griffin-93819d.netlify.app/seo-incheon-nonhyeon-dong-officetel-moving-cleaning-cost/,인천 논현동,이사청소,오피스텔,비용
2026-09-03T15:05:30,인천 논현동 오피스텔 이사청소 가격,seo-incheon-nonhyeon-dong-officetel-moving-cleaning-price,https://clever-griffin-93819d.netlify.app/seo-incheon-nonhyeon-dong-officetel-moving-cleaning-price/,인천 논현동,이사청소,오피스텔,가격
2026-09-03T15:05:30,인천 논현동 오피스텔 이사청소 견적,seo-incheon-nonhyeon-dong-officetel-moving-cleaning-estimate,https://clever-griffin-93819d.netlify.app/seo-incheon-nonhyeon-dong-officetel-moving-cleaning-estimate/,인천 논현동,이사청소,오피스텔,견적
2026-09-03T15:05:30,인천 논현동 오피스텔 이사청소 예약,seo-incheon-nonhyeon-dong-officetel-moving-cleaning-booking,https://clever-griffin-93819d.netlify.app/seo-incheon-nonhyeon-dong-officetel-moving-cleaning-booking/,인천 논현동,이사청소,오피스텔,예약
2026-09-03T15:05:30,인천 논현동 오피스텔 이사청소 추천,seo-incheon-nonhyeon-dong-officetel-moving-cleaning-recommend,https://clever-griffin-93819d.netlify.app/seo-incheon-nonhyeon-dong-officetel-moving-cleaning-recommend/,인천 논현동,이사청소,오피스텔,추천
2026-09-03T15:05:30,인천 논현동 오피스텔 이사청소 후기,seo-incheon-nonhyeon-dong-officetel-moving-cleaning-review,https://clever-griffin-93819d.netlify.app/seo-incheon-nonhyeon-dong-officetel-moving-cleaning-review/,인천 논현동,이사청소,오피스텔,후기
2026-09-03T15:05:30,인천 논현동 오피스텔 이사청소 잘하는곳,seo-incheon-nonhyeon-dong-officetel-moving-cleaning-best,https://clever-griffin-93819d.netlify.app/seo-incheon-nonhyeon-dong-officetel-moving-cleaning-best/,인천 논현동,이사청소,오피스텔,잘하는곳
2026-09-03T15:05:30,인천 논현동 오피스텔 이사청소 업체,seo-incheon-nonhyeon-dong-officetel-moving-cleaning-service,https://clever-griffin-93819d.netlify.app/seo-incheon-nonhyeon-dong-officetel-moving-cleaning-service/,인천 논현동,이사청소,오피스텔,업체
2026-09-03T15:05:30,인천 논현동 오피스텔 이사청소 당일상담,seo-incheon-nonhyeon-dong-officetel-moving-cleaning-same-day-consult,https://clever-griffin-93819d.netlify.app/seo-incheon-nonhyeon-dong-officetel-moving-cleaning-same-day-consult/,인천 논현동,이사청소,오피스텔,당일상담
2026-09-03T15:05:30,인천 논현동 오피스텔 이사청소 주말예약,seo-incheon-nonhyeon-dong-officetel-moving-cleaning-weekend-booking,https://clever-griffin-93819d.netlify.app/seo-incheon-nonhyeon-dong-officetel-moving-cleaning-weekend-booking/,인천 논현동,이사청소,오피스텔,주말예약
2026-09-03T15:05:30,인천 논현동 오피스텔 이사청소 청소범위,seo-incheon-nonhyeon-dong-officetel-moving-cleaning-scope,https://clever-griffin-93819d.netlify.app/seo-incheon-nonhyeon-dong-officetel-moving-cleaning-scope/,인천 논현동,이사청소,오피스텔,청소범위
2026-09-03T15:05:30,인천 논현동 상가 이사청소 전문업체,seo-incheon-nonhyeon-dong-store-moving-cleaning-company,https://clever-griffin-93819d.netlify.app/seo-incheon-nonhyeon-dong-store-moving-cleaning-company/,인천 논현동,이사청소,상가,전문업체
2026-09-03T15:05:30,인천 논현동 상가 이사청소 비용,seo-incheon-nonhyeon-dong-store-moving-cleaning-cost,https://clever-griffin-93819d.netlify.app/seo-incheon-nonhyeon-dong-store-moving-cleaning-cost/,인천 논현동,이사청소,상가,비용
2026-09-03T15:05:30,인천 논현동 상가 이사청소 가격,seo-incheon-nonhyeon-dong-store-moving-cleaning-price,https://clever-griffin-93819d.netlify.app/seo-incheon-nonhyeon-dong-store-moving-cleaning-price/,인천 논현동,이사청소,상가,가격
2026-09-03T15:05:30,인천 논현동 상가 이사청소 견적,seo-incheon-nonhyeon-dong-store-moving-cleaning-estimate,https://clever-griffin-93819d.netlify.app/seo-incheon-nonhyeon-dong-store-moving-cleaning-estimate/,인천 논현동,이사청소,상가,견적
2026-09-03T15:05:30,인천 논현동 상가 이사청소 예약,seo-incheon-nonhyeon-dong-store-moving-cleaning-booking,https://clever-griffin-93819d.netlify.app/seo-incheon-nonhyeon-dong-store-moving-cleaning-booking/,인천 논현동,이사청소,상가,예약
2026-09-03T15:05:30,인천 논현동 상가 이사청소 추천,seo-incheon-nonhyeon-dong-store-moving-cleaning-recommend,https://clever-griffin-93819d.netlify.app/seo-incheon-nonhyeon-dong-store-moving-cleaning-recommend/,인천 논현동,이사청소,상가,추천
2026-09-03T15:05:30,인천 논현동 상가 이사청소 후기,seo-incheon-nonhyeon-dong-store-moving-cleaning-review,https://clever-griffin-93819d.netlify.app/seo-incheon-nonhyeon-dong-store-moving-cleaning-review/,인천 논현동,이사청소,상가,후기
2026-09-03T15:05:30,인천 논현동 상가 이사청소 잘하는곳,seo-incheon-nonhyeon-dong-store-moving-cleaning-best,https://clever-griffin-93819d.netlify.app/seo-incheon-nonhyeon-dong-store-moving-cleaning-best/,인천 논현동,이사청소,상가,잘하는곳
2026-09-03T15:05:30,인천 논현동 상가 이사청소 업체,seo-incheon-nonhyeon-dong-store-moving-cleaning-service,https://clever-griffin-93819d.netlify.app/seo-incheon-nonhyeon-dong-store-moving-cleaning-service/,인천 논현동,이사청소,상가,업체
2026-09-03T15:05:30,인천 논현동 상가 이사청소 당일상담,seo-incheon-nonhyeon-dong-store-moving-cleaning-same-day-consult,https://clever-griffin-93819d.netlify.app/seo-incheon-nonhyeon-dong-store-moving-cleaning-same-day-consult/,인천 논현동,이사청소,상가,당일상담
2026-09-03T15:05:30,인천 논현동 상가 이사청소 주말예약,seo-incheon-nonhyeon-dong-store-moving-cleaning-weekend-booking,https://clever-griffin-93819d.netlify.app/seo-incheon-nonhyeon-dong-store-moving-cleaning-weekend-booking/,인천 논현동,이사청소,상가,주말예약
2026-09-03T15:05:30,인천 논현동 상가 이사청소 청소범위,seo-incheon-nonhyeon-dong-store-moving-cleaning-scope,https://clever-griffin-93819d.netlify.app/seo-incheon-nonhyeon-dong-store-moving-cleaning-scope/,인천 논현동,이사청소,상가,청소범위
2026-09-03T15:05:30,인천 논현동 사무실 이사청소 전문업체,seo-incheon-nonhyeon-dong-office-moving-cleaning-company,https://clever-griffin-93819d.netlify.app/seo-incheon-nonhyeon-dong-office-moving-cleaning-company/,인천 논현동,이사청소,사무실,전문업체
2026-09-03T15:05:30,인천 논현동 사무실 이사청소 비용,seo-incheon-nonhyeon-dong-office-moving-cleaning-cost,https://clever-griffin-93819d.netlify.app/seo-incheon-nonhyeon-dong-office-moving-cleaning-cost/,인천 논현동,이사청소,사무실,비용
2026-09-03T15:05:30,인천 논현동 사무실 이사청소 가격,seo-incheon-nonhyeon-dong-office-moving-cleaning-price,https://clever-griffin-93819d.netlify.app/seo-incheon-nonhyeon-dong-office-moving-cleaning-price/,인천 논현동,이사청소,사무실,가격
2026-09-03T15:05:30,인천 논현동 사무실 이사청소 견적,seo-incheon-nonhyeon-dong-office-moving-cleaning-estimate,https://clever-griffin-93819d.netlify.app/seo-incheon-nonhyeon-dong-office-moving-cleaning-estimate/,인천 논현동,이사청소,사무실,견적
2026-09-03T15:05:30,인천 논현동 사무실 이사청소 예약,seo-incheon-nonhyeon-dong-office-moving-cleaning-booking,https://clever-griffin-93819d.netlify.app/seo-incheon-nonhyeon-dong-office-moving-cleaning-booking/,인천 논현동,이사청소,사무실,예약
2026-09-03T15:05:30,인천 논현동 사무실 이사청소 추천,seo-incheon-nonhyeon-dong-office-moving-cleaning-recommend,https://clever-griffin-93819d.netlify.app/seo-incheon-nonhyeon-dong-office-moving-cleaning-recommend/,인천 논현동,이사청소,사무실,추천
2026-09-03T15:05:30,인천 논현동 사무실 이사청소 후기,seo-incheon-nonhyeon-dong-office-moving-cleaning-review,https://clever-griffin-93819d.netlify.app/seo-incheon-nonhyeon-dong-office-moving-cleaning-review/,인천 논현동,이사청소,사무실,후기
2026-09-03T15:05:30,인천 논현동 사무실 이사청소 잘하는곳,seo-incheon-nonhyeon-dong-office-moving-cleaning-best,https://clever-griffin-93819d.netlify.app/seo-incheon-nonhyeon-dong-office-moving-cleaning-best/,인천 논현동,이사청소,사무실,잘하는곳
2026-09-03T15:05:30,인천 논현동 사무실 이사청소 업체,seo-incheon-nonhyeon-dong-office-moving-cleaning-service,https://clever-griffin-93819d.netlify.app/seo-incheon-nonhyeon-dong-office-moving-cleaning-service/,인천 논현동,이사청소,사무실,업체
2026-09-03T15:05:30,인천 논현동 사무실 이사청소 당일상담,seo-incheon-nonhyeon-dong-office-moving-cleaning-same-day-consult,https://clever-griffin-93819d.netlify.app/seo-incheon-nonhyeon-dong-office-moving-cleaning-same-day-consult/,인천 논현동,이사청소,사무실,당일상담
2026-09-03T15:05:30,인천 논현동 사무실 이사청소 주말예약,seo-incheon-nonhyeon-dong-office-moving-cleaning-weekend-booking,https://clever-griffin-93819d.netlify.app/seo-incheon-nonhyeon-dong-office-moving-cleaning-weekend-booking/,인천 논현동,이사청소,사무실,주말예약
2026-09-03T15:05:30,인천 논현동 사무실 이사청소 청소범위,seo-incheon-nonhyeon-dong-office-moving-cleaning-scope,https://clever-griffin-93819d.netlify.app/seo-incheon-nonhyeon-dong-office-moving-cleaning-scope/,인천 논현동,이사청소,사무실,청소범위
2026-09-03T15:05:30,인천 논현동 아파트 거주청소 전문업체,seo-incheon-nonhyeon-dong-apartment-residential-cleaning-company,https://clever-griffin-93819d.netlify.app/seo-incheon-nonhyeon-dong-apartment-residential-cleaning-company/,인천 논현동,거주청소,아파트,전문업체
2026-09-03T15:05:30,인천 논현동 아파트 거주청소 비용,seo-incheon-nonhyeon-dong-apartment-residential-cleaning-cost,https://clever-griffin-93819d.netlify.app/seo-incheon-nonhyeon-dong-apartment-residential-cleaning-cost/,인천 논현동,거주청소,아파트,비용
2026-09-03T15:05:30,인천 논현동 아파트 거주청소 가격,seo-incheon-nonhyeon-dong-apartment-residential-cleaning-price,https://clever-griffin-93819d.netlify.app/seo-incheon-nonhyeon-dong-apartment-residential-cleaning-price/,인천 논현동,거주청소,아파트,가격
2026-09-03T15:05:30,인천 논현동 아파트 거주청소 견적,seo-incheon-nonhyeon-dong-apartment-residential-cleaning-estimate,https://clever-griffin-93819d.netlify.app/seo-incheon-nonhyeon-dong-apartment-residential-cleaning-estimate/,인천 논현동,거주청소,아파트,견적
2026-09-03T15:05:30,인천 논현동 아파트 거주청소 예약,seo-incheon-nonhyeon-dong-apartment-residential-cleaning-booking,https://clever-griffin-93819d.netlify.app/seo-incheon-nonhyeon-dong-apartment-residential-cleaning-booking/,인천 논현동,거주청소,아파트,예약
2026-09-03T15:05:30,인천 논현동 아파트 거주청소 추천,seo-incheon-nonhyeon-dong-apartment-residential-cleaning-recommend,https://clever-griffin-93819d.netlify.app/seo-incheon-nonhyeon-dong-apartment-residential-cleaning-recommend/,인천 논현동,거주청소,아파트,추천
2026-09-03T15:05:30,인천 논현동 아파트 거주청소 후기,seo-incheon-nonhyeon-dong-apartment-residential-cleaning-review,https://clever-griffin-93819d.netlify.app/seo-incheon-nonhyeon-dong-apartment-residential-cleaning-review/,인천 논현동,거주청소,아파트,후기
2026-09-03T15:05:30,인천 논현동 아파트 거주청소 잘하는곳,seo-incheon-nonhyeon-dong-apartment-residential-cleaning-best,https://clever-griffin-93819d.netlify.app/seo-incheon-nonhyeon-dong-apartment-residential-cleaning-best/,인천 논현동,거주청소,아파트,잘하는곳
2026-09-03T15:05:30,인천 논현동 아파트 거주청소 업체,seo-incheon-nonhyeon-dong-apartment-residential-cleaning-service,https://clever-griffin-93819d.netlify.app/seo-incheon-nonhyeon-dong-apartment-residential-cleaning-service/,인천 논현동,거주청소,아파트,업체
2026-09-03T15:05:30,인천 논현동 아파트 거주청소 당일상담,seo-incheon-nonhyeon-dong-apartment-residential-cleaning-same-day-consult,https://clever-griffin-93819d.netlify.app/seo-incheon-nonhyeon-dong-apartment-residential-cleaning-same-day-consult/,인천 논현동,거주청소,아파트,당일상담
2026-09-03T15:05:30,인천 논현동 아파트 거주청소 주말예약,seo-incheon-nonhyeon-dong-apartment-residential-cleaning-weekend-booking,https://clever-griffin-93819d.netlify.app/seo-incheon-nonhyeon-dong-apartment-residential-cleaning-weekend-booking/,인천 논현동,거주청소,아파트,주말예약
2026-09-03T15:05:30,인천 논현동 아파트 거주청소 청소범위,seo-incheon-nonhyeon-dong-apartment-residential-cleaning-scope,https://clever-griffin-93819d.netlify.app/seo-incheon-nonhyeon-dong-apartment-residential-cleaning-scope/,인천 논현동,거주청소,아파트,청소범위
2026-09-03T15:05:30,인천 논현동 원룸 거주청소 전문업체,seo-incheon-nonhyeon-dong-one-room-residential-cleaning-company,https://clever-griffin-93819d.netlify.app/seo-incheon-nonhyeon-dong-one-room-residential-cleaning-company/,인천 논현동,거주청소,원룸,전문업체
2026-09-03T15:05:30,인천 논현동 원룸 거주청소 비용,seo-incheon-nonhyeon-dong-one-room-residential-cleaning-cost,https://clever-griffin-93819d.netlify.app/seo-incheon-nonhyeon-dong-one-room-residential-cleaning-cost/,인천 논현동,거주청소,원룸,비용
2026-09-03T15:05:30,인천 논현동 원룸 거주청소 가격,seo-incheon-nonhyeon-dong-one-room-residential-cleaning-price,https://clever-griffin-93819d.netlify.app/seo-incheon-nonhyeon-dong-one-room-residential-cleaning-price/,인천 논현동,거주청소,원룸,가격
2026-09-03T15:05:30,인천 논현동 원룸 거주청소 견적,seo-incheon-nonhyeon-dong-one-room-residential-cleaning-estimate,https://clever-griffin-93819d.netlify.app/seo-incheon-nonhyeon-dong-one-room-residential-cleaning-estimate/,인천 논현동,거주청소,원룸,견적
2026-09-03T15:05:30,인천 논현동 원룸 거주청소 예약,seo-incheon-nonhyeon-dong-one-room-residential-cleaning-booking,https://clever-griffin-93819d.netlify.app/seo-incheon-nonhyeon-dong-one-room-residential-cleaning-booking/,인천 논현동,거주청소,원룸,예약
2026-09-03T15:05:30,인천 논현동 원룸 거주청소 추천,seo-incheon-nonhyeon-dong-one-room-residential-cleaning-recommend,https://clever-griffin-93819d.netlify.app/seo-incheon-nonhyeon-dong-one-room-residential-cleaning-recommend/,인천 논현동,거주청소,원룸,추천
2026-09-03T15:05:30,인천 논현동 원룸 거주청소 후기,seo-incheon-nonhyeon-dong-one-room-residential-cleaning-review,https://clever-griffin-93819d.netlify.app/seo-incheon-nonhyeon-dong-one-room-residential-cleaning-review/,인천 논현동,거주청소,원룸,후기
2026-09-03T15:05:30,인천 논현동 원룸 거주청소 잘하는곳,seo-incheon-nonhyeon-dong-one-room-residential-cleaning-best,https://clever-griffin-93819d.netlify.app/seo-incheon-nonhyeon-dong-one-room-residential-cleaning-best/,인천 논현동,거주청소,원룸,잘하는곳
2026-09-03T15:05:30,인천 논현동 원룸 거주청소 업체,seo-incheon-nonhyeon-dong-one-room-residential-cleaning-service,https://clever-griffin-93819d.netlify.app/seo-incheon-nonhyeon-dong-one-room-residential-cleaning-service/,인천 논현동,거주청소,원룸,업체
2026-09-03T15:05:30,인천 논현동 원룸 거주청소 당일상담,seo-incheon-nonhyeon-dong-one-room-residential-cleaning-same-day-consult,https://clever-griffin-93819d.netlify.app/seo-incheon-nonhyeon-dong-one-room-residential-cleaning-same-day-consult/,인천 논현동,거주청소,원룸,당일상담
2026-09-03T15:05:30,인천 논현동 원룸 거주청소 주말예약,seo-incheon-nonhyeon-dong-one-room-residential-cleaning-weekend-booking,https://clever-griffin-93819d.netlify.app/seo-incheon-nonhyeon-dong-one-room-residential-cleaning-weekend-booking/,인천 논현동,거주청소,원룸,주말예약
2026-09-03T15:05:30,인천 논현동 원룸 거주청소 청소범위,seo-incheon-nonhyeon-dong-one-room-residential-cleaning-scope,https://clever-griffin-93819d.netlify.app/seo-incheon-nonhyeon-dong-one-room-residential-cleaning-scope/,인천 논현동,거주청소,원룸,청소범위
2026-09-03T15:05:30,인천 논현동 빌라 거주청소 전문업체,seo-incheon-nonhyeon-dong-villa-residential-cleaning-company,https://clever-griffin-93819d.netlify.app/seo-incheon-nonhyeon-dong-villa-residential-cleaning-company/,인천 논현동,거주청소,빌라,전문업체
2026-09-03T15:05:30,인천 논현동 빌라 거주청소 비용,seo-incheon-nonhyeon-dong-villa-residential-cleaning-cost,https://clever-griffin-93819d.netlify.app/seo-incheon-nonhyeon-dong-villa-residential-cleaning-cost/,인천 논현동,거주청소,빌라,비용
2026-09-03T15:05:30,인천 논현동 빌라 거주청소 가격,seo-incheon-nonhyeon-dong-villa-residential-cleaning-price,https://clever-griffin-93819d.netlify.app/seo-incheon-nonhyeon-dong-villa-residential-cleaning-price/,인천 논현동,거주청소,빌라,가격
2026-09-03T15:05:30,인천 논현동 빌라 거주청소 견적,seo-incheon-nonhyeon-dong-villa-residential-cleaning-estimate,https://clever-griffin-93819d.netlify.app/seo-incheon-nonhyeon-dong-villa-residential-cleaning-estimate/,인천 논현동,거주청소,빌라,견적
2026-09-03T15:05:30,인천 논현동 빌라 거주청소 예약,seo-incheon-nonhyeon-dong-villa-residential-cleaning-booking,https://clever-griffin-93819d.netlify.app/seo-incheon-nonhyeon-dong-villa-residential-cleaning-booking/,인천 논현동,거주청소,빌라,예약
2026-09-03T15:05:30,인천 논현동 빌라 거주청소 추천,seo-incheon-nonhyeon-dong-villa-residential-cleaning-recommend,https://clever-griffin-93819d.netlify.app/seo-incheon-nonhyeon-dong-villa-residential-cleaning-recommend/,인천 논현동,거주청소,빌라,추천
2026-09-03T15:05:30,인천 논현동 빌라 거주청소 후기,seo-incheon-nonhyeon-dong-villa-residential-cleaning-review,https://clever-griffin-93819d.netlify.app/seo-incheon-nonhyeon-dong-villa-residential-cleaning-review/,인천 논현동,거주청소,빌라,후기
2026-09-03T15:05:30,인천 논현동 빌라 거주청소 잘하는곳,seo-incheon-nonhyeon-dong-villa-residential-cleaning-best,https://clever-griffin-93819d.netlify.app/seo-incheon-nonhyeon-dong-villa-residential-cleaning-best/,인천 논현동,거주청소,빌라,잘하는곳
2026-09-03T15:05:30,인천 논현동 빌라 거주청소 업체,seo-incheon-nonhyeon-dong-villa-residential-cleaning-service,https://clever-griffin-93819d.netlify.app/seo-incheon-nonhyeon-dong-villa-residential-cleaning-service/,인천 논현동,거주청소,빌라,업체
2026-09-03T15:05:30,인천 논현동 빌라 거주청소 당일상담,seo-incheon-nonhyeon-dong-villa-residential-cleaning-same-day-consult,https://clever-griffin-93819d.netlify.app/seo-incheon-nonhyeon-dong-villa-residential-cleaning-same-day-consult/,인천 논현동,거주청소,빌라,당일상담
2026-09-03T15:05:30,인천 논현동 빌라 거주청소 주말예약,seo-incheon-nonhyeon-dong-villa-residential-cleaning-weekend-booking,https://clever-griffin-93819d.netlify.app/seo-incheon-nonhyeon-dong-villa-residential-cleaning-weekend-booking/,인천 논현동,거주청소,빌라,주말예약
2026-09-03T15:05:30,인천 논현동 빌라 거주청소 청소범위,seo-incheon-nonhyeon-dong-villa-residential-cleaning-scope,https://clever-griffin-93819d.netlify.app/seo-incheon-nonhyeon-dong-villa-residential-cleaning-scope/,인천 논현동,거주청소,빌라,청소범위
2026-09-03T15:05:30,인천 논현동 오피스텔 거주청소 전문업체,seo-incheon-nonhyeon-dong-officetel-residential-cleaning-company,https://clever-griffin-93819d.netlify.app/seo-incheon-nonhyeon-dong-officetel-residential-cleaning-company/,인천 논현동,거주청소,오피스텔,전문업체
2026-09-03T15:05:30,인천 논현동 오피스텔 거주청소 비용,seo-incheon-nonhyeon-dong-officetel-residential-cleaning-cost,https://clever-griffin-93819d.netlify.app/seo-incheon-nonhyeon-dong-officetel-residential-cleaning-cost/,인천 논현동,거주청소,오피스텔,비용
2026-09-03T15:05:30,인천 논현동 오피스텔 거주청소 가격,seo-incheon-nonhyeon-dong-officetel-residential-cleaning-price,https://clever-griffin-93819d.netlify.app/seo-incheon-nonhyeon-dong-officetel-residential-cleaning-price/,인천 논현동,거주청소,오피스텔,가격
2026-09-03T15:05:30,인천 논현동 오피스텔 거주청소 견적,seo-incheon-nonhyeon-dong-officetel-residential-cleaning-estimate,https://clever-griffin-93819d.netlify.app/seo-incheon-nonhyeon-dong-officetel-residential-cleaning-estimate/,인천 논현동,거주청소,오피스텔,견적
2026-09-03T15:05:30,인천 논현동 오피스텔 거주청소 예약,seo-incheon-nonhyeon-dong-officetel-residential-cleaning-booking,https://clever-griffin-93819d.netlify.app/seo-incheon-nonhyeon-dong-officetel-residential-cleaning-booking/,인천 논현동,거주청소,오피스텔,예약
2026-09-03T15:05:30,인천 논현동 오피스텔 거주청소 추천,seo-incheon-nonhyeon-dong-officetel-residential-cleaning-recommend,https://clever-griffin-93819d.netlify.app/seo-incheon-nonhyeon-dong-officetel-residential-cleaning-recommend/,인천 논현동,거주청소,오피스텔,추천
2026-09-03T15:05:30,인천 논현동 오피스텔 거주청소 후기,seo-incheon-nonhyeon-dong-officetel-residential-cleaning-review,https://clever-griffin-93819d.netlify.app/seo-incheon-nonhyeon-dong-officetel-residential-cleaning-review/,인천 논현동,거주청소,오피스텔,후기
2026-09-03T15:05:30,인천 논현동 오피스텔 거주청소 잘하는곳,seo-incheon-nonhyeon-dong-officetel-residential-cleaning-best,https://clever-griffin-93819d.netlify.app/seo-incheon-nonhyeon-dong-officetel-residential-cleaning-best/,인천 논현동,거주청소,오피스텔,잘하는곳
2026-09-03T15:05:30,인천 논현동 오피스텔 거주청소 업체,seo-incheon-nonhyeon-dong-officetel-residential-cleaning-service,https://clever-griffin-93819d.netlify.app/seo-incheon-nonhyeon-dong-officetel-residential-cleaning-service/,인천 논현동,거주청소,오피스텔,업체
2026-09-03T15:05:30,인천 논현동 오피스텔 거주청소 당일상담,seo-incheon-nonhyeon-dong-officetel-residential-cleaning-same-day-consult,https://clever-griffin-93819d.netlify.app/seo-incheon-nonhyeon-dong-officetel-residential-cleaning-same-day-consult/,인천 논현동,거주청소,오피스텔,당일상담
2026-09-03T15:05:30,인천 논현동 오피스텔 거주청소 주말예약,seo-incheon-nonhyeon-dong-officetel-residential-cleaning-weekend-booking,https://clever-griffin-93819d.netlify.app/seo-incheon-nonhyeon-dong-officetel-residential-cleaning-weekend-booking/,인천 논현동,거주청소,오피스텔,주말예약
2026-09-03T15:05:30,인천 논현동 오피스텔 거주청소 청소범위,seo-incheon-nonhyeon-dong-officetel-residential-cleaning-scope,https://clever-griffin-93819d.netlify.app/seo-incheon-nonhyeon-dong-officetel-residential-cleaning-scope/,인천 논현동,거주청소,오피스텔,청소범위
2026-09-03T15:05:30,인천 논현동 상가 거주청소 전문업체,seo-incheon-nonhyeon-dong-store-residential-cleaning-company,https://clever-griffin-93819d.netlify.app/seo-incheon-nonhyeon-dong-store-residential-cleaning-company/,인천 논현동,거주청소,상가,전문업체
2026-09-03T15:05:30,인천 논현동 상가 거주청소 비용,seo-incheon-nonhyeon-dong-store-residential-cleaning-cost,https://clever-griffin-93819d.netlify.app/seo-incheon-nonhyeon-dong-store-residential-cleaning-cost/,인천 논현동,거주청소,상가,비용
2026-09-03T15:05:30,인천 논현동 상가 거주청소 가격,seo-incheon-nonhyeon-dong-store-residential-cleaning-price,https://clever-griffin-93819d.netlify.app/seo-incheon-nonhyeon-dong-store-residential-cleaning-price/,인천 논현동,거주청소,상가,가격
2026-09-03T15:05:30,인천 논현동 상가 거주청소 견적,seo-incheon-nonhyeon-dong-store-residential-cleaning-estimate,https://clever-griffin-93819d.netlify.app/seo-incheon-nonhyeon-dong-store-residential-cleaning-estimate/,인천 논현동,거주청소,상가,견적
2026-09-03T15:05:30,인천 논현동 상가 거주청소 예약,seo-incheon-nonhyeon-dong-store-residential-cleaning-booking,https://clever-griffin-93819d.netlify.app/seo-incheon-nonhyeon-dong-store-residential-cleaning-booking/,인천 논현동,거주청소,상가,예약
2026-09-03T15:05:30,인천 논현동 상가 거주청소 추천,seo-incheon-nonhyeon-dong-store-residential-cleaning-recommend,https://clever-griffin-93819d.netlify.app/seo-incheon-nonhyeon-dong-store-residential-cleaning-recommend/,인천 논현동,거주청소,상가,추천
2026-09-03T15:05:30,인천 논현동 상가 거주청소 후기,seo-incheon-nonhyeon-dong-store-residential-cleaning-review,https://clever-griffin-93819d.netlify.app/seo-incheon-nonhyeon-dong-store-residential-cleaning-review/,인천 논현동,거주청소,상가,후기
2026-09-03T15:05:30,인천 논현동 상가 거주청소 잘하는곳,seo-incheon-nonhyeon-dong-store-residential-cleaning-best,https://clever-griffin-93819d.netlify.app/seo-incheon-nonhyeon-dong-store-residential-cleaning-best/,인천 논현동,거주청소,상가,잘하는곳
2026-09-03T15:05:30,인천 논현동 상가 거주청소 업체,seo-incheon-nonhyeon-dong-store-residential-cleaning-service,https://clever-griffin-93819d.netlify.app/seo-incheon-nonhyeon-dong-store-residential-cleaning-service/,인천 논현동,거주청소,상가,업체
2026-09-03T15:05:30,인천 논현동 상가 거주청소 당일상담,seo-incheon-nonhyeon-dong-store-residential-cleaning-same-day-consult,https://clever-griffin-93819d.netlify.app/seo-incheon-nonhyeon-dong-store-residential-cleaning-same-day-consult/,인천 논현동,거주청소,상가,당일상담
2026-09-03T15:05:30,인천 논현동 상가 거주청소 주말예약,seo-incheon-nonhyeon-dong-store-residential-cleaning-weekend-booking,https://clever-griffin-93819d.netlify.app/seo-incheon-nonhyeon-dong-store-residential-cleaning-weekend-booking/,인천 논현동,거주청소,상가,주말예약
2026-09-03T15:05:30,인천 논현동 상가 거주청소 청소범위,seo-incheon-nonhyeon-dong-store-residential-cleaning-scope,https://clever-griffin-93819d.netlify.app/seo-incheon-nonhyeon-dong-store-residential-cleaning-scope/,인천 논현동,거주청소,상가,청소범위
2026-09-03T15:05:30,인천 논현동 사무실 거주청소 전문업체,seo-incheon-nonhyeon-dong-office-residential-cleaning-company,https://clever-griffin-93819d.netlify.app/seo-incheon-nonhyeon-dong-office-residential-cleaning-company/,인천 논현동,거주청소,사무실,전문업체
2026-09-03T15:05:30,인천 논현동 사무실 거주청소 비용,seo-incheon-nonhyeon-dong-office-residential-cleaning-cost,https://clever-griffin-93819d.netlify.app/seo-incheon-nonhyeon-dong-office-residential-cleaning-cost/,인천 논현동,거주청소,사무실,비용
2026-09-03T15:05:30,인천 논현동 사무실 거주청소 가격,seo-incheon-nonhyeon-dong-office-residential-cleaning-price,https://clever-griffin-93819d.netlify.app/seo-incheon-nonhyeon-dong-office-residential-cleaning-price/,인천 논현동,거주청소,사무실,가격
2026-09-03T15:05:30,인천 논현동 사무실 거주청소 견적,seo-incheon-nonhyeon-dong-office-residential-cleaning-estimate,https://clever-griffin-93819d.netlify.app/seo-incheon-nonhyeon-dong-office-residential-cleaning-estimate/,인천 논현동,거주청소,사무실,견적
2026-09-03T15:05:30,인천 논현동 사무실 거주청소 예약,seo-incheon-nonhyeon-dong-office-residential-cleaning-booking,https://clever-griffin-93819d.netlify.app/seo-incheon-nonhyeon-dong-office-residential-cleaning-booking/,인천 논현동,거주청소,사무실,예약
2026-09-03T15:05:30,인천 논현동 사무실 거주청소 추천,seo-incheon-nonhyeon-dong-office-residential-cleaning-recommend,https://clever-griffin-93819d.netlify.app/seo-incheon-nonhyeon-dong-office-residential-cleaning-recommend/,인천 논현동,거주청소,사무실,추천
2026-09-03T15:05:30,인천 논현동 사무실 거주청소 후기,seo-incheon-nonhyeon-dong-office-residential-cleaning-review,https://clever-griffin-93819d.netlify.app/seo-incheon-nonhyeon-dong-office-residential-cleaning-review/,인천 논현동,거주청소,사무실,후기
2026-09-03T15:05:30,인천 논현동 사무실 거주청소 잘하는곳,seo-incheon-nonhyeon-dong-office-residential-cleaning-best,https://clever-griffin-93819d.netlify.app/seo-incheon-nonhyeon-dong-office-residential-cleaning-best/,인천 논현동,거주청소,사무실,잘하는곳
2026-09-03T15:05:30,인천 논현동 사무실 거주청소 업체,seo-incheon-nonhyeon-dong-office-residential-cleaning-service,https://clever-griffin-93819d.netlify.app/seo-incheon-nonhyeon-dong-office-residential-cleaning-service/,인천 논현동,거주청소,사무실,업체
2026-09-03T15:05:30,인천 논현동 사무실 거주청소 당일상담,seo-incheon-nonhyeon-dong-office-residential-cleaning-same-day-consult,https://clever-griffin-93819d.netlify.app/seo-incheon-nonhyeon-dong-office-residential-cleaning-same-day-consult/,인천 논현동,거주청소,사무실,당일상담
2026-09-03T15:05:30,인천 논현동 사무실 거주청소 주말예약,seo-incheon-nonhyeon-dong-office-residential-cleaning-weekend-booking,https://clever-griffin-93819d.netlify.app/seo-incheon-nonhyeon-dong-office-residential-cleaning-weekend-booking/,인천 논현동,거주청소,사무실,주말예약
2026-09-03T15:05:30,인천 논현동 사무실 거주청소 청소범위,seo-incheon-nonhyeon-dong-office-residential-cleaning-scope,https://clever-griffin-93819d.netlify.app/seo-incheon-nonhyeon-dong-office-residential-cleaning-scope/,인천 논현동,거주청소,사무실,청소범위
2026-09-03T15:05:30,인천 논현동 상가청소 전문업체,seo-incheon-nonhyeon-dong-store-cleaning-company,https://clever-griffin-93819d.netlify.app/seo-incheon-nonhyeon-dong-store-cleaning-company/,인천 논현동,상가청소,상가,전문업체
2026-09-03T15:05:30,인천 논현동 상가청소 비용,seo-incheon-nonhyeon-dong-store-cleaning-cost,https://clever-griffin-93819d.netlify.app/seo-incheon-nonhyeon-dong-store-cleaning-cost/,인천 논현동,상가청소,상가,비용
2026-09-03T15:05:30,인천 논현동 상가청소 가격,seo-incheon-nonhyeon-dong-store-cleaning-price,https://clever-griffin-93819d.netlify.app/seo-incheon-nonhyeon-dong-store-cleaning-price/,인천 논현동,상가청소,상가,가격
2026-09-03T15:05:30,인천 논현동 상가청소 견적,seo-incheon-nonhyeon-dong-store-cleaning-estimate,https://clever-griffin-93819d.netlify.app/seo-incheon-nonhyeon-dong-store-cleaning-estimate/,인천 논현동,상가청소,상가,견적
2026-09-03T15:05:30,인천 논현동 상가청소 예약,seo-incheon-nonhyeon-dong-store-cleaning-booking,https://clever-griffin-93819d.netlify.app/seo-incheon-nonhyeon-dong-store-cleaning-booking/,인천 논현동,상가청소,상가,예약
2026-09-03T15:05:30,인천 논현동 상가청소 추천,seo-incheon-nonhyeon-dong-store-cleaning-recommend,https://clever-griffin-93819d.netlify.app/seo-incheon-nonhyeon-dong-store-cleaning-recommend/,인천 논현동,상가청소,상가,추천
2026-09-03T15:05:30,인천 논현동 상가청소 후기,seo-incheon-nonhyeon-dong-store-cleaning-review,https://clever-griffin-93819d.netlify.app/seo-incheon-nonhyeon-dong-store-cleaning-review/,인천 논현동,상가청소,상가,후기
2026-09-03T15:05:30,인천 논현동 상가청소 잘하는곳,seo-incheon-nonhyeon-dong-store-cleaning-best,https://clever-griffin-93819d.netlify.app/seo-incheon-nonhyeon-dong-store-cleaning-best/,인천 논현동,상가청소,상가,잘하는곳
2026-09-03T15:05:30,인천 논현동 상가청소 업체,seo-incheon-nonhyeon-dong-store-cleaning-service,https://clever-griffin-93819d.netlify.app/seo-incheon-nonhyeon-dong-store-cleaning-service/,인천 논현동,상가청소,상가,업체
2026-09-03T15:05:30,인천 논현동 상가청소 당일상담,seo-incheon-nonhyeon-dong-store-cleaning-same-day-consult,https://clever-griffin-93819d.netlify.app/seo-incheon-nonhyeon-dong-store-cleaning-same-day-consult/,인천 논현동,상가청소,상가,당일상담
2026-09-03T15:05:30,인천 논현동 상가청소 주말예약,seo-incheon-nonhyeon-dong-store-cleaning-weekend-booking,https://clever-griffin-93819d.netlify.app/seo-incheon-nonhyeon-dong-store-cleaning-weekend-booking/,인천 논현동,상가청소,상가,주말예약
2026-09-03T15:05:30,인천 논현동 상가청소 청소범위,seo-incheon-nonhyeon-dong-store-cleaning-scope,https://clever-griffin-93819d.netlify.app/seo-incheon-nonhyeon-dong-store-cleaning-scope/,인천 논현동,상가청소,상가,청소범위
2026-09-03T15:05:30,인천 논현동 사무실청소 전문업체,seo-incheon-nonhyeon-dong-office-cleaning-company,https://clever-griffin-93819d.netlify.app/seo-incheon-nonhyeon-dong-office-cleaning-company/,인천 논현동,사무실청소,사무실,전문업체
2026-09-03T15:05:30,인천 논현동 사무실청소 비용,seo-incheon-nonhyeon-dong-office-cleaning-cost,https://clever-griffin-93819d.netlify.app/seo-incheon-nonhyeon-dong-office-cleaning-cost/,인천 논현동,사무실청소,사무실,비용
2026-09-03T15:05:30,인천 논현동 사무실청소 가격,seo-incheon-nonhyeon-dong-office-cleaning-price,https://clever-griffin-93819d.netlify.app/seo-incheon-nonhyeon-dong-office-cleaning-price/,인천 논현동,사무실청소,사무실,가격
2026-09-03T15:05:30,인천 논현동 사무실청소 견적,seo-incheon-nonhyeon-dong-office-cleaning-estimate,https://clever-griffin-93819d.netlify.app/seo-incheon-nonhyeon-dong-office-cleaning-estimate/,인천 논현동,사무실청소,사무실,견적
2026-09-03T15:05:30,인천 논현동 사무실청소 예약,seo-incheon-nonhyeon-dong-office-cleaning-booking,https://clever-griffin-93819d.netlify.app/seo-incheon-nonhyeon-dong-office-cleaning-booking/,인천 논현동,사무실청소,사무실,예약
2026-09-03T15:05:30,인천 논현동 사무실청소 추천,seo-incheon-nonhyeon-dong-office-cleaning-recommend,https://clever-griffin-93819d.netlify.app/seo-incheon-nonhyeon-dong-office-cleaning-recommend/,인천 논현동,사무실청소,사무실,추천
2026-09-03T15:05:30,인천 논현동 사무실청소 후기,seo-incheon-nonhyeon-dong-office-cleaning-review,https://clever-griffin-93819d.netlify.app/seo-incheon-nonhyeon-dong-office-cleaning-review/,인천 논현동,사무실청소,사무실,후기
2026-09-03T15:05:30,인천 논현동 사무실청소 잘하는곳,seo-incheon-nonhyeon-dong-office-cleaning-best,https://clever-griffin-93819d.netlify.app/seo-incheon-nonhyeon-dong-office-cleaning-best/,인천 논현동,사무실청소,사무실,잘하는곳
2026-09-03T15:05:30,인천 논현동 사무실청소 업체,seo-incheon-nonhyeon-dong-office-cleaning-service,https://clever-griffin-93819d.netlify.app/seo-incheon-nonhyeon-dong-office-cleaning-service/,인천 논현동,사무실청소,사무실,업체
2026-09-03T15:05:30,인천 논현동 사무실청소 당일상담,seo-incheon-nonhyeon-dong-office-cleaning-same-day-consult,https://clever-griffin-93819d.netlify.app/seo-incheon-nonhyeon-dong-office-cleaning-same-day-consult/,인천 논현동,사무실청소,사무실,당일상담
2026-09-03T15:05:30,인천 논현동 사무실청소 주말예약,seo-incheon-nonhyeon-dong-office-cleaning-weekend-booking,https://clever-griffin-93819d.netlify.app/seo-incheon-nonhyeon-dong-office-cleaning-weekend-booking/,인천 논현동,사무실청소,사무실,주말예약
2026-09-03T15:05:30,인천 논현동 사무실청소 청소범위,seo-incheon-nonhyeon-dong-office-cleaning-scope,https://clever-griffin-93819d.netlify.app/seo-incheon-nonhyeon-dong-office-cleaning-scope/,인천 논현동,사무실청소,사무실,청소범위
2026-09-03T15:05:30,인천 논현동 원룸청소 전문업체,seo-incheon-nonhyeon-dong-one-room-cleaning-company,https://clever-griffin-93819d.netlify.app/seo-incheon-nonhyeon-dong-one-room-cleaning-company/,인천 논현동,원룸청소,원룸,전문업체
2026-09-03T15:05:30,인천 논현동 원룸청소 비용,seo-incheon-nonhyeon-dong-one-room-cleaning-cost,https://clever-griffin-93819d.netlify.app/seo-incheon-nonhyeon-dong-one-room-cleaning-cost/,인천 논현동,원룸청소,원룸,비용
2026-09-03T15:05:30,인천 논현동 원룸청소 가격,seo-incheon-nonhyeon-dong-one-room-cleaning-price,https://clever-griffin-93819d.netlify.app/seo-incheon-nonhyeon-dong-one-room-cleaning-price/,인천 논현동,원룸청소,원룸,가격
2026-09-03T15:05:30,인천 논현동 원룸청소 견적,seo-incheon-nonhyeon-dong-one-room-cleaning-estimate,https://clever-griffin-93819d.netlify.app/seo-incheon-nonhyeon-dong-one-room-cleaning-estimate/,인천 논현동,원룸청소,원룸,견적
2026-09-03T15:05:30,인천 논현동 원룸청소 예약,seo-incheon-nonhyeon-dong-one-room-cleaning-booking,https://clever-griffin-93819d.netlify.app/seo-incheon-nonhyeon-dong-one-room-cleaning-booking/,인천 논현동,원룸청소,원룸,예약
2026-09-03T15:05:30,인천 논현동 원룸청소 추천,seo-incheon-nonhyeon-dong-one-room-cleaning-recommend,https://clever-griffin-93819d.netlify.app/seo-incheon-nonhyeon-dong-one-room-cleaning-recommend/,인천 논현동,원룸청소,원룸,추천
2026-09-03T15:05:30,인천 논현동 원룸청소 후기,seo-incheon-nonhyeon-dong-one-room-cleaning-review,https://clever-griffin-93819d.netlify.app/seo-incheon-nonhyeon-dong-one-room-cleaning-review/,인천 논현동,원룸청소,원룸,후기
2026-09-03T15:05:30,인천 논현동 원룸청소 잘하는곳,seo-incheon-nonhyeon-dong-one-room-cleaning-best,https://clever-griffin-93819d.netlify.app/seo-incheon-nonhyeon-dong-one-room-cleaning-best/,인천 논현동,원룸청소,원룸,잘하는곳
2026-09-03T15:05:30,인천 논현동 원룸청소 업체,seo-incheon-nonhyeon-dong-one-room-cleaning-service,https://clever-griffin-93819d.netlify.app/seo-incheon-nonhyeon-dong-one-room-cleaning-service/,인천 논현동,원룸청소,원룸,업체
2026-09-03T15:05:30,인천 논현동 원룸청소 당일상담,seo-incheon-nonhyeon-dong-one-room-cleaning-same-day-consult,https://clever-griffin-93819d.netlify.app/seo-incheon-nonhyeon-dong-one-room-cleaning-same-day-consult/,인천 논현동,원룸청소,원룸,당일상담
2026-09-03T15:05:30,인천 논현동 원룸청소 주말예약,seo-incheon-nonhyeon-dong-one-room-cleaning-weekend-booking,https://clever-griffin-93819d.netlify.app/seo-incheon-nonhyeon-dong-one-room-cleaning-weekend-booking/,인천 논현동,원룸청소,원룸,주말예약
2026-09-03T15:05:30,인천 논현동 원룸청소 청소범위,seo-incheon-nonhyeon-dong-one-room-cleaning-scope,https://clever-griffin-93819d.netlify.app/seo-incheon-nonhyeon-dong-one-room-cleaning-scope/,인천 논현동,원룸청소,원룸,청소범위
2026-09-03T15:05:30,인천 논현동 빌라청소 전문업체,seo-incheon-nonhyeon-dong-villa-cleaning-company,https://clever-griffin-93819d.netlify.app/seo-incheon-nonhyeon-dong-villa-cleaning-company/,인천 논현동,빌라청소,빌라,전문업체
2026-09-03T15:05:30,인천 논현동 빌라청소 비용,seo-incheon-nonhyeon-dong-villa-cleaning-cost,https://clever-griffin-93819d.netlify.app/seo-incheon-nonhyeon-dong-villa-cleaning-cost/,인천 논현동,빌라청소,빌라,비용
2026-09-03T15:05:30,인천 논현동 빌라청소 가격,seo-incheon-nonhyeon-dong-villa-cleaning-price,https://clever-griffin-93819d.netlify.app/seo-incheon-nonhyeon-dong-villa-cleaning-price/,인천 논현동,빌라청소,빌라,가격
2026-09-03T15:05:30,인천 논현동 빌라청소 견적,seo-incheon-nonhyeon-dong-villa-cleaning-estimate,https://clever-griffin-93819d.netlify.app/seo-incheon-nonhyeon-dong-villa-cleaning-estimate/,인천 논현동,빌라청소,빌라,견적
2026-09-03T15:05:30,인천 논현동 빌라청소 예약,seo-incheon-nonhyeon-dong-villa-cleaning-booking,https://clever-griffin-93819d.netlify.app/seo-incheon-nonhyeon-dong-villa-cleaning-booking/,인천 논현동,빌라청소,빌라,예약
2026-09-03T15:05:30,인천 논현동 빌라청소 추천,seo-incheon-nonhyeon-dong-villa-cleaning-recommend,https://clever-griffin-93819d.netlify.app/seo-incheon-nonhyeon-dong-villa-cleaning-recommend/,인천 논현동,빌라청소,빌라,추천
2026-09-03T15:05:30,인천 논현동 빌라청소 후기,seo-incheon-nonhyeon-dong-villa-cleaning-review,https://clever-griffin-93819d.netlify.app/seo-incheon-nonhyeon-dong-villa-cleaning-review/,인천 논현동,빌라청소,빌라,후기
2026-09-03T15:05:30,인천 논현동 빌라청소 잘하는곳,seo-incheon-nonhyeon-dong-villa-cleaning-best,https://clever-griffin-93819d.netlify.app/seo-incheon-nonhyeon-dong-villa-cleaning-best/,인천 논현동,빌라청소,빌라,잘하는곳
2026-09-03T15:05:30,인천 논현동 빌라청소 업체,seo-incheon-nonhyeon-dong-villa-cleaning-service,https://clever-griffin-93819d.netlify.app/seo-incheon-nonhyeon-dong-villa-cleaning-service/,인천 논현동,빌라청소,빌라,업체
2026-09-03T15:05:30,인천 논현동 빌라청소 당일상담,seo-incheon-nonhyeon-dong-villa-cleaning-same-day-consult,https://clever-griffin-93819d.netlify.app/seo-incheon-nonhyeon-dong-villa-cleaning-same-day-consult/,인천 논현동,빌라청소,빌라,당일상담
2026-09-03T15:05:30,인천 논현동 빌라청소 주말예약,seo-incheon-nonhyeon-dong-villa-cleaning-weekend-booking,https://clever-griffin-93819d.netlify.app/seo-incheon-nonhyeon-dong-villa-cleaning-weekend-booking/,인천 논현동,빌라청소,빌라,주말예약
2026-09-03T15:05:30,인천 논현동 빌라청소 청소범위,seo-incheon-nonhyeon-dong-villa-cleaning-scope,https://clever-griffin-93819d.netlify.app/seo-incheon-nonhyeon-dong-villa-cleaning-scope/,인천 논현동,빌라청소,빌라,청소범위
2026-09-03T15:05:30,인천 논현동 오피스텔청소 전문업체,seo-incheon-nonhyeon-dong-officetel-cleaning-company,https://clever-griffin-93819d.netlify.app/seo-incheon-nonhyeon-dong-officetel-cleaning-company/,인천 논현동,오피스텔청소,오피스텔,전문업체
2026-09-03T15:05:30,인천 논현동 오피스텔청소 비용,seo-incheon-nonhyeon-dong-officetel-cleaning-cost,https://clever-griffin-93819d.netlify.app/seo-incheon-nonhyeon-dong-officetel-cleaning-cost/,인천 논현동,오피스텔청소,오피스텔,비용
2026-09-03T15:05:30,인천 논현동 오피스텔청소 가격,seo-incheon-nonhyeon-dong-officetel-cleaning-price,https://clever-griffin-93819d.netlify.app/seo-incheon-nonhyeon-dong-officetel-cleaning-price/,인천 논현동,오피스텔청소,오피스텔,가격
2026-09-03T15:05:30,인천 논현동 오피스텔청소 견적,seo-incheon-nonhyeon-dong-officetel-cleaning-estimate,https://clever-griffin-93819d.netlify.app/seo-incheon-nonhyeon-dong-officetel-cleaning-estimate/,인천 논현동,오피스텔청소,오피스텔,견적
2026-09-03T15:05:30,인천 논현동 오피스텔청소 예약,seo-incheon-nonhyeon-dong-officetel-cleaning-booking,https://clever-griffin-93819d.netlify.app/seo-incheon-nonhyeon-dong-officetel-cleaning-booking/,인천 논현동,오피스텔청소,오피스텔,예약
2026-09-03T15:05:30,인천 논현동 오피스텔청소 추천,seo-incheon-nonhyeon-dong-officetel-cleaning-recommend,https://clever-griffin-93819d.netlify.app/seo-incheon-nonhyeon-dong-officetel-cleaning-recommend/,인천 논현동,오피스텔청소,오피스텔,추천
2026-09-03T15:05:30,인천 논현동 오피스텔청소 후기,seo-incheon-nonhyeon-dong-officetel-cleaning-review,https://clever-griffin-93819d.netlify.app/seo-incheon-nonhyeon-dong-officetel-cleaning-review/,인천 논현동,오피스텔청소,오피스텔,후기
2026-09-03T15:05:30,인천 논현동 오피스텔청소 잘하는곳,seo-incheon-nonhyeon-dong-officetel-cleaning-best,https://clever-griffin-93819d.netlify.app/seo-incheon-nonhyeon-dong-officetel-cleaning-best/,인천 논현동,오피스텔청소,오피스텔,잘하는곳
2026-09-03T15:05:30,인천 논현동 오피스텔청소 업체,seo-incheon-nonhyeon-dong-officetel-cleaning-service,https://clever-griffin-93819d.netlify.app/seo-incheon-nonhyeon-dong-officetel-cleaning-service/,인천 논현동,오피스텔청소,오피스텔,업체
2026-09-03T15:05:30,인천 논현동 오피스텔청소 당일상담,seo-incheon-nonhyeon-dong-officetel-cleaning-same-day-consult,https://clever-griffin-93819d.netlify.app/seo-incheon-nonhyeon-dong-officetel-cleaning-same-day-consult/,인천 논현동,오피스텔청소,오피스텔,당일상담
2026-09-03T15:05:30,인천 논현동 오피스텔청소 주말예약,seo-incheon-nonhyeon-dong-officetel-cleaning-weekend-booking,https://clever-griffin-93819d.netlify.app/seo-incheon-nonhyeon-dong-officetel-cleaning-weekend-booking/,인천 논현동,오피스텔청소,오피스텔,주말예약
2026-09-03T15:05:30,인천 논현동 오피스텔청소 청소범위,seo-incheon-nonhyeon-dong-officetel-cleaning-scope,https://clever-griffin-93819d.netlify.app/seo-incheon-nonhyeon-dong-officetel-cleaning-scope/,인천 논현동,오피스텔청소,오피스텔,청소범위
2026-09-03T15:05:30,인천 논현동 원룸 폐기물청소 전문업체,seo-incheon-nonhyeon-dong-one-room-waste-cleaning-company,https://clever-griffin-93819d.netlify.app/seo-incheon-nonhyeon-dong-one-room-waste-cleaning-company/,인천 논현동,폐기물청소,원룸,전문업체
2026-09-03T15:05:30,인천 논현동 원룸 폐기물청소 비용,seo-incheon-nonhyeon-dong-one-room-waste-cleaning-cost,https://clever-griffin-93819d.netlify.app/seo-incheon-nonhyeon-dong-one-room-waste-cleaning-cost/,인천 논현동,폐기물청소,원룸,비용
2026-09-03T15:05:30,인천 논현동 원룸 폐기물청소 가격,seo-incheon-nonhyeon-dong-one-room-waste-cleaning-price,https://clever-griffin-93819d.netlify.app/seo-incheon-nonhyeon-dong-one-room-waste-cleaning-price/,인천 논현동,폐기물청소,원룸,가격
2026-09-03T15:05:30,인천 논현동 원룸 폐기물청소 견적,seo-incheon-nonhyeon-dong-one-room-waste-cleaning-estimate,https://clever-griffin-93819d.netlify.app/seo-incheon-nonhyeon-dong-one-room-waste-cleaning-estimate/,인천 논현동,폐기물청소,원룸,견적
2026-09-03T15:05:30,인천 논현동 원룸 폐기물청소 예약,seo-incheon-nonhyeon-dong-one-room-waste-cleaning-booking,https://clever-griffin-93819d.netlify.app/seo-incheon-nonhyeon-dong-one-room-waste-cleaning-booking/,인천 논현동,폐기물청소,원룸,예약
2026-09-03T15:05:30,인천 논현동 원룸 폐기물청소 추천,seo-incheon-nonhyeon-dong-one-room-waste-cleaning-recommend,https://clever-griffin-93819d.netlify.app/seo-incheon-nonhyeon-dong-one-room-waste-cleaning-recommend/,인천 논현동,폐기물청소,원룸,추천
2026-09-03T15:05:30,인천 논현동 원룸 폐기물청소 후기,seo-incheon-nonhyeon-dong-one-room-waste-cleaning-review,https://clever-griffin-93819d.netlify.app/seo-incheon-nonhyeon-dong-one-room-waste-cleaning-review/,인천 논현동,폐기물청소,원룸,후기
2026-09-03T15:05:30,인천 논현동 원룸 폐기물청소 잘하는곳,seo-incheon-nonhyeon-dong-one-room-waste-cleaning-best,https://clever-griffin-93819d.netlify.app/seo-incheon-nonhyeon-dong-one-room-waste-cleaning-best/,인천 논현동,폐기물청소,원룸,잘하는곳
2026-09-03T15:05:30,인천 논현동 원룸 폐기물청소 업체,seo-incheon-nonhyeon-dong-one-room-waste-cleaning-service,https://clever-griffin-93819d.netlify.app/seo-incheon-nonhyeon-dong-one-room-waste-cleaning-service/,인천 논현동,폐기물청소,원룸,업체
2026-09-03T15:05:30,인천 논현동 원룸 폐기물청소 당일상담,seo-incheon-nonhyeon-dong-one-room-waste-cleaning-same-day-consult,https://clever-griffin-93819d.netlify.app/seo-incheon-nonhyeon-dong-one-room-waste-cleaning-same-day-consult/,인천 논현동,폐기물청소,원룸,당일상담
2026-09-03T15:05:30,인천 논현동 원룸 폐기물청소 주말예약,seo-incheon-nonhyeon-dong-one-room-waste-cleaning-weekend-booking,https://clever-griffin-93819d.netlify.app/seo-incheon-nonhyeon-dong-one-room-waste-cleaning-weekend-booking/,인천 논현동,폐기물청소,원룸,주말예약
2026-09-03T15:05:30,인천 논현동 원룸 폐기물청소 청소범위,seo-incheon-nonhyeon-dong-one-room-waste-cleaning-scope,https://clever-griffin-93819d.netlify.app/seo-incheon-nonhyeon-dong-one-room-waste-cleaning-scope/,인천 논현동,폐기물청소,원룸,청소범위
2026-09-03T15:05:30,인천 논현동 빌라 폐기물청소 전문업체,seo-incheon-nonhyeon-dong-villa-waste-cleaning-company,https://clever-griffin-93819d.netlify.app/seo-incheon-nonhyeon-dong-villa-waste-cleaning-company/,인천 논현동,폐기물청소,빌라,전문업체
2026-09-03T15:05:30,인천 논현동 빌라 폐기물청소 비용,seo-incheon-nonhyeon-dong-villa-waste-cleaning-cost,https://clever-griffin-93819d.netlify.app/seo-incheon-nonhyeon-dong-villa-waste-cleaning-cost/,인천 논현동,폐기물청소,빌라,비용
2026-09-03T15:05:30,인천 논현동 빌라 폐기물청소 가격,seo-incheon-nonhyeon-dong-villa-waste-cleaning-price,https://clever-griffin-93819d.netlify.app/seo-incheon-nonhyeon-dong-villa-waste-cleaning-price/,인천 논현동,폐기물청소,빌라,가격
2026-09-03T15:05:30,인천 논현동 빌라 폐기물청소 견적,seo-incheon-nonhyeon-dong-villa-waste-cleaning-estimate,https://clever-griffin-93819d.netlify.app/seo-incheon-nonhyeon-dong-villa-waste-cleaning-estimate/,인천 논현동,폐기물청소,빌라,견적
2026-09-03T15:05:30,인천 논현동 빌라 폐기물청소 예약,seo-incheon-nonhyeon-dong-villa-waste-cleaning-booking,https://clever-griffin-93819d.netlify.app/seo-incheon-nonhyeon-dong-villa-waste-cleaning-booking/,인천 논현동,폐기물청소,빌라,예약
2026-09-03T15:05:30,인천 논현동 빌라 폐기물청소 추천,seo-incheon-nonhyeon-dong-villa-waste-cleaning-recommend,https://clever-griffin-93819d.netlify.app/seo-incheon-nonhyeon-dong-villa-waste-cleaning-recommend/,인천 논현동,폐기물청소,빌라,추천
2026-09-03T15:05:30,인천 논현동 빌라 폐기물청소 후기,seo-incheon-nonhyeon-dong-villa-waste-cleaning-review,https://clever-griffin-93819d.netlify.app/seo-incheon-nonhyeon-dong-villa-waste-cleaning-review/,인천 논현동,폐기물청소,빌라,후기
2026-09-03T15:05:30,인천 논현동 빌라 폐기물청소 잘하는곳,seo-incheon-nonhyeon-dong-villa-waste-cleaning-best,https://clever-griffin-93819d.netlify.app/seo-incheon-nonhyeon-dong-villa-waste-cleaning-best/,인천 논현동,폐기물청소,빌라,잘하는곳
2026-09-03T15:05:30,인천 논현동 빌라 폐기물청소 업체,seo-incheon-nonhyeon-dong-villa-waste-cleaning-service,https://clever-griffin-93819d.netlify.app/seo-incheon-nonhyeon-dong-villa-waste-cleaning-service/,인천 논현동,폐기물청소,빌라,업체
2026-09-03T15:05:30,인천 논현동 빌라 폐기물청소 당일상담,seo-incheon-nonhyeon-dong-villa-waste-cleaning-same-day-consult,https://clever-griffin-93819d.netlify.app/seo-incheon-nonhyeon-dong-villa-waste-cleaning-same-day-consult/,인천 논현동,폐기물청소,빌라,당일상담
2026-09-03T15:05:30,인천 논현동 빌라 폐기물청소 주말예약,seo-incheon-nonhyeon-dong-villa-waste-cleaning-weekend-booking,https://clever-griffin-93819d.netlify.app/seo-incheon-nonhyeon-dong-villa-waste-cleaning-weekend-booking/,인천 논현동,폐기물청소,빌라,주말예약
2026-09-03T15:05:30,인천 논현동 빌라 폐기물청소 청소범위,seo-incheon-nonhyeon-dong-villa-waste-cleaning-scope,https://clever-griffin-93819d.netlify.app/seo-incheon-nonhyeon-dong-villa-waste-cleaning-scope/,인천 논현동,폐기물청소,빌라,청소범위
2026-09-03T15:05:30,인천 논현동 오피스텔 폐기물청소 전문업체,seo-incheon-nonhyeon-dong-officetel-waste-cleaning-company,https://clever-griffin-93819d.netlify.app/seo-incheon-nonhyeon-dong-officetel-waste-cleaning-company/,인천 논현동,폐기물청소,오피스텔,전문업체
2026-09-03T15:05:30,인천 논현동 오피스텔 폐기물청소 비용,seo-incheon-nonhyeon-dong-officetel-waste-cleaning-cost,https://clever-griffin-93819d.netlify.app/seo-incheon-nonhyeon-dong-officetel-waste-cleaning-cost/,인천 논현동,폐기물청소,오피스텔,비용
2026-09-03T15:05:30,인천 논현동 오피스텔 폐기물청소 가격,seo-incheon-nonhyeon-dong-officetel-waste-cleaning-price,https://clever-griffin-93819d.netlify.app/seo-incheon-nonhyeon-dong-officetel-waste-cleaning-price/,인천 논현동,폐기물청소,오피스텔,가격
2026-09-03T15:05:30,인천 논현동 오피스텔 폐기물청소 견적,seo-incheon-nonhyeon-dong-officetel-waste-cleaning-estimate,https://clever-griffin-93819d.netlify.app/seo-incheon-nonhyeon-dong-officetel-waste-cleaning-estimate/,인천 논현동,폐기물청소,오피스텔,견적
2026-09-03T15:05:30,인천 논현동 오피스텔 폐기물청소 예약,seo-incheon-nonhyeon-dong-officetel-waste-cleaning-booking,https://clever-griffin-93819d.netlify.app/seo-incheon-nonhyeon-dong-officetel-waste-cleaning-booking/,인천 논현동,폐기물청소,오피스텔,예약
2026-09-03T15:05:30,인천 논현동 오피스텔 폐기물청소 추천,seo-incheon-nonhyeon-dong-officetel-waste-cleaning-recommend,https://clever-griffin-93819d.netlify.app/seo-incheon-nonhyeon-dong-officetel-waste-cleaning-recommend/,인천 논현동,폐기물청소,오피스텔,추천
2026-09-03T15:05:30,인천 논현동 오피스텔 폐기물청소 후기,seo-incheon-nonhyeon-dong-officetel-waste-cleaning-review,https://clever-griffin-93819d.netlify.app/seo-incheon-nonhyeon-dong-officetel-waste-cleaning-review/,인천 논현동,폐기물청소,오피스텔,후기
2026-09-03T15:05:30,인천 논현동 오피스텔 폐기물청소 잘하는곳,seo-incheon-nonhyeon-dong-officetel-waste-cleaning-best,https://clever-griffin-93819d.netlify.app/seo-incheon-nonhyeon-dong-officetel-waste-cleaning-best/,인천 논현동,폐기물청소,오피스텔,잘하는곳
2026-09-03T15:05:30,인천 논현동 오피스텔 폐기물청소 업체,seo-incheon-nonhyeon-dong-officetel-waste-cleaning-service,https://clever-griffin-93819d.netlify.app/seo-incheon-nonhyeon-dong-officetel-waste-cleaning-service/,인천 논현동,폐기물청소,오피스텔,업체
2026-09-03T15:05:30,인천 논현동 오피스텔 폐기물청소 당일상담,seo-incheon-nonhyeon-dong-officetel-waste-cleaning-same-day-consult,https://clever-griffin-93819d.netlify.app/seo-incheon-nonhyeon-dong-officetel-waste-cleaning-same-day-consult/,인천 논현동,폐기물청소,오피스텔,당일상담
2026-09-03T15:05:30,인천 논현동 오피스텔 폐기물청소 주말예약,seo-incheon-nonhyeon-dong-officetel-waste-cleaning-weekend-booking,https://clever-griffin-93819d.netlify.app/seo-incheon-nonhyeon-dong-officetel-waste-cleaning-weekend-booking/,인천 논현동,폐기물청소,오피스텔,주말예약
2026-09-03T15:05:30,인천 논현동 오피스텔 폐기물청소 청소범위,seo-incheon-nonhyeon-dong-officetel-waste-cleaning-scope,https://clever-griffin-93819d.netlify.app/seo-incheon-nonhyeon-dong-officetel-waste-cleaning-scope/,인천 논현동,폐기물청소,오피스텔,청소범위
2026-09-03T15:05:30,인천 논현동 상가 폐기물청소 전문업체,seo-incheon-nonhyeon-dong-store-waste-cleaning-company,https://clever-griffin-93819d.netlify.app/seo-incheon-nonhyeon-dong-store-waste-cleaning-company/,인천 논현동,폐기물청소,상가,전문업체
2026-09-03T15:05:30,인천 논현동 상가 폐기물청소 비용,seo-incheon-nonhyeon-dong-store-waste-cleaning-cost,https://clever-griffin-93819d.netlify.app/seo-incheon-nonhyeon-dong-store-waste-cleaning-cost/,인천 논현동,폐기물청소,상가,비용
2026-09-03T15:05:30,인천 논현동 상가 폐기물청소 가격,seo-incheon-nonhyeon-dong-store-waste-cleaning-price,https://clever-griffin-93819d.netlify.app/seo-incheon-nonhyeon-dong-store-waste-cleaning-price/,인천 논현동,폐기물청소,상가,가격
2026-09-03T15:05:30,인천 논현동 상가 폐기물청소 견적,seo-incheon-nonhyeon-dong-store-waste-cleaning-estimate,https://clever-griffin-93819d.netlify.app/seo-incheon-nonhyeon-dong-store-waste-cleaning-estimate/,인천 논현동,폐기물청소,상가,견적
2026-09-03T15:05:30,인천 논현동 상가 폐기물청소 예약,seo-incheon-nonhyeon-dong-store-waste-cleaning-booking,https://clever-griffin-93819d.netlify.app/seo-incheon-nonhyeon-dong-store-waste-cleaning-booking/,인천 논현동,폐기물청소,상가,예약
2026-09-03T15:05:30,인천 논현동 상가 폐기물청소 추천,seo-incheon-nonhyeon-dong-store-waste-cleaning-recommend,https://clever-griffin-93819d.netlify.app/seo-incheon-nonhyeon-dong-store-waste-cleaning-recommend/,인천 논현동,폐기물청소,상가,추천
2026-09-03T15:05:30,인천 논현동 상가 폐기물청소 후기,seo-incheon-nonhyeon-dong-store-waste-cleaning-review,https://clever-griffin-93819d.netlify.app/seo-incheon-nonhyeon-dong-store-waste-cleaning-review/,인천 논현동,폐기물청소,상가,후기
2026-09-03T15:05:30,인천 논현동 상가 폐기물청소 잘하는곳,seo-incheon-nonhyeon-dong-store-waste-cleaning-best,https://clever-griffin-93819d.netlify.app/seo-incheon-nonhyeon-dong-store-waste-cleaning-best/,인천 논현동,폐기물청소,상가,잘하는곳
2026-09-03T15:05:30,인천 논현동 상가 폐기물청소 업체,seo-incheon-nonhyeon-dong-store-waste-cleaning-service,https://clever-griffin-93819d.netlify.app/seo-incheon-nonhyeon-dong-store-waste-cleaning-service/,인천 논현동,폐기물청소,상가,업체
2026-09-03T15:05:30,인천 논현동 상가 폐기물청소 당일상담,seo-incheon-nonhyeon-dong-store-waste-cleaning-same-day-consult,https://clever-griffin-93819d.netlify.app/seo-incheon-nonhyeon-dong-store-waste-cleaning-same-day-consult/,인천 논현동,폐기물청소,상가,당일상담
2026-09-03T15:05:30,인천 논현동 상가 폐기물청소 주말예약,seo-incheon-nonhyeon-dong-store-waste-cleaning-weekend-booking,https://clever-griffin-93819d.netlify.app/seo-incheon-nonhyeon-dong-store-waste-cleaning-weekend-booking/,인천 논현동,폐기물청소,상가,주말예약
2026-09-03T15:05:30,인천 논현동 상가 폐기물청소 청소범위,seo-incheon-nonhyeon-dong-store-waste-cleaning-scope,https://clever-griffin-93819d.netlify.app/seo-incheon-nonhyeon-dong-store-waste-cleaning-scope/,인천 논현동,폐기물청소,상가,청소범위
2026-09-03T15:05:30,인천 논현동 사무실 폐기물청소 전문업체,seo-incheon-nonhyeon-dong-office-waste-cleaning-company,https://clever-griffin-93819d.netlify.app/seo-incheon-nonhyeon-dong-office-waste-cleaning-company/,인천 논현동,폐기물청소,사무실,전문업체
2026-09-03T15:05:30,인천 논현동 사무실 폐기물청소 비용,seo-incheon-nonhyeon-dong-office-waste-cleaning-cost,https://clever-griffin-93819d.netlify.app/seo-incheon-nonhyeon-dong-office-waste-cleaning-cost/,인천 논현동,폐기물청소,사무실,비용
2026-09-03T15:05:30,인천 논현동 사무실 폐기물청소 가격,seo-incheon-nonhyeon-dong-office-waste-cleaning-price,https://clever-griffin-93819d.netlify.app/seo-incheon-nonhyeon-dong-office-waste-cleaning-price/,인천 논현동,폐기물청소,사무실,가격
2026-09-03T15:05:30,인천 논현동 사무실 폐기물청소 견적,seo-incheon-nonhyeon-dong-office-waste-cleaning-estimate,https://clever-griffin-93819d.netlify.app/seo-incheon-nonhyeon-dong-office-waste-cleaning-estimate/,인천 논현동,폐기물청소,사무실,견적
2026-09-03T15:05:30,인천 논현동 사무실 폐기물청소 예약,seo-incheon-nonhyeon-dong-office-waste-cleaning-booking,https://clever-griffin-93819d.netlify.app/seo-incheon-nonhyeon-dong-office-waste-cleaning-booking/,인천 논현동,폐기물청소,사무실,예약
2026-09-03T15:05:30,인천 논현동 사무실 폐기물청소 추천,seo-incheon-nonhyeon-dong-office-waste-cleaning-recommend,https://clever-griffin-93819d.netlify.app/seo-incheon-nonhyeon-dong-office-waste-cleaning-recommend/,인천 논현동,폐기물청소,사무실,추천
2026-09-03T15:05:30,인천 논현동 사무실 폐기물청소 후기,seo-incheon-nonhyeon-dong-office-waste-cleaning-review,https://clever-griffin-93819d.netlify.app/seo-incheon-nonhyeon-dong-office-waste-cleaning-review/,인천 논현동,폐기물청소,사무실,후기
2026-09-03T15:05:30,인천 논현동 사무실 폐기물청소 잘하는곳,seo-incheon-nonhyeon-dong-office-waste-cleaning-best,https://clever-griffin-93819d.netlify.app/seo-incheon-nonhyeon-dong-office-waste-cleaning-best/,인천 논현동,폐기물청소,사무실,잘하는곳
2026-09-03T15:05:30,인천 논현동 사무실 폐기물청소 업체,seo-incheon-nonhyeon-dong-office-waste-cleaning-service,https://clever-griffin-93819d.netlify.app/seo-incheon-nonhyeon-dong-office-waste-cleaning-service/,인천 논현동,폐기물청소,사무실,업체
2026-09-03T15:05:30,인천 논현동 사무실 폐기물청소 당일상담,seo-incheon-nonhyeon-dong-office-waste-cleaning-same-day-consult,https://clever-griffin-93819d.netlify.app/seo-incheon-nonhyeon-dong-office-waste-cleaning-same-day-consult/,인천 논현동,폐기물청소,사무실,당일상담
2026-09-03T15:05:30,인천 논현동 사무실 폐기물청소 주말예약,seo-incheon-nonhyeon-dong-office-waste-cleaning-weekend-booking,https://clever-griffin-93819d.netlify.app/seo-incheon-nonhyeon-dong-office-waste-cleaning-weekend-booking/,인천 논현동,폐기물청소,사무실,주말예약
2026-09-03T15:05:30,인천 논현동 사무실 폐기물청소 청소범위,seo-incheon-nonhyeon-dong-office-waste-cleaning-scope,https://clever-griffin-93819d.netlify.app/seo-incheon-nonhyeon-dong-office-waste-cleaning-scope/,인천 논현동,폐기물청소,사무실,청소범위
2026-09-03T15:05:30,인천 계산동 아파트 입주청소 전문업체,seo-incheon-gyesan-dong-apartment-move-in-cleaning-company,https://clever-griffin-93819d.netlify.app/seo-incheon-gyesan-dong-apartment-move-in-cleaning-company/,인천 계산동,입주청소,아파트,전문업체
2026-09-03T15:05:30,인천 계산동 아파트 입주청소 비용,seo-incheon-gyesan-dong-apartment-move-in-cleaning-cost,https://clever-griffin-93819d.netlify.app/seo-incheon-gyesan-dong-apartment-move-in-cleaning-cost/,인천 계산동,입주청소,아파트,비용
2026-09-03T15:05:30,인천 계산동 아파트 입주청소 가격,seo-incheon-gyesan-dong-apartment-move-in-cleaning-price,https://clever-griffin-93819d.netlify.app/seo-incheon-gyesan-dong-apartment-move-in-cleaning-price/,인천 계산동,입주청소,아파트,가격
2026-09-03T15:05:30,인천 계산동 아파트 입주청소 견적,seo-incheon-gyesan-dong-apartment-move-in-cleaning-estimate,https://clever-griffin-93819d.netlify.app/seo-incheon-gyesan-dong-apartment-move-in-cleaning-estimate/,인천 계산동,입주청소,아파트,견적
2026-09-03T15:05:30,인천 계산동 아파트 입주청소 예약,seo-incheon-gyesan-dong-apartment-move-in-cleaning-booking,https://clever-griffin-93819d.netlify.app/seo-incheon-gyesan-dong-apartment-move-in-cleaning-booking/,인천 계산동,입주청소,아파트,예약
2026-09-03T15:05:30,인천 계산동 아파트 입주청소 추천,seo-incheon-gyesan-dong-apartment-move-in-cleaning-recommend,https://clever-griffin-93819d.netlify.app/seo-incheon-gyesan-dong-apartment-move-in-cleaning-recommend/,인천 계산동,입주청소,아파트,추천
2026-09-03T15:05:30,인천 계산동 아파트 입주청소 후기,seo-incheon-gyesan-dong-apartment-move-in-cleaning-review,https://clever-griffin-93819d.netlify.app/seo-incheon-gyesan-dong-apartment-move-in-cleaning-review/,인천 계산동,입주청소,아파트,후기
2026-09-03T15:05:30,인천 계산동 아파트 입주청소 잘하는곳,seo-incheon-gyesan-dong-apartment-move-in-cleaning-best,https://clever-griffin-93819d.netlify.app/seo-incheon-gyesan-dong-apartment-move-in-cleaning-best/,인천 계산동,입주청소,아파트,잘하는곳
2026-09-03T15:05:30,인천 계산동 아파트 입주청소 업체,seo-incheon-gyesan-dong-apartment-move-in-cleaning-service,https://clever-griffin-93819d.netlify.app/seo-incheon-gyesan-dong-apartment-move-in-cleaning-service/,인천 계산동,입주청소,아파트,업체
2026-09-03T15:05:30,인천 계산동 아파트 입주청소 당일상담,seo-incheon-gyesan-dong-apartment-move-in-cleaning-same-day-consult,https://clever-griffin-93819d.netlify.app/seo-incheon-gyesan-dong-apartment-move-in-cleaning-same-day-consult/,인천 계산동,입주청소,아파트,당일상담
2026-09-03T15:05:30,인천 계산동 아파트 입주청소 주말예약,seo-incheon-gyesan-dong-apartment-move-in-cleaning-weekend-booking,https://clever-griffin-93819d.netlify.app/seo-incheon-gyesan-dong-apartment-move-in-cleaning-weekend-booking/,인천 계산동,입주청소,아파트,주말예약
2026-09-03T15:05:30,인천 계산동 아파트 입주청소 청소범위,seo-incheon-gyesan-dong-apartment-move-in-cleaning-scope,https://clever-griffin-93819d.netlify.app/seo-incheon-gyesan-dong-apartment-move-in-cleaning-scope/,인천 계산동,입주청소,아파트,청소범위
2026-09-03T15:05:30,인천 계산동 원룸 입주청소 전문업체,seo-incheon-gyesan-dong-one-room-move-in-cleaning-company,https://clever-griffin-93819d.netlify.app/seo-incheon-gyesan-dong-one-room-move-in-cleaning-company/,인천 계산동,입주청소,원룸,전문업체
2026-09-03T15:05:30,인천 계산동 원룸 입주청소 비용,seo-incheon-gyesan-dong-one-room-move-in-cleaning-cost,https://clever-griffin-93819d.netlify.app/seo-incheon-gyesan-dong-one-room-move-in-cleaning-cost/,인천 계산동,입주청소,원룸,비용
2026-09-03T15:05:30,인천 계산동 원룸 입주청소 가격,seo-incheon-gyesan-dong-one-room-move-in-cleaning-price,https://clever-griffin-93819d.netlify.app/seo-incheon-gyesan-dong-one-room-move-in-cleaning-price/,인천 계산동,입주청소,원룸,가격
2026-09-03T15:05:30,인천 계산동 원룸 입주청소 견적,seo-incheon-gyesan-dong-one-room-move-in-cleaning-estimate,https://clever-griffin-93819d.netlify.app/seo-incheon-gyesan-dong-one-room-move-in-cleaning-estimate/,인천 계산동,입주청소,원룸,견적
2026-09-03T15:05:30,인천 계산동 원룸 입주청소 예약,seo-incheon-gyesan-dong-one-room-move-in-cleaning-booking,https://clever-griffin-93819d.netlify.app/seo-incheon-gyesan-dong-one-room-move-in-cleaning-booking/,인천 계산동,입주청소,원룸,예약
2026-09-03T15:05:30,인천 계산동 원룸 입주청소 추천,seo-incheon-gyesan-dong-one-room-move-in-cleaning-recommend,https://clever-griffin-93819d.netlify.app/seo-incheon-gyesan-dong-one-room-move-in-cleaning-recommend/,인천 계산동,입주청소,원룸,추천
2026-09-03T15:05:30,인천 계산동 원룸 입주청소 후기,seo-incheon-gyesan-dong-one-room-move-in-cleaning-review,https://clever-griffin-93819d.netlify.app/seo-incheon-gyesan-dong-one-room-move-in-cleaning-review/,인천 계산동,입주청소,원룸,후기
2026-09-03T15:05:30,인천 계산동 원룸 입주청소 잘하는곳,seo-incheon-gyesan-dong-one-room-move-in-cleaning-best,https://clever-griffin-93819d.netlify.app/seo-incheon-gyesan-dong-one-room-move-in-cleaning-best/,인천 계산동,입주청소,원룸,잘하는곳
2026-09-03T15:05:30,인천 계산동 원룸 입주청소 업체,seo-incheon-gyesan-dong-one-room-move-in-cleaning-service,https://clever-griffin-93819d.netlify.app/seo-incheon-gyesan-dong-one-room-move-in-cleaning-service/,인천 계산동,입주청소,원룸,업체
2026-09-03T15:05:30,인천 계산동 원룸 입주청소 당일상담,seo-incheon-gyesan-dong-one-room-move-in-cleaning-same-day-consult,https://clever-griffin-93819d.netlify.app/seo-incheon-gyesan-dong-one-room-move-in-cleaning-same-day-consult/,인천 계산동,입주청소,원룸,당일상담
2026-09-03T15:05:30,인천 계산동 원룸 입주청소 주말예약,seo-incheon-gyesan-dong-one-room-move-in-cleaning-weekend-booking,https://clever-griffin-93819d.netlify.app/seo-incheon-gyesan-dong-one-room-move-in-cleaning-weekend-booking/,인천 계산동,입주청소,원룸,주말예약
2026-09-03T15:05:30,인천 계산동 원룸 입주청소 청소범위,seo-incheon-gyesan-dong-one-room-move-in-cleaning-scope,https://clever-griffin-93819d.netlify.app/seo-incheon-gyesan-dong-one-room-move-in-cleaning-scope/,인천 계산동,입주청소,원룸,청소범위
2026-09-03T15:05:30,인천 계산동 빌라 입주청소 전문업체,seo-incheon-gyesan-dong-villa-move-in-cleaning-company,https://clever-griffin-93819d.netlify.app/seo-incheon-gyesan-dong-villa-move-in-cleaning-company/,인천 계산동,입주청소,빌라,전문업체
2026-09-03T15:05:30,인천 계산동 빌라 입주청소 비용,seo-incheon-gyesan-dong-villa-move-in-cleaning-cost,https://clever-griffin-93819d.netlify.app/seo-incheon-gyesan-dong-villa-move-in-cleaning-cost/,인천 계산동,입주청소,빌라,비용
2026-09-03T15:05:30,인천 계산동 빌라 입주청소 가격,seo-incheon-gyesan-dong-villa-move-in-cleaning-price,https://clever-griffin-93819d.netlify.app/seo-incheon-gyesan-dong-villa-move-in-cleaning-price/,인천 계산동,입주청소,빌라,가격
2026-09-03T15:05:30,인천 계산동 빌라 입주청소 견적,seo-incheon-gyesan-dong-villa-move-in-cleaning-estimate,https://clever-griffin-93819d.netlify.app/seo-incheon-gyesan-dong-villa-move-in-cleaning-estimate/,인천 계산동,입주청소,빌라,견적
2026-09-03T15:05:30,인천 계산동 빌라 입주청소 예약,seo-incheon-gyesan-dong-villa-move-in-cleaning-booking,https://clever-griffin-93819d.netlify.app/seo-incheon-gyesan-dong-villa-move-in-cleaning-booking/,인천 계산동,입주청소,빌라,예약
2026-09-03T15:05:30,인천 계산동 빌라 입주청소 추천,seo-incheon-gyesan-dong-villa-move-in-cleaning-recommend,https://clever-griffin-93819d.netlify.app/seo-incheon-gyesan-dong-villa-move-in-cleaning-recommend/,인천 계산동,입주청소,빌라,추천
2026-09-03T15:05:30,인천 계산동 빌라 입주청소 후기,seo-incheon-gyesan-dong-villa-move-in-cleaning-review,https://clever-griffin-93819d.netlify.app/seo-incheon-gyesan-dong-villa-move-in-cleaning-review/,인천 계산동,입주청소,빌라,후기
2026-09-03T15:05:30,인천 계산동 빌라 입주청소 잘하는곳,seo-incheon-gyesan-dong-villa-move-in-cleaning-best,https://clever-griffin-93819d.netlify.app/seo-incheon-gyesan-dong-villa-move-in-cleaning-best/,인천 계산동,입주청소,빌라,잘하는곳
2026-09-03T15:05:30,인천 계산동 빌라 입주청소 업체,seo-incheon-gyesan-dong-villa-move-in-cleaning-service,https://clever-griffin-93819d.netlify.app/seo-incheon-gyesan-dong-villa-move-in-cleaning-service/,인천 계산동,입주청소,빌라,업체
2026-09-03T15:05:30,인천 계산동 빌라 입주청소 당일상담,seo-incheon-gyesan-dong-villa-move-in-cleaning-same-day-consult,https://clever-griffin-93819d.netlify.app/seo-incheon-gyesan-dong-villa-move-in-cleaning-same-day-consult/,인천 계산동,입주청소,빌라,당일상담
2026-09-03T15:05:30,인천 계산동 빌라 입주청소 주말예약,seo-incheon-gyesan-dong-villa-move-in-cleaning-weekend-booking,https://clever-griffin-93819d.netlify.app/seo-incheon-gyesan-dong-villa-move-in-cleaning-weekend-booking/,인천 계산동,입주청소,빌라,주말예약
2026-09-03T15:05:30,인천 계산동 빌라 입주청소 청소범위,seo-incheon-gyesan-dong-villa-move-in-cleaning-scope,https://clever-griffin-93819d.netlify.app/seo-incheon-gyesan-dong-villa-move-in-cleaning-scope/,인천 계산동,입주청소,빌라,청소범위
2026-09-03T15:05:30,인천 계산동 오피스텔 입주청소 전문업체,seo-incheon-gyesan-dong-officetel-move-in-cleaning-company,https://clever-griffin-93819d.netlify.app/seo-incheon-gyesan-dong-officetel-move-in-cleaning-company/,인천 계산동,입주청소,오피스텔,전문업체
2026-09-03T15:05:30,인천 계산동 오피스텔 입주청소 비용,seo-incheon-gyesan-dong-officetel-move-in-cleaning-cost,https://clever-griffin-93819d.netlify.app/seo-incheon-gyesan-dong-officetel-move-in-cleaning-cost/,인천 계산동,입주청소,오피스텔,비용
2026-09-03T15:05:30,인천 계산동 오피스텔 입주청소 가격,seo-incheon-gyesan-dong-officetel-move-in-cleaning-price,https://clever-griffin-93819d.netlify.app/seo-incheon-gyesan-dong-officetel-move-in-cleaning-price/,인천 계산동,입주청소,오피스텔,가격
2026-09-03T15:05:30,인천 계산동 오피스텔 입주청소 견적,seo-incheon-gyesan-dong-officetel-move-in-cleaning-estimate,https://clever-griffin-93819d.netlify.app/seo-incheon-gyesan-dong-officetel-move-in-cleaning-estimate/,인천 계산동,입주청소,오피스텔,견적
2026-09-03T15:05:30,인천 계산동 오피스텔 입주청소 예약,seo-incheon-gyesan-dong-officetel-move-in-cleaning-booking,https://clever-griffin-93819d.netlify.app/seo-incheon-gyesan-dong-officetel-move-in-cleaning-booking/,인천 계산동,입주청소,오피스텔,예약
2026-09-03T15:05:30,인천 계산동 오피스텔 입주청소 추천,seo-incheon-gyesan-dong-officetel-move-in-cleaning-recommend,https://clever-griffin-93819d.netlify.app/seo-incheon-gyesan-dong-officetel-move-in-cleaning-recommend/,인천 계산동,입주청소,오피스텔,추천
2026-09-03T15:05:30,인천 계산동 오피스텔 입주청소 후기,seo-incheon-gyesan-dong-officetel-move-in-cleaning-review,https://clever-griffin-93819d.netlify.app/seo-incheon-gyesan-dong-officetel-move-in-cleaning-review/,인천 계산동,입주청소,오피스텔,후기
2026-09-03T15:05:30,인천 계산동 오피스텔 입주청소 잘하는곳,seo-incheon-gyesan-dong-officetel-move-in-cleaning-best,https://clever-griffin-93819d.netlify.app/seo-incheon-gyesan-dong-officetel-move-in-cleaning-best/,인천 계산동,입주청소,오피스텔,잘하는곳
2026-09-03T15:05:30,인천 계산동 오피스텔 입주청소 업체,seo-incheon-gyesan-dong-officetel-move-in-cleaning-service,https://clever-griffin-93819d.netlify.app/seo-incheon-gyesan-dong-officetel-move-in-cleaning-service/,인천 계산동,입주청소,오피스텔,업체
2026-09-03T15:05:30,인천 계산동 오피스텔 입주청소 당일상담,seo-incheon-gyesan-dong-officetel-move-in-cleaning-same-day-consult,https://clever-griffin-93819d.netlify.app/seo-incheon-gyesan-dong-officetel-move-in-cleaning-same-day-consult/,인천 계산동,입주청소,오피스텔,당일상담
2026-09-03T15:05:30,인천 계산동 오피스텔 입주청소 주말예약,seo-incheon-gyesan-dong-officetel-move-in-cleaning-weekend-booking,https://clever-griffin-93819d.netlify.app/seo-incheon-gyesan-dong-officetel-move-in-cleaning-weekend-booking/,인천 계산동,입주청소,오피스텔,주말예약
2026-09-03T15:05:30,인천 계산동 오피스텔 입주청소 청소범위,seo-incheon-gyesan-dong-officetel-move-in-cleaning-scope,https://clever-griffin-93819d.netlify.app/seo-incheon-gyesan-dong-officetel-move-in-cleaning-scope/,인천 계산동,입주청소,오피스텔,청소범위
2026-09-03T15:05:30,인천 계산동 상가 입주청소 전문업체,seo-incheon-gyesan-dong-store-move-in-cleaning-company,https://clever-griffin-93819d.netlify.app/seo-incheon-gyesan-dong-store-move-in-cleaning-company/,인천 계산동,입주청소,상가,전문업체
2026-09-03T15:05:30,인천 계산동 상가 입주청소 비용,seo-incheon-gyesan-dong-store-move-in-cleaning-cost,https://clever-griffin-93819d.netlify.app/seo-incheon-gyesan-dong-store-move-in-cleaning-cost/,인천 계산동,입주청소,상가,비용
2026-09-03T15:05:30,인천 계산동 상가 입주청소 가격,seo-incheon-gyesan-dong-store-move-in-cleaning-price,https://clever-griffin-93819d.netlify.app/seo-incheon-gyesan-dong-store-move-in-cleaning-price/,인천 계산동,입주청소,상가,가격
2026-09-03T15:05:30,인천 계산동 상가 입주청소 견적,seo-incheon-gyesan-dong-store-move-in-cleaning-estimate,https://clever-griffin-93819d.netlify.app/seo-incheon-gyesan-dong-store-move-in-cleaning-estimate/,인천 계산동,입주청소,상가,견적
2026-09-03T15:05:30,인천 계산동 상가 입주청소 예약,seo-incheon-gyesan-dong-store-move-in-cleaning-booking,https://clever-griffin-93819d.netlify.app/seo-incheon-gyesan-dong-store-move-in-cleaning-booking/,인천 계산동,입주청소,상가,예약
2026-09-03T15:05:30,인천 계산동 상가 입주청소 추천,seo-incheon-gyesan-dong-store-move-in-cleaning-recommend,https://clever-griffin-93819d.netlify.app/seo-incheon-gyesan-dong-store-move-in-cleaning-recommend/,인천 계산동,입주청소,상가,추천
2026-09-03T15:05:30,인천 계산동 상가 입주청소 후기,seo-incheon-gyesan-dong-store-move-in-cleaning-review,https://clever-griffin-93819d.netlify.app/seo-incheon-gyesan-dong-store-move-in-cleaning-review/,인천 계산동,입주청소,상가,후기
2026-09-03T15:05:30,인천 계산동 상가 입주청소 잘하는곳,seo-incheon-gyesan-dong-store-move-in-cleaning-best,https://clever-griffin-93819d.netlify.app/seo-incheon-gyesan-dong-store-move-in-cleaning-best/,인천 계산동,입주청소,상가,잘하는곳
2026-09-03T15:05:30,인천 계산동 상가 입주청소 업체,seo-incheon-gyesan-dong-store-move-in-cleaning-service,https://clever-griffin-93819d.netlify.app/seo-incheon-gyesan-dong-store-move-in-cleaning-service/,인천 계산동,입주청소,상가,업체
2026-09-03T15:05:30,인천 계산동 상가 입주청소 당일상담,seo-incheon-gyesan-dong-store-move-in-cleaning-same-day-consult,https://clever-griffin-93819d.netlify.app/seo-incheon-gyesan-dong-store-move-in-cleaning-same-day-consult/,인천 계산동,입주청소,상가,당일상담
2026-09-03T15:05:30,인천 계산동 상가 입주청소 주말예약,seo-incheon-gyesan-dong-store-move-in-cleaning-weekend-booking,https://clever-griffin-93819d.netlify.app/seo-incheon-gyesan-dong-store-move-in-cleaning-weekend-booking/,인천 계산동,입주청소,상가,주말예약
2026-09-03T15:05:30,인천 계산동 상가 입주청소 청소범위,seo-incheon-gyesan-dong-store-move-in-cleaning-scope,https://clever-griffin-93819d.netlify.app/seo-incheon-gyesan-dong-store-move-in-cleaning-scope/,인천 계산동,입주청소,상가,청소범위
2026-09-03T15:05:30,인천 계산동 사무실 입주청소 전문업체,seo-incheon-gyesan-dong-office-move-in-cleaning-company,https://clever-griffin-93819d.netlify.app/seo-incheon-gyesan-dong-office-move-in-cleaning-company/,인천 계산동,입주청소,사무실,전문업체
2026-09-03T15:05:30,인천 계산동 사무실 입주청소 비용,seo-incheon-gyesan-dong-office-move-in-cleaning-cost,https://clever-griffin-93819d.netlify.app/seo-incheon-gyesan-dong-office-move-in-cleaning-cost/,인천 계산동,입주청소,사무실,비용
2026-09-03T15:05:30,인천 계산동 사무실 입주청소 가격,seo-incheon-gyesan-dong-office-move-in-cleaning-price,https://clever-griffin-93819d.netlify.app/seo-incheon-gyesan-dong-office-move-in-cleaning-price/,인천 계산동,입주청소,사무실,가격
2026-09-03T15:05:30,인천 계산동 사무실 입주청소 견적,seo-incheon-gyesan-dong-office-move-in-cleaning-estimate,https://clever-griffin-93819d.netlify.app/seo-incheon-gyesan-dong-office-move-in-cleaning-estimate/,인천 계산동,입주청소,사무실,견적
2026-09-03T15:05:30,인천 계산동 사무실 입주청소 예약,seo-incheon-gyesan-dong-office-move-in-cleaning-booking,https://clever-griffin-93819d.netlify.app/seo-incheon-gyesan-dong-office-move-in-cleaning-booking/,인천 계산동,입주청소,사무실,예약
2026-09-03T15:05:30,인천 계산동 사무실 입주청소 추천,seo-incheon-gyesan-dong-office-move-in-cleaning-recommend,https://clever-griffin-93819d.netlify.app/seo-incheon-gyesan-dong-office-move-in-cleaning-recommend/,인천 계산동,입주청소,사무실,추천
2026-09-03T15:05:30,인천 계산동 사무실 입주청소 후기,seo-incheon-gyesan-dong-office-move-in-cleaning-review,https://clever-griffin-93819d.netlify.app/seo-incheon-gyesan-dong-office-move-in-cleaning-review/,인천 계산동,입주청소,사무실,후기
2026-09-03T15:05:30,인천 계산동 사무실 입주청소 잘하는곳,seo-incheon-gyesan-dong-office-move-in-cleaning-best,https://clever-griffin-93819d.netlify.app/seo-incheon-gyesan-dong-office-move-in-cleaning-best/,인천 계산동,입주청소,사무실,잘하는곳
2026-09-03T15:05:30,인천 계산동 사무실 입주청소 업체,seo-incheon-gyesan-dong-office-move-in-cleaning-service,https://clever-griffin-93819d.netlify.app/seo-incheon-gyesan-dong-office-move-in-cleaning-service/,인천 계산동,입주청소,사무실,업체
2026-09-03T15:05:30,인천 계산동 사무실 입주청소 당일상담,seo-incheon-gyesan-dong-office-move-in-cleaning-same-day-consult,https://clever-griffin-93819d.netlify.app/seo-incheon-gyesan-dong-office-move-in-cleaning-same-day-consult/,인천 계산동,입주청소,사무실,당일상담
2026-09-03T15:05:30,인천 계산동 사무실 입주청소 주말예약,seo-incheon-gyesan-dong-office-move-in-cleaning-weekend-booking,https://clever-griffin-93819d.netlify.app/seo-incheon-gyesan-dong-office-move-in-cleaning-weekend-booking/,인천 계산동,입주청소,사무실,주말예약
2026-09-03T15:05:30,인천 계산동 사무실 입주청소 청소범위,seo-incheon-gyesan-dong-office-move-in-cleaning-scope,https://clever-griffin-93819d.netlify.app/seo-incheon-gyesan-dong-office-move-in-cleaning-scope/,인천 계산동,입주청소,사무실,청소범위
2026-09-03T15:05:30,인천 계산동 아파트 이사청소 전문업체,seo-incheon-gyesan-dong-apartment-moving-cleaning-company,https://clever-griffin-93819d.netlify.app/seo-incheon-gyesan-dong-apartment-moving-cleaning-company/,인천 계산동,이사청소,아파트,전문업체
2026-09-03T15:05:30,인천 계산동 아파트 이사청소 비용,seo-incheon-gyesan-dong-apartment-moving-cleaning-cost,https://clever-griffin-93819d.netlify.app/seo-incheon-gyesan-dong-apartment-moving-cleaning-cost/,인천 계산동,이사청소,아파트,비용
2026-09-03T15:05:30,인천 계산동 아파트 이사청소 가격,seo-incheon-gyesan-dong-apartment-moving-cleaning-price,https://clever-griffin-93819d.netlify.app/seo-incheon-gyesan-dong-apartment-moving-cleaning-price/,인천 계산동,이사청소,아파트,가격
2026-09-03T15:05:30,인천 계산동 아파트 이사청소 견적,seo-incheon-gyesan-dong-apartment-moving-cleaning-estimate,https://clever-griffin-93819d.netlify.app/seo-incheon-gyesan-dong-apartment-moving-cleaning-estimate/,인천 계산동,이사청소,아파트,견적
2026-09-03T15:05:30,인천 계산동 아파트 이사청소 예약,seo-incheon-gyesan-dong-apartment-moving-cleaning-booking,https://clever-griffin-93819d.netlify.app/seo-incheon-gyesan-dong-apartment-moving-cleaning-booking/,인천 계산동,이사청소,아파트,예약
2026-09-03T15:05:30,인천 계산동 아파트 이사청소 추천,seo-incheon-gyesan-dong-apartment-moving-cleaning-recommend,https://clever-griffin-93819d.netlify.app/seo-incheon-gyesan-dong-apartment-moving-cleaning-recommend/,인천 계산동,이사청소,아파트,추천
2026-09-03T15:05:30,인천 계산동 아파트 이사청소 후기,seo-incheon-gyesan-dong-apartment-moving-cleaning-review,https://clever-griffin-93819d.netlify.app/seo-incheon-gyesan-dong-apartment-moving-cleaning-review/,인천 계산동,이사청소,아파트,후기
2026-09-03T15:05:30,인천 계산동 아파트 이사청소 잘하는곳,seo-incheon-gyesan-dong-apartment-moving-cleaning-best,https://clever-griffin-93819d.netlify.app/seo-incheon-gyesan-dong-apartment-moving-cleaning-best/,인천 계산동,이사청소,아파트,잘하는곳
2026-09-03T15:05:30,인천 계산동 아파트 이사청소 업체,seo-incheon-gyesan-dong-apartment-moving-cleaning-service,https://clever-griffin-93819d.netlify.app/seo-incheon-gyesan-dong-apartment-moving-cleaning-service/,인천 계산동,이사청소,아파트,업체
2026-09-03T15:05:30,인천 계산동 아파트 이사청소 당일상담,seo-incheon-gyesan-dong-apartment-moving-cleaning-same-day-consult,https://clever-griffin-93819d.netlify.app/seo-incheon-gyesan-dong-apartment-moving-cleaning-same-day-consult/,인천 계산동,이사청소,아파트,당일상담
2026-09-03T15:05:30,인천 계산동 아파트 이사청소 주말예약,seo-incheon-gyesan-dong-apartment-moving-cleaning-weekend-booking,https://clever-griffin-93819d.netlify.app/seo-incheon-gyesan-dong-apartment-moving-cleaning-weekend-booking/,인천 계산동,이사청소,아파트,주말예약
2026-09-03T15:05:30,인천 계산동 아파트 이사청소 청소범위,seo-incheon-gyesan-dong-apartment-moving-cleaning-scope,https://clever-griffin-93819d.netlify.app/seo-incheon-gyesan-dong-apartment-moving-cleaning-scope/,인천 계산동,이사청소,아파트,청소범위
2026-09-03T15:05:30,인천 계산동 원룸 이사청소 전문업체,seo-incheon-gyesan-dong-one-room-moving-cleaning-company,https://clever-griffin-93819d.netlify.app/seo-incheon-gyesan-dong-one-room-moving-cleaning-company/,인천 계산동,이사청소,원룸,전문업체
2026-09-03T15:05:30,인천 계산동 원룸 이사청소 비용,seo-incheon-gyesan-dong-one-room-moving-cleaning-cost,https://clever-griffin-93819d.netlify.app/seo-incheon-gyesan-dong-one-room-moving-cleaning-cost/,인천 계산동,이사청소,원룸,비용
2026-09-03T15:05:30,인천 계산동 원룸 이사청소 가격,seo-incheon-gyesan-dong-one-room-moving-cleaning-price,https://clever-griffin-93819d.netlify.app/seo-incheon-gyesan-dong-one-room-moving-cleaning-price/,인천 계산동,이사청소,원룸,가격
2026-09-03T15:05:30,인천 계산동 원룸 이사청소 견적,seo-incheon-gyesan-dong-one-room-moving-cleaning-estimate,https://clever-griffin-93819d.netlify.app/seo-incheon-gyesan-dong-one-room-moving-cleaning-estimate/,인천 계산동,이사청소,원룸,견적
2026-09-03T15:05:30,인천 계산동 원룸 이사청소 예약,seo-incheon-gyesan-dong-one-room-moving-cleaning-booking,https://clever-griffin-93819d.netlify.app/seo-incheon-gyesan-dong-one-room-moving-cleaning-booking/,인천 계산동,이사청소,원룸,예약
2026-09-03T15:05:30,인천 계산동 원룸 이사청소 추천,seo-incheon-gyesan-dong-one-room-moving-cleaning-recommend,https://clever-griffin-93819d.netlify.app/seo-incheon-gyesan-dong-one-room-moving-cleaning-recommend/,인천 계산동,이사청소,원룸,추천
2026-09-03T15:05:30,인천 계산동 원룸 이사청소 후기,seo-incheon-gyesan-dong-one-room-moving-cleaning-review,https://clever-griffin-93819d.netlify.app/seo-incheon-gyesan-dong-one-room-moving-cleaning-review/,인천 계산동,이사청소,원룸,후기
2026-09-03T15:05:30,인천 계산동 원룸 이사청소 잘하는곳,seo-incheon-gyesan-dong-one-room-moving-cleaning-best,https://clever-griffin-93819d.netlify.app/seo-incheon-gyesan-dong-one-room-moving-cleaning-best/,인천 계산동,이사청소,원룸,잘하는곳
2026-09-03T15:05:30,인천 계산동 원룸 이사청소 업체,seo-incheon-gyesan-dong-one-room-moving-cleaning-service,https://clever-griffin-93819d.netlify.app/seo-incheon-gyesan-dong-one-room-moving-cleaning-service/,인천 계산동,이사청소,원룸,업체
2026-09-03T15:05:30,인천 계산동 원룸 이사청소 당일상담,seo-incheon-gyesan-dong-one-room-moving-cleaning-same-day-consult,https://clever-griffin-93819d.netlify.app/seo-incheon-gyesan-dong-one-room-moving-cleaning-same-day-consult/,인천 계산동,이사청소,원룸,당일상담
2026-09-03T15:05:30,인천 계산동 원룸 이사청소 주말예약,seo-incheon-gyesan-dong-one-room-moving-cleaning-weekend-booking,https://clever-griffin-93819d.netlify.app/seo-incheon-gyesan-dong-one-room-moving-cleaning-weekend-booking/,인천 계산동,이사청소,원룸,주말예약
2026-09-03T15:05:30,인천 계산동 원룸 이사청소 청소범위,seo-incheon-gyesan-dong-one-room-moving-cleaning-scope,https://clever-griffin-93819d.netlify.app/seo-incheon-gyesan-dong-one-room-moving-cleaning-scope/,인천 계산동,이사청소,원룸,청소범위
2026-09-03T15:05:30,인천 계산동 빌라 이사청소 전문업체,seo-incheon-gyesan-dong-villa-moving-cleaning-company,https://clever-griffin-93819d.netlify.app/seo-incheon-gyesan-dong-villa-moving-cleaning-company/,인천 계산동,이사청소,빌라,전문업체
2026-09-03T15:05:30,인천 계산동 빌라 이사청소 비용,seo-incheon-gyesan-dong-villa-moving-cleaning-cost,https://clever-griffin-93819d.netlify.app/seo-incheon-gyesan-dong-villa-moving-cleaning-cost/,인천 계산동,이사청소,빌라,비용
2026-09-03T15:05:30,인천 계산동 빌라 이사청소 가격,seo-incheon-gyesan-dong-villa-moving-cleaning-price,https://clever-griffin-93819d.netlify.app/seo-incheon-gyesan-dong-villa-moving-cleaning-price/,인천 계산동,이사청소,빌라,가격
2026-09-03T15:05:30,인천 계산동 빌라 이사청소 견적,seo-incheon-gyesan-dong-villa-moving-cleaning-estimate,https://clever-griffin-93819d.netlify.app/seo-incheon-gyesan-dong-villa-moving-cleaning-estimate/,인천 계산동,이사청소,빌라,견적
2026-09-03T15:05:30,인천 계산동 빌라 이사청소 예약,seo-incheon-gyesan-dong-villa-moving-cleaning-booking,https://clever-griffin-93819d.netlify.app/seo-incheon-gyesan-dong-villa-moving-cleaning-booking/,인천 계산동,이사청소,빌라,예약
2026-09-03T15:05:30,인천 계산동 빌라 이사청소 추천,seo-incheon-gyesan-dong-villa-moving-cleaning-recommend,https://clever-griffin-93819d.netlify.app/seo-incheon-gyesan-dong-villa-moving-cleaning-recommend/,인천 계산동,이사청소,빌라,추천
2026-09-03T15:05:30,인천 계산동 빌라 이사청소 후기,seo-incheon-gyesan-dong-villa-moving-cleaning-review,https://clever-griffin-93819d.netlify.app/seo-incheon-gyesan-dong-villa-moving-cleaning-review/,인천 계산동,이사청소,빌라,후기
2026-09-03T15:05:30,인천 계산동 빌라 이사청소 잘하는곳,seo-incheon-gyesan-dong-villa-moving-cleaning-best,https://clever-griffin-93819d.netlify.app/seo-incheon-gyesan-dong-villa-moving-cleaning-best/,인천 계산동,이사청소,빌라,잘하는곳
2026-09-03T15:05:30,인천 계산동 빌라 이사청소 업체,seo-incheon-gyesan-dong-villa-moving-cleaning-service,https://clever-griffin-93819d.netlify.app/seo-incheon-gyesan-dong-villa-moving-cleaning-service/,인천 계산동,이사청소,빌라,업체
2026-09-03T15:05:30,인천 계산동 빌라 이사청소 당일상담,seo-incheon-gyesan-dong-villa-moving-cleaning-same-day-consult,https://clever-griffin-93819d.netlify.app/seo-incheon-gyesan-dong-villa-moving-cleaning-same-day-consult/,인천 계산동,이사청소,빌라,당일상담
2026-09-03T15:05:30,인천 계산동 빌라 이사청소 주말예약,seo-incheon-gyesan-dong-villa-moving-cleaning-weekend-booking,https://clever-griffin-93819d.netlify.app/seo-incheon-gyesan-dong-villa-moving-cleaning-weekend-booking/,인천 계산동,이사청소,빌라,주말예약
2026-09-03T15:05:30,인천 계산동 빌라 이사청소 청소범위,seo-incheon-gyesan-dong-villa-moving-cleaning-scope,https://clever-griffin-93819d.netlify.app/seo-incheon-gyesan-dong-villa-moving-cleaning-scope/,인천 계산동,이사청소,빌라,청소범위
2026-09-03T15:05:30,인천 계산동 오피스텔 이사청소 전문업체,seo-incheon-gyesan-dong-officetel-moving-cleaning-company,https://clever-griffin-93819d.netlify.app/seo-incheon-gyesan-dong-officetel-moving-cleaning-company/,인천 계산동,이사청소,오피스텔,전문업체
2026-09-03T15:05:30,인천 계산동 오피스텔 이사청소 비용,seo-incheon-gyesan-dong-officetel-moving-cleaning-cost,https://clever-griffin-93819d.netlify.app/seo-incheon-gyesan-dong-officetel-moving-cleaning-cost/,인천 계산동,이사청소,오피스텔,비용
2026-09-03T15:05:30,인천 계산동 오피스텔 이사청소 가격,seo-incheon-gyesan-dong-officetel-moving-cleaning-price,https://clever-griffin-93819d.netlify.app/seo-incheon-gyesan-dong-officetel-moving-cleaning-price/,인천 계산동,이사청소,오피스텔,가격
2026-09-03T15:05:30,인천 계산동 오피스텔 이사청소 견적,seo-incheon-gyesan-dong-officetel-moving-cleaning-estimate,https://clever-griffin-93819d.netlify.app/seo-incheon-gyesan-dong-officetel-moving-cleaning-estimate/,인천 계산동,이사청소,오피스텔,견적
2026-09-03T15:05:30,인천 계산동 오피스텔 이사청소 예약,seo-incheon-gyesan-dong-officetel-moving-cleaning-booking,https://clever-griffin-93819d.netlify.app/seo-incheon-gyesan-dong-officetel-moving-cleaning-booking/,인천 계산동,이사청소,오피스텔,예약
2026-09-03T15:05:30,인천 계산동 오피스텔 이사청소 추천,seo-incheon-gyesan-dong-officetel-moving-cleaning-recommend,https://clever-griffin-93819d.netlify.app/seo-incheon-gyesan-dong-officetel-moving-cleaning-recommend/,인천 계산동,이사청소,오피스텔,추천
2026-09-03T15:05:30,인천 계산동 오피스텔 이사청소 후기,seo-incheon-gyesan-dong-officetel-moving-cleaning-review,https://clever-griffin-93819d.netlify.app/seo-incheon-gyesan-dong-officetel-moving-cleaning-review/,인천 계산동,이사청소,오피스텔,후기
2026-09-03T15:05:30,인천 계산동 오피스텔 이사청소 잘하는곳,seo-incheon-gyesan-dong-officetel-moving-cleaning-best,https://clever-griffin-93819d.netlify.app/seo-incheon-gyesan-dong-officetel-moving-cleaning-best/,인천 계산동,이사청소,오피스텔,잘하는곳
2026-09-03T15:05:30,인천 계산동 오피스텔 이사청소 업체,seo-incheon-gyesan-dong-officetel-moving-cleaning-service,https://clever-griffin-93819d.netlify.app/seo-incheon-gyesan-dong-officetel-moving-cleaning-service/,인천 계산동,이사청소,오피스텔,업체
2026-09-03T15:05:30,인천 계산동 오피스텔 이사청소 당일상담,seo-incheon-gyesan-dong-officetel-moving-cleaning-same-day-consult,https://clever-griffin-93819d.netlify.app/seo-incheon-gyesan-dong-officetel-moving-cleaning-same-day-consult/,인천 계산동,이사청소,오피스텔,당일상담
2026-09-03T15:05:30,인천 계산동 오피스텔 이사청소 주말예약,seo-incheon-gyesan-dong-officetel-moving-cleaning-weekend-booking,https://clever-griffin-93819d.netlify.app/seo-incheon-gyesan-dong-officetel-moving-cleaning-weekend-booking/,인천 계산동,이사청소,오피스텔,주말예약
2026-09-03T15:05:30,인천 계산동 오피스텔 이사청소 청소범위,seo-incheon-gyesan-dong-officetel-moving-cleaning-scope,https://clever-griffin-93819d.netlify.app/seo-incheon-gyesan-dong-officetel-moving-cleaning-scope/,인천 계산동,이사청소,오피스텔,청소범위
2026-09-03T15:05:30,인천 계산동 상가 이사청소 전문업체,seo-incheon-gyesan-dong-store-moving-cleaning-company,https://clever-griffin-93819d.netlify.app/seo-incheon-gyesan-dong-store-moving-cleaning-company/,인천 계산동,이사청소,상가,전문업체
2026-09-03T15:05:30,인천 계산동 상가 이사청소 비용,seo-incheon-gyesan-dong-store-moving-cleaning-cost,https://clever-griffin-93819d.netlify.app/seo-incheon-gyesan-dong-store-moving-cleaning-cost/,인천 계산동,이사청소,상가,비용
2026-09-03T15:05:30,인천 계산동 상가 이사청소 가격,seo-incheon-gyesan-dong-store-moving-cleaning-price,https://clever-griffin-93819d.netlify.app/seo-incheon-gyesan-dong-store-moving-cleaning-price/,인천 계산동,이사청소,상가,가격
2026-09-03T15:05:30,인천 계산동 상가 이사청소 견적,seo-incheon-gyesan-dong-store-moving-cleaning-estimate,https://clever-griffin-93819d.netlify.app/seo-incheon-gyesan-dong-store-moving-cleaning-estimate/,인천 계산동,이사청소,상가,견적
2026-09-03T15:05:30,인천 계산동 상가 이사청소 예약,seo-incheon-gyesan-dong-store-moving-cleaning-booking,https://clever-griffin-93819d.netlify.app/seo-incheon-gyesan-dong-store-moving-cleaning-booking/,인천 계산동,이사청소,상가,예약
2026-09-03T15:05:30,인천 계산동 상가 이사청소 추천,seo-incheon-gyesan-dong-store-moving-cleaning-recommend,https://clever-griffin-93819d.netlify.app/seo-incheon-gyesan-dong-store-moving-cleaning-recommend/,인천 계산동,이사청소,상가,추천
2026-09-03T15:05:30,인천 계산동 상가 이사청소 후기,seo-incheon-gyesan-dong-store-moving-cleaning-review,https://clever-griffin-93819d.netlify.app/seo-incheon-gyesan-dong-store-moving-cleaning-review/,인천 계산동,이사청소,상가,후기
2026-09-03T15:05:30,인천 계산동 상가 이사청소 잘하는곳,seo-incheon-gyesan-dong-store-moving-cleaning-best,https://clever-griffin-93819d.netlify.app/seo-incheon-gyesan-dong-store-moving-cleaning-best/,인천 계산동,이사청소,상가,잘하는곳
2026-09-03T15:05:30,인천 계산동 상가 이사청소 업체,seo-incheon-gyesan-dong-store-moving-cleaning-service,https://clever-griffin-93819d.netlify.app/seo-incheon-gyesan-dong-store-moving-cleaning-service/,인천 계산동,이사청소,상가,업체
2026-09-03T15:05:30,인천 계산동 상가 이사청소 당일상담,seo-incheon-gyesan-dong-store-moving-cleaning-same-day-consult,https://clever-griffin-93819d.netlify.app/seo-incheon-gyesan-dong-store-moving-cleaning-same-day-consult/,인천 계산동,이사청소,상가,당일상담
2026-09-03T15:05:30,인천 계산동 상가 이사청소 주말예약,seo-incheon-gyesan-dong-store-moving-cleaning-weekend-booking,https://clever-griffin-93819d.netlify.app/seo-incheon-gyesan-dong-store-moving-cleaning-weekend-booking/,인천 계산동,이사청소,상가,주말예약
2026-09-03T15:05:30,인천 계산동 상가 이사청소 청소범위,seo-incheon-gyesan-dong-store-moving-cleaning-scope,https://clever-griffin-93819d.netlify.app/seo-incheon-gyesan-dong-store-moving-cleaning-scope/,인천 계산동,이사청소,상가,청소범위
2026-09-03T15:05:30,인천 계산동 사무실 이사청소 전문업체,seo-incheon-gyesan-dong-office-moving-cleaning-company,https://clever-griffin-93819d.netlify.app/seo-incheon-gyesan-dong-office-moving-cleaning-company/,인천 계산동,이사청소,사무실,전문업체
2026-09-03T15:05:30,인천 계산동 사무실 이사청소 비용,seo-incheon-gyesan-dong-office-moving-cleaning-cost,https://clever-griffin-93819d.netlify.app/seo-incheon-gyesan-dong-office-moving-cleaning-cost/,인천 계산동,이사청소,사무실,비용
2026-09-03T15:05:30,인천 계산동 사무실 이사청소 가격,seo-incheon-gyesan-dong-office-moving-cleaning-price,https://clever-griffin-93819d.netlify.app/seo-incheon-gyesan-dong-office-moving-cleaning-price/,인천 계산동,이사청소,사무실,가격
2026-09-03T15:05:30,인천 계산동 사무실 이사청소 견적,seo-incheon-gyesan-dong-office-moving-cleaning-estimate,https://clever-griffin-93819d.netlify.app/seo-incheon-gyesan-dong-office-moving-cleaning-estimate/,인천 계산동,이사청소,사무실,견적
2026-09-03T15:05:30,인천 계산동 사무실 이사청소 예약,seo-incheon-gyesan-dong-office-moving-cleaning-booking,https://clever-griffin-93819d.netlify.app/seo-incheon-gyesan-dong-office-moving-cleaning-booking/,인천 계산동,이사청소,사무실,예약
2026-09-03T15:05:30,인천 계산동 사무실 이사청소 추천,seo-incheon-gyesan-dong-office-moving-cleaning-recommend,https://clever-griffin-93819d.netlify.app/seo-incheon-gyesan-dong-office-moving-cleaning-recommend/,인천 계산동,이사청소,사무실,추천
2026-09-03T15:05:30,인천 계산동 사무실 이사청소 후기,seo-incheon-gyesan-dong-office-moving-cleaning-review,https://clever-griffin-93819d.netlify.app/seo-incheon-gyesan-dong-office-moving-cleaning-review/,인천 계산동,이사청소,사무실,후기
2026-09-03T15:05:30,인천 계산동 사무실 이사청소 잘하는곳,seo-incheon-gyesan-dong-office-moving-cleaning-best,https://clever-griffin-93819d.netlify.app/seo-incheon-gyesan-dong-office-moving-cleaning-best/,인천 계산동,이사청소,사무실,잘하는곳
2026-09-03T15:05:30,인천 계산동 사무실 이사청소 업체,seo-incheon-gyesan-dong-office-moving-cleaning-service,https://clever-griffin-93819d.netlify.app/seo-incheon-gyesan-dong-office-moving-cleaning-service/,인천 계산동,이사청소,사무실,업체
2026-09-03T15:05:30,인천 계산동 사무실 이사청소 당일상담,seo-incheon-gyesan-dong-office-moving-cleaning-same-day-consult,https://clever-griffin-93819d.netlify.app/seo-incheon-gyesan-dong-office-moving-cleaning-same-day-consult/,인천 계산동,이사청소,사무실,당일상담
2026-09-03T15:05:30,인천 계산동 사무실 이사청소 주말예약,seo-incheon-gyesan-dong-office-moving-cleaning-weekend-booking,https://clever-griffin-93819d.netlify.app/seo-incheon-gyesan-dong-office-moving-cleaning-weekend-booking/,인천 계산동,이사청소,사무실,주말예약
2026-09-03T15:05:30,인천 계산동 사무실 이사청소 청소범위,seo-incheon-gyesan-dong-office-moving-cleaning-scope,https://clever-griffin-93819d.netlify.app/seo-incheon-gyesan-dong-office-moving-cleaning-scope/,인천 계산동,이사청소,사무실,청소범위
2026-09-03T15:05:30,인천 계산동 아파트 거주청소 전문업체,seo-incheon-gyesan-dong-apartment-residential-cleaning-company,https://clever-griffin-93819d.netlify.app/seo-incheon-gyesan-dong-apartment-residential-cleaning-company/,인천 계산동,거주청소,아파트,전문업체
2026-09-03T15:05:30,인천 계산동 아파트 거주청소 비용,seo-incheon-gyesan-dong-apartment-residential-cleaning-cost,https://clever-griffin-93819d.netlify.app/seo-incheon-gyesan-dong-apartment-residential-cleaning-cost/,인천 계산동,거주청소,아파트,비용
2026-09-03T15:05:30,인천 계산동 아파트 거주청소 가격,seo-incheon-gyesan-dong-apartment-residential-cleaning-price,https://clever-griffin-93819d.netlify.app/seo-incheon-gyesan-dong-apartment-residential-cleaning-price/,인천 계산동,거주청소,아파트,가격
2026-09-03T15:05:30,인천 계산동 아파트 거주청소 견적,seo-incheon-gyesan-dong-apartment-residential-cleaning-estimate,https://clever-griffin-93819d.netlify.app/seo-incheon-gyesan-dong-apartment-residential-cleaning-estimate/,인천 계산동,거주청소,아파트,견적
2026-09-03T15:05:30,인천 계산동 아파트 거주청소 예약,seo-incheon-gyesan-dong-apartment-residential-cleaning-booking,https://clever-griffin-93819d.netlify.app/seo-incheon-gyesan-dong-apartment-residential-cleaning-booking/,인천 계산동,거주청소,아파트,예약
2026-09-03T15:05:30,인천 계산동 아파트 거주청소 추천,seo-incheon-gyesan-dong-apartment-residential-cleaning-recommend,https://clever-griffin-93819d.netlify.app/seo-incheon-gyesan-dong-apartment-residential-cleaning-recommend/,인천 계산동,거주청소,아파트,추천
2026-09-03T15:05:30,인천 계산동 아파트 거주청소 후기,seo-incheon-gyesan-dong-apartment-residential-cleaning-review,https://clever-griffin-93819d.netlify.app/seo-incheon-gyesan-dong-apartment-residential-cleaning-review/,인천 계산동,거주청소,아파트,후기
2026-09-03T15:05:30,인천 계산동 아파트 거주청소 잘하는곳,seo-incheon-gyesan-dong-apartment-residential-cleaning-best,https://clever-griffin-93819d.netlify.app/seo-incheon-gyesan-dong-apartment-residential-cleaning-best/,인천 계산동,거주청소,아파트,잘하는곳
2026-09-03T15:05:30,인천 계산동 아파트 거주청소 업체,seo-incheon-gyesan-dong-apartment-residential-cleaning-service,https://clever-griffin-93819d.netlify.app/seo-incheon-gyesan-dong-apartment-residential-cleaning-service/,인천 계산동,거주청소,아파트,업체
2026-09-03T15:05:30,인천 계산동 아파트 거주청소 당일상담,seo-incheon-gyesan-dong-apartment-residential-cleaning-same-day-consult,https://clever-griffin-93819d.netlify.app/seo-incheon-gyesan-dong-apartment-residential-cleaning-same-day-consult/,인천 계산동,거주청소,아파트,당일상담
2026-09-03T15:05:30,인천 계산동 아파트 거주청소 주말예약,seo-incheon-gyesan-dong-apartment-residential-cleaning-weekend-booking,https://clever-griffin-93819d.netlify.app/seo-incheon-gyesan-dong-apartment-residential-cleaning-weekend-booking/,인천 계산동,거주청소,아파트,주말예약
2026-09-03T15:05:30,인천 계산동 아파트 거주청소 청소범위,seo-incheon-gyesan-dong-apartment-residential-cleaning-scope,https://clever-griffin-93819d.netlify.app/seo-incheon-gyesan-dong-apartment-residential-cleaning-scope/,인천 계산동,거주청소,아파트,청소범위
2026-09-03T15:05:30,인천 계산동 원룸 거주청소 전문업체,seo-incheon-gyesan-dong-one-room-residential-cleaning-company,https://clever-griffin-93819d.netlify.app/seo-incheon-gyesan-dong-one-room-residential-cleaning-company/,인천 계산동,거주청소,원룸,전문업체
2026-09-03T15:05:30,인천 계산동 원룸 거주청소 비용,seo-incheon-gyesan-dong-one-room-residential-cleaning-cost,https://clever-griffin-93819d.netlify.app/seo-incheon-gyesan-dong-one-room-residential-cleaning-cost/,인천 계산동,거주청소,원룸,비용
2026-09-03T15:05:30,인천 계산동 원룸 거주청소 가격,seo-incheon-gyesan-dong-one-room-residential-cleaning-price,https://clever-griffin-93819d.netlify.app/seo-incheon-gyesan-dong-one-room-residential-cleaning-price/,인천 계산동,거주청소,원룸,가격
2026-09-03T15:05:30,인천 계산동 원룸 거주청소 견적,seo-incheon-gyesan-dong-one-room-residential-cleaning-estimate,https://clever-griffin-93819d.netlify.app/seo-incheon-gyesan-dong-one-room-residential-cleaning-estimate/,인천 계산동,거주청소,원룸,견적
2026-09-03T15:05:30,인천 계산동 원룸 거주청소 예약,seo-incheon-gyesan-dong-one-room-residential-cleaning-booking,https://clever-griffin-93819d.netlify.app/seo-incheon-gyesan-dong-one-room-residential-cleaning-booking/,인천 계산동,거주청소,원룸,예약
2026-09-03T15:05:30,인천 계산동 원룸 거주청소 추천,seo-incheon-gyesan-dong-one-room-residential-cleaning-recommend,https://clever-griffin-93819d.netlify.app/seo-incheon-gyesan-dong-one-room-residential-cleaning-recommend/,인천 계산동,거주청소,원룸,추천
2026-09-03T15:05:30,인천 계산동 원룸 거주청소 후기,seo-incheon-gyesan-dong-one-room-residential-cleaning-review,https://clever-griffin-93819d.netlify.app/seo-incheon-gyesan-dong-one-room-residential-cleaning-review/,인천 계산동,거주청소,원룸,후기
2026-09-03T15:05:30,인천 계산동 원룸 거주청소 잘하는곳,seo-incheon-gyesan-dong-one-room-residential-cleaning-best,https://clever-griffin-93819d.netlify.app/seo-incheon-gyesan-dong-one-room-residential-cleaning-best/,인천 계산동,거주청소,원룸,잘하는곳
2026-09-03T15:05:30,인천 계산동 원룸 거주청소 업체,seo-incheon-gyesan-dong-one-room-residential-cleaning-service,https://clever-griffin-93819d.netlify.app/seo-incheon-gyesan-dong-one-room-residential-cleaning-service/,인천 계산동,거주청소,원룸,업체
2026-09-03T15:05:30,인천 계산동 원룸 거주청소 당일상담,seo-incheon-gyesan-dong-one-room-residential-cleaning-same-day-consult,https://clever-griffin-93819d.netlify.app/seo-incheon-gyesan-dong-one-room-residential-cleaning-same-day-consult/,인천 계산동,거주청소,원룸,당일상담
2026-09-03T15:05:30,인천 계산동 원룸 거주청소 주말예약,seo-incheon-gyesan-dong-one-room-residential-cleaning-weekend-booking,https://clever-griffin-93819d.netlify.app/seo-incheon-gyesan-dong-one-room-residential-cleaning-weekend-booking/,인천 계산동,거주청소,원룸,주말예약
2026-09-03T15:05:30,인천 계산동 원룸 거주청소 청소범위,seo-incheon-gyesan-dong-one-room-residential-cleaning-scope,https://clever-griffin-93819d.netlify.app/seo-incheon-gyesan-dong-one-room-residential-cleaning-scope/,인천 계산동,거주청소,원룸,청소범위
2026-09-03T15:05:30,인천 계산동 빌라 거주청소 전문업체,seo-incheon-gyesan-dong-villa-residential-cleaning-company,https://clever-griffin-93819d.netlify.app/seo-incheon-gyesan-dong-villa-residential-cleaning-company/,인천 계산동,거주청소,빌라,전문업체
2026-09-03T15:05:30,인천 계산동 빌라 거주청소 비용,seo-incheon-gyesan-dong-villa-residential-cleaning-cost,https://clever-griffin-93819d.netlify.app/seo-incheon-gyesan-dong-villa-residential-cleaning-cost/,인천 계산동,거주청소,빌라,비용
2026-09-03T15:05:30,인천 계산동 빌라 거주청소 가격,seo-incheon-gyesan-dong-villa-residential-cleaning-price,https://clever-griffin-93819d.netlify.app/seo-incheon-gyesan-dong-villa-residential-cleaning-price/,인천 계산동,거주청소,빌라,가격
2026-09-03T15:05:30,인천 계산동 빌라 거주청소 견적,seo-incheon-gyesan-dong-villa-residential-cleaning-estimate,https://clever-griffin-93819d.netlify.app/seo-incheon-gyesan-dong-villa-residential-cleaning-estimate/,인천 계산동,거주청소,빌라,견적
2026-09-03T15:05:30,인천 계산동 빌라 거주청소 예약,seo-incheon-gyesan-dong-villa-residential-cleaning-booking,https://clever-griffin-93819d.netlify.app/seo-incheon-gyesan-dong-villa-residential-cleaning-booking/,인천 계산동,거주청소,빌라,예약
2026-09-03T15:05:30,인천 계산동 빌라 거주청소 추천,seo-incheon-gyesan-dong-villa-residential-cleaning-recommend,https://clever-griffin-93819d.netlify.app/seo-incheon-gyesan-dong-villa-residential-cleaning-recommend/,인천 계산동,거주청소,빌라,추천
2026-09-03T15:05:30,인천 계산동 빌라 거주청소 후기,seo-incheon-gyesan-dong-villa-residential-cleaning-review,https://clever-griffin-93819d.netlify.app/seo-incheon-gyesan-dong-villa-residential-cleaning-review/,인천 계산동,거주청소,빌라,후기
2026-09-03T15:05:30,인천 계산동 빌라 거주청소 잘하는곳,seo-incheon-gyesan-dong-villa-residential-cleaning-best,https://clever-griffin-93819d.netlify.app/seo-incheon-gyesan-dong-villa-residential-cleaning-best/,인천 계산동,거주청소,빌라,잘하는곳
2026-09-03T15:05:30,인천 계산동 빌라 거주청소 업체,seo-incheon-gyesan-dong-villa-residential-cleaning-service,https://clever-griffin-93819d.netlify.app/seo-incheon-gyesan-dong-villa-residential-cleaning-service/,인천 계산동,거주청소,빌라,업체
2026-09-03T15:05:30,인천 계산동 빌라 거주청소 당일상담,seo-incheon-gyesan-dong-villa-residential-cleaning-same-day-consult,https://clever-griffin-93819d.netlify.app/seo-incheon-gyesan-dong-villa-residential-cleaning-same-day-consult/,인천 계산동,거주청소,빌라,당일상담
2026-09-03T15:05:30,인천 계산동 빌라 거주청소 주말예약,seo-incheon-gyesan-dong-villa-residential-cleaning-weekend-booking,https://clever-griffin-93819d.netlify.app/seo-incheon-gyesan-dong-villa-residential-cleaning-weekend-booking/,인천 계산동,거주청소,빌라,주말예약
2026-09-03T15:05:30,인천 계산동 빌라 거주청소 청소범위,seo-incheon-gyesan-dong-villa-residential-cleaning-scope,https://clever-griffin-93819d.netlify.app/seo-incheon-gyesan-dong-villa-residential-cleaning-scope/,인천 계산동,거주청소,빌라,청소범위
2026-09-03T15:05:30,인천 계산동 오피스텔 거주청소 전문업체,seo-incheon-gyesan-dong-officetel-residential-cleaning-company,https://clever-griffin-93819d.netlify.app/seo-incheon-gyesan-dong-officetel-residential-cleaning-company/,인천 계산동,거주청소,오피스텔,전문업체
2026-09-03T15:05:30,인천 계산동 오피스텔 거주청소 비용,seo-incheon-gyesan-dong-officetel-residential-cleaning-cost,https://clever-griffin-93819d.netlify.app/seo-incheon-gyesan-dong-officetel-residential-cleaning-cost/,인천 계산동,거주청소,오피스텔,비용
2026-09-03T15:05:30,인천 계산동 오피스텔 거주청소 가격,seo-incheon-gyesan-dong-officetel-residential-cleaning-price,https://clever-griffin-93819d.netlify.app/seo-incheon-gyesan-dong-officetel-residential-cleaning-price/,인천 계산동,거주청소,오피스텔,가격
2026-09-03T15:05:30,인천 계산동 오피스텔 거주청소 견적,seo-incheon-gyesan-dong-officetel-residential-cleaning-estimate,https://clever-griffin-93819d.netlify.app/seo-incheon-gyesan-dong-officetel-residential-cleaning-estimate/,인천 계산동,거주청소,오피스텔,견적
2026-09-03T15:05:30,인천 계산동 오피스텔 거주청소 예약,seo-incheon-gyesan-dong-officetel-residential-cleaning-booking,https://clever-griffin-93819d.netlify.app/seo-incheon-gyesan-dong-officetel-residential-cleaning-booking/,인천 계산동,거주청소,오피스텔,예약
2026-09-03T15:05:30,인천 계산동 오피스텔 거주청소 추천,seo-incheon-gyesan-dong-officetel-residential-cleaning-recommend,https://clever-griffin-93819d.netlify.app/seo-incheon-gyesan-dong-officetel-residential-cleaning-recommend/,인천 계산동,거주청소,오피스텔,추천
2026-09-03T15:05:30,인천 계산동 오피스텔 거주청소 후기,seo-incheon-gyesan-dong-officetel-residential-cleaning-review,https://clever-griffin-93819d.netlify.app/seo-incheon-gyesan-dong-officetel-residential-cleaning-review/,인천 계산동,거주청소,오피스텔,후기
2026-09-03T15:05:30,인천 계산동 오피스텔 거주청소 잘하는곳,seo-incheon-gyesan-dong-officetel-residential-cleaning-best,https://clever-griffin-93819d.netlify.app/seo-incheon-gyesan-dong-officetel-residential-cleaning-best/,인천 계산동,거주청소,오피스텔,잘하는곳
2026-09-03T15:05:30,인천 계산동 오피스텔 거주청소 업체,seo-incheon-gyesan-dong-officetel-residential-cleaning-service,https://clever-griffin-93819d.netlify.app/seo-incheon-gyesan-dong-officetel-residential-cleaning-service/,인천 계산동,거주청소,오피스텔,업체
2026-09-03T15:05:30,인천 계산동 오피스텔 거주청소 당일상담,seo-incheon-gyesan-dong-officetel-residential-cleaning-same-day-consult,https://clever-griffin-93819d.netlify.app/seo-incheon-gyesan-dong-officetel-residential-cleaning-same-day-consult/,인천 계산동,거주청소,오피스텔,당일상담
2026-09-03T15:05:30,인천 계산동 오피스텔 거주청소 주말예약,seo-incheon-gyesan-dong-officetel-residential-cleaning-weekend-booking,https://clever-griffin-93819d.netlify.app/seo-incheon-gyesan-dong-officetel-residential-cleaning-weekend-booking/,인천 계산동,거주청소,오피스텔,주말예약
2026-09-03T15:05:30,인천 계산동 오피스텔 거주청소 청소범위,seo-incheon-gyesan-dong-officetel-residential-cleaning-scope,https://clever-griffin-93819d.netlify.app/seo-incheon-gyesan-dong-officetel-residential-cleaning-scope/,인천 계산동,거주청소,오피스텔,청소범위
2026-09-03T15:05:30,인천 계산동 상가 거주청소 전문업체,seo-incheon-gyesan-dong-store-residential-cleaning-company,https://clever-griffin-93819d.netlify.app/seo-incheon-gyesan-dong-store-residential-cleaning-company/,인천 계산동,거주청소,상가,전문업체
2026-09-03T15:05:30,인천 계산동 상가 거주청소 비용,seo-incheon-gyesan-dong-store-residential-cleaning-cost,https://clever-griffin-93819d.netlify.app/seo-incheon-gyesan-dong-store-residential-cleaning-cost/,인천 계산동,거주청소,상가,비용
2026-09-03T15:05:30,인천 계산동 상가 거주청소 가격,seo-incheon-gyesan-dong-store-residential-cleaning-price,https://clever-griffin-93819d.netlify.app/seo-incheon-gyesan-dong-store-residential-cleaning-price/,인천 계산동,거주청소,상가,가격
2026-09-03T15:05:30,인천 계산동 상가 거주청소 견적,seo-incheon-gyesan-dong-store-residential-cleaning-estimate,https://clever-griffin-93819d.netlify.app/seo-incheon-gyesan-dong-store-residential-cleaning-estimate/,인천 계산동,거주청소,상가,견적
2026-09-03T15:05:30,인천 계산동 상가 거주청소 예약,seo-incheon-gyesan-dong-store-residential-cleaning-booking,https://clever-griffin-93819d.netlify.app/seo-incheon-gyesan-dong-store-residential-cleaning-booking/,인천 계산동,거주청소,상가,예약
2026-09-03T15:05:30,인천 계산동 상가 거주청소 추천,seo-incheon-gyesan-dong-store-residential-cleaning-recommend,https://clever-griffin-93819d.netlify.app/seo-incheon-gyesan-dong-store-residential-cleaning-recommend/,인천 계산동,거주청소,상가,추천
2026-09-03T15:05:30,인천 계산동 상가 거주청소 후기,seo-incheon-gyesan-dong-store-residential-cleaning-review,https://clever-griffin-93819d.netlify.app/seo-incheon-gyesan-dong-store-residential-cleaning-review/,인천 계산동,거주청소,상가,후기
2026-09-03T15:05:30,인천 계산동 상가 거주청소 잘하는곳,seo-incheon-gyesan-dong-store-residential-cleaning-best,https://clever-griffin-93819d.netlify.app/seo-incheon-gyesan-dong-store-residential-cleaning-best/,인천 계산동,거주청소,상가,잘하는곳
2026-09-03T15:05:30,인천 계산동 상가 거주청소 업체,seo-incheon-gyesan-dong-store-residential-cleaning-service,https://clever-griffin-93819d.netlify.app/seo-incheon-gyesan-dong-store-residential-cleaning-service/,인천 계산동,거주청소,상가,업체
2026-09-03T15:05:30,인천 계산동 상가 거주청소 당일상담,seo-incheon-gyesan-dong-store-residential-cleaning-same-day-consult,https://clever-griffin-93819d.netlify.app/seo-incheon-gyesan-dong-store-residential-cleaning-same-day-consult/,인천 계산동,거주청소,상가,당일상담
2026-09-03T15:05:30,인천 계산동 상가 거주청소 주말예약,seo-incheon-gyesan-dong-store-residential-cleaning-weekend-booking,https://clever-griffin-93819d.netlify.app/seo-incheon-gyesan-dong-store-residential-cleaning-weekend-booking/,인천 계산동,거주청소,상가,주말예약
2026-09-03T15:05:30,인천 계산동 상가 거주청소 청소범위,seo-incheon-gyesan-dong-store-residential-cleaning-scope,https://clever-griffin-93819d.netlify.app/seo-incheon-gyesan-dong-store-residential-cleaning-scope/,인천 계산동,거주청소,상가,청소범위
2026-09-03T15:05:30,인천 계산동 사무실 거주청소 전문업체,seo-incheon-gyesan-dong-office-residential-cleaning-company,https://clever-griffin-93819d.netlify.app/seo-incheon-gyesan-dong-office-residential-cleaning-company/,인천 계산동,거주청소,사무실,전문업체
2026-09-03T15:05:30,인천 계산동 사무실 거주청소 비용,seo-incheon-gyesan-dong-office-residential-cleaning-cost,https://clever-griffin-93819d.netlify.app/seo-incheon-gyesan-dong-office-residential-cleaning-cost/,인천 계산동,거주청소,사무실,비용
2026-09-03T15:05:30,인천 계산동 사무실 거주청소 가격,seo-incheon-gyesan-dong-office-residential-cleaning-price,https://clever-griffin-93819d.netlify.app/seo-incheon-gyesan-dong-office-residential-cleaning-price/,인천 계산동,거주청소,사무실,가격
2026-09-03T15:05:30,인천 계산동 사무실 거주청소 견적,seo-incheon-gyesan-dong-office-residential-cleaning-estimate,https://clever-griffin-93819d.netlify.app/seo-incheon-gyesan-dong-office-residential-cleaning-estimate/,인천 계산동,거주청소,사무실,견적
2026-09-03T15:05:30,인천 계산동 사무실 거주청소 예약,seo-incheon-gyesan-dong-office-residential-cleaning-booking,https://clever-griffin-93819d.netlify.app/seo-incheon-gyesan-dong-office-residential-cleaning-booking/,인천 계산동,거주청소,사무실,예약
2026-09-03T15:05:30,인천 계산동 사무실 거주청소 추천,seo-incheon-gyesan-dong-office-residential-cleaning-recommend,https://clever-griffin-93819d.netlify.app/seo-incheon-gyesan-dong-office-residential-cleaning-recommend/,인천 계산동,거주청소,사무실,추천
2026-09-03T15:05:30,인천 계산동 사무실 거주청소 후기,seo-incheon-gyesan-dong-office-residential-cleaning-review,https://clever-griffin-93819d.netlify.app/seo-incheon-gyesan-dong-office-residential-cleaning-review/,인천 계산동,거주청소,사무실,후기
2026-09-03T15:05:30,인천 계산동 사무실 거주청소 잘하는곳,seo-incheon-gyesan-dong-office-residential-cleaning-best,https://clever-griffin-93819d.netlify.app/seo-incheon-gyesan-dong-office-residential-cleaning-best/,인천 계산동,거주청소,사무실,잘하는곳
2026-09-03T15:05:30,인천 계산동 사무실 거주청소 업체,seo-incheon-gyesan-dong-office-residential-cleaning-service,https://clever-griffin-93819d.netlify.app/seo-incheon-gyesan-dong-office-residential-cleaning-service/,인천 계산동,거주청소,사무실,업체
2026-09-03T15:05:30,인천 계산동 사무실 거주청소 당일상담,seo-incheon-gyesan-dong-office-residential-cleaning-same-day-consult,https://clever-griffin-93819d.netlify.app/seo-incheon-gyesan-dong-office-residential-cleaning-same-day-consult/,인천 계산동,거주청소,사무실,당일상담
2026-09-03T15:05:30,인천 계산동 사무실 거주청소 주말예약,seo-incheon-gyesan-dong-office-residential-cleaning-weekend-booking,https://clever-griffin-93819d.netlify.app/seo-incheon-gyesan-dong-office-residential-cleaning-weekend-booking/,인천 계산동,거주청소,사무실,주말예약
2026-09-03T15:05:30,인천 계산동 사무실 거주청소 청소범위,seo-incheon-gyesan-dong-office-residential-cleaning-scope,https://clever-griffin-93819d.netlify.app/seo-incheon-gyesan-dong-office-residential-cleaning-scope/,인천 계산동,거주청소,사무실,청소범위
2026-09-03T15:05:30,인천 계산동 상가청소 전문업체,seo-incheon-gyesan-dong-store-cleaning-company,https://clever-griffin-93819d.netlify.app/seo-incheon-gyesan-dong-store-cleaning-company/,인천 계산동,상가청소,상가,전문업체
2026-09-03T15:05:30,인천 계산동 상가청소 비용,seo-incheon-gyesan-dong-store-cleaning-cost,https://clever-griffin-93819d.netlify.app/seo-incheon-gyesan-dong-store-cleaning-cost/,인천 계산동,상가청소,상가,비용
2026-09-03T15:05:30,인천 계산동 상가청소 가격,seo-incheon-gyesan-dong-store-cleaning-price,https://clever-griffin-93819d.netlify.app/seo-incheon-gyesan-dong-store-cleaning-price/,인천 계산동,상가청소,상가,가격
2026-09-03T15:05:30,인천 계산동 상가청소 견적,seo-incheon-gyesan-dong-store-cleaning-estimate,https://clever-griffin-93819d.netlify.app/seo-incheon-gyesan-dong-store-cleaning-estimate/,인천 계산동,상가청소,상가,견적
2026-09-03T15:05:30,인천 계산동 상가청소 예약,seo-incheon-gyesan-dong-store-cleaning-booking,https://clever-griffin-93819d.netlify.app/seo-incheon-gyesan-dong-store-cleaning-booking/,인천 계산동,상가청소,상가,예약
2026-09-03T15:05:30,인천 계산동 상가청소 추천,seo-incheon-gyesan-dong-store-cleaning-recommend,https://clever-griffin-93819d.netlify.app/seo-incheon-gyesan-dong-store-cleaning-recommend/,인천 계산동,상가청소,상가,추천
2026-09-03T15:05:30,인천 계산동 상가청소 후기,seo-incheon-gyesan-dong-store-cleaning-review,https://clever-griffin-93819d.netlify.app/seo-incheon-gyesan-dong-store-cleaning-review/,인천 계산동,상가청소,상가,후기
2026-09-03T15:05:30,인천 계산동 상가청소 잘하는곳,seo-incheon-gyesan-dong-store-cleaning-best,https://clever-griffin-93819d.netlify.app/seo-incheon-gyesan-dong-store-cleaning-best/,인천 계산동,상가청소,상가,잘하는곳
2026-09-03T15:05:30,인천 계산동 상가청소 업체,seo-incheon-gyesan-dong-store-cleaning-service,https://clever-griffin-93819d.netlify.app/seo-incheon-gyesan-dong-store-cleaning-service/,인천 계산동,상가청소,상가,업체
2026-09-03T15:05:30,인천 계산동 상가청소 당일상담,seo-incheon-gyesan-dong-store-cleaning-same-day-consult,https://clever-griffin-93819d.netlify.app/seo-incheon-gyesan-dong-store-cleaning-same-day-consult/,인천 계산동,상가청소,상가,당일상담
2026-09-03T15:05:30,인천 계산동 상가청소 주말예약,seo-incheon-gyesan-dong-store-cleaning-weekend-booking,https://clever-griffin-93819d.netlify.app/seo-incheon-gyesan-dong-store-cleaning-weekend-booking/,인천 계산동,상가청소,상가,주말예약
2026-09-03T15:05:30,인천 계산동 상가청소 청소범위,seo-incheon-gyesan-dong-store-cleaning-scope,https://clever-griffin-93819d.netlify.app/seo-incheon-gyesan-dong-store-cleaning-scope/,인천 계산동,상가청소,상가,청소범위
2026-09-03T15:05:30,인천 계산동 사무실청소 전문업체,seo-incheon-gyesan-dong-office-cleaning-company,https://clever-griffin-93819d.netlify.app/seo-incheon-gyesan-dong-office-cleaning-company/,인천 계산동,사무실청소,사무실,전문업체
2026-09-03T15:05:30,인천 계산동 사무실청소 비용,seo-incheon-gyesan-dong-office-cleaning-cost,https://clever-griffin-93819d.netlify.app/seo-incheon-gyesan-dong-office-cleaning-cost/,인천 계산동,사무실청소,사무실,비용
2026-09-03T15:05:30,인천 계산동 사무실청소 가격,seo-incheon-gyesan-dong-office-cleaning-price,https://clever-griffin-93819d.netlify.app/seo-incheon-gyesan-dong-office-cleaning-price/,인천 계산동,사무실청소,사무실,가격
2026-09-03T15:05:30,인천 계산동 사무실청소 견적,seo-incheon-gyesan-dong-office-cleaning-estimate,https://clever-griffin-93819d.netlify.app/seo-incheon-gyesan-dong-office-cleaning-estimate/,인천 계산동,사무실청소,사무실,견적
2026-09-03T15:05:30,인천 계산동 사무실청소 예약,seo-incheon-gyesan-dong-office-cleaning-booking,https://clever-griffin-93819d.netlify.app/seo-incheon-gyesan-dong-office-cleaning-booking/,인천 계산동,사무실청소,사무실,예약
2026-09-03T15:05:30,인천 계산동 사무실청소 추천,seo-incheon-gyesan-dong-office-cleaning-recommend,https://clever-griffin-93819d.netlify.app/seo-incheon-gyesan-dong-office-cleaning-recommend/,인천 계산동,사무실청소,사무실,추천
2026-09-03T15:05:30,인천 계산동 사무실청소 후기,seo-incheon-gyesan-dong-office-cleaning-review,https://clever-griffin-93819d.netlify.app/seo-incheon-gyesan-dong-office-cleaning-review/,인천 계산동,사무실청소,사무실,후기
2026-09-03T15:05:30,인천 계산동 사무실청소 잘하는곳,seo-incheon-gyesan-dong-office-cleaning-best,https://clever-griffin-93819d.netlify.app/seo-incheon-gyesan-dong-office-cleaning-best/,인천 계산동,사무실청소,사무실,잘하는곳
2026-09-03T15:05:30,인천 계산동 사무실청소 업체,seo-incheon-gyesan-dong-office-cleaning-service,https://clever-griffin-93819d.netlify.app/seo-incheon-gyesan-dong-office-cleaning-service/,인천 계산동,사무실청소,사무실,업체
2026-09-03T15:05:30,인천 계산동 사무실청소 당일상담,seo-incheon-gyesan-dong-office-cleaning-same-day-consult,https://clever-griffin-93819d.netlify.app/seo-incheon-gyesan-dong-office-cleaning-same-day-consult/,인천 계산동,사무실청소,사무실,당일상담
2026-09-03T15:05:30,인천 계산동 사무실청소 주말예약,seo-incheon-gyesan-dong-office-cleaning-weekend-booking,https://clever-griffin-93819d.netlify.app/seo-incheon-gyesan-dong-office-cleaning-weekend-booking/,인천 계산동,사무실청소,사무실,주말예약
2026-09-03T15:05:30,인천 계산동 사무실청소 청소범위,seo-incheon-gyesan-dong-office-cleaning-scope,https://clever-griffin-93819d.netlify.app/seo-incheon-gyesan-dong-office-cleaning-scope/,인천 계산동,사무실청소,사무실,청소범위
2026-09-03T15:05:30,인천 계산동 원룸청소 전문업체,seo-incheon-gyesan-dong-one-room-cleaning-company,https://clever-griffin-93819d.netlify.app/seo-incheon-gyesan-dong-one-room-cleaning-company/,인천 계산동,원룸청소,원룸,전문업체
2026-09-03T15:05:30,인천 계산동 원룸청소 비용,seo-incheon-gyesan-dong-one-room-cleaning-cost,https://clever-griffin-93819d.netlify.app/seo-incheon-gyesan-dong-one-room-cleaning-cost/,인천 계산동,원룸청소,원룸,비용
2026-09-03T15:05:30,인천 계산동 원룸청소 가격,seo-incheon-gyesan-dong-one-room-cleaning-price,https://clever-griffin-93819d.netlify.app/seo-incheon-gyesan-dong-one-room-cleaning-price/,인천 계산동,원룸청소,원룸,가격
2026-09-03T15:05:30,인천 계산동 원룸청소 견적,seo-incheon-gyesan-dong-one-room-cleaning-estimate,https://clever-griffin-93819d.netlify.app/seo-incheon-gyesan-dong-one-room-cleaning-estimate/,인천 계산동,원룸청소,원룸,견적
2026-09-03T15:05:30,인천 계산동 원룸청소 예약,seo-incheon-gyesan-dong-one-room-cleaning-booking,https://clever-griffin-93819d.netlify.app/seo-incheon-gyesan-dong-one-room-cleaning-booking/,인천 계산동,원룸청소,원룸,예약
2026-09-03T15:05:30,인천 계산동 원룸청소 추천,seo-incheon-gyesan-dong-one-room-cleaning-recommend,https://clever-griffin-93819d.netlify.app/seo-incheon-gyesan-dong-one-room-cleaning-recommend/,인천 계산동,원룸청소,원룸,추천
2026-09-03T15:05:30,인천 계산동 원룸청소 후기,seo-incheon-gyesan-dong-one-room-cleaning-review,https://clever-griffin-93819d.netlify.app/seo-incheon-gyesan-dong-one-room-cleaning-review/,인천 계산동,원룸청소,원룸,후기
2026-09-03T15:05:30,인천 계산동 원룸청소 잘하는곳,seo-incheon-gyesan-dong-one-room-cleaning-best,https://clever-griffin-93819d.netlify.app/seo-incheon-gyesan-dong-one-room-cleaning-best/,인천 계산동,원룸청소,원룸,잘하는곳
2026-09-03T15:05:30,인천 계산동 원룸청소 업체,seo-incheon-gyesan-dong-one-room-cleaning-service,https://clever-griffin-93819d.netlify.app/seo-incheon-gyesan-dong-one-room-cleaning-service/,인천 계산동,원룸청소,원룸,업체
2026-09-03T15:05:30,인천 계산동 원룸청소 당일상담,seo-incheon-gyesan-dong-one-room-cleaning-same-day-consult,https://clever-griffin-93819d.netlify.app/seo-incheon-gyesan-dong-one-room-cleaning-same-day-consult/,인천 계산동,원룸청소,원룸,당일상담
2026-09-03T15:05:30,인천 계산동 원룸청소 주말예약,seo-incheon-gyesan-dong-one-room-cleaning-weekend-booking,https://clever-griffin-93819d.netlify.app/seo-incheon-gyesan-dong-one-room-cleaning-weekend-booking/,인천 계산동,원룸청소,원룸,주말예약
2026-09-03T15:05:30,인천 계산동 원룸청소 청소범위,seo-incheon-gyesan-dong-one-room-cleaning-scope,https://clever-griffin-93819d.netlify.app/seo-incheon-gyesan-dong-one-room-cleaning-scope/,인천 계산동,원룸청소,원룸,청소범위
2026-09-03T15:05:30,인천 계산동 빌라청소 전문업체,seo-incheon-gyesan-dong-villa-cleaning-company,https://clever-griffin-93819d.netlify.app/seo-incheon-gyesan-dong-villa-cleaning-company/,인천 계산동,빌라청소,빌라,전문업체
2026-09-03T15:05:30,인천 계산동 빌라청소 비용,seo-incheon-gyesan-dong-villa-cleaning-cost,https://clever-griffin-93819d.netlify.app/seo-incheon-gyesan-dong-villa-cleaning-cost/,인천 계산동,빌라청소,빌라,비용
2026-09-03T15:05:30,인천 계산동 빌라청소 가격,seo-incheon-gyesan-dong-villa-cleaning-price,https://clever-griffin-93819d.netlify.app/seo-incheon-gyesan-dong-villa-cleaning-price/,인천 계산동,빌라청소,빌라,가격
2026-09-03T15:05:30,인천 계산동 빌라청소 견적,seo-incheon-gyesan-dong-villa-cleaning-estimate,https://clever-griffin-93819d.netlify.app/seo-incheon-gyesan-dong-villa-cleaning-estimate/,인천 계산동,빌라청소,빌라,견적
2026-09-03T15:05:30,인천 계산동 빌라청소 예약,seo-incheon-gyesan-dong-villa-cleaning-booking,https://clever-griffin-93819d.netlify.app/seo-incheon-gyesan-dong-villa-cleaning-booking/,인천 계산동,빌라청소,빌라,예약
2026-09-03T15:05:30,인천 계산동 빌라청소 추천,seo-incheon-gyesan-dong-villa-cleaning-recommend,https://clever-griffin-93819d.netlify.app/seo-incheon-gyesan-dong-villa-cleaning-recommend/,인천 계산동,빌라청소,빌라,추천
2026-09-03T15:05:30,인천 계산동 빌라청소 후기,seo-incheon-gyesan-dong-villa-cleaning-review,https://clever-griffin-93819d.netlify.app/seo-incheon-gyesan-dong-villa-cleaning-review/,인천 계산동,빌라청소,빌라,후기
2026-09-03T15:05:30,인천 계산동 빌라청소 잘하는곳,seo-incheon-gyesan-dong-villa-cleaning-best,https://clever-griffin-93819d.netlify.app/seo-incheon-gyesan-dong-villa-cleaning-best/,인천 계산동,빌라청소,빌라,잘하는곳
2026-09-03T15:05:30,인천 계산동 빌라청소 업체,seo-incheon-gyesan-dong-villa-cleaning-service,https://clever-griffin-93819d.netlify.app/seo-incheon-gyesan-dong-villa-cleaning-service/,인천 계산동,빌라청소,빌라,업체
2026-09-03T15:05:30,인천 계산동 빌라청소 당일상담,seo-incheon-gyesan-dong-villa-cleaning-same-day-consult,https://clever-griffin-93819d.netlify.app/seo-incheon-gyesan-dong-villa-cleaning-same-day-consult/,인천 계산동,빌라청소,빌라,당일상담
2026-09-03T15:05:30,인천 계산동 빌라청소 주말예약,seo-incheon-gyesan-dong-villa-cleaning-weekend-booking,https://clever-griffin-93819d.netlify.app/seo-incheon-gyesan-dong-villa-cleaning-weekend-booking/,인천 계산동,빌라청소,빌라,주말예약
2026-09-03T15:05:30,인천 계산동 빌라청소 청소범위,seo-incheon-gyesan-dong-villa-cleaning-scope,https://clever-griffin-93819d.netlify.app/seo-incheon-gyesan-dong-villa-cleaning-scope/,인천 계산동,빌라청소,빌라,청소범위
2026-09-03T15:05:30,인천 계산동 오피스텔청소 전문업체,seo-incheon-gyesan-dong-officetel-cleaning-company,https://clever-griffin-93819d.netlify.app/seo-incheon-gyesan-dong-officetel-cleaning-company/,인천 계산동,오피스텔청소,오피스텔,전문업체
2026-09-03T15:05:30,인천 계산동 오피스텔청소 비용,seo-incheon-gyesan-dong-officetel-cleaning-cost,https://clever-griffin-93819d.netlify.app/seo-incheon-gyesan-dong-officetel-cleaning-cost/,인천 계산동,오피스텔청소,오피스텔,비용
2026-09-03T15:05:30,인천 계산동 오피스텔청소 가격,seo-incheon-gyesan-dong-officetel-cleaning-price,https://clever-griffin-93819d.netlify.app/seo-incheon-gyesan-dong-officetel-cleaning-price/,인천 계산동,오피스텔청소,오피스텔,가격
2026-09-03T15:05:30,인천 계산동 오피스텔청소 견적,seo-incheon-gyesan-dong-officetel-cleaning-estimate,https://clever-griffin-93819d.netlify.app/seo-incheon-gyesan-dong-officetel-cleaning-estimate/,인천 계산동,오피스텔청소,오피스텔,견적
2026-09-03T15:05:30,인천 계산동 오피스텔청소 예약,seo-incheon-gyesan-dong-officetel-cleaning-booking,https://clever-griffin-93819d.netlify.app/seo-incheon-gyesan-dong-officetel-cleaning-booking/,인천 계산동,오피스텔청소,오피스텔,예약
2026-09-03T15:05:30,인천 계산동 오피스텔청소 추천,seo-incheon-gyesan-dong-officetel-cleaning-recommend,https://clever-griffin-93819d.netlify.app/seo-incheon-gyesan-dong-officetel-cleaning-recommend/,인천 계산동,오피스텔청소,오피스텔,추천
2026-09-03T15:05:30,인천 계산동 오피스텔청소 후기,seo-incheon-gyesan-dong-officetel-cleaning-review,https://clever-griffin-93819d.netlify.app/seo-incheon-gyesan-dong-officetel-cleaning-review/,인천 계산동,오피스텔청소,오피스텔,후기
2026-09-03T15:05:30,인천 계산동 오피스텔청소 잘하는곳,seo-incheon-gyesan-dong-officetel-cleaning-best,https://clever-griffin-93819d.netlify.app/seo-incheon-gyesan-dong-officetel-cleaning-best/,인천 계산동,오피스텔청소,오피스텔,잘하는곳
2026-09-03T15:05:30,인천 계산동 오피스텔청소 업체,seo-incheon-gyesan-dong-officetel-cleaning-service,https://clever-griffin-93819d.netlify.app/seo-incheon-gyesan-dong-officetel-cleaning-service/,인천 계산동,오피스텔청소,오피스텔,업체
2026-09-03T15:05:30,인천 계산동 오피스텔청소 당일상담,seo-incheon-gyesan-dong-officetel-cleaning-same-day-consult,https://clever-griffin-93819d.netlify.app/seo-incheon-gyesan-dong-officetel-cleaning-same-day-consult/,인천 계산동,오피스텔청소,오피스텔,당일상담
2026-09-03T15:05:30,인천 계산동 오피스텔청소 주말예약,seo-incheon-gyesan-dong-officetel-cleaning-weekend-booking,https://clever-griffin-93819d.netlify.app/seo-incheon-gyesan-dong-officetel-cleaning-weekend-booking/,인천 계산동,오피스텔청소,오피스텔,주말예약
2026-09-03T15:05:30,인천 계산동 오피스텔청소 청소범위,seo-incheon-gyesan-dong-officetel-cleaning-scope,https://clever-griffin-93819d.netlify.app/seo-incheon-gyesan-dong-officetel-cleaning-scope/,인천 계산동,오피스텔청소,오피스텔,청소범위
2026-09-03T15:05:30,인천 계산동 원룸 폐기물청소 전문업체,seo-incheon-gyesan-dong-one-room-waste-cleaning-company,https://clever-griffin-93819d.netlify.app/seo-incheon-gyesan-dong-one-room-waste-cleaning-company/,인천 계산동,폐기물청소,원룸,전문업체
2026-09-03T15:05:30,인천 계산동 원룸 폐기물청소 비용,seo-incheon-gyesan-dong-one-room-waste-cleaning-cost,https://clever-griffin-93819d.netlify.app/seo-incheon-gyesan-dong-one-room-waste-cleaning-cost/,인천 계산동,폐기물청소,원룸,비용
2026-09-03T15:05:30,인천 계산동 원룸 폐기물청소 가격,seo-incheon-gyesan-dong-one-room-waste-cleaning-price,https://clever-griffin-93819d.netlify.app/seo-incheon-gyesan-dong-one-room-waste-cleaning-price/,인천 계산동,폐기물청소,원룸,가격
2026-09-03T15:05:30,인천 계산동 원룸 폐기물청소 견적,seo-incheon-gyesan-dong-one-room-waste-cleaning-estimate,https://clever-griffin-93819d.netlify.app/seo-incheon-gyesan-dong-one-room-waste-cleaning-estimate/,인천 계산동,폐기물청소,원룸,견적
2026-09-03T15:05:30,인천 계산동 원룸 폐기물청소 예약,seo-incheon-gyesan-dong-one-room-waste-cleaning-booking,https://clever-griffin-93819d.netlify.app/seo-incheon-gyesan-dong-one-room-waste-cleaning-booking/,인천 계산동,폐기물청소,원룸,예약
2026-09-03T15:05:30,인천 계산동 원룸 폐기물청소 추천,seo-incheon-gyesan-dong-one-room-waste-cleaning-recommend,https://clever-griffin-93819d.netlify.app/seo-incheon-gyesan-dong-one-room-waste-cleaning-recommend/,인천 계산동,폐기물청소,원룸,추천
2026-09-03T15:05:30,인천 계산동 원룸 폐기물청소 후기,seo-incheon-gyesan-dong-one-room-waste-cleaning-review,https://clever-griffin-93819d.netlify.app/seo-incheon-gyesan-dong-one-room-waste-cleaning-review/,인천 계산동,폐기물청소,원룸,후기
2026-09-03T15:05:30,인천 계산동 원룸 폐기물청소 잘하는곳,seo-incheon-gyesan-dong-one-room-waste-cleaning-best,https://clever-griffin-93819d.netlify.app/seo-incheon-gyesan-dong-one-room-waste-cleaning-best/,인천 계산동,폐기물청소,원룸,잘하는곳
2026-09-03T15:05:30,인천 계산동 원룸 폐기물청소 업체,seo-incheon-gyesan-dong-one-room-waste-cleaning-service,https://clever-griffin-93819d.netlify.app/seo-incheon-gyesan-dong-one-room-waste-cleaning-service/,인천 계산동,폐기물청소,원룸,업체
2026-09-03T15:05:30,인천 계산동 원룸 폐기물청소 당일상담,seo-incheon-gyesan-dong-one-room-waste-cleaning-same-day-consult,https://clever-griffin-93819d.netlify.app/seo-incheon-gyesan-dong-one-room-waste-cleaning-same-day-consult/,인천 계산동,폐기물청소,원룸,당일상담
2026-09-03T15:05:30,인천 계산동 원룸 폐기물청소 주말예약,seo-incheon-gyesan-dong-one-room-waste-cleaning-weekend-booking,https://clever-griffin-93819d.netlify.app/seo-incheon-gyesan-dong-one-room-waste-cleaning-weekend-booking/,인천 계산동,폐기물청소,원룸,주말예약
2026-09-03T15:05:30,인천 계산동 원룸 폐기물청소 청소범위,seo-incheon-gyesan-dong-one-room-waste-cleaning-scope,https://clever-griffin-93819d.netlify.app/seo-incheon-gyesan-dong-one-room-waste-cleaning-scope/,인천 계산동,폐기물청소,원룸,청소범위
2026-09-03T15:05:30,인천 계산동 빌라 폐기물청소 전문업체,seo-incheon-gyesan-dong-villa-waste-cleaning-company,https://clever-griffin-93819d.netlify.app/seo-incheon-gyesan-dong-villa-waste-cleaning-company/,인천 계산동,폐기물청소,빌라,전문업체
2026-09-03T15:05:30,인천 계산동 빌라 폐기물청소 비용,seo-incheon-gyesan-dong-villa-waste-cleaning-cost,https://clever-griffin-93819d.netlify.app/seo-incheon-gyesan-dong-villa-waste-cleaning-cost/,인천 계산동,폐기물청소,빌라,비용
2026-09-03T15:05:30,인천 계산동 빌라 폐기물청소 가격,seo-incheon-gyesan-dong-villa-waste-cleaning-price,https://clever-griffin-93819d.netlify.app/seo-incheon-gyesan-dong-villa-waste-cleaning-price/,인천 계산동,폐기물청소,빌라,가격
2026-09-03T15:05:30,인천 계산동 빌라 폐기물청소 견적,seo-incheon-gyesan-dong-villa-waste-cleaning-estimate,https://clever-griffin-93819d.netlify.app/seo-incheon-gyesan-dong-villa-waste-cleaning-estimate/,인천 계산동,폐기물청소,빌라,견적
2026-09-03T15:05:30,인천 계산동 빌라 폐기물청소 예약,seo-incheon-gyesan-dong-villa-waste-cleaning-booking,https://clever-griffin-93819d.netlify.app/seo-incheon-gyesan-dong-villa-waste-cleaning-booking/,인천 계산동,폐기물청소,빌라,예약
2026-09-03T15:05:30,인천 계산동 빌라 폐기물청소 추천,seo-incheon-gyesan-dong-villa-waste-cleaning-recommend,https://clever-griffin-93819d.netlify.app/seo-incheon-gyesan-dong-villa-waste-cleaning-recommend/,인천 계산동,폐기물청소,빌라,추천
2026-09-03T15:05:30,인천 계산동 빌라 폐기물청소 후기,seo-incheon-gyesan-dong-villa-waste-cleaning-review,https://clever-griffin-93819d.netlify.app/seo-incheon-gyesan-dong-villa-waste-cleaning-review/,인천 계산동,폐기물청소,빌라,후기
2026-09-03T15:05:30,인천 계산동 빌라 폐기물청소 잘하는곳,seo-incheon-gyesan-dong-villa-waste-cleaning-best,https://clever-griffin-93819d.netlify.app/seo-incheon-gyesan-dong-villa-waste-cleaning-best/,인천 계산동,폐기물청소,빌라,잘하는곳
2026-09-03T15:05:30,인천 계산동 빌라 폐기물청소 업체,seo-incheon-gyesan-dong-villa-waste-cleaning-service,https://clever-griffin-93819d.netlify.app/seo-incheon-gyesan-dong-villa-waste-cleaning-service/,인천 계산동,폐기물청소,빌라,업체
2026-09-03T15:05:30,인천 계산동 빌라 폐기물청소 당일상담,seo-incheon-gyesan-dong-villa-waste-cleaning-same-day-consult,https://clever-griffin-93819d.netlify.app/seo-incheon-gyesan-dong-villa-waste-cleaning-same-day-consult/,인천 계산동,폐기물청소,빌라,당일상담
2026-09-03T15:05:30,인천 계산동 빌라 폐기물청소 주말예약,seo-incheon-gyesan-dong-villa-waste-cleaning-weekend-booking,https://clever-griffin-93819d.netlify.app/seo-incheon-gyesan-dong-villa-waste-cleaning-weekend-booking/,인천 계산동,폐기물청소,빌라,주말예약
2026-09-03T15:05:30,인천 계산동 빌라 폐기물청소 청소범위,seo-incheon-gyesan-dong-villa-waste-cleaning-scope,https://clever-griffin-93819d.netlify.app/seo-incheon-gyesan-dong-villa-waste-cleaning-scope/,인천 계산동,폐기물청소,빌라,청소범위
2026-09-03T15:05:30,인천 계산동 오피스텔 폐기물청소 전문업체,seo-incheon-gyesan-dong-officetel-waste-cleaning-company,https://clever-griffin-93819d.netlify.app/seo-incheon-gyesan-dong-officetel-waste-cleaning-company/,인천 계산동,폐기물청소,오피스텔,전문업체
2026-09-03T15:05:30,인천 계산동 오피스텔 폐기물청소 비용,seo-incheon-gyesan-dong-officetel-waste-cleaning-cost,https://clever-griffin-93819d.netlify.app/seo-incheon-gyesan-dong-officetel-waste-cleaning-cost/,인천 계산동,폐기물청소,오피스텔,비용
2026-09-03T15:05:30,인천 계산동 오피스텔 폐기물청소 가격,seo-incheon-gyesan-dong-officetel-waste-cleaning-price,https://clever-griffin-93819d.netlify.app/seo-incheon-gyesan-dong-officetel-waste-cleaning-price/,인천 계산동,폐기물청소,오피스텔,가격
2026-09-03T15:05:30,인천 계산동 오피스텔 폐기물청소 견적,seo-incheon-gyesan-dong-officetel-waste-cleaning-estimate,https://clever-griffin-93819d.netlify.app/seo-incheon-gyesan-dong-officetel-waste-cleaning-estimate/,인천 계산동,폐기물청소,오피스텔,견적
2026-09-03T15:05:30,인천 계산동 오피스텔 폐기물청소 예약,seo-incheon-gyesan-dong-officetel-waste-cleaning-booking,https://clever-griffin-93819d.netlify.app/seo-incheon-gyesan-dong-officetel-waste-cleaning-booking/,인천 계산동,폐기물청소,오피스텔,예약
2026-09-03T15:05:30,인천 계산동 오피스텔 폐기물청소 추천,seo-incheon-gyesan-dong-officetel-waste-cleaning-recommend,https://clever-griffin-93819d.netlify.app/seo-incheon-gyesan-dong-officetel-waste-cleaning-recommend/,인천 계산동,폐기물청소,오피스텔,추천
2026-09-03T15:05:30,인천 계산동 오피스텔 폐기물청소 후기,seo-incheon-gyesan-dong-officetel-waste-cleaning-review,https://clever-griffin-93819d.netlify.app/seo-incheon-gyesan-dong-officetel-waste-cleaning-review/,인천 계산동,폐기물청소,오피스텔,후기
2026-09-03T15:05:30,인천 계산동 오피스텔 폐기물청소 잘하는곳,seo-incheon-gyesan-dong-officetel-waste-cleaning-best,https://clever-griffin-93819d.netlify.app/seo-incheon-gyesan-dong-officetel-waste-cleaning-best/,인천 계산동,폐기물청소,오피스텔,잘하는곳
2026-09-03T15:05:30,인천 계산동 오피스텔 폐기물청소 업체,seo-incheon-gyesan-dong-officetel-waste-cleaning-service,https://clever-griffin-93819d.netlify.app/seo-incheon-gyesan-dong-officetel-waste-cleaning-service/,인천 계산동,폐기물청소,오피스텔,업체
2026-09-03T15:05:30,인천 계산동 오피스텔 폐기물청소 당일상담,seo-incheon-gyesan-dong-officetel-waste-cleaning-same-day-consult,https://clever-griffin-93819d.netlify.app/seo-incheon-gyesan-dong-officetel-waste-cleaning-same-day-consult/,인천 계산동,폐기물청소,오피스텔,당일상담
2026-09-03T15:05:30,인천 계산동 오피스텔 폐기물청소 주말예약,seo-incheon-gyesan-dong-officetel-waste-cleaning-weekend-booking,https://clever-griffin-93819d.netlify.app/seo-incheon-gyesan-dong-officetel-waste-cleaning-weekend-booking/,인천 계산동,폐기물청소,오피스텔,주말예약
2026-09-03T15:05:30,인천 계산동 오피스텔 폐기물청소 청소범위,seo-incheon-gyesan-dong-officetel-waste-cleaning-scope,https://clever-griffin-93819d.netlify.app/seo-incheon-gyesan-dong-officetel-waste-cleaning-scope/,인천 계산동,폐기물청소,오피스텔,청소범위
2026-09-03T15:05:30,인천 계산동 상가 폐기물청소 전문업체,seo-incheon-gyesan-dong-store-waste-cleaning-company,https://clever-griffin-93819d.netlify.app/seo-incheon-gyesan-dong-store-waste-cleaning-company/,인천 계산동,폐기물청소,상가,전문업체
2026-09-03T15:05:30,인천 계산동 상가 폐기물청소 비용,seo-incheon-gyesan-dong-store-waste-cleaning-cost,https://clever-griffin-93819d.netlify.app/seo-incheon-gyesan-dong-store-waste-cleaning-cost/,인천 계산동,폐기물청소,상가,비용
2026-09-03T15:05:30,인천 계산동 상가 폐기물청소 가격,seo-incheon-gyesan-dong-store-waste-cleaning-price,https://clever-griffin-93819d.netlify.app/seo-incheon-gyesan-dong-store-waste-cleaning-price/,인천 계산동,폐기물청소,상가,가격
2026-09-03T15:05:30,인천 계산동 상가 폐기물청소 견적,seo-incheon-gyesan-dong-store-waste-cleaning-estimate,https://clever-griffin-93819d.netlify.app/seo-incheon-gyesan-dong-store-waste-cleaning-estimate/,인천 계산동,폐기물청소,상가,견적
2026-09-03T15:05:30,인천 계산동 상가 폐기물청소 예약,seo-incheon-gyesan-dong-store-waste-cleaning-booking,https://clever-griffin-93819d.netlify.app/seo-incheon-gyesan-dong-store-waste-cleaning-booking/,인천 계산동,폐기물청소,상가,예약
2026-09-03T15:05:30,인천 계산동 상가 폐기물청소 추천,seo-incheon-gyesan-dong-store-waste-cleaning-recommend,https://clever-griffin-93819d.netlify.app/seo-incheon-gyesan-dong-store-waste-cleaning-recommend/,인천 계산동,폐기물청소,상가,추천
2026-09-03T15:05:30,인천 계산동 상가 폐기물청소 후기,seo-incheon-gyesan-dong-store-waste-cleaning-review,https://clever-griffin-93819d.netlify.app/seo-incheon-gyesan-dong-store-waste-cleaning-review/,인천 계산동,폐기물청소,상가,후기
2026-09-03T15:05:30,인천 계산동 상가 폐기물청소 잘하는곳,seo-incheon-gyesan-dong-store-waste-cleaning-best,https://clever-griffin-93819d.netlify.app/seo-incheon-gyesan-dong-store-waste-cleaning-best/,인천 계산동,폐기물청소,상가,잘하는곳
2026-09-03T15:05:30,인천 계산동 상가 폐기물청소 업체,seo-incheon-gyesan-dong-store-waste-cleaning-service,https://clever-griffin-93819d.netlify.app/seo-incheon-gyesan-dong-store-waste-cleaning-service/,인천 계산동,폐기물청소,상가,업체
2026-09-03T15:05:30,인천 계산동 상가 폐기물청소 당일상담,seo-incheon-gyesan-dong-store-waste-cleaning-same-day-consult,https://clever-griffin-93819d.netlify.app/seo-incheon-gyesan-dong-store-waste-cleaning-same-day-consult/,인천 계산동,폐기물청소,상가,당일상담
2026-09-03T15:05:30,인천 계산동 상가 폐기물청소 주말예약,seo-incheon-gyesan-dong-store-waste-cleaning-weekend-booking,https://clever-griffin-93819d.netlify.app/seo-incheon-gyesan-dong-store-waste-cleaning-weekend-booking/,인천 계산동,폐기물청소,상가,주말예약
2026-09-03T15:05:30,인천 계산동 상가 폐기물청소 청소범위,seo-incheon-gyesan-dong-store-waste-cleaning-scope,https://clever-griffin-93819d.netlify.app/seo-incheon-gyesan-dong-store-waste-cleaning-scope/,인천 계산동,폐기물청소,상가,청소범위
2026-09-03T15:05:30,인천 계산동 사무실 폐기물청소 전문업체,seo-incheon-gyesan-dong-office-waste-cleaning-company,https://clever-griffin-93819d.netlify.app/seo-incheon-gyesan-dong-office-waste-cleaning-company/,인천 계산동,폐기물청소,사무실,전문업체
2026-09-03T15:05:30,인천 계산동 사무실 폐기물청소 비용,seo-incheon-gyesan-dong-office-waste-cleaning-cost,https://clever-griffin-93819d.netlify.app/seo-incheon-gyesan-dong-office-waste-cleaning-cost/,인천 계산동,폐기물청소,사무실,비용
2026-09-03T15:05:30,인천 계산동 사무실 폐기물청소 가격,seo-incheon-gyesan-dong-office-waste-cleaning-price,https://clever-griffin-93819d.netlify.app/seo-incheon-gyesan-dong-office-waste-cleaning-price/,인천 계산동,폐기물청소,사무실,가격
2026-09-03T15:05:30,인천 계산동 사무실 폐기물청소 견적,seo-incheon-gyesan-dong-office-waste-cleaning-estimate,https://clever-griffin-93819d.netlify.app/seo-incheon-gyesan-dong-office-waste-cleaning-estimate/,인천 계산동,폐기물청소,사무실,견적
2026-09-03T15:05:30,인천 계산동 사무실 폐기물청소 예약,seo-incheon-gyesan-dong-office-waste-cleaning-booking,https://clever-griffin-93819d.netlify.app/seo-incheon-gyesan-dong-office-waste-cleaning-booking/,인천 계산동,폐기물청소,사무실,예약
2026-09-03T15:05:30,인천 계산동 사무실 폐기물청소 추천,seo-incheon-gyesan-dong-office-waste-cleaning-recommend,https://clever-griffin-93819d.netlify.app/seo-incheon-gyesan-dong-office-waste-cleaning-recommend/,인천 계산동,폐기물청소,사무실,추천
2026-09-03T15:05:30,인천 계산동 사무실 폐기물청소 후기,seo-incheon-gyesan-dong-office-waste-cleaning-review,https://clever-griffin-93819d.netlify.app/seo-incheon-gyesan-dong-office-waste-cleaning-review/,인천 계산동,폐기물청소,사무실,후기
2026-09-03T15:05:30,인천 계산동 사무실 폐기물청소 잘하는곳,seo-incheon-gyesan-dong-office-waste-cleaning-best,https://clever-griffin-93819d.netlify.app/seo-incheon-gyesan-dong-office-waste-cleaning-best/,인천 계산동,폐기물청소,사무실,잘하는곳
2026-09-03T15:05:30,인천 계산동 사무실 폐기물청소 업체,seo-incheon-gyesan-dong-office-waste-cleaning-service,https://clever-griffin-93819d.netlify.app/seo-incheon-gyesan-dong-office-waste-cleaning-service/,인천 계산동,폐기물청소,사무실,업체
2026-09-03T15:05:30,인천 계산동 사무실 폐기물청소 당일상담,seo-incheon-gyesan-dong-office-waste-cleaning-same-day-consult,https://clever-griffin-93819d.netlify.app/seo-incheon-gyesan-dong-office-waste-cleaning-same-day-consult/,인천 계산동,폐기물청소,사무실,당일상담
2026-09-03T15:05:30,인천 계산동 사무실 폐기물청소 주말예약,seo-incheon-gyesan-dong-office-waste-cleaning-weekend-booking,https://clever-griffin-93819d.netlify.app/seo-incheon-gyesan-dong-office-waste-cleaning-weekend-booking/,인천 계산동,폐기물청소,사무실,주말예약
2026-09-03T15:05:30,인천 계산동 사무실 폐기물청소 청소범위,seo-incheon-gyesan-dong-office-waste-cleaning-scope,https://clever-griffin-93819d.netlify.app/seo-incheon-gyesan-dong-office-waste-cleaning-scope/,인천 계산동,폐기물청소,사무실,청소범위
2026-09-03T15:05:30,인천 삼산동 아파트 입주청소 전문업체,seo-incheon-samsan-dong-apartment-move-in-cleaning-company,https://clever-griffin-93819d.netlify.app/seo-incheon-samsan-dong-apartment-move-in-cleaning-company/,인천 삼산동,입주청소,아파트,전문업체
2026-09-03T15:05:30,인천 삼산동 아파트 입주청소 비용,seo-incheon-samsan-dong-apartment-move-in-cleaning-cost,https://clever-griffin-93819d.netlify.app/seo-incheon-samsan-dong-apartment-move-in-cleaning-cost/,인천 삼산동,입주청소,아파트,비용
2026-09-03T15:05:30,인천 삼산동 아파트 입주청소 가격,seo-incheon-samsan-dong-apartment-move-in-cleaning-price,https://clever-griffin-93819d.netlify.app/seo-incheon-samsan-dong-apartment-move-in-cleaning-price/,인천 삼산동,입주청소,아파트,가격
2026-09-03T15:05:30,인천 삼산동 아파트 입주청소 견적,seo-incheon-samsan-dong-apartment-move-in-cleaning-estimate,https://clever-griffin-93819d.netlify.app/seo-incheon-samsan-dong-apartment-move-in-cleaning-estimate/,인천 삼산동,입주청소,아파트,견적
2026-09-03T15:05:30,인천 삼산동 아파트 입주청소 예약,seo-incheon-samsan-dong-apartment-move-in-cleaning-booking,https://clever-griffin-93819d.netlify.app/seo-incheon-samsan-dong-apartment-move-in-cleaning-booking/,인천 삼산동,입주청소,아파트,예약
2026-09-03T15:05:30,인천 삼산동 아파트 입주청소 추천,seo-incheon-samsan-dong-apartment-move-in-cleaning-recommend,https://clever-griffin-93819d.netlify.app/seo-incheon-samsan-dong-apartment-move-in-cleaning-recommend/,인천 삼산동,입주청소,아파트,추천
2026-09-03T15:05:30,인천 삼산동 아파트 입주청소 후기,seo-incheon-samsan-dong-apartment-move-in-cleaning-review,https://clever-griffin-93819d.netlify.app/seo-incheon-samsan-dong-apartment-move-in-cleaning-review/,인천 삼산동,입주청소,아파트,후기
2026-09-03T15:05:30,인천 삼산동 아파트 입주청소 잘하는곳,seo-incheon-samsan-dong-apartment-move-in-cleaning-best,https://clever-griffin-93819d.netlify.app/seo-incheon-samsan-dong-apartment-move-in-cleaning-best/,인천 삼산동,입주청소,아파트,잘하는곳
2026-09-03T15:05:30,인천 삼산동 아파트 입주청소 업체,seo-incheon-samsan-dong-apartment-move-in-cleaning-service,https://clever-griffin-93819d.netlify.app/seo-incheon-samsan-dong-apartment-move-in-cleaning-service/,인천 삼산동,입주청소,아파트,업체
2026-09-03T15:05:30,인천 삼산동 아파트 입주청소 당일상담,seo-incheon-samsan-dong-apartment-move-in-cleaning-same-day-consult,https://clever-griffin-93819d.netlify.app/seo-incheon-samsan-dong-apartment-move-in-cleaning-same-day-consult/,인천 삼산동,입주청소,아파트,당일상담
2026-09-03T15:05:30,인천 삼산동 아파트 입주청소 주말예약,seo-incheon-samsan-dong-apartment-move-in-cleaning-weekend-booking,https://clever-griffin-93819d.netlify.app/seo-incheon-samsan-dong-apartment-move-in-cleaning-weekend-booking/,인천 삼산동,입주청소,아파트,주말예약
2026-09-03T15:05:30,인천 삼산동 아파트 입주청소 청소범위,seo-incheon-samsan-dong-apartment-move-in-cleaning-scope,https://clever-griffin-93819d.netlify.app/seo-incheon-samsan-dong-apartment-move-in-cleaning-scope/,인천 삼산동,입주청소,아파트,청소범위
2026-09-03T15:05:30,인천 삼산동 원룸 입주청소 전문업체,seo-incheon-samsan-dong-one-room-move-in-cleaning-company,https://clever-griffin-93819d.netlify.app/seo-incheon-samsan-dong-one-room-move-in-cleaning-company/,인천 삼산동,입주청소,원룸,전문업체
2026-09-03T15:05:30,인천 삼산동 원룸 입주청소 비용,seo-incheon-samsan-dong-one-room-move-in-cleaning-cost,https://clever-griffin-93819d.netlify.app/seo-incheon-samsan-dong-one-room-move-in-cleaning-cost/,인천 삼산동,입주청소,원룸,비용
2026-09-03T15:05:30,인천 삼산동 원룸 입주청소 가격,seo-incheon-samsan-dong-one-room-move-in-cleaning-price,https://clever-griffin-93819d.netlify.app/seo-incheon-samsan-dong-one-room-move-in-cleaning-price/,인천 삼산동,입주청소,원룸,가격
2026-09-03T15:05:30,인천 삼산동 원룸 입주청소 견적,seo-incheon-samsan-dong-one-room-move-in-cleaning-estimate,https://clever-griffin-93819d.netlify.app/seo-incheon-samsan-dong-one-room-move-in-cleaning-estimate/,인천 삼산동,입주청소,원룸,견적
2026-09-03T15:05:30,인천 삼산동 원룸 입주청소 예약,seo-incheon-samsan-dong-one-room-move-in-cleaning-booking,https://clever-griffin-93819d.netlify.app/seo-incheon-samsan-dong-one-room-move-in-cleaning-booking/,인천 삼산동,입주청소,원룸,예약
2026-09-03T15:05:30,인천 삼산동 원룸 입주청소 추천,seo-incheon-samsan-dong-one-room-move-in-cleaning-recommend,https://clever-griffin-93819d.netlify.app/seo-incheon-samsan-dong-one-room-move-in-cleaning-recommend/,인천 삼산동,입주청소,원룸,추천
2026-09-03T15:05:30,인천 삼산동 원룸 입주청소 후기,seo-incheon-samsan-dong-one-room-move-in-cleaning-review,https://clever-griffin-93819d.netlify.app/seo-incheon-samsan-dong-one-room-move-in-cleaning-review/,인천 삼산동,입주청소,원룸,후기
2026-09-03T15:05:30,인천 삼산동 원룸 입주청소 잘하는곳,seo-incheon-samsan-dong-one-room-move-in-cleaning-best,https://clever-griffin-93819d.netlify.app/seo-incheon-samsan-dong-one-room-move-in-cleaning-best/,인천 삼산동,입주청소,원룸,잘하는곳
2026-09-03T15:05:30,인천 삼산동 원룸 입주청소 업체,seo-incheon-samsan-dong-one-room-move-in-cleaning-service,https://clever-griffin-93819d.netlify.app/seo-incheon-samsan-dong-one-room-move-in-cleaning-service/,인천 삼산동,입주청소,원룸,업체
2026-09-03T15:05:30,인천 삼산동 원룸 입주청소 당일상담,seo-incheon-samsan-dong-one-room-move-in-cleaning-same-day-consult,https://clever-griffin-93819d.netlify.app/seo-incheon-samsan-dong-one-room-move-in-cleaning-same-day-consult/,인천 삼산동,입주청소,원룸,당일상담
2026-09-03T15:05:30,인천 삼산동 원룸 입주청소 주말예약,seo-incheon-samsan-dong-one-room-move-in-cleaning-weekend-booking,https://clever-griffin-93819d.netlify.app/seo-incheon-samsan-dong-one-room-move-in-cleaning-weekend-booking/,인천 삼산동,입주청소,원룸,주말예약
2026-09-03T15:05:30,인천 삼산동 원룸 입주청소 청소범위,seo-incheon-samsan-dong-one-room-move-in-cleaning-scope,https://clever-griffin-93819d.netlify.app/seo-incheon-samsan-dong-one-room-move-in-cleaning-scope/,인천 삼산동,입주청소,원룸,청소범위
2026-09-03T15:05:30,인천 삼산동 빌라 입주청소 전문업체,seo-incheon-samsan-dong-villa-move-in-cleaning-company,https://clever-griffin-93819d.netlify.app/seo-incheon-samsan-dong-villa-move-in-cleaning-company/,인천 삼산동,입주청소,빌라,전문업체
2026-09-03T15:05:30,인천 삼산동 빌라 입주청소 비용,seo-incheon-samsan-dong-villa-move-in-cleaning-cost,https://clever-griffin-93819d.netlify.app/seo-incheon-samsan-dong-villa-move-in-cleaning-cost/,인천 삼산동,입주청소,빌라,비용
2026-09-03T15:05:30,인천 삼산동 빌라 입주청소 가격,seo-incheon-samsan-dong-villa-move-in-cleaning-price,https://clever-griffin-93819d.netlify.app/seo-incheon-samsan-dong-villa-move-in-cleaning-price/,인천 삼산동,입주청소,빌라,가격
2026-09-03T15:05:30,인천 삼산동 빌라 입주청소 견적,seo-incheon-samsan-dong-villa-move-in-cleaning-estimate,https://clever-griffin-93819d.netlify.app/seo-incheon-samsan-dong-villa-move-in-cleaning-estimate/,인천 삼산동,입주청소,빌라,견적
2026-09-03T15:05:30,인천 삼산동 빌라 입주청소 예약,seo-incheon-samsan-dong-villa-move-in-cleaning-booking,https://clever-griffin-93819d.netlify.app/seo-incheon-samsan-dong-villa-move-in-cleaning-booking/,인천 삼산동,입주청소,빌라,예약
2026-09-03T15:05:30,인천 삼산동 빌라 입주청소 추천,seo-incheon-samsan-dong-villa-move-in-cleaning-recommend,https://clever-griffin-93819d.netlify.app/seo-incheon-samsan-dong-villa-move-in-cleaning-recommend/,인천 삼산동,입주청소,빌라,추천
2026-09-03T15:05:30,인천 삼산동 빌라 입주청소 후기,seo-incheon-samsan-dong-villa-move-in-cleaning-review,https://clever-griffin-93819d.netlify.app/seo-incheon-samsan-dong-villa-move-in-cleaning-review/,인천 삼산동,입주청소,빌라,후기
2026-09-03T15:05:30,인천 삼산동 빌라 입주청소 잘하는곳,seo-incheon-samsan-dong-villa-move-in-cleaning-best,https://clever-griffin-93819d.netlify.app/seo-incheon-samsan-dong-villa-move-in-cleaning-best/,인천 삼산동,입주청소,빌라,잘하는곳
2026-09-03T15:05:30,인천 삼산동 빌라 입주청소 업체,seo-incheon-samsan-dong-villa-move-in-cleaning-service,https://clever-griffin-93819d.netlify.app/seo-incheon-samsan-dong-villa-move-in-cleaning-service/,인천 삼산동,입주청소,빌라,업체
2026-09-03T15:05:30,인천 삼산동 빌라 입주청소 당일상담,seo-incheon-samsan-dong-villa-move-in-cleaning-same-day-consult,https://clever-griffin-93819d.netlify.app/seo-incheon-samsan-dong-villa-move-in-cleaning-same-day-consult/,인천 삼산동,입주청소,빌라,당일상담
2026-09-03T15:05:30,인천 삼산동 빌라 입주청소 주말예약,seo-incheon-samsan-dong-villa-move-in-cleaning-weekend-booking,https://clever-griffin-93819d.netlify.app/seo-incheon-samsan-dong-villa-move-in-cleaning-weekend-booking/,인천 삼산동,입주청소,빌라,주말예약
2026-09-03T15:05:30,인천 삼산동 빌라 입주청소 청소범위,seo-incheon-samsan-dong-villa-move-in-cleaning-scope,https://clever-griffin-93819d.netlify.app/seo-incheon-samsan-dong-villa-move-in-cleaning-scope/,인천 삼산동,입주청소,빌라,청소범위
2026-09-03T15:05:30,인천 삼산동 오피스텔 입주청소 전문업체,seo-incheon-samsan-dong-officetel-move-in-cleaning-company,https://clever-griffin-93819d.netlify.app/seo-incheon-samsan-dong-officetel-move-in-cleaning-company/,인천 삼산동,입주청소,오피스텔,전문업체
2026-09-03T15:05:30,인천 삼산동 오피스텔 입주청소 비용,seo-incheon-samsan-dong-officetel-move-in-cleaning-cost,https://clever-griffin-93819d.netlify.app/seo-incheon-samsan-dong-officetel-move-in-cleaning-cost/,인천 삼산동,입주청소,오피스텔,비용
2026-09-03T15:05:30,인천 삼산동 오피스텔 입주청소 가격,seo-incheon-samsan-dong-officetel-move-in-cleaning-price,https://clever-griffin-93819d.netlify.app/seo-incheon-samsan-dong-officetel-move-in-cleaning-price/,인천 삼산동,입주청소,오피스텔,가격
2026-09-03T15:05:30,인천 삼산동 오피스텔 입주청소 견적,seo-incheon-samsan-dong-officetel-move-in-cleaning-estimate,https://clever-griffin-93819d.netlify.app/seo-incheon-samsan-dong-officetel-move-in-cleaning-estimate/,인천 삼산동,입주청소,오피스텔,견적
2026-09-03T15:05:30,인천 삼산동 오피스텔 입주청소 예약,seo-incheon-samsan-dong-officetel-move-in-cleaning-booking,https://clever-griffin-93819d.netlify.app/seo-incheon-samsan-dong-officetel-move-in-cleaning-booking/,인천 삼산동,입주청소,오피스텔,예약
2026-09-03T15:05:30,인천 삼산동 오피스텔 입주청소 추천,seo-incheon-samsan-dong-officetel-move-in-cleaning-recommend,https://clever-griffin-93819d.netlify.app/seo-incheon-samsan-dong-officetel-move-in-cleaning-recommend/,인천 삼산동,입주청소,오피스텔,추천
2026-09-03T15:05:30,인천 삼산동 오피스텔 입주청소 후기,seo-incheon-samsan-dong-officetel-move-in-cleaning-review,https://clever-griffin-93819d.netlify.app/seo-incheon-samsan-dong-officetel-move-in-cleaning-review/,인천 삼산동,입주청소,오피스텔,후기
2026-09-03T15:05:30,인천 삼산동 오피스텔 입주청소 잘하는곳,seo-incheon-samsan-dong-officetel-move-in-cleaning-best,https://clever-griffin-93819d.netlify.app/seo-incheon-samsan-dong-officetel-move-in-cleaning-best/,인천 삼산동,입주청소,오피스텔,잘하는곳
2026-09-03T15:05:30,인천 삼산동 오피스텔 입주청소 업체,seo-incheon-samsan-dong-officetel-move-in-cleaning-service,https://clever-griffin-93819d.netlify.app/seo-incheon-samsan-dong-officetel-move-in-cleaning-service/,인천 삼산동,입주청소,오피스텔,업체
2026-09-03T15:05:30,인천 삼산동 오피스텔 입주청소 당일상담,seo-incheon-samsan-dong-officetel-move-in-cleaning-same-day-consult,https://clever-griffin-93819d.netlify.app/seo-incheon-samsan-dong-officetel-move-in-cleaning-same-day-consult/,인천 삼산동,입주청소,오피스텔,당일상담
2026-09-03T15:05:30,인천 삼산동 오피스텔 입주청소 주말예약,seo-incheon-samsan-dong-officetel-move-in-cleaning-weekend-booking,https://clever-griffin-93819d.netlify.app/seo-incheon-samsan-dong-officetel-move-in-cleaning-weekend-booking/,인천 삼산동,입주청소,오피스텔,주말예약
2026-09-03T15:05:30,인천 삼산동 오피스텔 입주청소 청소범위,seo-incheon-samsan-dong-officetel-move-in-cleaning-scope,https://clever-griffin-93819d.netlify.app/seo-incheon-samsan-dong-officetel-move-in-cleaning-scope/,인천 삼산동,입주청소,오피스텔,청소범위
2026-09-03T15:05:30,인천 삼산동 상가 입주청소 전문업체,seo-incheon-samsan-dong-store-move-in-cleaning-company,https://clever-griffin-93819d.netlify.app/seo-incheon-samsan-dong-store-move-in-cleaning-company/,인천 삼산동,입주청소,상가,전문업체
2026-09-03T15:05:30,인천 삼산동 상가 입주청소 비용,seo-incheon-samsan-dong-store-move-in-cleaning-cost,https://clever-griffin-93819d.netlify.app/seo-incheon-samsan-dong-store-move-in-cleaning-cost/,인천 삼산동,입주청소,상가,비용
2026-09-03T15:05:30,인천 삼산동 상가 입주청소 가격,seo-incheon-samsan-dong-store-move-in-cleaning-price,https://clever-griffin-93819d.netlify.app/seo-incheon-samsan-dong-store-move-in-cleaning-price/,인천 삼산동,입주청소,상가,가격
2026-09-03T15:05:30,인천 삼산동 상가 입주청소 견적,seo-incheon-samsan-dong-store-move-in-cleaning-estimate,https://clever-griffin-93819d.netlify.app/seo-incheon-samsan-dong-store-move-in-cleaning-estimate/,인천 삼산동,입주청소,상가,견적
2026-09-03T15:05:30,인천 삼산동 상가 입주청소 예약,seo-incheon-samsan-dong-store-move-in-cleaning-booking,https://clever-griffin-93819d.netlify.app/seo-incheon-samsan-dong-store-move-in-cleaning-booking/,인천 삼산동,입주청소,상가,예약
2026-09-03T15:05:30,인천 삼산동 상가 입주청소 추천,seo-incheon-samsan-dong-store-move-in-cleaning-recommend,https://clever-griffin-93819d.netlify.app/seo-incheon-samsan-dong-store-move-in-cleaning-recommend/,인천 삼산동,입주청소,상가,추천
2026-09-03T15:05:30,인천 삼산동 상가 입주청소 후기,seo-incheon-samsan-dong-store-move-in-cleaning-review,https://clever-griffin-93819d.netlify.app/seo-incheon-samsan-dong-store-move-in-cleaning-review/,인천 삼산동,입주청소,상가,후기
2026-09-03T15:05:30,인천 삼산동 상가 입주청소 잘하는곳,seo-incheon-samsan-dong-store-move-in-cleaning-best,https://clever-griffin-93819d.netlify.app/seo-incheon-samsan-dong-store-move-in-cleaning-best/,인천 삼산동,입주청소,상가,잘하는곳
2026-09-03T15:05:30,인천 삼산동 상가 입주청소 업체,seo-incheon-samsan-dong-store-move-in-cleaning-service,https://clever-griffin-93819d.netlify.app/seo-incheon-samsan-dong-store-move-in-cleaning-service/,인천 삼산동,입주청소,상가,업체
2026-09-03T15:05:30,인천 삼산동 상가 입주청소 당일상담,seo-incheon-samsan-dong-store-move-in-cleaning-same-day-consult,https://clever-griffin-93819d.netlify.app/seo-incheon-samsan-dong-store-move-in-cleaning-same-day-consult/,인천 삼산동,입주청소,상가,당일상담
2026-09-03T15:05:30,인천 삼산동 상가 입주청소 주말예약,seo-incheon-samsan-dong-store-move-in-cleaning-weekend-booking,https://clever-griffin-93819d.netlify.app/seo-incheon-samsan-dong-store-move-in-cleaning-weekend-booking/,인천 삼산동,입주청소,상가,주말예약
2026-09-03T15:05:30,인천 삼산동 상가 입주청소 청소범위,seo-incheon-samsan-dong-store-move-in-cleaning-scope,https://clever-griffin-93819d.netlify.app/seo-incheon-samsan-dong-store-move-in-cleaning-scope/,인천 삼산동,입주청소,상가,청소범위
2026-09-03T15:05:30,인천 삼산동 사무실 입주청소 전문업체,seo-incheon-samsan-dong-office-move-in-cleaning-company,https://clever-griffin-93819d.netlify.app/seo-incheon-samsan-dong-office-move-in-cleaning-company/,인천 삼산동,입주청소,사무실,전문업체
2026-09-03T15:05:30,인천 삼산동 사무실 입주청소 비용,seo-incheon-samsan-dong-office-move-in-cleaning-cost,https://clever-griffin-93819d.netlify.app/seo-incheon-samsan-dong-office-move-in-cleaning-cost/,인천 삼산동,입주청소,사무실,비용
2026-09-03T15:05:30,인천 삼산동 사무실 입주청소 가격,seo-incheon-samsan-dong-office-move-in-cleaning-price,https://clever-griffin-93819d.netlify.app/seo-incheon-samsan-dong-office-move-in-cleaning-price/,인천 삼산동,입주청소,사무실,가격
2026-09-03T15:05:30,인천 삼산동 사무실 입주청소 견적,seo-incheon-samsan-dong-office-move-in-cleaning-estimate,https://clever-griffin-93819d.netlify.app/seo-incheon-samsan-dong-office-move-in-cleaning-estimate/,인천 삼산동,입주청소,사무실,견적
2026-09-03T15:05:30,인천 삼산동 사무실 입주청소 예약,seo-incheon-samsan-dong-office-move-in-cleaning-booking,https://clever-griffin-93819d.netlify.app/seo-incheon-samsan-dong-office-move-in-cleaning-booking/,인천 삼산동,입주청소,사무실,예약
2026-09-03T15:05:30,인천 삼산동 사무실 입주청소 추천,seo-incheon-samsan-dong-office-move-in-cleaning-recommend,https://clever-griffin-93819d.netlify.app/seo-incheon-samsan-dong-office-move-in-cleaning-recommend/,인천 삼산동,입주청소,사무실,추천
2026-09-03T15:05:30,인천 삼산동 사무실 입주청소 후기,seo-incheon-samsan-dong-office-move-in-cleaning-review,https://clever-griffin-93819d.netlify.app/seo-incheon-samsan-dong-office-move-in-cleaning-review/,인천 삼산동,입주청소,사무실,후기
2026-09-03T15:05:30,인천 삼산동 사무실 입주청소 잘하는곳,seo-incheon-samsan-dong-office-move-in-cleaning-best,https://clever-griffin-93819d.netlify.app/seo-incheon-samsan-dong-office-move-in-cleaning-best/,인천 삼산동,입주청소,사무실,잘하는곳
2026-09-03T15:05:30,인천 삼산동 사무실 입주청소 업체,seo-incheon-samsan-dong-office-move-in-cleaning-service,https://clever-griffin-93819d.netlify.app/seo-incheon-samsan-dong-office-move-in-cleaning-service/,인천 삼산동,입주청소,사무실,업체
2026-09-03T15:05:30,인천 삼산동 사무실 입주청소 당일상담,seo-incheon-samsan-dong-office-move-in-cleaning-same-day-consult,https://clever-griffin-93819d.netlify.app/seo-incheon-samsan-dong-office-move-in-cleaning-same-day-consult/,인천 삼산동,입주청소,사무실,당일상담
2026-09-03T15:05:30,인천 삼산동 사무실 입주청소 주말예약,seo-incheon-samsan-dong-office-move-in-cleaning-weekend-booking,https://clever-griffin-93819d.netlify.app/seo-incheon-samsan-dong-office-move-in-cleaning-weekend-booking/,인천 삼산동,입주청소,사무실,주말예약
2026-09-03T15:05:30,인천 삼산동 사무실 입주청소 청소범위,seo-incheon-samsan-dong-office-move-in-cleaning-scope,https://clever-griffin-93819d.netlify.app/seo-incheon-samsan-dong-office-move-in-cleaning-scope/,인천 삼산동,입주청소,사무실,청소범위
2026-09-03T15:05:30,인천 삼산동 아파트 이사청소 전문업체,seo-incheon-samsan-dong-apartment-moving-cleaning-company,https://clever-griffin-93819d.netlify.app/seo-incheon-samsan-dong-apartment-moving-cleaning-company/,인천 삼산동,이사청소,아파트,전문업체
2026-09-03T15:05:30,인천 삼산동 아파트 이사청소 비용,seo-incheon-samsan-dong-apartment-moving-cleaning-cost,https://clever-griffin-93819d.netlify.app/seo-incheon-samsan-dong-apartment-moving-cleaning-cost/,인천 삼산동,이사청소,아파트,비용
2026-09-03T15:05:30,인천 삼산동 아파트 이사청소 가격,seo-incheon-samsan-dong-apartment-moving-cleaning-price,https://clever-griffin-93819d.netlify.app/seo-incheon-samsan-dong-apartment-moving-cleaning-price/,인천 삼산동,이사청소,아파트,가격
2026-09-03T15:05:30,인천 삼산동 아파트 이사청소 견적,seo-incheon-samsan-dong-apartment-moving-cleaning-estimate,https://clever-griffin-93819d.netlify.app/seo-incheon-samsan-dong-apartment-moving-cleaning-estimate/,인천 삼산동,이사청소,아파트,견적
2026-09-03T15:05:30,인천 삼산동 아파트 이사청소 예약,seo-incheon-samsan-dong-apartment-moving-cleaning-booking,https://clever-griffin-93819d.netlify.app/seo-incheon-samsan-dong-apartment-moving-cleaning-booking/,인천 삼산동,이사청소,아파트,예약
2026-09-03T15:05:30,인천 삼산동 아파트 이사청소 추천,seo-incheon-samsan-dong-apartment-moving-cleaning-recommend,https://clever-griffin-93819d.netlify.app/seo-incheon-samsan-dong-apartment-moving-cleaning-recommend/,인천 삼산동,이사청소,아파트,추천
2026-09-03T15:05:30,인천 삼산동 아파트 이사청소 후기,seo-incheon-samsan-dong-apartment-moving-cleaning-review,https://clever-griffin-93819d.netlify.app/seo-incheon-samsan-dong-apartment-moving-cleaning-review/,인천 삼산동,이사청소,아파트,후기
2026-09-03T15:05:30,인천 삼산동 아파트 이사청소 잘하는곳,seo-incheon-samsan-dong-apartment-moving-cleaning-best,https://clever-griffin-93819d.netlify.app/seo-incheon-samsan-dong-apartment-moving-cleaning-best/,인천 삼산동,이사청소,아파트,잘하는곳
2026-09-03T15:05:30,인천 삼산동 아파트 이사청소 업체,seo-incheon-samsan-dong-apartment-moving-cleaning-service,https://clever-griffin-93819d.netlify.app/seo-incheon-samsan-dong-apartment-moving-cleaning-service/,인천 삼산동,이사청소,아파트,업체
2026-09-03T15:05:30,인천 삼산동 아파트 이사청소 당일상담,seo-incheon-samsan-dong-apartment-moving-cleaning-same-day-consult,https://clever-griffin-93819d.netlify.app/seo-incheon-samsan-dong-apartment-moving-cleaning-same-day-consult/,인천 삼산동,이사청소,아파트,당일상담
2026-09-03T15:05:30,인천 삼산동 아파트 이사청소 주말예약,seo-incheon-samsan-dong-apartment-moving-cleaning-weekend-booking,https://clever-griffin-93819d.netlify.app/seo-incheon-samsan-dong-apartment-moving-cleaning-weekend-booking/,인천 삼산동,이사청소,아파트,주말예약
2026-09-03T15:05:30,인천 삼산동 아파트 이사청소 청소범위,seo-incheon-samsan-dong-apartment-moving-cleaning-scope,https://clever-griffin-93819d.netlify.app/seo-incheon-samsan-dong-apartment-moving-cleaning-scope/,인천 삼산동,이사청소,아파트,청소범위
2026-09-03T15:05:30,인천 삼산동 원룸 이사청소 전문업체,seo-incheon-samsan-dong-one-room-moving-cleaning-company,https://clever-griffin-93819d.netlify.app/seo-incheon-samsan-dong-one-room-moving-cleaning-company/,인천 삼산동,이사청소,원룸,전문업체
2026-09-03T15:05:30,인천 삼산동 원룸 이사청소 비용,seo-incheon-samsan-dong-one-room-moving-cleaning-cost,https://clever-griffin-93819d.netlify.app/seo-incheon-samsan-dong-one-room-moving-cleaning-cost/,인천 삼산동,이사청소,원룸,비용
2026-09-03T15:05:30,인천 삼산동 원룸 이사청소 가격,seo-incheon-samsan-dong-one-room-moving-cleaning-price,https://clever-griffin-93819d.netlify.app/seo-incheon-samsan-dong-one-room-moving-cleaning-price/,인천 삼산동,이사청소,원룸,가격
2026-09-03T15:05:30,인천 삼산동 원룸 이사청소 견적,seo-incheon-samsan-dong-one-room-moving-cleaning-estimate,https://clever-griffin-93819d.netlify.app/seo-incheon-samsan-dong-one-room-moving-cleaning-estimate/,인천 삼산동,이사청소,원룸,견적
2026-09-03T15:05:30,인천 삼산동 원룸 이사청소 예약,seo-incheon-samsan-dong-one-room-moving-cleaning-booking,https://clever-griffin-93819d.netlify.app/seo-incheon-samsan-dong-one-room-moving-cleaning-booking/,인천 삼산동,이사청소,원룸,예약
2026-09-03T15:05:30,인천 삼산동 원룸 이사청소 추천,seo-incheon-samsan-dong-one-room-moving-cleaning-recommend,https://clever-griffin-93819d.netlify.app/seo-incheon-samsan-dong-one-room-moving-cleaning-recommend/,인천 삼산동,이사청소,원룸,추천
2026-09-03T15:05:30,인천 삼산동 원룸 이사청소 후기,seo-incheon-samsan-dong-one-room-moving-cleaning-review,https://clever-griffin-93819d.netlify.app/seo-incheon-samsan-dong-one-room-moving-cleaning-review/,인천 삼산동,이사청소,원룸,후기
2026-09-03T15:05:30,인천 삼산동 원룸 이사청소 잘하는곳,seo-incheon-samsan-dong-one-room-moving-cleaning-best,https://clever-griffin-93819d.netlify.app/seo-incheon-samsan-dong-one-room-moving-cleaning-best/,인천 삼산동,이사청소,원룸,잘하는곳
2026-09-03T15:05:30,인천 삼산동 원룸 이사청소 업체,seo-incheon-samsan-dong-one-room-moving-cleaning-service,https://clever-griffin-93819d.netlify.app/seo-incheon-samsan-dong-one-room-moving-cleaning-service/,인천 삼산동,이사청소,원룸,업체
2026-09-03T15:05:30,인천 삼산동 원룸 이사청소 당일상담,seo-incheon-samsan-dong-one-room-moving-cleaning-same-day-consult,https://clever-griffin-93819d.netlify.app/seo-incheon-samsan-dong-one-room-moving-cleaning-same-day-consult/,인천 삼산동,이사청소,원룸,당일상담
2026-09-03T15:05:30,인천 삼산동 원룸 이사청소 주말예약,seo-incheon-samsan-dong-one-room-moving-cleaning-weekend-booking,https://clever-griffin-93819d.netlify.app/seo-incheon-samsan-dong-one-room-moving-cleaning-weekend-booking/,인천 삼산동,이사청소,원룸,주말예약
2026-09-03T15:05:30,인천 삼산동 원룸 이사청소 청소범위,seo-incheon-samsan-dong-one-room-moving-cleaning-scope,https://clever-griffin-93819d.netlify.app/seo-incheon-samsan-dong-one-room-moving-cleaning-scope/,인천 삼산동,이사청소,원룸,청소범위
2026-09-03T15:05:30,인천 삼산동 빌라 이사청소 전문업체,seo-incheon-samsan-dong-villa-moving-cleaning-company,https://clever-griffin-93819d.netlify.app/seo-incheon-samsan-dong-villa-moving-cleaning-company/,인천 삼산동,이사청소,빌라,전문업체
2026-09-03T15:05:30,인천 삼산동 빌라 이사청소 비용,seo-incheon-samsan-dong-villa-moving-cleaning-cost,https://clever-griffin-93819d.netlify.app/seo-incheon-samsan-dong-villa-moving-cleaning-cost/,인천 삼산동,이사청소,빌라,비용
2026-09-03T15:05:30,인천 삼산동 빌라 이사청소 가격,seo-incheon-samsan-dong-villa-moving-cleaning-price,https://clever-griffin-93819d.netlify.app/seo-incheon-samsan-dong-villa-moving-cleaning-price/,인천 삼산동,이사청소,빌라,가격
2026-09-03T15:05:30,인천 삼산동 빌라 이사청소 견적,seo-incheon-samsan-dong-villa-moving-cleaning-estimate,https://clever-griffin-93819d.netlify.app/seo-incheon-samsan-dong-villa-moving-cleaning-estimate/,인천 삼산동,이사청소,빌라,견적
2026-09-03T15:05:30,인천 삼산동 빌라 이사청소 예약,seo-incheon-samsan-dong-villa-moving-cleaning-booking,https://clever-griffin-93819d.netlify.app/seo-incheon-samsan-dong-villa-moving-cleaning-booking/,인천 삼산동,이사청소,빌라,예약
2026-09-03T15:05:30,인천 삼산동 빌라 이사청소 추천,seo-incheon-samsan-dong-villa-moving-cleaning-recommend,https://clever-griffin-93819d.netlify.app/seo-incheon-samsan-dong-villa-moving-cleaning-recommend/,인천 삼산동,이사청소,빌라,추천
2026-09-03T15:05:30,인천 삼산동 빌라 이사청소 후기,seo-incheon-samsan-dong-villa-moving-cleaning-review,https://clever-griffin-93819d.netlify.app/seo-incheon-samsan-dong-villa-moving-cleaning-review/,인천 삼산동,이사청소,빌라,후기
2026-09-03T15:05:30,인천 삼산동 빌라 이사청소 잘하는곳,seo-incheon-samsan-dong-villa-moving-cleaning-best,https://clever-griffin-93819d.netlify.app/seo-incheon-samsan-dong-villa-moving-cleaning-best/,인천 삼산동,이사청소,빌라,잘하는곳
2026-09-03T15:05:30,인천 삼산동 빌라 이사청소 업체,seo-incheon-samsan-dong-villa-moving-cleaning-service,https://clever-griffin-93819d.netlify.app/seo-incheon-samsan-dong-villa-moving-cleaning-service/,인천 삼산동,이사청소,빌라,업체
2026-09-03T15:05:30,인천 삼산동 빌라 이사청소 당일상담,seo-incheon-samsan-dong-villa-moving-cleaning-same-day-consult,https://clever-griffin-93819d.netlify.app/seo-incheon-samsan-dong-villa-moving-cleaning-same-day-consult/,인천 삼산동,이사청소,빌라,당일상담
2026-09-03T15:05:30,인천 삼산동 빌라 이사청소 주말예약,seo-incheon-samsan-dong-villa-moving-cleaning-weekend-booking,https://clever-griffin-93819d.netlify.app/seo-incheon-samsan-dong-villa-moving-cleaning-weekend-booking/,인천 삼산동,이사청소,빌라,주말예약
2026-09-03T15:05:30,인천 삼산동 빌라 이사청소 청소범위,seo-incheon-samsan-dong-villa-moving-cleaning-scope,https://clever-griffin-93819d.netlify.app/seo-incheon-samsan-dong-villa-moving-cleaning-scope/,인천 삼산동,이사청소,빌라,청소범위
2026-09-03T15:05:30,인천 삼산동 오피스텔 이사청소 전문업체,seo-incheon-samsan-dong-officetel-moving-cleaning-company,https://clever-griffin-93819d.netlify.app/seo-incheon-samsan-dong-officetel-moving-cleaning-company/,인천 삼산동,이사청소,오피스텔,전문업체
2026-09-03T15:05:30,인천 삼산동 오피스텔 이사청소 비용,seo-incheon-samsan-dong-officetel-moving-cleaning-cost,https://clever-griffin-93819d.netlify.app/seo-incheon-samsan-dong-officetel-moving-cleaning-cost/,인천 삼산동,이사청소,오피스텔,비용
2026-09-03T15:05:30,인천 삼산동 오피스텔 이사청소 가격,seo-incheon-samsan-dong-officetel-moving-cleaning-price,https://clever-griffin-93819d.netlify.app/seo-incheon-samsan-dong-officetel-moving-cleaning-price/,인천 삼산동,이사청소,오피스텔,가격
2026-09-03T15:05:30,인천 삼산동 오피스텔 이사청소 견적,seo-incheon-samsan-dong-officetel-moving-cleaning-estimate,https://clever-griffin-93819d.netlify.app/seo-incheon-samsan-dong-officetel-moving-cleaning-estimate/,인천 삼산동,이사청소,오피스텔,견적
2026-09-03T15:05:30,인천 삼산동 오피스텔 이사청소 예약,seo-incheon-samsan-dong-officetel-moving-cleaning-booking,https://clever-griffin-93819d.netlify.app/seo-incheon-samsan-dong-officetel-moving-cleaning-booking/,인천 삼산동,이사청소,오피스텔,예약
2026-09-03T15:05:30,인천 삼산동 오피스텔 이사청소 추천,seo-incheon-samsan-dong-officetel-moving-cleaning-recommend,https://clever-griffin-93819d.netlify.app/seo-incheon-samsan-dong-officetel-moving-cleaning-recommend/,인천 삼산동,이사청소,오피스텔,추천
2026-09-03T15:05:30,인천 삼산동 오피스텔 이사청소 후기,seo-incheon-samsan-dong-officetel-moving-cleaning-review,https://clever-griffin-93819d.netlify.app/seo-incheon-samsan-dong-officetel-moving-cleaning-review/,인천 삼산동,이사청소,오피스텔,후기
2026-09-03T15:05:30,인천 삼산동 오피스텔 이사청소 잘하는곳,seo-incheon-samsan-dong-officetel-moving-cleaning-best,https://clever-griffin-93819d.netlify.app/seo-incheon-samsan-dong-officetel-moving-cleaning-best/,인천 삼산동,이사청소,오피스텔,잘하는곳
2026-09-03T15:05:30,인천 삼산동 오피스텔 이사청소 업체,seo-incheon-samsan-dong-officetel-moving-cleaning-service,https://clever-griffin-93819d.netlify.app/seo-incheon-samsan-dong-officetel-moving-cleaning-service/,인천 삼산동,이사청소,오피스텔,업체
2026-09-03T15:05:30,인천 삼산동 오피스텔 이사청소 당일상담,seo-incheon-samsan-dong-officetel-moving-cleaning-same-day-consult,https://clever-griffin-93819d.netlify.app/seo-incheon-samsan-dong-officetel-moving-cleaning-same-day-consult/,인천 삼산동,이사청소,오피스텔,당일상담
2026-09-03T15:05:30,인천 삼산동 오피스텔 이사청소 주말예약,seo-incheon-samsan-dong-officetel-moving-cleaning-weekend-booking,https://clever-griffin-93819d.netlify.app/seo-incheon-samsan-dong-officetel-moving-cleaning-weekend-booking/,인천 삼산동,이사청소,오피스텔,주말예약
2026-09-03T15:05:30,인천 삼산동 오피스텔 이사청소 청소범위,seo-incheon-samsan-dong-officetel-moving-cleaning-scope,https://clever-griffin-93819d.netlify.app/seo-incheon-samsan-dong-officetel-moving-cleaning-scope/,인천 삼산동,이사청소,오피스텔,청소범위
2026-09-03T15:05:30,인천 삼산동 상가 이사청소 전문업체,seo-incheon-samsan-dong-store-moving-cleaning-company,https://clever-griffin-93819d.netlify.app/seo-incheon-samsan-dong-store-moving-cleaning-company/,인천 삼산동,이사청소,상가,전문업체
2026-09-03T15:05:30,인천 삼산동 상가 이사청소 비용,seo-incheon-samsan-dong-store-moving-cleaning-cost,https://clever-griffin-93819d.netlify.app/seo-incheon-samsan-dong-store-moving-cleaning-cost/,인천 삼산동,이사청소,상가,비용
2026-09-03T15:05:30,인천 삼산동 상가 이사청소 가격,seo-incheon-samsan-dong-store-moving-cleaning-price,https://clever-griffin-93819d.netlify.app/seo-incheon-samsan-dong-store-moving-cleaning-price/,인천 삼산동,이사청소,상가,가격
2026-09-03T15:05:30,인천 삼산동 상가 이사청소 견적,seo-incheon-samsan-dong-store-moving-cleaning-estimate,https://clever-griffin-93819d.netlify.app/seo-incheon-samsan-dong-store-moving-cleaning-estimate/,인천 삼산동,이사청소,상가,견적
2026-09-03T15:05:30,인천 삼산동 상가 이사청소 예약,seo-incheon-samsan-dong-store-moving-cleaning-booking,https://clever-griffin-93819d.netlify.app/seo-incheon-samsan-dong-store-moving-cleaning-booking/,인천 삼산동,이사청소,상가,예약
2026-09-03T15:05:30,인천 삼산동 상가 이사청소 추천,seo-incheon-samsan-dong-store-moving-cleaning-recommend,https://clever-griffin-93819d.netlify.app/seo-incheon-samsan-dong-store-moving-cleaning-recommend/,인천 삼산동,이사청소,상가,추천
2026-09-03T15:05:30,인천 삼산동 상가 이사청소 후기,seo-incheon-samsan-dong-store-moving-cleaning-review,https://clever-griffin-93819d.netlify.app/seo-incheon-samsan-dong-store-moving-cleaning-review/,인천 삼산동,이사청소,상가,후기
2026-09-03T15:05:30,인천 삼산동 상가 이사청소 잘하는곳,seo-incheon-samsan-dong-store-moving-cleaning-best,https://clever-griffin-93819d.netlify.app/seo-incheon-samsan-dong-store-moving-cleaning-best/,인천 삼산동,이사청소,상가,잘하는곳
2026-09-03T15:05:30,인천 삼산동 상가 이사청소 업체,seo-incheon-samsan-dong-store-moving-cleaning-service,https://clever-griffin-93819d.netlify.app/seo-incheon-samsan-dong-store-moving-cleaning-service/,인천 삼산동,이사청소,상가,업체
2026-09-03T15:05:30,인천 삼산동 상가 이사청소 당일상담,seo-incheon-samsan-dong-store-moving-cleaning-same-day-consult,https://clever-griffin-93819d.netlify.app/seo-incheon-samsan-dong-store-moving-cleaning-same-day-consult/,인천 삼산동,이사청소,상가,당일상담
2026-09-03T15:05:30,인천 삼산동 상가 이사청소 주말예약,seo-incheon-samsan-dong-store-moving-cleaning-weekend-booking,https://clever-griffin-93819d.netlify.app/seo-incheon-samsan-dong-store-moving-cleaning-weekend-booking/,인천 삼산동,이사청소,상가,주말예약
2026-09-03T15:05:30,인천 삼산동 상가 이사청소 청소범위,seo-incheon-samsan-dong-store-moving-cleaning-scope,https://clever-griffin-93819d.netlify.app/seo-incheon-samsan-dong-store-moving-cleaning-scope/,인천 삼산동,이사청소,상가,청소범위
2026-09-03T15:05:30,인천 삼산동 사무실 이사청소 전문업체,seo-incheon-samsan-dong-office-moving-cleaning-company,https://clever-griffin-93819d.netlify.app/seo-incheon-samsan-dong-office-moving-cleaning-company/,인천 삼산동,이사청소,사무실,전문업체
2026-09-03T15:05:30,인천 삼산동 사무실 이사청소 비용,seo-incheon-samsan-dong-office-moving-cleaning-cost,https://clever-griffin-93819d.netlify.app/seo-incheon-samsan-dong-office-moving-cleaning-cost/,인천 삼산동,이사청소,사무실,비용
2026-09-03T15:05:30,인천 삼산동 사무실 이사청소 가격,seo-incheon-samsan-dong-office-moving-cleaning-price,https://clever-griffin-93819d.netlify.app/seo-incheon-samsan-dong-office-moving-cleaning-price/,인천 삼산동,이사청소,사무실,가격
2026-09-03T15:05:30,인천 삼산동 사무실 이사청소 견적,seo-incheon-samsan-dong-office-moving-cleaning-estimate,https://clever-griffin-93819d.netlify.app/seo-incheon-samsan-dong-office-moving-cleaning-estimate/,인천 삼산동,이사청소,사무실,견적
2026-09-03T15:05:30,인천 삼산동 사무실 이사청소 예약,seo-incheon-samsan-dong-office-moving-cleaning-booking,https://clever-griffin-93819d.netlify.app/seo-incheon-samsan-dong-office-moving-cleaning-booking/,인천 삼산동,이사청소,사무실,예약
2026-09-03T15:05:30,인천 삼산동 사무실 이사청소 추천,seo-incheon-samsan-dong-office-moving-cleaning-recommend,https://clever-griffin-93819d.netlify.app/seo-incheon-samsan-dong-office-moving-cleaning-recommend/,인천 삼산동,이사청소,사무실,추천
2026-09-03T15:05:30,인천 삼산동 사무실 이사청소 후기,seo-incheon-samsan-dong-office-moving-cleaning-review,https://clever-griffin-93819d.netlify.app/seo-incheon-samsan-dong-office-moving-cleaning-review/,인천 삼산동,이사청소,사무실,후기
2026-09-03T15:05:30,인천 삼산동 사무실 이사청소 잘하는곳,seo-incheon-samsan-dong-office-moving-cleaning-best,https://clever-griffin-93819d.netlify.app/seo-incheon-samsan-dong-office-moving-cleaning-best/,인천 삼산동,이사청소,사무실,잘하는곳
2026-09-03T15:05:30,인천 삼산동 사무실 이사청소 업체,seo-incheon-samsan-dong-office-moving-cleaning-service,https://clever-griffin-93819d.netlify.app/seo-incheon-samsan-dong-office-moving-cleaning-service/,인천 삼산동,이사청소,사무실,업체
2026-09-03T15:05:30,인천 삼산동 사무실 이사청소 당일상담,seo-incheon-samsan-dong-office-moving-cleaning-same-day-consult,https://clever-griffin-93819d.netlify.app/seo-incheon-samsan-dong-office-moving-cleaning-same-day-consult/,인천 삼산동,이사청소,사무실,당일상담
2026-09-03T15:05:30,인천 삼산동 사무실 이사청소 주말예약,seo-incheon-samsan-dong-office-moving-cleaning-weekend-booking,https://clever-griffin-93819d.netlify.app/seo-incheon-samsan-dong-office-moving-cleaning-weekend-booking/,인천 삼산동,이사청소,사무실,주말예약
2026-09-03T15:05:30,인천 삼산동 사무실 이사청소 청소범위,seo-incheon-samsan-dong-office-moving-cleaning-scope,https://clever-griffin-93819d.netlify.app/seo-incheon-samsan-dong-office-moving-cleaning-scope/,인천 삼산동,이사청소,사무실,청소범위
2026-09-03T15:05:30,인천 삼산동 아파트 거주청소 전문업체,seo-incheon-samsan-dong-apartment-residential-cleaning-company,https://clever-griffin-93819d.netlify.app/seo-incheon-samsan-dong-apartment-residential-cleaning-company/,인천 삼산동,거주청소,아파트,전문업체
2026-09-03T15:05:30,인천 삼산동 아파트 거주청소 비용,seo-incheon-samsan-dong-apartment-residential-cleaning-cost,https://clever-griffin-93819d.netlify.app/seo-incheon-samsan-dong-apartment-residential-cleaning-cost/,인천 삼산동,거주청소,아파트,비용
2026-09-03T15:05:30,인천 삼산동 아파트 거주청소 가격,seo-incheon-samsan-dong-apartment-residential-cleaning-price,https://clever-griffin-93819d.netlify.app/seo-incheon-samsan-dong-apartment-residential-cleaning-price/,인천 삼산동,거주청소,아파트,가격
2026-09-03T15:05:30,인천 삼산동 아파트 거주청소 견적,seo-incheon-samsan-dong-apartment-residential-cleaning-estimate,https://clever-griffin-93819d.netlify.app/seo-incheon-samsan-dong-apartment-residential-cleaning-estimate/,인천 삼산동,거주청소,아파트,견적
2026-09-03T15:05:30,인천 삼산동 아파트 거주청소 예약,seo-incheon-samsan-dong-apartment-residential-cleaning-booking,https://clever-griffin-93819d.netlify.app/seo-incheon-samsan-dong-apartment-residential-cleaning-booking/,인천 삼산동,거주청소,아파트,예약
2026-09-03T15:05:30,인천 삼산동 아파트 거주청소 추천,seo-incheon-samsan-dong-apartment-residential-cleaning-recommend,https://clever-griffin-93819d.netlify.app/seo-incheon-samsan-dong-apartment-residential-cleaning-recommend/,인천 삼산동,거주청소,아파트,추천
2026-09-03T15:05:30,인천 삼산동 아파트 거주청소 후기,seo-incheon-samsan-dong-apartment-residential-cleaning-review,https://clever-griffin-93819d.netlify.app/seo-incheon-samsan-dong-apartment-residential-cleaning-review/,인천 삼산동,거주청소,아파트,후기
2026-09-03T15:05:30,인천 삼산동 아파트 거주청소 잘하는곳,seo-incheon-samsan-dong-apartment-residential-cleaning-best,https://clever-griffin-93819d.netlify.app/seo-incheon-samsan-dong-apartment-residential-cleaning-best/,인천 삼산동,거주청소,아파트,잘하는곳
2026-09-03T15:05:30,인천 삼산동 아파트 거주청소 업체,seo-incheon-samsan-dong-apartment-residential-cleaning-service,https://clever-griffin-93819d.netlify.app/seo-incheon-samsan-dong-apartment-residential-cleaning-service/,인천 삼산동,거주청소,아파트,업체
2026-09-03T15:05:30,인천 삼산동 아파트 거주청소 당일상담,seo-incheon-samsan-dong-apartment-residential-cleaning-same-day-consult,https://clever-griffin-93819d.netlify.app/seo-incheon-samsan-dong-apartment-residential-cleaning-same-day-consult/,인천 삼산동,거주청소,아파트,당일상담
2026-09-03T15:05:30,인천 삼산동 아파트 거주청소 주말예약,seo-incheon-samsan-dong-apartment-residential-cleaning-weekend-booking,https://clever-griffin-93819d.netlify.app/seo-incheon-samsan-dong-apartment-residential-cleaning-weekend-booking/,인천 삼산동,거주청소,아파트,주말예약
2026-09-03T15:05:30,인천 삼산동 아파트 거주청소 청소범위,seo-incheon-samsan-dong-apartment-residential-cleaning-scope,https://clever-griffin-93819d.netlify.app/seo-incheon-samsan-dong-apartment-residential-cleaning-scope/,인천 삼산동,거주청소,아파트,청소범위
2026-09-03T15:05:30,인천 삼산동 원룸 거주청소 전문업체,seo-incheon-samsan-dong-one-room-residential-cleaning-company,https://clever-griffin-93819d.netlify.app/seo-incheon-samsan-dong-one-room-residential-cleaning-company/,인천 삼산동,거주청소,원룸,전문업체
2026-09-03T15:05:30,인천 삼산동 원룸 거주청소 비용,seo-incheon-samsan-dong-one-room-residential-cleaning-cost,https://clever-griffin-93819d.netlify.app/seo-incheon-samsan-dong-one-room-residential-cleaning-cost/,인천 삼산동,거주청소,원룸,비용
2026-09-03T15:05:30,인천 삼산동 원룸 거주청소 가격,seo-incheon-samsan-dong-one-room-residential-cleaning-price,https://clever-griffin-93819d.netlify.app/seo-incheon-samsan-dong-one-room-residential-cleaning-price/,인천 삼산동,거주청소,원룸,가격
2026-09-03T15:05:30,인천 삼산동 원룸 거주청소 견적,seo-incheon-samsan-dong-one-room-residential-cleaning-estimate,https://clever-griffin-93819d.netlify.app/seo-incheon-samsan-dong-one-room-residential-cleaning-estimate/,인천 삼산동,거주청소,원룸,견적
2026-09-03T15:05:30,인천 삼산동 원룸 거주청소 예약,seo-incheon-samsan-dong-one-room-residential-cleaning-booking,https://clever-griffin-93819d.netlify.app/seo-incheon-samsan-dong-one-room-residential-cleaning-booking/,인천 삼산동,거주청소,원룸,예약
2026-09-03T15:05:30,인천 삼산동 원룸 거주청소 추천,seo-incheon-samsan-dong-one-room-residential-cleaning-recommend,https://clever-griffin-93819d.netlify.app/seo-incheon-samsan-dong-one-room-residential-cleaning-recommend/,인천 삼산동,거주청소,원룸,추천
2026-09-03T15:05:30,인천 삼산동 원룸 거주청소 후기,seo-incheon-samsan-dong-one-room-residential-cleaning-review,https://clever-griffin-93819d.netlify.app/seo-incheon-samsan-dong-one-room-residential-cleaning-review/,인천 삼산동,거주청소,원룸,후기
2026-09-03T15:05:30,인천 삼산동 원룸 거주청소 잘하는곳,seo-incheon-samsan-dong-one-room-residential-cleaning-best,https://clever-griffin-93819d.netlify.app/seo-incheon-samsan-dong-one-room-residential-cleaning-best/,인천 삼산동,거주청소,원룸,잘하는곳
2026-09-03T15:05:30,인천 삼산동 원룸 거주청소 업체,seo-incheon-samsan-dong-one-room-residential-cleaning-service,https://clever-griffin-93819d.netlify.app/seo-incheon-samsan-dong-one-room-residential-cleaning-service/,인천 삼산동,거주청소,원룸,업체
2026-09-03T15:05:30,인천 삼산동 원룸 거주청소 당일상담,seo-incheon-samsan-dong-one-room-residential-cleaning-same-day-consult,https://clever-griffin-93819d.netlify.app/seo-incheon-samsan-dong-one-room-residential-cleaning-same-day-consult/,인천 삼산동,거주청소,원룸,당일상담
2026-09-03T15:05:30,인천 삼산동 원룸 거주청소 주말예약,seo-incheon-samsan-dong-one-room-residential-cleaning-weekend-booking,https://clever-griffin-93819d.netlify.app/seo-incheon-samsan-dong-one-room-residential-cleaning-weekend-booking/,인천 삼산동,거주청소,원룸,주말예약
2026-09-03T15:05:30,인천 삼산동 원룸 거주청소 청소범위,seo-incheon-samsan-dong-one-room-residential-cleaning-scope,https://clever-griffin-93819d.netlify.app/seo-incheon-samsan-dong-one-room-residential-cleaning-scope/,인천 삼산동,거주청소,원룸,청소범위
2026-09-03T15:05:30,인천 삼산동 빌라 거주청소 전문업체,seo-incheon-samsan-dong-villa-residential-cleaning-company,https://clever-griffin-93819d.netlify.app/seo-incheon-samsan-dong-villa-residential-cleaning-company/,인천 삼산동,거주청소,빌라,전문업체
2026-09-03T15:05:30,인천 삼산동 빌라 거주청소 비용,seo-incheon-samsan-dong-villa-residential-cleaning-cost,https://clever-griffin-93819d.netlify.app/seo-incheon-samsan-dong-villa-residential-cleaning-cost/,인천 삼산동,거주청소,빌라,비용
2026-09-03T15:05:30,인천 삼산동 빌라 거주청소 가격,seo-incheon-samsan-dong-villa-residential-cleaning-price,https://clever-griffin-93819d.netlify.app/seo-incheon-samsan-dong-villa-residential-cleaning-price/,인천 삼산동,거주청소,빌라,가격
2026-09-03T15:05:30,인천 삼산동 빌라 거주청소 견적,seo-incheon-samsan-dong-villa-residential-cleaning-estimate,https://clever-griffin-93819d.netlify.app/seo-incheon-samsan-dong-villa-residential-cleaning-estimate/,인천 삼산동,거주청소,빌라,견적
2026-09-03T15:05:30,인천 삼산동 빌라 거주청소 예약,seo-incheon-samsan-dong-villa-residential-cleaning-booking,https://clever-griffin-93819d.netlify.app/seo-incheon-samsan-dong-villa-residential-cleaning-booking/,인천 삼산동,거주청소,빌라,예약
2026-09-03T15:05:30,인천 삼산동 빌라 거주청소 추천,seo-incheon-samsan-dong-villa-residential-cleaning-recommend,https://clever-griffin-93819d.netlify.app/seo-incheon-samsan-dong-villa-residential-cleaning-recommend/,인천 삼산동,거주청소,빌라,추천
2026-09-03T15:05:30,인천 삼산동 빌라 거주청소 후기,seo-incheon-samsan-dong-villa-residential-cleaning-review,https://clever-griffin-93819d.netlify.app/seo-incheon-samsan-dong-villa-residential-cleaning-review/,인천 삼산동,거주청소,빌라,후기
2026-09-03T15:05:30,인천 삼산동 빌라 거주청소 잘하는곳,seo-incheon-samsan-dong-villa-residential-cleaning-best,https://clever-griffin-93819d.netlify.app/seo-incheon-samsan-dong-villa-residential-cleaning-best/,인천 삼산동,거주청소,빌라,잘하는곳
2026-09-03T15:05:30,인천 삼산동 빌라 거주청소 업체,seo-incheon-samsan-dong-villa-residential-cleaning-service,https://clever-griffin-93819d.netlify.app/seo-incheon-samsan-dong-villa-residential-cleaning-service/,인천 삼산동,거주청소,빌라,업체
2026-09-03T15:05:30,인천 삼산동 빌라 거주청소 당일상담,seo-incheon-samsan-dong-villa-residential-cleaning-same-day-consult,https://clever-griffin-93819d.netlify.app/seo-incheon-samsan-dong-villa-residential-cleaning-same-day-consult/,인천 삼산동,거주청소,빌라,당일상담
2026-09-03T15:05:30,인천 삼산동 빌라 거주청소 주말예약,seo-incheon-samsan-dong-villa-residential-cleaning-weekend-booking,https://clever-griffin-93819d.netlify.app/seo-incheon-samsan-dong-villa-residential-cleaning-weekend-booking/,인천 삼산동,거주청소,빌라,주말예약
2026-09-03T15:05:30,인천 삼산동 빌라 거주청소 청소범위,seo-incheon-samsan-dong-villa-residential-cleaning-scope,https://clever-griffin-93819d.netlify.app/seo-incheon-samsan-dong-villa-residential-cleaning-scope/,인천 삼산동,거주청소,빌라,청소범위
2026-09-03T15:05:30,인천 삼산동 오피스텔 거주청소 전문업체,seo-incheon-samsan-dong-officetel-residential-cleaning-company,https://clever-griffin-93819d.netlify.app/seo-incheon-samsan-dong-officetel-residential-cleaning-company/,인천 삼산동,거주청소,오피스텔,전문업체
2026-09-03T15:05:30,인천 삼산동 오피스텔 거주청소 비용,seo-incheon-samsan-dong-officetel-residential-cleaning-cost,https://clever-griffin-93819d.netlify.app/seo-incheon-samsan-dong-officetel-residential-cleaning-cost/,인천 삼산동,거주청소,오피스텔,비용
2026-09-03T15:05:30,인천 삼산동 오피스텔 거주청소 가격,seo-incheon-samsan-dong-officetel-residential-cleaning-price,https://clever-griffin-93819d.netlify.app/seo-incheon-samsan-dong-officetel-residential-cleaning-price/,인천 삼산동,거주청소,오피스텔,가격
2026-09-03T15:05:30,인천 삼산동 오피스텔 거주청소 견적,seo-incheon-samsan-dong-officetel-residential-cleaning-estimate,https://clever-griffin-93819d.netlify.app/seo-incheon-samsan-dong-officetel-residential-cleaning-estimate/,인천 삼산동,거주청소,오피스텔,견적
2026-09-03T15:05:30,인천 삼산동 오피스텔 거주청소 예약,seo-incheon-samsan-dong-officetel-residential-cleaning-booking,https://clever-griffin-93819d.netlify.app/seo-incheon-samsan-dong-officetel-residential-cleaning-booking/,인천 삼산동,거주청소,오피스텔,예약
2026-09-03T15:05:30,인천 삼산동 오피스텔 거주청소 추천,seo-incheon-samsan-dong-officetel-residential-cleaning-recommend,https://clever-griffin-93819d.netlify.app/seo-incheon-samsan-dong-officetel-residential-cleaning-recommend/,인천 삼산동,거주청소,오피스텔,추천
2026-09-03T15:05:30,인천 삼산동 오피스텔 거주청소 후기,seo-incheon-samsan-dong-officetel-residential-cleaning-review,https://clever-griffin-93819d.netlify.app/seo-incheon-samsan-dong-officetel-residential-cleaning-review/,인천 삼산동,거주청소,오피스텔,후기
2026-09-03T15:05:30,인천 삼산동 오피스텔 거주청소 잘하는곳,seo-incheon-samsan-dong-officetel-residential-cleaning-best,https://clever-griffin-93819d.netlify.app/seo-incheon-samsan-dong-officetel-residential-cleaning-best/,인천 삼산동,거주청소,오피스텔,잘하는곳
2026-09-03T15:05:30,인천 삼산동 오피스텔 거주청소 업체,seo-incheon-samsan-dong-officetel-residential-cleaning-service,https://clever-griffin-93819d.netlify.app/seo-incheon-samsan-dong-officetel-residential-cleaning-service/,인천 삼산동,거주청소,오피스텔,업체
2026-09-03T15:05:30,인천 삼산동 오피스텔 거주청소 당일상담,seo-incheon-samsan-dong-officetel-residential-cleaning-same-day-consult,https://clever-griffin-93819d.netlify.app/seo-incheon-samsan-dong-officetel-residential-cleaning-same-day-consult/,인천 삼산동,거주청소,오피스텔,당일상담
2026-09-03T15:05:30,인천 삼산동 오피스텔 거주청소 주말예약,seo-incheon-samsan-dong-officetel-residential-cleaning-weekend-booking,https://clever-griffin-93819d.netlify.app/seo-incheon-samsan-dong-officetel-residential-cleaning-weekend-booking/,인천 삼산동,거주청소,오피스텔,주말예약
2026-09-03T15:05:30,인천 삼산동 오피스텔 거주청소 청소범위,seo-incheon-samsan-dong-officetel-residential-cleaning-scope,https://clever-griffin-93819d.netlify.app/seo-incheon-samsan-dong-officetel-residential-cleaning-scope/,인천 삼산동,거주청소,오피스텔,청소범위
2026-09-03T15:05:30,인천 삼산동 상가 거주청소 전문업체,seo-incheon-samsan-dong-store-residential-cleaning-company,https://clever-griffin-93819d.netlify.app/seo-incheon-samsan-dong-store-residential-cleaning-company/,인천 삼산동,거주청소,상가,전문업체
2026-09-03T15:05:30,인천 삼산동 상가 거주청소 비용,seo-incheon-samsan-dong-store-residential-cleaning-cost,https://clever-griffin-93819d.netlify.app/seo-incheon-samsan-dong-store-residential-cleaning-cost/,인천 삼산동,거주청소,상가,비용
2026-09-03T15:05:30,인천 삼산동 상가 거주청소 가격,seo-incheon-samsan-dong-store-residential-cleaning-price,https://clever-griffin-93819d.netlify.app/seo-incheon-samsan-dong-store-residential-cleaning-price/,인천 삼산동,거주청소,상가,가격
2026-09-03T15:05:30,인천 삼산동 상가 거주청소 견적,seo-incheon-samsan-dong-store-residential-cleaning-estimate,https://clever-griffin-93819d.netlify.app/seo-incheon-samsan-dong-store-residential-cleaning-estimate/,인천 삼산동,거주청소,상가,견적
2026-09-03T15:05:30,인천 삼산동 상가 거주청소 예약,seo-incheon-samsan-dong-store-residential-cleaning-booking,https://clever-griffin-93819d.netlify.app/seo-incheon-samsan-dong-store-residential-cleaning-booking/,인천 삼산동,거주청소,상가,예약
2026-09-03T15:05:30,인천 삼산동 상가 거주청소 추천,seo-incheon-samsan-dong-store-residential-cleaning-recommend,https://clever-griffin-93819d.netlify.app/seo-incheon-samsan-dong-store-residential-cleaning-recommend/,인천 삼산동,거주청소,상가,추천
2026-09-03T15:05:30,인천 삼산동 상가 거주청소 후기,seo-incheon-samsan-dong-store-residential-cleaning-review,https://clever-griffin-93819d.netlify.app/seo-incheon-samsan-dong-store-residential-cleaning-review/,인천 삼산동,거주청소,상가,후기
2026-09-03T15:05:30,인천 삼산동 상가 거주청소 잘하는곳,seo-incheon-samsan-dong-store-residential-cleaning-best,https://clever-griffin-93819d.netlify.app/seo-incheon-samsan-dong-store-residential-cleaning-best/,인천 삼산동,거주청소,상가,잘하는곳
2026-09-03T15:05:30,인천 삼산동 상가 거주청소 업체,seo-incheon-samsan-dong-store-residential-cleaning-service,https://clever-griffin-93819d.netlify.app/seo-incheon-samsan-dong-store-residential-cleaning-service/,인천 삼산동,거주청소,상가,업체
2026-09-03T15:05:30,인천 삼산동 상가 거주청소 당일상담,seo-incheon-samsan-dong-store-residential-cleaning-same-day-consult,https://clever-griffin-93819d.netlify.app/seo-incheon-samsan-dong-store-residential-cleaning-same-day-consult/,인천 삼산동,거주청소,상가,당일상담
2026-09-03T15:05:30,인천 삼산동 상가 거주청소 주말예약,seo-incheon-samsan-dong-store-residential-cleaning-weekend-booking,https://clever-griffin-93819d.netlify.app/seo-incheon-samsan-dong-store-residential-cleaning-weekend-booking/,인천 삼산동,거주청소,상가,주말예약
2026-09-03T15:05:30,인천 삼산동 상가 거주청소 청소범위,seo-incheon-samsan-dong-store-residential-cleaning-scope,https://clever-griffin-93819d.netlify.app/seo-incheon-samsan-dong-store-residential-cleaning-scope/,인천 삼산동,거주청소,상가,청소범위
2026-09-03T15:05:30,인천 삼산동 사무실 거주청소 전문업체,seo-incheon-samsan-dong-office-residential-cleaning-company,https://clever-griffin-93819d.netlify.app/seo-incheon-samsan-dong-office-residential-cleaning-company/,인천 삼산동,거주청소,사무실,전문업체
2026-09-03T15:05:30,인천 삼산동 사무실 거주청소 비용,seo-incheon-samsan-dong-office-residential-cleaning-cost,https://clever-griffin-93819d.netlify.app/seo-incheon-samsan-dong-office-residential-cleaning-cost/,인천 삼산동,거주청소,사무실,비용
2026-09-03T15:05:30,인천 삼산동 사무실 거주청소 가격,seo-incheon-samsan-dong-office-residential-cleaning-price,https://clever-griffin-93819d.netlify.app/seo-incheon-samsan-dong-office-residential-cleaning-price/,인천 삼산동,거주청소,사무실,가격
2026-09-03T15:05:30,인천 삼산동 사무실 거주청소 견적,seo-incheon-samsan-dong-office-residential-cleaning-estimate,https://clever-griffin-93819d.netlify.app/seo-incheon-samsan-dong-office-residential-cleaning-estimate/,인천 삼산동,거주청소,사무실,견적
2026-09-03T15:05:30,인천 삼산동 사무실 거주청소 예약,seo-incheon-samsan-dong-office-residential-cleaning-booking,https://clever-griffin-93819d.netlify.app/seo-incheon-samsan-dong-office-residential-cleaning-booking/,인천 삼산동,거주청소,사무실,예약
2026-09-03T15:05:30,인천 삼산동 사무실 거주청소 추천,seo-incheon-samsan-dong-office-residential-cleaning-recommend,https://clever-griffin-93819d.netlify.app/seo-incheon-samsan-dong-office-residential-cleaning-recommend/,인천 삼산동,거주청소,사무실,추천
2026-09-03T15:05:30,인천 삼산동 사무실 거주청소 후기,seo-incheon-samsan-dong-office-residential-cleaning-review,https://clever-griffin-93819d.netlify.app/seo-incheon-samsan-dong-office-residential-cleaning-review/,인천 삼산동,거주청소,사무실,후기
2026-09-03T15:05:30,인천 삼산동 사무실 거주청소 잘하는곳,seo-incheon-samsan-dong-office-residential-cleaning-best,https://clever-griffin-93819d.netlify.app/seo-incheon-samsan-dong-office-residential-cleaning-best/,인천 삼산동,거주청소,사무실,잘하는곳
2026-09-03T15:05:30,인천 삼산동 사무실 거주청소 업체,seo-incheon-samsan-dong-office-residential-cleaning-service,https://clever-griffin-93819d.netlify.app/seo-incheon-samsan-dong-office-residential-cleaning-service/,인천 삼산동,거주청소,사무실,업체
2026-09-03T15:05:30,인천 삼산동 사무실 거주청소 당일상담,seo-incheon-samsan-dong-office-residential-cleaning-same-day-consult,https://clever-griffin-93819d.netlify.app/seo-incheon-samsan-dong-office-residential-cleaning-same-day-consult/,인천 삼산동,거주청소,사무실,당일상담
2026-09-03T15:05:30,인천 삼산동 사무실 거주청소 주말예약,seo-incheon-samsan-dong-office-residential-cleaning-weekend-booking,https://clever-griffin-93819d.netlify.app/seo-incheon-samsan-dong-office-residential-cleaning-weekend-booking/,인천 삼산동,거주청소,사무실,주말예약
2026-09-03T15:05:30,인천 삼산동 사무실 거주청소 청소범위,seo-incheon-samsan-dong-office-residential-cleaning-scope,https://clever-griffin-93819d.netlify.app/seo-incheon-samsan-dong-office-residential-cleaning-scope/,인천 삼산동,거주청소,사무실,청소범위
2026-09-03T15:05:30,인천 삼산동 상가청소 전문업체,seo-incheon-samsan-dong-store-cleaning-company,https://clever-griffin-93819d.netlify.app/seo-incheon-samsan-dong-store-cleaning-company/,인천 삼산동,상가청소,상가,전문업체
2026-09-03T15:05:30,인천 삼산동 상가청소 비용,seo-incheon-samsan-dong-store-cleaning-cost,https://clever-griffin-93819d.netlify.app/seo-incheon-samsan-dong-store-cleaning-cost/,인천 삼산동,상가청소,상가,비용
2026-09-03T15:05:30,인천 삼산동 상가청소 가격,seo-incheon-samsan-dong-store-cleaning-price,https://clever-griffin-93819d.netlify.app/seo-incheon-samsan-dong-store-cleaning-price/,인천 삼산동,상가청소,상가,가격
2026-09-03T15:05:30,인천 삼산동 상가청소 견적,seo-incheon-samsan-dong-store-cleaning-estimate,https://clever-griffin-93819d.netlify.app/seo-incheon-samsan-dong-store-cleaning-estimate/,인천 삼산동,상가청소,상가,견적
2026-09-03T15:05:30,인천 삼산동 상가청소 예약,seo-incheon-samsan-dong-store-cleaning-booking,https://clever-griffin-93819d.netlify.app/seo-incheon-samsan-dong-store-cleaning-booking/,인천 삼산동,상가청소,상가,예약
2026-09-03T15:05:30,인천 삼산동 상가청소 추천,seo-incheon-samsan-dong-store-cleaning-recommend,https://clever-griffin-93819d.netlify.app/seo-incheon-samsan-dong-store-cleaning-recommend/,인천 삼산동,상가청소,상가,추천
2026-09-03T15:05:30,인천 삼산동 상가청소 후기,seo-incheon-samsan-dong-store-cleaning-review,https://clever-griffin-93819d.netlify.app/seo-incheon-samsan-dong-store-cleaning-review/,인천 삼산동,상가청소,상가,후기
2026-09-03T15:05:30,인천 삼산동 상가청소 잘하는곳,seo-incheon-samsan-dong-store-cleaning-best,https://clever-griffin-93819d.netlify.app/seo-incheon-samsan-dong-store-cleaning-best/,인천 삼산동,상가청소,상가,잘하는곳
2026-09-03T15:05:30,인천 삼산동 상가청소 업체,seo-incheon-samsan-dong-store-cleaning-service,https://clever-griffin-93819d.netlify.app/seo-incheon-samsan-dong-store-cleaning-service/,인천 삼산동,상가청소,상가,업체
2026-09-03T15:05:30,인천 삼산동 상가청소 당일상담,seo-incheon-samsan-dong-store-cleaning-same-day-consult,https://clever-griffin-93819d.netlify.app/seo-incheon-samsan-dong-store-cleaning-same-day-consult/,인천 삼산동,상가청소,상가,당일상담
2026-09-03T15:05:30,인천 삼산동 상가청소 주말예약,seo-incheon-samsan-dong-store-cleaning-weekend-booking,https://clever-griffin-93819d.netlify.app/seo-incheon-samsan-dong-store-cleaning-weekend-booking/,인천 삼산동,상가청소,상가,주말예약
2026-09-03T15:05:30,인천 삼산동 상가청소 청소범위,seo-incheon-samsan-dong-store-cleaning-scope,https://clever-griffin-93819d.netlify.app/seo-incheon-samsan-dong-store-cleaning-scope/,인천 삼산동,상가청소,상가,청소범위
2026-09-03T15:05:30,인천 삼산동 사무실청소 전문업체,seo-incheon-samsan-dong-office-cleaning-company,https://clever-griffin-93819d.netlify.app/seo-incheon-samsan-dong-office-cleaning-company/,인천 삼산동,사무실청소,사무실,전문업체
2026-09-03T15:05:30,인천 삼산동 사무실청소 비용,seo-incheon-samsan-dong-office-cleaning-cost,https://clever-griffin-93819d.netlify.app/seo-incheon-samsan-dong-office-cleaning-cost/,인천 삼산동,사무실청소,사무실,비용
2026-09-03T15:05:30,인천 삼산동 사무실청소 가격,seo-incheon-samsan-dong-office-cleaning-price,https://clever-griffin-93819d.netlify.app/seo-incheon-samsan-dong-office-cleaning-price/,인천 삼산동,사무실청소,사무실,가격
2026-09-03T15:05:30,인천 삼산동 사무실청소 견적,seo-incheon-samsan-dong-office-cleaning-estimate,https://clever-griffin-93819d.netlify.app/seo-incheon-samsan-dong-office-cleaning-estimate/,인천 삼산동,사무실청소,사무실,견적
2026-09-03T15:05:30,인천 삼산동 사무실청소 예약,seo-incheon-samsan-dong-office-cleaning-booking,https://clever-griffin-93819d.netlify.app/seo-incheon-samsan-dong-office-cleaning-booking/,인천 삼산동,사무실청소,사무실,예약
2026-09-03T15:05:30,인천 삼산동 사무실청소 추천,seo-incheon-samsan-dong-office-cleaning-recommend,https://clever-griffin-93819d.netlify.app/seo-incheon-samsan-dong-office-cleaning-recommend/,인천 삼산동,사무실청소,사무실,추천
2026-09-03T15:05:30,인천 삼산동 사무실청소 후기,seo-incheon-samsan-dong-office-cleaning-review,https://clever-griffin-93819d.netlify.app/seo-incheon-samsan-dong-office-cleaning-review/,인천 삼산동,사무실청소,사무실,후기
2026-09-03T15:05:30,인천 삼산동 사무실청소 잘하는곳,seo-incheon-samsan-dong-office-cleaning-best,https://clever-griffin-93819d.netlify.app/seo-incheon-samsan-dong-office-cleaning-best/,인천 삼산동,사무실청소,사무실,잘하는곳
2026-09-03T15:05:30,인천 삼산동 사무실청소 업체,seo-incheon-samsan-dong-office-cleaning-service,https://clever-griffin-93819d.netlify.app/seo-incheon-samsan-dong-office-cleaning-service/,인천 삼산동,사무실청소,사무실,업체
2026-09-03T15:05:30,인천 삼산동 사무실청소 당일상담,seo-incheon-samsan-dong-office-cleaning-same-day-consult,https://clever-griffin-93819d.netlify.app/seo-incheon-samsan-dong-office-cleaning-same-day-consult/,인천 삼산동,사무실청소,사무실,당일상담
2026-09-03T15:05:30,인천 삼산동 사무실청소 주말예약,seo-incheon-samsan-dong-office-cleaning-weekend-booking,https://clever-griffin-93819d.netlify.app/seo-incheon-samsan-dong-office-cleaning-weekend-booking/,인천 삼산동,사무실청소,사무실,주말예약
2026-09-03T15:05:30,인천 삼산동 사무실청소 청소범위,seo-incheon-samsan-dong-office-cleaning-scope,https://clever-griffin-93819d.netlify.app/seo-incheon-samsan-dong-office-cleaning-scope/,인천 삼산동,사무실청소,사무실,청소범위
2026-09-03T15:05:30,인천 삼산동 원룸청소 전문업체,seo-incheon-samsan-dong-one-room-cleaning-company,https://clever-griffin-93819d.netlify.app/seo-incheon-samsan-dong-one-room-cleaning-company/,인천 삼산동,원룸청소,원룸,전문업체
2026-09-03T15:05:30,인천 삼산동 원룸청소 비용,seo-incheon-samsan-dong-one-room-cleaning-cost,https://clever-griffin-93819d.netlify.app/seo-incheon-samsan-dong-one-room-cleaning-cost/,인천 삼산동,원룸청소,원룸,비용
2026-09-03T15:05:30,인천 삼산동 원룸청소 가격,seo-incheon-samsan-dong-one-room-cleaning-price,https://clever-griffin-93819d.netlify.app/seo-incheon-samsan-dong-one-room-cleaning-price/,인천 삼산동,원룸청소,원룸,가격
2026-09-03T15:05:30,인천 삼산동 원룸청소 견적,seo-incheon-samsan-dong-one-room-cleaning-estimate,https://clever-griffin-93819d.netlify.app/seo-incheon-samsan-dong-one-room-cleaning-estimate/,인천 삼산동,원룸청소,원룸,견적
2026-09-03T15:05:30,인천 삼산동 원룸청소 예약,seo-incheon-samsan-dong-one-room-cleaning-booking,https://clever-griffin-93819d.netlify.app/seo-incheon-samsan-dong-one-room-cleaning-booking/,인천 삼산동,원룸청소,원룸,예약
2026-09-03T15:05:30,인천 삼산동 원룸청소 추천,seo-incheon-samsan-dong-one-room-cleaning-recommend,https://clever-griffin-93819d.netlify.app/seo-incheon-samsan-dong-one-room-cleaning-recommend/,인천 삼산동,원룸청소,원룸,추천
2026-09-03T15:05:30,인천 삼산동 원룸청소 후기,seo-incheon-samsan-dong-one-room-cleaning-review,https://clever-griffin-93819d.netlify.app/seo-incheon-samsan-dong-one-room-cleaning-review/,인천 삼산동,원룸청소,원룸,후기
2026-09-03T15:05:30,인천 삼산동 원룸청소 잘하는곳,seo-incheon-samsan-dong-one-room-cleaning-best,https://clever-griffin-93819d.netlify.app/seo-incheon-samsan-dong-one-room-cleaning-best/,인천 삼산동,원룸청소,원룸,잘하는곳
2026-09-03T15:05:30,인천 삼산동 원룸청소 업체,seo-incheon-samsan-dong-one-room-cleaning-service,https://clever-griffin-93819d.netlify.app/seo-incheon-samsan-dong-one-room-cleaning-service/,인천 삼산동,원룸청소,원룸,업체
2026-09-03T15:05:30,인천 삼산동 원룸청소 당일상담,seo-incheon-samsan-dong-one-room-cleaning-same-day-consult,https://clever-griffin-93819d.netlify.app/seo-incheon-samsan-dong-one-room-cleaning-same-day-consult/,인천 삼산동,원룸청소,원룸,당일상담
2026-09-03T15:05:30,인천 삼산동 원룸청소 주말예약,seo-incheon-samsan-dong-one-room-cleaning-weekend-booking,https://clever-griffin-93819d.netlify.app/seo-incheon-samsan-dong-one-room-cleaning-weekend-booking/,인천 삼산동,원룸청소,원룸,주말예약
2026-09-03T15:05:30,인천 삼산동 원룸청소 청소범위,seo-incheon-samsan-dong-one-room-cleaning-scope,https://clever-griffin-93819d.netlify.app/seo-incheon-samsan-dong-one-room-cleaning-scope/,인천 삼산동,원룸청소,원룸,청소범위
2026-09-03T15:05:30,인천 삼산동 빌라청소 전문업체,seo-incheon-samsan-dong-villa-cleaning-company,https://clever-griffin-93819d.netlify.app/seo-incheon-samsan-dong-villa-cleaning-company/,인천 삼산동,빌라청소,빌라,전문업체
2026-09-03T15:05:30,인천 삼산동 빌라청소 비용,seo-incheon-samsan-dong-villa-cleaning-cost,https://clever-griffin-93819d.netlify.app/seo-incheon-samsan-dong-villa-cleaning-cost/,인천 삼산동,빌라청소,빌라,비용
2026-09-03T15:05:30,인천 삼산동 빌라청소 가격,seo-incheon-samsan-dong-villa-cleaning-price,https://clever-griffin-93819d.netlify.app/seo-incheon-samsan-dong-villa-cleaning-price/,인천 삼산동,빌라청소,빌라,가격
2026-09-03T15:05:30,인천 삼산동 빌라청소 견적,seo-incheon-samsan-dong-villa-cleaning-estimate,https://clever-griffin-93819d.netlify.app/seo-incheon-samsan-dong-villa-cleaning-estimate/,인천 삼산동,빌라청소,빌라,견적
2026-09-03T15:05:30,인천 삼산동 빌라청소 예약,seo-incheon-samsan-dong-villa-cleaning-booking,https://clever-griffin-93819d.netlify.app/seo-incheon-samsan-dong-villa-cleaning-booking/,인천 삼산동,빌라청소,빌라,예약
2026-09-03T15:05:30,인천 삼산동 빌라청소 추천,seo-incheon-samsan-dong-villa-cleaning-recommend,https://clever-griffin-93819d.netlify.app/seo-incheon-samsan-dong-villa-cleaning-recommend/,인천 삼산동,빌라청소,빌라,추천
2026-09-03T15:05:30,인천 삼산동 빌라청소 후기,seo-incheon-samsan-dong-villa-cleaning-review,https://clever-griffin-93819d.netlify.app/seo-incheon-samsan-dong-villa-cleaning-review/,인천 삼산동,빌라청소,빌라,후기
2026-09-03T15:05:30,인천 삼산동 빌라청소 잘하는곳,seo-incheon-samsan-dong-villa-cleaning-best,https://clever-griffin-93819d.netlify.app/seo-incheon-samsan-dong-villa-cleaning-best/,인천 삼산동,빌라청소,빌라,잘하는곳
2026-09-03T15:05:30,인천 삼산동 빌라청소 업체,seo-incheon-samsan-dong-villa-cleaning-service,https://clever-griffin-93819d.netlify.app/seo-incheon-samsan-dong-villa-cleaning-service/,인천 삼산동,빌라청소,빌라,업체
2026-09-03T15:05:30,인천 삼산동 빌라청소 당일상담,seo-incheon-samsan-dong-villa-cleaning-same-day-consult,https://clever-griffin-93819d.netlify.app/seo-incheon-samsan-dong-villa-cleaning-same-day-consult/,인천 삼산동,빌라청소,빌라,당일상담
2026-09-03T15:05:30,인천 삼산동 빌라청소 주말예약,seo-incheon-samsan-dong-villa-cleaning-weekend-booking,https://clever-griffin-93819d.netlify.app/seo-incheon-samsan-dong-villa-cleaning-weekend-booking/,인천 삼산동,빌라청소,빌라,주말예약
2026-09-03T15:05:30,인천 삼산동 빌라청소 청소범위,seo-incheon-samsan-dong-villa-cleaning-scope,https://clever-griffin-93819d.netlify.app/seo-incheon-samsan-dong-villa-cleaning-scope/,인천 삼산동,빌라청소,빌라,청소범위
2026-09-03T15:05:30,인천 삼산동 오피스텔청소 전문업체,seo-incheon-samsan-dong-officetel-cleaning-company,https://clever-griffin-93819d.netlify.app/seo-incheon-samsan-dong-officetel-cleaning-company/,인천 삼산동,오피스텔청소,오피스텔,전문업체
2026-09-03T15:05:30,인천 삼산동 오피스텔청소 비용,seo-incheon-samsan-dong-officetel-cleaning-cost,https://clever-griffin-93819d.netlify.app/seo-incheon-samsan-dong-officetel-cleaning-cost/,인천 삼산동,오피스텔청소,오피스텔,비용
2026-09-03T15:05:30,인천 삼산동 오피스텔청소 가격,seo-incheon-samsan-dong-officetel-cleaning-price,https://clever-griffin-93819d.netlify.app/seo-incheon-samsan-dong-officetel-cleaning-price/,인천 삼산동,오피스텔청소,오피스텔,가격
2026-09-03T15:05:30,인천 삼산동 오피스텔청소 견적,seo-incheon-samsan-dong-officetel-cleaning-estimate,https://clever-griffin-93819d.netlify.app/seo-incheon-samsan-dong-officetel-cleaning-estimate/,인천 삼산동,오피스텔청소,오피스텔,견적
2026-09-03T15:05:30,인천 삼산동 오피스텔청소 예약,seo-incheon-samsan-dong-officetel-cleaning-booking,https://clever-griffin-93819d.netlify.app/seo-incheon-samsan-dong-officetel-cleaning-booking/,인천 삼산동,오피스텔청소,오피스텔,예약
2026-09-03T15:05:30,인천 삼산동 오피스텔청소 추천,seo-incheon-samsan-dong-officetel-cleaning-recommend,https://clever-griffin-93819d.netlify.app/seo-incheon-samsan-dong-officetel-cleaning-recommend/,인천 삼산동,오피스텔청소,오피스텔,추천
2026-09-03T15:05:30,인천 삼산동 오피스텔청소 후기,seo-incheon-samsan-dong-officetel-cleaning-review,https://clever-griffin-93819d.netlify.app/seo-incheon-samsan-dong-officetel-cleaning-review/,인천 삼산동,오피스텔청소,오피스텔,후기
2026-09-03T15:05:30,인천 삼산동 오피스텔청소 잘하는곳,seo-incheon-samsan-dong-officetel-cleaning-best,https://clever-griffin-93819d.netlify.app/seo-incheon-samsan-dong-officetel-cleaning-best/,인천 삼산동,오피스텔청소,오피스텔,잘하는곳
2026-09-03T15:05:30,인천 삼산동 오피스텔청소 업체,seo-incheon-samsan-dong-officetel-cleaning-service,https://clever-griffin-93819d.netlify.app/seo-incheon-samsan-dong-officetel-cleaning-service/,인천 삼산동,오피스텔청소,오피스텔,업체
2026-09-03T15:05:30,인천 삼산동 오피스텔청소 당일상담,seo-incheon-samsan-dong-officetel-cleaning-same-day-consult,https://clever-griffin-93819d.netlify.app/seo-incheon-samsan-dong-officetel-cleaning-same-day-consult/,인천 삼산동,오피스텔청소,오피스텔,당일상담
2026-09-03T15:05:30,인천 삼산동 오피스텔청소 주말예약,seo-incheon-samsan-dong-officetel-cleaning-weekend-booking,https://clever-griffin-93819d.netlify.app/seo-incheon-samsan-dong-officetel-cleaning-weekend-booking/,인천 삼산동,오피스텔청소,오피스텔,주말예약
2026-09-03T15:05:30,인천 삼산동 오피스텔청소 청소범위,seo-incheon-samsan-dong-officetel-cleaning-scope,https://clever-griffin-93819d.netlify.app/seo-incheon-samsan-dong-officetel-cleaning-scope/,인천 삼산동,오피스텔청소,오피스텔,청소범위
2026-09-03T15:05:30,인천 삼산동 원룸 폐기물청소 전문업체,seo-incheon-samsan-dong-one-room-waste-cleaning-company,https://clever-griffin-93819d.netlify.app/seo-incheon-samsan-dong-one-room-waste-cleaning-company/,인천 삼산동,폐기물청소,원룸,전문업체
2026-09-03T15:05:30,인천 삼산동 원룸 폐기물청소 비용,seo-incheon-samsan-dong-one-room-waste-cleaning-cost,https://clever-griffin-93819d.netlify.app/seo-incheon-samsan-dong-one-room-waste-cleaning-cost/,인천 삼산동,폐기물청소,원룸,비용
2026-09-03T15:05:30,인천 삼산동 원룸 폐기물청소 가격,seo-incheon-samsan-dong-one-room-waste-cleaning-price,https://clever-griffin-93819d.netlify.app/seo-incheon-samsan-dong-one-room-waste-cleaning-price/,인천 삼산동,폐기물청소,원룸,가격
2026-09-03T15:05:30,인천 삼산동 원룸 폐기물청소 견적,seo-incheon-samsan-dong-one-room-waste-cleaning-estimate,https://clever-griffin-93819d.netlify.app/seo-incheon-samsan-dong-one-room-waste-cleaning-estimate/,인천 삼산동,폐기물청소,원룸,견적
2026-09-03T15:05:30,인천 삼산동 원룸 폐기물청소 예약,seo-incheon-samsan-dong-one-room-waste-cleaning-booking,https://clever-griffin-93819d.netlify.app/seo-incheon-samsan-dong-one-room-waste-cleaning-booking/,인천 삼산동,폐기물청소,원룸,예약
2026-09-03T15:05:30,인천 삼산동 원룸 폐기물청소 추천,seo-incheon-samsan-dong-one-room-waste-cleaning-recommend,https://clever-griffin-93819d.netlify.app/seo-incheon-samsan-dong-one-room-waste-cleaning-recommend/,인천 삼산동,폐기물청소,원룸,추천
2026-09-03T15:05:30,인천 삼산동 원룸 폐기물청소 후기,seo-incheon-samsan-dong-one-room-waste-cleaning-review,https://clever-griffin-93819d.netlify.app/seo-incheon-samsan-dong-one-room-waste-cleaning-review/,인천 삼산동,폐기물청소,원룸,후기
2026-09-03T15:05:30,인천 삼산동 원룸 폐기물청소 잘하는곳,seo-incheon-samsan-dong-one-room-waste-cleaning-best,https://clever-griffin-93819d.netlify.app/seo-incheon-samsan-dong-one-room-waste-cleaning-best/,인천 삼산동,폐기물청소,원룸,잘하는곳
2026-09-03T15:05:30,인천 삼산동 원룸 폐기물청소 업체,seo-incheon-samsan-dong-one-room-waste-cleaning-service,https://clever-griffin-93819d.netlify.app/seo-incheon-samsan-dong-one-room-waste-cleaning-service/,인천 삼산동,폐기물청소,원룸,업체
2026-09-03T15:05:30,인천 삼산동 원룸 폐기물청소 당일상담,seo-incheon-samsan-dong-one-room-waste-cleaning-same-day-consult,https://clever-griffin-93819d.netlify.app/seo-incheon-samsan-dong-one-room-waste-cleaning-same-day-consult/,인천 삼산동,폐기물청소,원룸,당일상담
2026-09-03T15:05:30,인천 삼산동 원룸 폐기물청소 주말예약,seo-incheon-samsan-dong-one-room-waste-cleaning-weekend-booking,https://clever-griffin-93819d.netlify.app/seo-incheon-samsan-dong-one-room-waste-cleaning-weekend-booking/,인천 삼산동,폐기물청소,원룸,주말예약
2026-09-03T15:05:30,인천 삼산동 원룸 폐기물청소 청소범위,seo-incheon-samsan-dong-one-room-waste-cleaning-scope,https://clever-griffin-93819d.netlify.app/seo-incheon-samsan-dong-one-room-waste-cleaning-scope/,인천 삼산동,폐기물청소,원룸,청소범위
2026-09-03T15:05:30,인천 삼산동 빌라 폐기물청소 전문업체,seo-incheon-samsan-dong-villa-waste-cleaning-company,https://clever-griffin-93819d.netlify.app/seo-incheon-samsan-dong-villa-waste-cleaning-company/,인천 삼산동,폐기물청소,빌라,전문업체
2026-09-03T15:05:30,인천 삼산동 빌라 폐기물청소 비용,seo-incheon-samsan-dong-villa-waste-cleaning-cost,https://clever-griffin-93819d.netlify.app/seo-incheon-samsan-dong-villa-waste-cleaning-cost/,인천 삼산동,폐기물청소,빌라,비용
2026-09-03T15:05:30,인천 삼산동 빌라 폐기물청소 가격,seo-incheon-samsan-dong-villa-waste-cleaning-price,https://clever-griffin-93819d.netlify.app/seo-incheon-samsan-dong-villa-waste-cleaning-price/,인천 삼산동,폐기물청소,빌라,가격
2026-09-03T15:05:30,인천 삼산동 빌라 폐기물청소 견적,seo-incheon-samsan-dong-villa-waste-cleaning-estimate,https://clever-griffin-93819d.netlify.app/seo-incheon-samsan-dong-villa-waste-cleaning-estimate/,인천 삼산동,폐기물청소,빌라,견적
2026-09-03T15:05:30,인천 삼산동 빌라 폐기물청소 예약,seo-incheon-samsan-dong-villa-waste-cleaning-booking,https://clever-griffin-93819d.netlify.app/seo-incheon-samsan-dong-villa-waste-cleaning-booking/,인천 삼산동,폐기물청소,빌라,예약
2026-09-03T15:05:30,인천 삼산동 빌라 폐기물청소 추천,seo-incheon-samsan-dong-villa-waste-cleaning-recommend,https://clever-griffin-93819d.netlify.app/seo-incheon-samsan-dong-villa-waste-cleaning-recommend/,인천 삼산동,폐기물청소,빌라,추천
2026-09-03T15:05:30,인천 삼산동 빌라 폐기물청소 후기,seo-incheon-samsan-dong-villa-waste-cleaning-review,https://clever-griffin-93819d.netlify.app/seo-incheon-samsan-dong-villa-waste-cleaning-review/,인천 삼산동,폐기물청소,빌라,후기
2026-09-03T15:05:30,인천 삼산동 빌라 폐기물청소 잘하는곳,seo-incheon-samsan-dong-villa-waste-cleaning-best,https://clever-griffin-93819d.netlify.app/seo-incheon-samsan-dong-villa-waste-cleaning-best/,인천 삼산동,폐기물청소,빌라,잘하는곳
2026-09-03T15:05:30,인천 삼산동 빌라 폐기물청소 업체,seo-incheon-samsan-dong-villa-waste-cleaning-service,https://clever-griffin-93819d.netlify.app/seo-incheon-samsan-dong-villa-waste-cleaning-service/,인천 삼산동,폐기물청소,빌라,업체
2026-09-03T15:05:30,인천 삼산동 빌라 폐기물청소 당일상담,seo-incheon-samsan-dong-villa-waste-cleaning-same-day-consult,https://clever-griffin-93819d.netlify.app/seo-incheon-samsan-dong-villa-waste-cleaning-same-day-consult/,인천 삼산동,폐기물청소,빌라,당일상담
2026-09-03T15:05:30,인천 삼산동 빌라 폐기물청소 주말예약,seo-incheon-samsan-dong-villa-waste-cleaning-weekend-booking,https://clever-griffin-93819d.netlify.app/seo-incheon-samsan-dong-villa-waste-cleaning-weekend-booking/,인천 삼산동,폐기물청소,빌라,주말예약
2026-09-03T15:05:30,인천 삼산동 빌라 폐기물청소 청소범위,seo-incheon-samsan-dong-villa-waste-cleaning-scope,https://clever-griffin-93819d.netlify.app/seo-incheon-samsan-dong-villa-waste-cleaning-scope/,인천 삼산동,폐기물청소,빌라,청소범위
2026-09-03T15:05:30,인천 삼산동 오피스텔 폐기물청소 전문업체,seo-incheon-samsan-dong-officetel-waste-cleaning-company,https://clever-griffin-93819d.netlify.app/seo-incheon-samsan-dong-officetel-waste-cleaning-company/,인천 삼산동,폐기물청소,오피스텔,전문업체
2026-09-03T15:05:30,인천 삼산동 오피스텔 폐기물청소 비용,seo-incheon-samsan-dong-officetel-waste-cleaning-cost,https://clever-griffin-93819d.netlify.app/seo-incheon-samsan-dong-officetel-waste-cleaning-cost/,인천 삼산동,폐기물청소,오피스텔,비용
2026-09-03T15:05:30,인천 삼산동 오피스텔 폐기물청소 가격,seo-incheon-samsan-dong-officetel-waste-cleaning-price,https://clever-griffin-93819d.netlify.app/seo-incheon-samsan-dong-officetel-waste-cleaning-price/,인천 삼산동,폐기물청소,오피스텔,가격
2026-09-03T15:05:30,인천 삼산동 오피스텔 폐기물청소 견적,seo-incheon-samsan-dong-officetel-waste-cleaning-estimate,https://clever-griffin-93819d.netlify.app/seo-incheon-samsan-dong-officetel-waste-cleaning-estimate/,인천 삼산동,폐기물청소,오피스텔,견적
2026-09-03T15:05:30,인천 삼산동 오피스텔 폐기물청소 예약,seo-incheon-samsan-dong-officetel-waste-cleaning-booking,https://clever-griffin-93819d.netlify.app/seo-incheon-samsan-dong-officetel-waste-cleaning-booking/,인천 삼산동,폐기물청소,오피스텔,예약
2026-09-03T15:05:30,인천 삼산동 오피스텔 폐기물청소 추천,seo-incheon-samsan-dong-officetel-waste-cleaning-recommend,https://clever-griffin-93819d.netlify.app/seo-incheon-samsan-dong-officetel-waste-cleaning-recommend/,인천 삼산동,폐기물청소,오피스텔,추천
2026-09-03T15:05:30,인천 삼산동 오피스텔 폐기물청소 후기,seo-incheon-samsan-dong-officetel-waste-cleaning-review,https://clever-griffin-93819d.netlify.app/seo-incheon-samsan-dong-officetel-waste-cleaning-review/,인천 삼산동,폐기물청소,오피스텔,후기
2026-09-03T15:05:30,인천 삼산동 오피스텔 폐기물청소 잘하는곳,seo-incheon-samsan-dong-officetel-waste-cleaning-best,https://clever-griffin-93819d.netlify.app/seo-incheon-samsan-dong-officetel-waste-cleaning-best/,인천 삼산동,폐기물청소,오피스텔,잘하는곳
2026-09-03T15:05:30,인천 삼산동 오피스텔 폐기물청소 업체,seo-incheon-samsan-dong-officetel-waste-cleaning-service,https://clever-griffin-93819d.netlify.app/seo-incheon-samsan-dong-officetel-waste-cleaning-service/,인천 삼산동,폐기물청소,오피스텔,업체
2026-09-03T15:05:30,인천 삼산동 오피스텔 폐기물청소 당일상담,seo-incheon-samsan-dong-officetel-waste-cleaning-same-day-consult,https://clever-griffin-93819d.netlify.app/seo-incheon-samsan-dong-officetel-waste-cleaning-same-day-consult/,인천 삼산동,폐기물청소,오피스텔,당일상담
2026-09-03T15:05:30,인천 삼산동 오피스텔 폐기물청소 주말예약,seo-incheon-samsan-dong-officetel-waste-cleaning-weekend-booking,https://clever-griffin-93819d.netlify.app/seo-incheon-samsan-dong-officetel-waste-cleaning-weekend-booking/,인천 삼산동,폐기물청소,오피스텔,주말예약
2026-09-03T15:05:30,인천 삼산동 오피스텔 폐기물청소 청소범위,seo-incheon-samsan-dong-officetel-waste-cleaning-scope,https://clever-griffin-93819d.netlify.app/seo-incheon-samsan-dong-officetel-waste-cleaning-scope/,인천 삼산동,폐기물청소,오피스텔,청소범위
2026-09-03T15:05:30,인천 삼산동 상가 폐기물청소 전문업체,seo-incheon-samsan-dong-store-waste-cleaning-company,https://clever-griffin-93819d.netlify.app/seo-incheon-samsan-dong-store-waste-cleaning-company/,인천 삼산동,폐기물청소,상가,전문업체
2026-09-03T15:05:30,인천 삼산동 상가 폐기물청소 비용,seo-incheon-samsan-dong-store-waste-cleaning-cost,https://clever-griffin-93819d.netlify.app/seo-incheon-samsan-dong-store-waste-cleaning-cost/,인천 삼산동,폐기물청소,상가,비용
2026-09-03T15:05:30,인천 삼산동 상가 폐기물청소 가격,seo-incheon-samsan-dong-store-waste-cleaning-price,https://clever-griffin-93819d.netlify.app/seo-incheon-samsan-dong-store-waste-cleaning-price/,인천 삼산동,폐기물청소,상가,가격
2026-09-03T15:05:30,인천 삼산동 상가 폐기물청소 견적,seo-incheon-samsan-dong-store-waste-cleaning-estimate,https://clever-griffin-93819d.netlify.app/seo-incheon-samsan-dong-store-waste-cleaning-estimate/,인천 삼산동,폐기물청소,상가,견적
2026-09-03T15:05:30,인천 삼산동 상가 폐기물청소 예약,seo-incheon-samsan-dong-store-waste-cleaning-booking,https://clever-griffin-93819d.netlify.app/seo-incheon-samsan-dong-store-waste-cleaning-booking/,인천 삼산동,폐기물청소,상가,예약
2026-09-03T15:05:30,인천 삼산동 상가 폐기물청소 추천,seo-incheon-samsan-dong-store-waste-cleaning-recommend,https://clever-griffin-93819d.netlify.app/seo-incheon-samsan-dong-store-waste-cleaning-recommend/,인천 삼산동,폐기물청소,상가,추천
2026-09-03T15:05:30,인천 삼산동 상가 폐기물청소 후기,seo-incheon-samsan-dong-store-waste-cleaning-review,https://clever-griffin-93819d.netlify.app/seo-incheon-samsan-dong-store-waste-cleaning-review/,인천 삼산동,폐기물청소,상가,후기
2026-09-03T15:05:30,인천 삼산동 상가 폐기물청소 잘하는곳,seo-incheon-samsan-dong-store-waste-cleaning-best,https://clever-griffin-93819d.netlify.app/seo-incheon-samsan-dong-store-waste-cleaning-best/,인천 삼산동,폐기물청소,상가,잘하는곳
2026-09-03T15:05:30,인천 삼산동 상가 폐기물청소 업체,seo-incheon-samsan-dong-store-waste-cleaning-service,https://clever-griffin-93819d.netlify.app/seo-incheon-samsan-dong-store-waste-cleaning-service/,인천 삼산동,폐기물청소,상가,업체
2026-09-03T15:05:30,인천 삼산동 상가 폐기물청소 당일상담,seo-incheon-samsan-dong-store-waste-cleaning-same-day-consult,https://clever-griffin-93819d.netlify.app/seo-incheon-samsan-dong-store-waste-cleaning-same-day-consult/,인천 삼산동,폐기물청소,상가,당일상담
2026-09-03T15:05:30,인천 삼산동 상가 폐기물청소 주말예약,seo-incheon-samsan-dong-store-waste-cleaning-weekend-booking,https://clever-griffin-93819d.netlify.app/seo-incheon-samsan-dong-store-waste-cleaning-weekend-booking/,인천 삼산동,폐기물청소,상가,주말예약
2026-09-03T15:05:30,인천 삼산동 상가 폐기물청소 청소범위,seo-incheon-samsan-dong-store-waste-cleaning-scope,https://clever-griffin-93819d.netlify.app/seo-incheon-samsan-dong-store-waste-cleaning-scope/,인천 삼산동,폐기물청소,상가,청소범위
2026-09-03T15:05:30,인천 삼산동 사무실 폐기물청소 전문업체,seo-incheon-samsan-dong-office-waste-cleaning-company,https://clever-griffin-93819d.netlify.app/seo-incheon-samsan-dong-office-waste-cleaning-company/,인천 삼산동,폐기물청소,사무실,전문업체
2026-09-03T15:05:30,인천 삼산동 사무실 폐기물청소 비용,seo-incheon-samsan-dong-office-waste-cleaning-cost,https://clever-griffin-93819d.netlify.app/seo-incheon-samsan-dong-office-waste-cleaning-cost/,인천 삼산동,폐기물청소,사무실,비용
2026-09-03T15:05:30,인천 삼산동 사무실 폐기물청소 가격,seo-incheon-samsan-dong-office-waste-cleaning-price,https://clever-griffin-93819d.netlify.app/seo-incheon-samsan-dong-office-waste-cleaning-price/,인천 삼산동,폐기물청소,사무실,가격
2026-09-03T15:05:30,인천 삼산동 사무실 폐기물청소 견적,seo-incheon-samsan-dong-office-waste-cleaning-estimate,https://clever-griffin-93819d.netlify.app/seo-incheon-samsan-dong-office-waste-cleaning-estimate/,인천 삼산동,폐기물청소,사무실,견적
2026-09-03T15:05:30,인천 삼산동 사무실 폐기물청소 예약,seo-incheon-samsan-dong-office-waste-cleaning-booking,https://clever-griffin-93819d.netlify.app/seo-incheon-samsan-dong-office-waste-cleaning-booking/,인천 삼산동,폐기물청소,사무실,예약
2026-09-03T15:05:30,인천 삼산동 사무실 폐기물청소 추천,seo-incheon-samsan-dong-office-waste-cleaning-recommend,https://clever-griffin-93819d.netlify.app/seo-incheon-samsan-dong-office-waste-cleaning-recommend/,인천 삼산동,폐기물청소,사무실,추천
2026-09-03T15:05:30,인천 삼산동 사무실 폐기물청소 후기,seo-incheon-samsan-dong-office-waste-cleaning-review,https://clever-griffin-93819d.netlify.app/seo-incheon-samsan-dong-office-waste-cleaning-review/,인천 삼산동,폐기물청소,사무실,후기
2026-09-03T15:05:30,인천 삼산동 사무실 폐기물청소 잘하는곳,seo-incheon-samsan-dong-office-waste-cleaning-best,https://clever-griffin-93819d.netlify.app/seo-incheon-samsan-dong-office-waste-cleaning-best/,인천 삼산동,폐기물청소,사무실,잘하는곳
2026-09-03T15:05:30,인천 삼산동 사무실 폐기물청소 업체,seo-incheon-samsan-dong-office-waste-cleaning-service,https://clever-griffin-93819d.netlify.app/seo-incheon-samsan-dong-office-waste-cleaning-service/,인천 삼산동,폐기물청소,사무실,업체
2026-09-03T15:05:30,인천 삼산동 사무실 폐기물청소 당일상담,seo-incheon-samsan-dong-office-waste-cleaning-same-day-consult,https://clever-griffin-93819d.netlify.app/seo-incheon-samsan-dong-office-waste-cleaning-same-day-consult/,인천 삼산동,폐기물청소,사무실,당일상담
2026-09-03T15:05:30,인천 삼산동 사무실 폐기물청소 주말예약,seo-incheon-samsan-dong-office-waste-cleaning-weekend-booking,https://clever-griffin-93819d.netlify.app/seo-incheon-samsan-dong-office-waste-cleaning-weekend-booking/,인천 삼산동,폐기물청소,사무실,주말예약
2026-09-03T15:05:30,인천 삼산동 사무실 폐기물청소 청소범위,seo-incheon-samsan-dong-office-waste-cleaning-scope,https://clever-griffin-93819d.netlify.app/seo-incheon-samsan-dong-office-waste-cleaning-scope/,인천 삼산동,폐기물청소,사무실,청소범위
2026-09-03T15:05:30,인천 부평동 아파트 입주청소 전문업체,seo-incheon-bupyeong-dong-apartment-move-in-cleaning-company,https://clever-griffin-93819d.netlify.app/seo-incheon-bupyeong-dong-apartment-move-in-cleaning-company/,인천 부평동,입주청소,아파트,전문업체
2026-09-03T15:05:30,인천 부평동 아파트 입주청소 비용,seo-incheon-bupyeong-dong-apartment-move-in-cleaning-cost,https://clever-griffin-93819d.netlify.app/seo-incheon-bupyeong-dong-apartment-move-in-cleaning-cost/,인천 부평동,입주청소,아파트,비용
2026-09-03T15:05:30,인천 부평동 아파트 입주청소 가격,seo-incheon-bupyeong-dong-apartment-move-in-cleaning-price,https://clever-griffin-93819d.netlify.app/seo-incheon-bupyeong-dong-apartment-move-in-cleaning-price/,인천 부평동,입주청소,아파트,가격
2026-09-03T15:05:30,인천 부평동 아파트 입주청소 견적,seo-incheon-bupyeong-dong-apartment-move-in-cleaning-estimate,https://clever-griffin-93819d.netlify.app/seo-incheon-bupyeong-dong-apartment-move-in-cleaning-estimate/,인천 부평동,입주청소,아파트,견적
2026-09-03T15:05:30,인천 부평동 아파트 입주청소 예약,seo-incheon-bupyeong-dong-apartment-move-in-cleaning-booking,https://clever-griffin-93819d.netlify.app/seo-incheon-bupyeong-dong-apartment-move-in-cleaning-booking/,인천 부평동,입주청소,아파트,예약
2026-09-03T15:05:30,인천 부평동 아파트 입주청소 추천,seo-incheon-bupyeong-dong-apartment-move-in-cleaning-recommend,https://clever-griffin-93819d.netlify.app/seo-incheon-bupyeong-dong-apartment-move-in-cleaning-recommend/,인천 부평동,입주청소,아파트,추천
2026-09-03T15:05:30,인천 부평동 아파트 입주청소 후기,seo-incheon-bupyeong-dong-apartment-move-in-cleaning-review,https://clever-griffin-93819d.netlify.app/seo-incheon-bupyeong-dong-apartment-move-in-cleaning-review/,인천 부평동,입주청소,아파트,후기
2026-09-03T15:05:30,인천 부평동 아파트 입주청소 잘하는곳,seo-incheon-bupyeong-dong-apartment-move-in-cleaning-best,https://clever-griffin-93819d.netlify.app/seo-incheon-bupyeong-dong-apartment-move-in-cleaning-best/,인천 부평동,입주청소,아파트,잘하는곳
2026-09-03T15:05:30,인천 부평동 아파트 입주청소 업체,seo-incheon-bupyeong-dong-apartment-move-in-cleaning-service,https://clever-griffin-93819d.netlify.app/seo-incheon-bupyeong-dong-apartment-move-in-cleaning-service/,인천 부평동,입주청소,아파트,업체
2026-09-03T15:05:30,인천 부평동 아파트 입주청소 당일상담,seo-incheon-bupyeong-dong-apartment-move-in-cleaning-same-day-consult,https://clever-griffin-93819d.netlify.app/seo-incheon-bupyeong-dong-apartment-move-in-cleaning-same-day-consult/,인천 부평동,입주청소,아파트,당일상담
2026-09-03T15:05:30,인천 부평동 아파트 입주청소 주말예약,seo-incheon-bupyeong-dong-apartment-move-in-cleaning-weekend-booking,https://clever-griffin-93819d.netlify.app/seo-incheon-bupyeong-dong-apartment-move-in-cleaning-weekend-booking/,인천 부평동,입주청소,아파트,주말예약
2026-09-03T15:05:30,인천 부평동 아파트 입주청소 청소범위,seo-incheon-bupyeong-dong-apartment-move-in-cleaning-scope,https://clever-griffin-93819d.netlify.app/seo-incheon-bupyeong-dong-apartment-move-in-cleaning-scope/,인천 부평동,입주청소,아파트,청소범위
2026-09-03T15:05:30,인천 부평동 원룸 입주청소 전문업체,seo-incheon-bupyeong-dong-one-room-move-in-cleaning-company,https://clever-griffin-93819d.netlify.app/seo-incheon-bupyeong-dong-one-room-move-in-cleaning-company/,인천 부평동,입주청소,원룸,전문업체
2026-09-03T15:05:30,인천 부평동 원룸 입주청소 비용,seo-incheon-bupyeong-dong-one-room-move-in-cleaning-cost,https://clever-griffin-93819d.netlify.app/seo-incheon-bupyeong-dong-one-room-move-in-cleaning-cost/,인천 부평동,입주청소,원룸,비용
2026-09-03T15:05:30,인천 부평동 원룸 입주청소 가격,seo-incheon-bupyeong-dong-one-room-move-in-cleaning-price,https://clever-griffin-93819d.netlify.app/seo-incheon-bupyeong-dong-one-room-move-in-cleaning-price/,인천 부평동,입주청소,원룸,가격
2026-09-03T15:05:30,인천 부평동 원룸 입주청소 견적,seo-incheon-bupyeong-dong-one-room-move-in-cleaning-estimate,https://clever-griffin-93819d.netlify.app/seo-incheon-bupyeong-dong-one-room-move-in-cleaning-estimate/,인천 부평동,입주청소,원룸,견적
2026-09-03T15:05:30,인천 부평동 원룸 입주청소 예약,seo-incheon-bupyeong-dong-one-room-move-in-cleaning-booking,https://clever-griffin-93819d.netlify.app/seo-incheon-bupyeong-dong-one-room-move-in-cleaning-booking/,인천 부평동,입주청소,원룸,예약
2026-09-03T15:05:30,인천 부평동 원룸 입주청소 추천,seo-incheon-bupyeong-dong-one-room-move-in-cleaning-recommend,https://clever-griffin-93819d.netlify.app/seo-incheon-bupyeong-dong-one-room-move-in-cleaning-recommend/,인천 부평동,입주청소,원룸,추천
2026-09-03T15:05:30,인천 부평동 원룸 입주청소 후기,seo-incheon-bupyeong-dong-one-room-move-in-cleaning-review,https://clever-griffin-93819d.netlify.app/seo-incheon-bupyeong-dong-one-room-move-in-cleaning-review/,인천 부평동,입주청소,원룸,후기
2026-09-03T15:05:30,인천 부평동 원룸 입주청소 잘하는곳,seo-incheon-bupyeong-dong-one-room-move-in-cleaning-best,https://clever-griffin-93819d.netlify.app/seo-incheon-bupyeong-dong-one-room-move-in-cleaning-best/,인천 부평동,입주청소,원룸,잘하는곳
2026-09-03T15:05:30,인천 부평동 원룸 입주청소 업체,seo-incheon-bupyeong-dong-one-room-move-in-cleaning-service,https://clever-griffin-93819d.netlify.app/seo-incheon-bupyeong-dong-one-room-move-in-cleaning-service/,인천 부평동,입주청소,원룸,업체
2026-09-03T15:05:30,인천 부평동 원룸 입주청소 당일상담,seo-incheon-bupyeong-dong-one-room-move-in-cleaning-same-day-consult,https://clever-griffin-93819d.netlify.app/seo-incheon-bupyeong-dong-one-room-move-in-cleaning-same-day-consult/,인천 부평동,입주청소,원룸,당일상담
2026-09-03T15:05:30,인천 부평동 원룸 입주청소 주말예약,seo-incheon-bupyeong-dong-one-room-move-in-cleaning-weekend-booking,https://clever-griffin-93819d.netlify.app/seo-incheon-bupyeong-dong-one-room-move-in-cleaning-weekend-booking/,인천 부평동,입주청소,원룸,주말예약
2026-09-03T15:05:30,인천 부평동 원룸 입주청소 청소범위,seo-incheon-bupyeong-dong-one-room-move-in-cleaning-scope,https://clever-griffin-93819d.netlify.app/seo-incheon-bupyeong-dong-one-room-move-in-cleaning-scope/,인천 부평동,입주청소,원룸,청소범위
2026-09-03T15:05:30,인천 부평동 빌라 입주청소 전문업체,seo-incheon-bupyeong-dong-villa-move-in-cleaning-company,https://clever-griffin-93819d.netlify.app/seo-incheon-bupyeong-dong-villa-move-in-cleaning-company/,인천 부평동,입주청소,빌라,전문업체
2026-09-03T15:05:30,인천 부평동 빌라 입주청소 비용,seo-incheon-bupyeong-dong-villa-move-in-cleaning-cost,https://clever-griffin-93819d.netlify.app/seo-incheon-bupyeong-dong-villa-move-in-cleaning-cost/,인천 부평동,입주청소,빌라,비용
2026-09-03T15:05:30,인천 부평동 빌라 입주청소 가격,seo-incheon-bupyeong-dong-villa-move-in-cleaning-price,https://clever-griffin-93819d.netlify.app/seo-incheon-bupyeong-dong-villa-move-in-cleaning-price/,인천 부평동,입주청소,빌라,가격
2026-09-03T15:05:30,인천 부평동 빌라 입주청소 견적,seo-incheon-bupyeong-dong-villa-move-in-cleaning-estimate,https://clever-griffin-93819d.netlify.app/seo-incheon-bupyeong-dong-villa-move-in-cleaning-estimate/,인천 부평동,입주청소,빌라,견적
2026-09-03T15:05:30,인천 부평동 빌라 입주청소 예약,seo-incheon-bupyeong-dong-villa-move-in-cleaning-booking,https://clever-griffin-93819d.netlify.app/seo-incheon-bupyeong-dong-villa-move-in-cleaning-booking/,인천 부평동,입주청소,빌라,예약
2026-09-03T15:05:30,인천 부평동 빌라 입주청소 추천,seo-incheon-bupyeong-dong-villa-move-in-cleaning-recommend,https://clever-griffin-93819d.netlify.app/seo-incheon-bupyeong-dong-villa-move-in-cleaning-recommend/,인천 부평동,입주청소,빌라,추천
2026-09-03T15:05:30,인천 부평동 빌라 입주청소 후기,seo-incheon-bupyeong-dong-villa-move-in-cleaning-review,https://clever-griffin-93819d.netlify.app/seo-incheon-bupyeong-dong-villa-move-in-cleaning-review/,인천 부평동,입주청소,빌라,후기
2026-09-03T15:05:30,인천 부평동 빌라 입주청소 잘하는곳,seo-incheon-bupyeong-dong-villa-move-in-cleaning-best,https://clever-griffin-93819d.netlify.app/seo-incheon-bupyeong-dong-villa-move-in-cleaning-best/,인천 부평동,입주청소,빌라,잘하는곳
2026-09-03T15:05:30,인천 부평동 빌라 입주청소 업체,seo-incheon-bupyeong-dong-villa-move-in-cleaning-service,https://clever-griffin-93819d.netlify.app/seo-incheon-bupyeong-dong-villa-move-in-cleaning-service/,인천 부평동,입주청소,빌라,업체
2026-09-03T15:05:30,인천 부평동 빌라 입주청소 당일상담,seo-incheon-bupyeong-dong-villa-move-in-cleaning-same-day-consult,https://clever-griffin-93819d.netlify.app/seo-incheon-bupyeong-dong-villa-move-in-cleaning-same-day-consult/,인천 부평동,입주청소,빌라,당일상담
2026-09-03T15:05:30,인천 부평동 빌라 입주청소 주말예약,seo-incheon-bupyeong-dong-villa-move-in-cleaning-weekend-booking,https://clever-griffin-93819d.netlify.app/seo-incheon-bupyeong-dong-villa-move-in-cleaning-weekend-booking/,인천 부평동,입주청소,빌라,주말예약
2026-09-03T15:05:30,인천 부평동 빌라 입주청소 청소범위,seo-incheon-bupyeong-dong-villa-move-in-cleaning-scope,https://clever-griffin-93819d.netlify.app/seo-incheon-bupyeong-dong-villa-move-in-cleaning-scope/,인천 부평동,입주청소,빌라,청소범위
2026-09-03T15:05:30,인천 부평동 오피스텔 입주청소 전문업체,seo-incheon-bupyeong-dong-officetel-move-in-cleaning-company,https://clever-griffin-93819d.netlify.app/seo-incheon-bupyeong-dong-officetel-move-in-cleaning-company/,인천 부평동,입주청소,오피스텔,전문업체
2026-09-03T15:05:30,인천 부평동 오피스텔 입주청소 비용,seo-incheon-bupyeong-dong-officetel-move-in-cleaning-cost,https://clever-griffin-93819d.netlify.app/seo-incheon-bupyeong-dong-officetel-move-in-cleaning-cost/,인천 부평동,입주청소,오피스텔,비용
2026-09-03T15:05:30,인천 부평동 오피스텔 입주청소 가격,seo-incheon-bupyeong-dong-officetel-move-in-cleaning-price,https://clever-griffin-93819d.netlify.app/seo-incheon-bupyeong-dong-officetel-move-in-cleaning-price/,인천 부평동,입주청소,오피스텔,가격
2026-09-03T15:05:30,인천 부평동 오피스텔 입주청소 견적,seo-incheon-bupyeong-dong-officetel-move-in-cleaning-estimate,https://clever-griffin-93819d.netlify.app/seo-incheon-bupyeong-dong-officetel-move-in-cleaning-estimate/,인천 부평동,입주청소,오피스텔,견적
2026-09-03T15:05:30,인천 부평동 오피스텔 입주청소 예약,seo-incheon-bupyeong-dong-officetel-move-in-cleaning-booking,https://clever-griffin-93819d.netlify.app/seo-incheon-bupyeong-dong-officetel-move-in-cleaning-booking/,인천 부평동,입주청소,오피스텔,예약
2026-09-03T15:05:30,인천 부평동 오피스텔 입주청소 추천,seo-incheon-bupyeong-dong-officetel-move-in-cleaning-recommend,https://clever-griffin-93819d.netlify.app/seo-incheon-bupyeong-dong-officetel-move-in-cleaning-recommend/,인천 부평동,입주청소,오피스텔,추천
2026-09-03T15:05:30,인천 부평동 오피스텔 입주청소 후기,seo-incheon-bupyeong-dong-officetel-move-in-cleaning-review,https://clever-griffin-93819d.netlify.app/seo-incheon-bupyeong-dong-officetel-move-in-cleaning-review/,인천 부평동,입주청소,오피스텔,후기
2026-09-03T15:05:30,인천 부평동 오피스텔 입주청소 잘하는곳,seo-incheon-bupyeong-dong-officetel-move-in-cleaning-best,https://clever-griffin-93819d.netlify.app/seo-incheon-bupyeong-dong-officetel-move-in-cleaning-best/,인천 부평동,입주청소,오피스텔,잘하는곳
2026-09-03T15:05:30,인천 부평동 오피스텔 입주청소 업체,seo-incheon-bupyeong-dong-officetel-move-in-cleaning-service,https://clever-griffin-93819d.netlify.app/seo-incheon-bupyeong-dong-officetel-move-in-cleaning-service/,인천 부평동,입주청소,오피스텔,업체
2026-09-03T15:05:30,인천 부평동 오피스텔 입주청소 당일상담,seo-incheon-bupyeong-dong-officetel-move-in-cleaning-same-day-consult,https://clever-griffin-93819d.netlify.app/seo-incheon-bupyeong-dong-officetel-move-in-cleaning-same-day-consult/,인천 부평동,입주청소,오피스텔,당일상담
2026-09-03T15:05:30,인천 부평동 오피스텔 입주청소 주말예약,seo-incheon-bupyeong-dong-officetel-move-in-cleaning-weekend-booking,https://clever-griffin-93819d.netlify.app/seo-incheon-bupyeong-dong-officetel-move-in-cleaning-weekend-booking/,인천 부평동,입주청소,오피스텔,주말예약
2026-09-03T15:05:30,인천 부평동 오피스텔 입주청소 청소범위,seo-incheon-bupyeong-dong-officetel-move-in-cleaning-scope,https://clever-griffin-93819d.netlify.app/seo-incheon-bupyeong-dong-officetel-move-in-cleaning-scope/,인천 부평동,입주청소,오피스텔,청소범위
2026-09-03T15:05:30,인천 부평동 상가 입주청소 전문업체,seo-incheon-bupyeong-dong-store-move-in-cleaning-company,https://clever-griffin-93819d.netlify.app/seo-incheon-bupyeong-dong-store-move-in-cleaning-company/,인천 부평동,입주청소,상가,전문업체
2026-09-03T15:05:30,인천 부평동 상가 입주청소 비용,seo-incheon-bupyeong-dong-store-move-in-cleaning-cost,https://clever-griffin-93819d.netlify.app/seo-incheon-bupyeong-dong-store-move-in-cleaning-cost/,인천 부평동,입주청소,상가,비용
2026-09-03T15:05:30,인천 부평동 상가 입주청소 가격,seo-incheon-bupyeong-dong-store-move-in-cleaning-price,https://clever-griffin-93819d.netlify.app/seo-incheon-bupyeong-dong-store-move-in-cleaning-price/,인천 부평동,입주청소,상가,가격
2026-09-03T15:05:30,인천 부평동 상가 입주청소 견적,seo-incheon-bupyeong-dong-store-move-in-cleaning-estimate,https://clever-griffin-93819d.netlify.app/seo-incheon-bupyeong-dong-store-move-in-cleaning-estimate/,인천 부평동,입주청소,상가,견적
2026-09-03T15:05:30,인천 부평동 상가 입주청소 예약,seo-incheon-bupyeong-dong-store-move-in-cleaning-booking,https://clever-griffin-93819d.netlify.app/seo-incheon-bupyeong-dong-store-move-in-cleaning-booking/,인천 부평동,입주청소,상가,예약
2026-09-03T15:05:30,인천 부평동 상가 입주청소 추천,seo-incheon-bupyeong-dong-store-move-in-cleaning-recommend,https://clever-griffin-93819d.netlify.app/seo-incheon-bupyeong-dong-store-move-in-cleaning-recommend/,인천 부평동,입주청소,상가,추천
2026-09-03T15:05:30,인천 부평동 상가 입주청소 후기,seo-incheon-bupyeong-dong-store-move-in-cleaning-review,https://clever-griffin-93819d.netlify.app/seo-incheon-bupyeong-dong-store-move-in-cleaning-review/,인천 부평동,입주청소,상가,후기
2026-09-03T15:05:30,인천 부평동 상가 입주청소 잘하는곳,seo-incheon-bupyeong-dong-store-move-in-cleaning-best,https://clever-griffin-93819d.netlify.app/seo-incheon-bupyeong-dong-store-move-in-cleaning-best/,인천 부평동,입주청소,상가,잘하는곳
2026-09-03T15:05:30,인천 부평동 상가 입주청소 업체,seo-incheon-bupyeong-dong-store-move-in-cleaning-service,https://clever-griffin-93819d.netlify.app/seo-incheon-bupyeong-dong-store-move-in-cleaning-service/,인천 부평동,입주청소,상가,업체
2026-09-03T15:05:30,인천 부평동 상가 입주청소 당일상담,seo-incheon-bupyeong-dong-store-move-in-cleaning-same-day-consult,https://clever-griffin-93819d.netlify.app/seo-incheon-bupyeong-dong-store-move-in-cleaning-same-day-consult/,인천 부평동,입주청소,상가,당일상담
2026-09-03T15:05:30,인천 부평동 상가 입주청소 주말예약,seo-incheon-bupyeong-dong-store-move-in-cleaning-weekend-booking,https://clever-griffin-93819d.netlify.app/seo-incheon-bupyeong-dong-store-move-in-cleaning-weekend-booking/,인천 부평동,입주청소,상가,주말예약
2026-09-03T15:05:30,인천 부평동 상가 입주청소 청소범위,seo-incheon-bupyeong-dong-store-move-in-cleaning-scope,https://clever-griffin-93819d.netlify.app/seo-incheon-bupyeong-dong-store-move-in-cleaning-scope/,인천 부평동,입주청소,상가,청소범위
2026-09-03T15:05:30,인천 부평동 사무실 입주청소 전문업체,seo-incheon-bupyeong-dong-office-move-in-cleaning-company,https://clever-griffin-93819d.netlify.app/seo-incheon-bupyeong-dong-office-move-in-cleaning-company/,인천 부평동,입주청소,사무실,전문업체
2026-09-03T15:05:30,인천 부평동 사무실 입주청소 비용,seo-incheon-bupyeong-dong-office-move-in-cleaning-cost,https://clever-griffin-93819d.netlify.app/seo-incheon-bupyeong-dong-office-move-in-cleaning-cost/,인천 부평동,입주청소,사무실,비용
2026-09-03T15:05:30,인천 부평동 사무실 입주청소 가격,seo-incheon-bupyeong-dong-office-move-in-cleaning-price,https://clever-griffin-93819d.netlify.app/seo-incheon-bupyeong-dong-office-move-in-cleaning-price/,인천 부평동,입주청소,사무실,가격
2026-09-03T15:05:30,인천 부평동 사무실 입주청소 견적,seo-incheon-bupyeong-dong-office-move-in-cleaning-estimate,https://clever-griffin-93819d.netlify.app/seo-incheon-bupyeong-dong-office-move-in-cleaning-estimate/,인천 부평동,입주청소,사무실,견적
2026-09-03T15:05:30,인천 부평동 사무실 입주청소 예약,seo-incheon-bupyeong-dong-office-move-in-cleaning-booking,https://clever-griffin-93819d.netlify.app/seo-incheon-bupyeong-dong-office-move-in-cleaning-booking/,인천 부평동,입주청소,사무실,예약
2026-09-03T15:05:30,인천 부평동 사무실 입주청소 추천,seo-incheon-bupyeong-dong-office-move-in-cleaning-recommend,https://clever-griffin-93819d.netlify.app/seo-incheon-bupyeong-dong-office-move-in-cleaning-recommend/,인천 부평동,입주청소,사무실,추천
2026-09-03T15:05:30,인천 부평동 사무실 입주청소 후기,seo-incheon-bupyeong-dong-office-move-in-cleaning-review,https://clever-griffin-93819d.netlify.app/seo-incheon-bupyeong-dong-office-move-in-cleaning-review/,인천 부평동,입주청소,사무실,후기
2026-09-03T15:05:30,인천 부평동 사무실 입주청소 잘하는곳,seo-incheon-bupyeong-dong-office-move-in-cleaning-best,https://clever-griffin-93819d.netlify.app/seo-incheon-bupyeong-dong-office-move-in-cleaning-best/,인천 부평동,입주청소,사무실,잘하는곳
2026-09-03T15:05:30,인천 부평동 사무실 입주청소 업체,seo-incheon-bupyeong-dong-office-move-in-cleaning-service,https://clever-griffin-93819d.netlify.app/seo-incheon-bupyeong-dong-office-move-in-cleaning-service/,인천 부평동,입주청소,사무실,업체
2026-09-03T15:05:30,인천 부평동 사무실 입주청소 당일상담,seo-incheon-bupyeong-dong-office-move-in-cleaning-same-day-consult,https://clever-griffin-93819d.netlify.app/seo-incheon-bupyeong-dong-office-move-in-cleaning-same-day-consult/,인천 부평동,입주청소,사무실,당일상담
2026-09-03T15:05:30,인천 부평동 사무실 입주청소 주말예약,seo-incheon-bupyeong-dong-office-move-in-cleaning-weekend-booking,https://clever-griffin-93819d.netlify.app/seo-incheon-bupyeong-dong-office-move-in-cleaning-weekend-booking/,인천 부평동,입주청소,사무실,주말예약
2026-09-03T15:05:30,인천 부평동 사무실 입주청소 청소범위,seo-incheon-bupyeong-dong-office-move-in-cleaning-scope,https://clever-griffin-93819d.netlify.app/seo-incheon-bupyeong-dong-office-move-in-cleaning-scope/,인천 부평동,입주청소,사무실,청소범위
2026-09-03T15:05:30,인천 부평동 아파트 이사청소 전문업체,seo-incheon-bupyeong-dong-apartment-moving-cleaning-company,https://clever-griffin-93819d.netlify.app/seo-incheon-bupyeong-dong-apartment-moving-cleaning-company/,인천 부평동,이사청소,아파트,전문업체
2026-09-03T15:05:30,인천 부평동 아파트 이사청소 비용,seo-incheon-bupyeong-dong-apartment-moving-cleaning-cost,https://clever-griffin-93819d.netlify.app/seo-incheon-bupyeong-dong-apartment-moving-cleaning-cost/,인천 부평동,이사청소,아파트,비용
2026-09-03T15:05:30,인천 부평동 아파트 이사청소 가격,seo-incheon-bupyeong-dong-apartment-moving-cleaning-price,https://clever-griffin-93819d.netlify.app/seo-incheon-bupyeong-dong-apartment-moving-cleaning-price/,인천 부평동,이사청소,아파트,가격
2026-09-03T15:05:30,인천 부평동 아파트 이사청소 견적,seo-incheon-bupyeong-dong-apartment-moving-cleaning-estimate,https://clever-griffin-93819d.netlify.app/seo-incheon-bupyeong-dong-apartment-moving-cleaning-estimate/,인천 부평동,이사청소,아파트,견적
2026-09-03T15:05:30,인천 부평동 아파트 이사청소 예약,seo-incheon-bupyeong-dong-apartment-moving-cleaning-booking,https://clever-griffin-93819d.netlify.app/seo-incheon-bupyeong-dong-apartment-moving-cleaning-booking/,인천 부평동,이사청소,아파트,예약
2026-09-03T15:05:30,인천 부평동 아파트 이사청소 추천,seo-incheon-bupyeong-dong-apartment-moving-cleaning-recommend,https://clever-griffin-93819d.netlify.app/seo-incheon-bupyeong-dong-apartment-moving-cleaning-recommend/,인천 부평동,이사청소,아파트,추천
2026-09-03T15:05:30,인천 부평동 아파트 이사청소 후기,seo-incheon-bupyeong-dong-apartment-moving-cleaning-review,https://clever-griffin-93819d.netlify.app/seo-incheon-bupyeong-dong-apartment-moving-cleaning-review/,인천 부평동,이사청소,아파트,후기
2026-09-03T15:05:30,인천 부평동 아파트 이사청소 잘하는곳,seo-incheon-bupyeong-dong-apartment-moving-cleaning-best,https://clever-griffin-93819d.netlify.app/seo-incheon-bupyeong-dong-apartment-moving-cleaning-best/,인천 부평동,이사청소,아파트,잘하는곳
2026-09-03T15:05:30,인천 부평동 아파트 이사청소 업체,seo-incheon-bupyeong-dong-apartment-moving-cleaning-service,https://clever-griffin-93819d.netlify.app/seo-incheon-bupyeong-dong-apartment-moving-cleaning-service/,인천 부평동,이사청소,아파트,업체
2026-09-03T15:05:30,인천 부평동 아파트 이사청소 당일상담,seo-incheon-bupyeong-dong-apartment-moving-cleaning-same-day-consult,https://clever-griffin-93819d.netlify.app/seo-incheon-bupyeong-dong-apartment-moving-cleaning-same-day-consult/,인천 부평동,이사청소,아파트,당일상담
2026-09-03T15:05:30,인천 부평동 아파트 이사청소 주말예약,seo-incheon-bupyeong-dong-apartment-moving-cleaning-weekend-booking,https://clever-griffin-93819d.netlify.app/seo-incheon-bupyeong-dong-apartment-moving-cleaning-weekend-booking/,인천 부평동,이사청소,아파트,주말예약
2026-09-03T15:05:30,인천 부평동 아파트 이사청소 청소범위,seo-incheon-bupyeong-dong-apartment-moving-cleaning-scope,https://clever-griffin-93819d.netlify.app/seo-incheon-bupyeong-dong-apartment-moving-cleaning-scope/,인천 부평동,이사청소,아파트,청소범위
2026-09-03T15:05:30,인천 부평동 원룸 이사청소 전문업체,seo-incheon-bupyeong-dong-one-room-moving-cleaning-company,https://clever-griffin-93819d.netlify.app/seo-incheon-bupyeong-dong-one-room-moving-cleaning-company/,인천 부평동,이사청소,원룸,전문업체
2026-09-03T15:05:30,인천 부평동 원룸 이사청소 비용,seo-incheon-bupyeong-dong-one-room-moving-cleaning-cost,https://clever-griffin-93819d.netlify.app/seo-incheon-bupyeong-dong-one-room-moving-cleaning-cost/,인천 부평동,이사청소,원룸,비용
2026-09-03T15:05:30,인천 부평동 원룸 이사청소 가격,seo-incheon-bupyeong-dong-one-room-moving-cleaning-price,https://clever-griffin-93819d.netlify.app/seo-incheon-bupyeong-dong-one-room-moving-cleaning-price/,인천 부평동,이사청소,원룸,가격
2026-09-03T15:05:30,인천 부평동 원룸 이사청소 견적,seo-incheon-bupyeong-dong-one-room-moving-cleaning-estimate,https://clever-griffin-93819d.netlify.app/seo-incheon-bupyeong-dong-one-room-moving-cleaning-estimate/,인천 부평동,이사청소,원룸,견적
2026-09-03T15:05:30,인천 부평동 원룸 이사청소 예약,seo-incheon-bupyeong-dong-one-room-moving-cleaning-booking,https://clever-griffin-93819d.netlify.app/seo-incheon-bupyeong-dong-one-room-moving-cleaning-booking/,인천 부평동,이사청소,원룸,예약
2026-09-03T15:05:30,인천 부평동 원룸 이사청소 추천,seo-incheon-bupyeong-dong-one-room-moving-cleaning-recommend,https://clever-griffin-93819d.netlify.app/seo-incheon-bupyeong-dong-one-room-moving-cleaning-recommend/,인천 부평동,이사청소,원룸,추천
2026-09-03T15:05:30,인천 부평동 원룸 이사청소 후기,seo-incheon-bupyeong-dong-one-room-moving-cleaning-review,https://clever-griffin-93819d.netlify.app/seo-incheon-bupyeong-dong-one-room-moving-cleaning-review/,인천 부평동,이사청소,원룸,후기
2026-09-03T15:05:30,인천 부평동 원룸 이사청소 잘하는곳,seo-incheon-bupyeong-dong-one-room-moving-cleaning-best,https://clever-griffin-93819d.netlify.app/seo-incheon-bupyeong-dong-one-room-moving-cleaning-best/,인천 부평동,이사청소,원룸,잘하는곳
2026-09-03T15:05:30,인천 부평동 원룸 이사청소 업체,seo-incheon-bupyeong-dong-one-room-moving-cleaning-service,https://clever-griffin-93819d.netlify.app/seo-incheon-bupyeong-dong-one-room-moving-cleaning-service/,인천 부평동,이사청소,원룸,업체
2026-09-03T15:05:30,인천 부평동 원룸 이사청소 당일상담,seo-incheon-bupyeong-dong-one-room-moving-cleaning-same-day-consult,https://clever-griffin-93819d.netlify.app/seo-incheon-bupyeong-dong-one-room-moving-cleaning-same-day-consult/,인천 부평동,이사청소,원룸,당일상담
2026-09-03T15:05:30,인천 부평동 원룸 이사청소 주말예약,seo-incheon-bupyeong-dong-one-room-moving-cleaning-weekend-booking,https://clever-griffin-93819d.netlify.app/seo-incheon-bupyeong-dong-one-room-moving-cleaning-weekend-booking/,인천 부평동,이사청소,원룸,주말예약
2026-09-03T15:05:30,인천 부평동 원룸 이사청소 청소범위,seo-incheon-bupyeong-dong-one-room-moving-cleaning-scope,https://clever-griffin-93819d.netlify.app/seo-incheon-bupyeong-dong-one-room-moving-cleaning-scope/,인천 부평동,이사청소,원룸,청소범위
2026-09-03T15:05:30,인천 부평동 빌라 이사청소 전문업체,seo-incheon-bupyeong-dong-villa-moving-cleaning-company,https://clever-griffin-93819d.netlify.app/seo-incheon-bupyeong-dong-villa-moving-cleaning-company/,인천 부평동,이사청소,빌라,전문업체
2026-09-03T15:05:30,인천 부평동 빌라 이사청소 비용,seo-incheon-bupyeong-dong-villa-moving-cleaning-cost,https://clever-griffin-93819d.netlify.app/seo-incheon-bupyeong-dong-villa-moving-cleaning-cost/,인천 부평동,이사청소,빌라,비용
2026-09-03T15:05:30,인천 부평동 빌라 이사청소 가격,seo-incheon-bupyeong-dong-villa-moving-cleaning-price,https://clever-griffin-93819d.netlify.app/seo-incheon-bupyeong-dong-villa-moving-cleaning-price/,인천 부평동,이사청소,빌라,가격
2026-09-03T15:05:30,인천 부평동 빌라 이사청소 견적,seo-incheon-bupyeong-dong-villa-moving-cleaning-estimate,https://clever-griffin-93819d.netlify.app/seo-incheon-bupyeong-dong-villa-moving-cleaning-estimate/,인천 부평동,이사청소,빌라,견적
2026-09-03T15:05:30,인천 부평동 빌라 이사청소 예약,seo-incheon-bupyeong-dong-villa-moving-cleaning-booking,https://clever-griffin-93819d.netlify.app/seo-incheon-bupyeong-dong-villa-moving-cleaning-booking/,인천 부평동,이사청소,빌라,예약
2026-09-03T15:05:30,인천 부평동 빌라 이사청소 추천,seo-incheon-bupyeong-dong-villa-moving-cleaning-recommend,https://clever-griffin-93819d.netlify.app/seo-incheon-bupyeong-dong-villa-moving-cleaning-recommend/,인천 부평동,이사청소,빌라,추천
2026-09-03T15:05:30,인천 부평동 빌라 이사청소 후기,seo-incheon-bupyeong-dong-villa-moving-cleaning-review,https://clever-griffin-93819d.netlify.app/seo-incheon-bupyeong-dong-villa-moving-cleaning-review/,인천 부평동,이사청소,빌라,후기
2026-09-03T15:05:30,인천 부평동 빌라 이사청소 잘하는곳,seo-incheon-bupyeong-dong-villa-moving-cleaning-best,https://clever-griffin-93819d.netlify.app/seo-incheon-bupyeong-dong-villa-moving-cleaning-best/,인천 부평동,이사청소,빌라,잘하는곳
2026-09-03T15:05:30,인천 부평동 빌라 이사청소 업체,seo-incheon-bupyeong-dong-villa-moving-cleaning-service,https://clever-griffin-93819d.netlify.app/seo-incheon-bupyeong-dong-villa-moving-cleaning-service/,인천 부평동,이사청소,빌라,업체
2026-09-03T15:05:30,인천 부평동 빌라 이사청소 당일상담,seo-incheon-bupyeong-dong-villa-moving-cleaning-same-day-consult,https://clever-griffin-93819d.netlify.app/seo-incheon-bupyeong-dong-villa-moving-cleaning-same-day-consult/,인천 부평동,이사청소,빌라,당일상담
2026-09-03T15:05:30,인천 부평동 빌라 이사청소 주말예약,seo-incheon-bupyeong-dong-villa-moving-cleaning-weekend-booking,https://clever-griffin-93819d.netlify.app/seo-incheon-bupyeong-dong-villa-moving-cleaning-weekend-booking/,인천 부평동,이사청소,빌라,주말예약
2026-09-03T15:05:30,인천 부평동 빌라 이사청소 청소범위,seo-incheon-bupyeong-dong-villa-moving-cleaning-scope,https://clever-griffin-93819d.netlify.app/seo-incheon-bupyeong-dong-villa-moving-cleaning-scope/,인천 부평동,이사청소,빌라,청소범위
2026-09-03T15:05:30,인천 부평동 오피스텔 이사청소 전문업체,seo-incheon-bupyeong-dong-officetel-moving-cleaning-company,https://clever-griffin-93819d.netlify.app/seo-incheon-bupyeong-dong-officetel-moving-cleaning-company/,인천 부평동,이사청소,오피스텔,전문업체
2026-09-03T15:05:30,인천 부평동 오피스텔 이사청소 비용,seo-incheon-bupyeong-dong-officetel-moving-cleaning-cost,https://clever-griffin-93819d.netlify.app/seo-incheon-bupyeong-dong-officetel-moving-cleaning-cost/,인천 부평동,이사청소,오피스텔,비용
2026-09-03T15:05:30,인천 부평동 오피스텔 이사청소 가격,seo-incheon-bupyeong-dong-officetel-moving-cleaning-price,https://clever-griffin-93819d.netlify.app/seo-incheon-bupyeong-dong-officetel-moving-cleaning-price/,인천 부평동,이사청소,오피스텔,가격
2026-09-03T15:05:30,인천 부평동 오피스텔 이사청소 견적,seo-incheon-bupyeong-dong-officetel-moving-cleaning-estimate,https://clever-griffin-93819d.netlify.app/seo-incheon-bupyeong-dong-officetel-moving-cleaning-estimate/,인천 부평동,이사청소,오피스텔,견적
2026-09-03T15:05:30,인천 부평동 오피스텔 이사청소 예약,seo-incheon-bupyeong-dong-officetel-moving-cleaning-booking,https://clever-griffin-93819d.netlify.app/seo-incheon-bupyeong-dong-officetel-moving-cleaning-booking/,인천 부평동,이사청소,오피스텔,예약
2026-09-03T15:05:30,인천 부평동 오피스텔 이사청소 추천,seo-incheon-bupyeong-dong-officetel-moving-cleaning-recommend,https://clever-griffin-93819d.netlify.app/seo-incheon-bupyeong-dong-officetel-moving-cleaning-recommend/,인천 부평동,이사청소,오피스텔,추천
2026-09-03T15:05:30,인천 부평동 오피스텔 이사청소 후기,seo-incheon-bupyeong-dong-officetel-moving-cleaning-review,https://clever-griffin-93819d.netlify.app/seo-incheon-bupyeong-dong-officetel-moving-cleaning-review/,인천 부평동,이사청소,오피스텔,후기
2026-09-03T15:05:30,인천 부평동 오피스텔 이사청소 잘하는곳,seo-incheon-bupyeong-dong-officetel-moving-cleaning-best,https://clever-griffin-93819d.netlify.app/seo-incheon-bupyeong-dong-officetel-moving-cleaning-best/,인천 부평동,이사청소,오피스텔,잘하는곳
2026-09-03T15:05:30,인천 부평동 오피스텔 이사청소 업체,seo-incheon-bupyeong-dong-officetel-moving-cleaning-service,https://clever-griffin-93819d.netlify.app/seo-incheon-bupyeong-dong-officetel-moving-cleaning-service/,인천 부평동,이사청소,오피스텔,업체
2026-09-03T15:05:30,인천 부평동 오피스텔 이사청소 당일상담,seo-incheon-bupyeong-dong-officetel-moving-cleaning-same-day-consult,https://clever-griffin-93819d.netlify.app/seo-incheon-bupyeong-dong-officetel-moving-cleaning-same-day-consult/,인천 부평동,이사청소,오피스텔,당일상담
2026-09-03T15:05:30,인천 부평동 오피스텔 이사청소 주말예약,seo-incheon-bupyeong-dong-officetel-moving-cleaning-weekend-booking,https://clever-griffin-93819d.netlify.app/seo-incheon-bupyeong-dong-officetel-moving-cleaning-weekend-booking/,인천 부평동,이사청소,오피스텔,주말예약
2026-09-03T15:05:30,인천 부평동 오피스텔 이사청소 청소범위,seo-incheon-bupyeong-dong-officetel-moving-cleaning-scope,https://clever-griffin-93819d.netlify.app/seo-incheon-bupyeong-dong-officetel-moving-cleaning-scope/,인천 부평동,이사청소,오피스텔,청소범위
2026-09-03T15:05:30,인천 부평동 상가 이사청소 전문업체,seo-incheon-bupyeong-dong-store-moving-cleaning-company,https://clever-griffin-93819d.netlify.app/seo-incheon-bupyeong-dong-store-moving-cleaning-company/,인천 부평동,이사청소,상가,전문업체
2026-09-03T15:05:30,인천 부평동 상가 이사청소 비용,seo-incheon-bupyeong-dong-store-moving-cleaning-cost,https://clever-griffin-93819d.netlify.app/seo-incheon-bupyeong-dong-store-moving-cleaning-cost/,인천 부평동,이사청소,상가,비용
2026-09-03T15:05:30,인천 부평동 상가 이사청소 가격,seo-incheon-bupyeong-dong-store-moving-cleaning-price,https://clever-griffin-93819d.netlify.app/seo-incheon-bupyeong-dong-store-moving-cleaning-price/,인천 부평동,이사청소,상가,가격
2026-09-03T15:05:30,인천 부평동 상가 이사청소 견적,seo-incheon-bupyeong-dong-store-moving-cleaning-estimate,https://clever-griffin-93819d.netlify.app/seo-incheon-bupyeong-dong-store-moving-cleaning-estimate/,인천 부평동,이사청소,상가,견적
2026-09-03T15:05:30,인천 부평동 상가 이사청소 예약,seo-incheon-bupyeong-dong-store-moving-cleaning-booking,https://clever-griffin-93819d.netlify.app/seo-incheon-bupyeong-dong-store-moving-cleaning-booking/,인천 부평동,이사청소,상가,예약
2026-09-03T15:05:30,인천 부평동 상가 이사청소 추천,seo-incheon-bupyeong-dong-store-moving-cleaning-recommend,https://clever-griffin-93819d.netlify.app/seo-incheon-bupyeong-dong-store-moving-cleaning-recommend/,인천 부평동,이사청소,상가,추천
2026-09-03T15:05:30,인천 부평동 상가 이사청소 후기,seo-incheon-bupyeong-dong-store-moving-cleaning-review,https://clever-griffin-93819d.netlify.app/seo-incheon-bupyeong-dong-store-moving-cleaning-review/,인천 부평동,이사청소,상가,후기
2026-09-03T15:05:30,인천 부평동 상가 이사청소 잘하는곳,seo-incheon-bupyeong-dong-store-moving-cleaning-best,https://clever-griffin-93819d.netlify.app/seo-incheon-bupyeong-dong-store-moving-cleaning-best/,인천 부평동,이사청소,상가,잘하는곳
2026-09-03T15:05:30,인천 부평동 상가 이사청소 업체,seo-incheon-bupyeong-dong-store-moving-cleaning-service,https://clever-griffin-93819d.netlify.app/seo-incheon-bupyeong-dong-store-moving-cleaning-service/,인천 부평동,이사청소,상가,업체
2026-09-03T15:05:30,인천 부평동 상가 이사청소 당일상담,seo-incheon-bupyeong-dong-store-moving-cleaning-same-day-consult,https://clever-griffin-93819d.netlify.app/seo-incheon-bupyeong-dong-store-moving-cleaning-same-day-consult/,인천 부평동,이사청소,상가,당일상담
2026-09-03T15:05:30,인천 부평동 상가 이사청소 주말예약,seo-incheon-bupyeong-dong-store-moving-cleaning-weekend-booking,https://clever-griffin-93819d.netlify.app/seo-incheon-bupyeong-dong-store-moving-cleaning-weekend-booking/,인천 부평동,이사청소,상가,주말예약
2026-09-03T15:05:30,인천 부평동 상가 이사청소 청소범위,seo-incheon-bupyeong-dong-store-moving-cleaning-scope,https://clever-griffin-93819d.netlify.app/seo-incheon-bupyeong-dong-store-moving-cleaning-scope/,인천 부평동,이사청소,상가,청소범위
2026-09-03T15:05:30,인천 부평동 사무실 이사청소 전문업체,seo-incheon-bupyeong-dong-office-moving-cleaning-company,https://clever-griffin-93819d.netlify.app/seo-incheon-bupyeong-dong-office-moving-cleaning-company/,인천 부평동,이사청소,사무실,전문업체
2026-09-03T15:05:30,인천 부평동 사무실 이사청소 비용,seo-incheon-bupyeong-dong-office-moving-cleaning-cost,https://clever-griffin-93819d.netlify.app/seo-incheon-bupyeong-dong-office-moving-cleaning-cost/,인천 부평동,이사청소,사무실,비용
2026-09-03T15:05:30,인천 부평동 사무실 이사청소 가격,seo-incheon-bupyeong-dong-office-moving-cleaning-price,https://clever-griffin-93819d.netlify.app/seo-incheon-bupyeong-dong-office-moving-cleaning-price/,인천 부평동,이사청소,사무실,가격
2026-09-03T15:05:30,인천 부평동 사무실 이사청소 견적,seo-incheon-bupyeong-dong-office-moving-cleaning-estimate,https://clever-griffin-93819d.netlify.app/seo-incheon-bupyeong-dong-office-moving-cleaning-estimate/,인천 부평동,이사청소,사무실,견적
2026-09-03T15:05:30,인천 부평동 사무실 이사청소 예약,seo-incheon-bupyeong-dong-office-moving-cleaning-booking,https://clever-griffin-93819d.netlify.app/seo-incheon-bupyeong-dong-office-moving-cleaning-booking/,인천 부평동,이사청소,사무실,예약
2026-09-03T15:05:30,인천 부평동 사무실 이사청소 추천,seo-incheon-bupyeong-dong-office-moving-cleaning-recommend,https://clever-griffin-93819d.netlify.app/seo-incheon-bupyeong-dong-office-moving-cleaning-recommend/,인천 부평동,이사청소,사무실,추천
2026-09-03T15:05:30,인천 부평동 사무실 이사청소 후기,seo-incheon-bupyeong-dong-office-moving-cleaning-review,https://clever-griffin-93819d.netlify.app/seo-incheon-bupyeong-dong-office-moving-cleaning-review/,인천 부평동,이사청소,사무실,후기
2026-09-03T15:05:30,인천 부평동 사무실 이사청소 잘하는곳,seo-incheon-bupyeong-dong-office-moving-cleaning-best,https://clever-griffin-93819d.netlify.app/seo-incheon-bupyeong-dong-office-moving-cleaning-best/,인천 부평동,이사청소,사무실,잘하는곳
2026-09-03T15:05:30,인천 부평동 사무실 이사청소 업체,seo-incheon-bupyeong-dong-office-moving-cleaning-service,https://clever-griffin-93819d.netlify.app/seo-incheon-bupyeong-dong-office-moving-cleaning-service/,인천 부평동,이사청소,사무실,업체
2026-09-03T15:05:30,인천 부평동 사무실 이사청소 당일상담,seo-incheon-bupyeong-dong-office-moving-cleaning-same-day-consult,https://clever-griffin-93819d.netlify.app/seo-incheon-bupyeong-dong-office-moving-cleaning-same-day-consult/,인천 부평동,이사청소,사무실,당일상담
2026-09-03T15:05:30,인천 부평동 사무실 이사청소 주말예약,seo-incheon-bupyeong-dong-office-moving-cleaning-weekend-booking,https://clever-griffin-93819d.netlify.app/seo-incheon-bupyeong-dong-office-moving-cleaning-weekend-booking/,인천 부평동,이사청소,사무실,주말예약
2026-09-03T15:05:30,인천 부평동 사무실 이사청소 청소범위,seo-incheon-bupyeong-dong-office-moving-cleaning-scope,https://clever-griffin-93819d.netlify.app/seo-incheon-bupyeong-dong-office-moving-cleaning-scope/,인천 부평동,이사청소,사무실,청소범위
2026-09-03T15:05:30,인천 부평동 아파트 거주청소 전문업체,seo-incheon-bupyeong-dong-apartment-residential-cleaning-company,https://clever-griffin-93819d.netlify.app/seo-incheon-bupyeong-dong-apartment-residential-cleaning-company/,인천 부평동,거주청소,아파트,전문업체
2026-09-03T15:05:30,인천 부평동 아파트 거주청소 비용,seo-incheon-bupyeong-dong-apartment-residential-cleaning-cost,https://clever-griffin-93819d.netlify.app/seo-incheon-bupyeong-dong-apartment-residential-cleaning-cost/,인천 부평동,거주청소,아파트,비용
2026-09-03T15:05:30,인천 부평동 아파트 거주청소 가격,seo-incheon-bupyeong-dong-apartment-residential-cleaning-price,https://clever-griffin-93819d.netlify.app/seo-incheon-bupyeong-dong-apartment-residential-cleaning-price/,인천 부평동,거주청소,아파트,가격
2026-09-03T15:05:30,인천 부평동 아파트 거주청소 견적,seo-incheon-bupyeong-dong-apartment-residential-cleaning-estimate,https://clever-griffin-93819d.netlify.app/seo-incheon-bupyeong-dong-apartment-residential-cleaning-estimate/,인천 부평동,거주청소,아파트,견적
2026-09-03T15:05:30,인천 부평동 아파트 거주청소 예약,seo-incheon-bupyeong-dong-apartment-residential-cleaning-booking,https://clever-griffin-93819d.netlify.app/seo-incheon-bupyeong-dong-apartment-residential-cleaning-booking/,인천 부평동,거주청소,아파트,예약
2026-09-03T15:05:30,인천 부평동 아파트 거주청소 추천,seo-incheon-bupyeong-dong-apartment-residential-cleaning-recommend,https://clever-griffin-93819d.netlify.app/seo-incheon-bupyeong-dong-apartment-residential-cleaning-recommend/,인천 부평동,거주청소,아파트,추천
2026-09-03T15:05:30,인천 부평동 아파트 거주청소 후기,seo-incheon-bupyeong-dong-apartment-residential-cleaning-review,https://clever-griffin-93819d.netlify.app/seo-incheon-bupyeong-dong-apartment-residential-cleaning-review/,인천 부평동,거주청소,아파트,후기
2026-09-03T15:05:30,인천 부평동 아파트 거주청소 잘하는곳,seo-incheon-bupyeong-dong-apartment-residential-cleaning-best,https://clever-griffin-93819d.netlify.app/seo-incheon-bupyeong-dong-apartment-residential-cleaning-best/,인천 부평동,거주청소,아파트,잘하는곳
2026-09-03T15:05:30,인천 부평동 아파트 거주청소 업체,seo-incheon-bupyeong-dong-apartment-residential-cleaning-service,https://clever-griffin-93819d.netlify.app/seo-incheon-bupyeong-dong-apartment-residential-cleaning-service/,인천 부평동,거주청소,아파트,업체
2026-09-03T15:05:30,인천 부평동 아파트 거주청소 당일상담,seo-incheon-bupyeong-dong-apartment-residential-cleaning-same-day-consult,https://clever-griffin-93819d.netlify.app/seo-incheon-bupyeong-dong-apartment-residential-cleaning-same-day-consult/,인천 부평동,거주청소,아파트,당일상담
2026-09-03T15:05:30,인천 부평동 아파트 거주청소 주말예약,seo-incheon-bupyeong-dong-apartment-residential-cleaning-weekend-booking,https://clever-griffin-93819d.netlify.app/seo-incheon-bupyeong-dong-apartment-residential-cleaning-weekend-booking/,인천 부평동,거주청소,아파트,주말예약
2026-09-03T15:05:30,인천 부평동 아파트 거주청소 청소범위,seo-incheon-bupyeong-dong-apartment-residential-cleaning-scope,https://clever-griffin-93819d.netlify.app/seo-incheon-bupyeong-dong-apartment-residential-cleaning-scope/,인천 부평동,거주청소,아파트,청소범위
2026-09-03T15:05:30,인천 부평동 원룸 거주청소 전문업체,seo-incheon-bupyeong-dong-one-room-residential-cleaning-company,https://clever-griffin-93819d.netlify.app/seo-incheon-bupyeong-dong-one-room-residential-cleaning-company/,인천 부평동,거주청소,원룸,전문업체
2026-09-03T15:05:30,인천 부평동 원룸 거주청소 비용,seo-incheon-bupyeong-dong-one-room-residential-cleaning-cost,https://clever-griffin-93819d.netlify.app/seo-incheon-bupyeong-dong-one-room-residential-cleaning-cost/,인천 부평동,거주청소,원룸,비용
2026-09-03T15:05:30,인천 부평동 원룸 거주청소 가격,seo-incheon-bupyeong-dong-one-room-residential-cleaning-price,https://clever-griffin-93819d.netlify.app/seo-incheon-bupyeong-dong-one-room-residential-cleaning-price/,인천 부평동,거주청소,원룸,가격
2026-09-03T15:05:30,인천 부평동 원룸 거주청소 견적,seo-incheon-bupyeong-dong-one-room-residential-cleaning-estimate,https://clever-griffin-93819d.netlify.app/seo-incheon-bupyeong-dong-one-room-residential-cleaning-estimate/,인천 부평동,거주청소,원룸,견적
2026-09-03T15:05:30,인천 부평동 원룸 거주청소 예약,seo-incheon-bupyeong-dong-one-room-residential-cleaning-booking,https://clever-griffin-93819d.netlify.app/seo-incheon-bupyeong-dong-one-room-residential-cleaning-booking/,인천 부평동,거주청소,원룸,예약
2026-09-03T15:05:30,인천 부평동 원룸 거주청소 추천,seo-incheon-bupyeong-dong-one-room-residential-cleaning-recommend,https://clever-griffin-93819d.netlify.app/seo-incheon-bupyeong-dong-one-room-residential-cleaning-recommend/,인천 부평동,거주청소,원룸,추천
2026-09-03T15:05:30,인천 부평동 원룸 거주청소 후기,seo-incheon-bupyeong-dong-one-room-residential-cleaning-review,https://clever-griffin-93819d.netlify.app/seo-incheon-bupyeong-dong-one-room-residential-cleaning-review/,인천 부평동,거주청소,원룸,후기
2026-09-03T15:05:30,인천 부평동 원룸 거주청소 잘하는곳,seo-incheon-bupyeong-dong-one-room-residential-cleaning-best,https://clever-griffin-93819d.netlify.app/seo-incheon-bupyeong-dong-one-room-residential-cleaning-best/,인천 부평동,거주청소,원룸,잘하는곳
2026-09-03T15:05:30,인천 부평동 원룸 거주청소 업체,seo-incheon-bupyeong-dong-one-room-residential-cleaning-service,https://clever-griffin-93819d.netlify.app/seo-incheon-bupyeong-dong-one-room-residential-cleaning-service/,인천 부평동,거주청소,원룸,업체
2026-09-03T15:05:30,인천 부평동 원룸 거주청소 당일상담,seo-incheon-bupyeong-dong-one-room-residential-cleaning-same-day-consult,https://clever-griffin-93819d.netlify.app/seo-incheon-bupyeong-dong-one-room-residential-cleaning-same-day-consult/,인천 부평동,거주청소,원룸,당일상담
2026-09-03T15:05:30,인천 부평동 원룸 거주청소 주말예약,seo-incheon-bupyeong-dong-one-room-residential-cleaning-weekend-booking,https://clever-griffin-93819d.netlify.app/seo-incheon-bupyeong-dong-one-room-residential-cleaning-weekend-booking/,인천 부평동,거주청소,원룸,주말예약
2026-09-03T15:05:30,인천 부평동 원룸 거주청소 청소범위,seo-incheon-bupyeong-dong-one-room-residential-cleaning-scope,https://clever-griffin-93819d.netlify.app/seo-incheon-bupyeong-dong-one-room-residential-cleaning-scope/,인천 부평동,거주청소,원룸,청소범위
2026-09-03T15:05:30,인천 부평동 빌라 거주청소 전문업체,seo-incheon-bupyeong-dong-villa-residential-cleaning-company,https://clever-griffin-93819d.netlify.app/seo-incheon-bupyeong-dong-villa-residential-cleaning-company/,인천 부평동,거주청소,빌라,전문업체
2026-09-03T15:05:30,인천 부평동 빌라 거주청소 비용,seo-incheon-bupyeong-dong-villa-residential-cleaning-cost,https://clever-griffin-93819d.netlify.app/seo-incheon-bupyeong-dong-villa-residential-cleaning-cost/,인천 부평동,거주청소,빌라,비용
2026-09-03T15:05:30,인천 부평동 빌라 거주청소 가격,seo-incheon-bupyeong-dong-villa-residential-cleaning-price,https://clever-griffin-93819d.netlify.app/seo-incheon-bupyeong-dong-villa-residential-cleaning-price/,인천 부평동,거주청소,빌라,가격
2026-09-03T15:05:30,인천 부평동 빌라 거주청소 견적,seo-incheon-bupyeong-dong-villa-residential-cleaning-estimate,https://clever-griffin-93819d.netlify.app/seo-incheon-bupyeong-dong-villa-residential-cleaning-estimate/,인천 부평동,거주청소,빌라,견적
2026-09-03T15:05:30,인천 부평동 빌라 거주청소 예약,seo-incheon-bupyeong-dong-villa-residential-cleaning-booking,https://clever-griffin-93819d.netlify.app/seo-incheon-bupyeong-dong-villa-residential-cleaning-booking/,인천 부평동,거주청소,빌라,예약
2026-09-03T15:05:30,인천 부평동 빌라 거주청소 추천,seo-incheon-bupyeong-dong-villa-residential-cleaning-recommend,https://clever-griffin-93819d.netlify.app/seo-incheon-bupyeong-dong-villa-residential-cleaning-recommend/,인천 부평동,거주청소,빌라,추천
2026-09-03T15:05:30,인천 부평동 빌라 거주청소 후기,seo-incheon-bupyeong-dong-villa-residential-cleaning-review,https://clever-griffin-93819d.netlify.app/seo-incheon-bupyeong-dong-villa-residential-cleaning-review/,인천 부평동,거주청소,빌라,후기
2026-09-03T15:05:30,인천 부평동 빌라 거주청소 잘하는곳,seo-incheon-bupyeong-dong-villa-residential-cleaning-best,https://clever-griffin-93819d.netlify.app/seo-incheon-bupyeong-dong-villa-residential-cleaning-best/,인천 부평동,거주청소,빌라,잘하는곳
2026-09-03T15:05:30,인천 부평동 빌라 거주청소 업체,seo-incheon-bupyeong-dong-villa-residential-cleaning-service,https://clever-griffin-93819d.netlify.app/seo-incheon-bupyeong-dong-villa-residential-cleaning-service/,인천 부평동,거주청소,빌라,업체
2026-09-03T15:05:30,인천 부평동 빌라 거주청소 당일상담,seo-incheon-bupyeong-dong-villa-residential-cleaning-same-day-consult,https://clever-griffin-93819d.netlify.app/seo-incheon-bupyeong-dong-villa-residential-cleaning-same-day-consult/,인천 부평동,거주청소,빌라,당일상담
2026-09-03T15:05:30,인천 부평동 빌라 거주청소 주말예약,seo-incheon-bupyeong-dong-villa-residential-cleaning-weekend-booking,https://clever-griffin-93819d.netlify.app/seo-incheon-bupyeong-dong-villa-residential-cleaning-weekend-booking/,인천 부평동,거주청소,빌라,주말예약
2026-09-03T15:05:30,인천 부평동 빌라 거주청소 청소범위,seo-incheon-bupyeong-dong-villa-residential-cleaning-scope,https://clever-griffin-93819d.netlify.app/seo-incheon-bupyeong-dong-villa-residential-cleaning-scope/,인천 부평동,거주청소,빌라,청소범위
2026-09-03T15:05:30,인천 부평동 오피스텔 거주청소 전문업체,seo-incheon-bupyeong-dong-officetel-residential-cleaning-company,https://clever-griffin-93819d.netlify.app/seo-incheon-bupyeong-dong-officetel-residential-cleaning-company/,인천 부평동,거주청소,오피스텔,전문업체
2026-09-03T15:05:30,인천 부평동 오피스텔 거주청소 비용,seo-incheon-bupyeong-dong-officetel-residential-cleaning-cost,https://clever-griffin-93819d.netlify.app/seo-incheon-bupyeong-dong-officetel-residential-cleaning-cost/,인천 부평동,거주청소,오피스텔,비용
2026-09-03T15:05:30,인천 부평동 오피스텔 거주청소 가격,seo-incheon-bupyeong-dong-officetel-residential-cleaning-price,https://clever-griffin-93819d.netlify.app/seo-incheon-bupyeong-dong-officetel-residential-cleaning-price/,인천 부평동,거주청소,오피스텔,가격
2026-09-03T15:05:30,인천 부평동 오피스텔 거주청소 견적,seo-incheon-bupyeong-dong-officetel-residential-cleaning-estimate,https://clever-griffin-93819d.netlify.app/seo-incheon-bupyeong-dong-officetel-residential-cleaning-estimate/,인천 부평동,거주청소,오피스텔,견적
2026-09-03T15:05:30,인천 부평동 오피스텔 거주청소 예약,seo-incheon-bupyeong-dong-officetel-residential-cleaning-booking,https://clever-griffin-93819d.netlify.app/seo-incheon-bupyeong-dong-officetel-residential-cleaning-booking/,인천 부평동,거주청소,오피스텔,예약
2026-09-03T15:05:30,인천 부평동 오피스텔 거주청소 추천,seo-incheon-bupyeong-dong-officetel-residential-cleaning-recommend,https://clever-griffin-93819d.netlify.app/seo-incheon-bupyeong-dong-officetel-residential-cleaning-recommend/,인천 부평동,거주청소,오피스텔,추천
2026-09-03T15:05:30,인천 부평동 오피스텔 거주청소 후기,seo-incheon-bupyeong-dong-officetel-residential-cleaning-review,https://clever-griffin-93819d.netlify.app/seo-incheon-bupyeong-dong-officetel-residential-cleaning-review/,인천 부평동,거주청소,오피스텔,후기
2026-09-03T15:05:30,인천 부평동 오피스텔 거주청소 잘하는곳,seo-incheon-bupyeong-dong-officetel-residential-cleaning-best,https://clever-griffin-93819d.netlify.app/seo-incheon-bupyeong-dong-officetel-residential-cleaning-best/,인천 부평동,거주청소,오피스텔,잘하는곳
2026-09-03T15:05:30,인천 부평동 오피스텔 거주청소 업체,seo-incheon-bupyeong-dong-officetel-residential-cleaning-service,https://clever-griffin-93819d.netlify.app/seo-incheon-bupyeong-dong-officetel-residential-cleaning-service/,인천 부평동,거주청소,오피스텔,업체
2026-09-03T15:05:30,인천 부평동 오피스텔 거주청소 당일상담,seo-incheon-bupyeong-dong-officetel-residential-cleaning-same-day-consult,https://clever-griffin-93819d.netlify.app/seo-incheon-bupyeong-dong-officetel-residential-cleaning-same-day-consult/,인천 부평동,거주청소,오피스텔,당일상담
2026-09-03T15:05:30,인천 부평동 오피스텔 거주청소 주말예약,seo-incheon-bupyeong-dong-officetel-residential-cleaning-weekend-booking,https://clever-griffin-93819d.netlify.app/seo-incheon-bupyeong-dong-officetel-residential-cleaning-weekend-booking/,인천 부평동,거주청소,오피스텔,주말예약
2026-09-03T15:05:30,인천 부평동 오피스텔 거주청소 청소범위,seo-incheon-bupyeong-dong-officetel-residential-cleaning-scope,https://clever-griffin-93819d.netlify.app/seo-incheon-bupyeong-dong-officetel-residential-cleaning-scope/,인천 부평동,거주청소,오피스텔,청소범위
2026-09-03T15:05:30,인천 부평동 상가 거주청소 전문업체,seo-incheon-bupyeong-dong-store-residential-cleaning-company,https://clever-griffin-93819d.netlify.app/seo-incheon-bupyeong-dong-store-residential-cleaning-company/,인천 부평동,거주청소,상가,전문업체
2026-09-03T15:05:30,인천 부평동 상가 거주청소 비용,seo-incheon-bupyeong-dong-store-residential-cleaning-cost,https://clever-griffin-93819d.netlify.app/seo-incheon-bupyeong-dong-store-residential-cleaning-cost/,인천 부평동,거주청소,상가,비용
2026-09-03T15:05:30,인천 부평동 상가 거주청소 가격,seo-incheon-bupyeong-dong-store-residential-cleaning-price,https://clever-griffin-93819d.netlify.app/seo-incheon-bupyeong-dong-store-residential-cleaning-price/,인천 부평동,거주청소,상가,가격
2026-09-03T15:05:30,인천 부평동 상가 거주청소 견적,seo-incheon-bupyeong-dong-store-residential-cleaning-estimate,https://clever-griffin-93819d.netlify.app/seo-incheon-bupyeong-dong-store-residential-cleaning-estimate/,인천 부평동,거주청소,상가,견적
2026-09-03T15:05:30,인천 부평동 상가 거주청소 예약,seo-incheon-bupyeong-dong-store-residential-cleaning-booking,https://clever-griffin-93819d.netlify.app/seo-incheon-bupyeong-dong-store-residential-cleaning-booking/,인천 부평동,거주청소,상가,예약
2026-09-03T15:05:30,인천 부평동 상가 거주청소 추천,seo-incheon-bupyeong-dong-store-residential-cleaning-recommend,https://clever-griffin-93819d.netlify.app/seo-incheon-bupyeong-dong-store-residential-cleaning-recommend/,인천 부평동,거주청소,상가,추천
2026-09-03T15:05:30,인천 부평동 상가 거주청소 후기,seo-incheon-bupyeong-dong-store-residential-cleaning-review,https://clever-griffin-93819d.netlify.app/seo-incheon-bupyeong-dong-store-residential-cleaning-review/,인천 부평동,거주청소,상가,후기
2026-09-03T15:05:30,인천 부평동 상가 거주청소 잘하는곳,seo-incheon-bupyeong-dong-store-residential-cleaning-best,https://clever-griffin-93819d.netlify.app/seo-incheon-bupyeong-dong-store-residential-cleaning-best/,인천 부평동,거주청소,상가,잘하는곳
2026-09-03T15:05:30,인천 부평동 상가 거주청소 업체,seo-incheon-bupyeong-dong-store-residential-cleaning-service,https://clever-griffin-93819d.netlify.app/seo-incheon-bupyeong-dong-store-residential-cleaning-service/,인천 부평동,거주청소,상가,업체
2026-09-03T15:05:30,인천 부평동 상가 거주청소 당일상담,seo-incheon-bupyeong-dong-store-residential-cleaning-same-day-consult,https://clever-griffin-93819d.netlify.app/seo-incheon-bupyeong-dong-store-residential-cleaning-same-day-consult/,인천 부평동,거주청소,상가,당일상담
2026-09-03T15:05:30,인천 부평동 상가 거주청소 주말예약,seo-incheon-bupyeong-dong-store-residential-cleaning-weekend-booking,https://clever-griffin-93819d.netlify.app/seo-incheon-bupyeong-dong-store-residential-cleaning-weekend-booking/,인천 부평동,거주청소,상가,주말예약
2026-09-03T15:05:30,인천 부평동 상가 거주청소 청소범위,seo-incheon-bupyeong-dong-store-residential-cleaning-scope,https://clever-griffin-93819d.netlify.app/seo-incheon-bupyeong-dong-store-residential-cleaning-scope/,인천 부평동,거주청소,상가,청소범위
2026-09-03T15:05:30,인천 부평동 사무실 거주청소 전문업체,seo-incheon-bupyeong-dong-office-residential-cleaning-company,https://clever-griffin-93819d.netlify.app/seo-incheon-bupyeong-dong-office-residential-cleaning-company/,인천 부평동,거주청소,사무실,전문업체
2026-09-03T15:05:30,인천 부평동 사무실 거주청소 비용,seo-incheon-bupyeong-dong-office-residential-cleaning-cost,https://clever-griffin-93819d.netlify.app/seo-incheon-bupyeong-dong-office-residential-cleaning-cost/,인천 부평동,거주청소,사무실,비용
2026-09-03T15:05:30,인천 부평동 사무실 거주청소 가격,seo-incheon-bupyeong-dong-office-residential-cleaning-price,https://clever-griffin-93819d.netlify.app/seo-incheon-bupyeong-dong-office-residential-cleaning-price/,인천 부평동,거주청소,사무실,가격
2026-09-03T15:05:30,인천 부평동 사무실 거주청소 견적,seo-incheon-bupyeong-dong-office-residential-cleaning-estimate,https://clever-griffin-93819d.netlify.app/seo-incheon-bupyeong-dong-office-residential-cleaning-estimate/,인천 부평동,거주청소,사무실,견적
2026-09-03T15:05:30,인천 부평동 사무실 거주청소 예약,seo-incheon-bupyeong-dong-office-residential-cleaning-booking,https://clever-griffin-93819d.netlify.app/seo-incheon-bupyeong-dong-office-residential-cleaning-booking/,인천 부평동,거주청소,사무실,예약
2026-09-03T15:05:30,인천 부평동 사무실 거주청소 추천,seo-incheon-bupyeong-dong-office-residential-cleaning-recommend,https://clever-griffin-93819d.netlify.app/seo-incheon-bupyeong-dong-office-residential-cleaning-recommend/,인천 부평동,거주청소,사무실,추천
2026-09-03T15:05:30,인천 부평동 사무실 거주청소 후기,seo-incheon-bupyeong-dong-office-residential-cleaning-review,https://clever-griffin-93819d.netlify.app/seo-incheon-bupyeong-dong-office-residential-cleaning-review/,인천 부평동,거주청소,사무실,후기
2026-09-03T15:05:30,인천 부평동 사무실 거주청소 잘하는곳,seo-incheon-bupyeong-dong-office-residential-cleaning-best,https://clever-griffin-93819d.netlify.app/seo-incheon-bupyeong-dong-office-residential-cleaning-best/,인천 부평동,거주청소,사무실,잘하는곳
2026-09-03T15:05:30,인천 부평동 사무실 거주청소 업체,seo-incheon-bupyeong-dong-office-residential-cleaning-service,https://clever-griffin-93819d.netlify.app/seo-incheon-bupyeong-dong-office-residential-cleaning-service/,인천 부평동,거주청소,사무실,업체
2026-09-03T15:05:30,인천 부평동 사무실 거주청소 당일상담,seo-incheon-bupyeong-dong-office-residential-cleaning-same-day-consult,https://clever-griffin-93819d.netlify.app/seo-incheon-bupyeong-dong-office-residential-cleaning-same-day-consult/,인천 부평동,거주청소,사무실,당일상담
2026-09-03T15:05:30,인천 부평동 사무실 거주청소 주말예약,seo-incheon-bupyeong-dong-office-residential-cleaning-weekend-booking,https://clever-griffin-93819d.netlify.app/seo-incheon-bupyeong-dong-office-residential-cleaning-weekend-booking/,인천 부평동,거주청소,사무실,주말예약
2026-09-03T15:05:30,인천 부평동 사무실 거주청소 청소범위,seo-incheon-bupyeong-dong-office-residential-cleaning-scope,https://clever-griffin-93819d.netlify.app/seo-incheon-bupyeong-dong-office-residential-cleaning-scope/,인천 부평동,거주청소,사무실,청소범위
2026-09-03T15:05:30,인천 부평동 상가청소 전문업체,seo-incheon-bupyeong-dong-store-cleaning-company,https://clever-griffin-93819d.netlify.app/seo-incheon-bupyeong-dong-store-cleaning-company/,인천 부평동,상가청소,상가,전문업체
2026-09-03T15:05:30,인천 부평동 상가청소 비용,seo-incheon-bupyeong-dong-store-cleaning-cost,https://clever-griffin-93819d.netlify.app/seo-incheon-bupyeong-dong-store-cleaning-cost/,인천 부평동,상가청소,상가,비용
2026-09-03T15:05:30,인천 부평동 상가청소 가격,seo-incheon-bupyeong-dong-store-cleaning-price,https://clever-griffin-93819d.netlify.app/seo-incheon-bupyeong-dong-store-cleaning-price/,인천 부평동,상가청소,상가,가격
2026-09-03T15:05:30,인천 부평동 상가청소 견적,seo-incheon-bupyeong-dong-store-cleaning-estimate,https://clever-griffin-93819d.netlify.app/seo-incheon-bupyeong-dong-store-cleaning-estimate/,인천 부평동,상가청소,상가,견적
2026-09-03T15:05:30,인천 부평동 상가청소 예약,seo-incheon-bupyeong-dong-store-cleaning-booking,https://clever-griffin-93819d.netlify.app/seo-incheon-bupyeong-dong-store-cleaning-booking/,인천 부평동,상가청소,상가,예약
2026-09-03T15:05:30,인천 부평동 상가청소 추천,seo-incheon-bupyeong-dong-store-cleaning-recommend,https://clever-griffin-93819d.netlify.app/seo-incheon-bupyeong-dong-store-cleaning-recommend/,인천 부평동,상가청소,상가,추천
2026-09-03T15:05:30,인천 부평동 상가청소 후기,seo-incheon-bupyeong-dong-store-cleaning-review,https://clever-griffin-93819d.netlify.app/seo-incheon-bupyeong-dong-store-cleaning-review/,인천 부평동,상가청소,상가,후기
2026-09-03T15:05:30,인천 부평동 상가청소 잘하는곳,seo-incheon-bupyeong-dong-store-cleaning-best,https://clever-griffin-93819d.netlify.app/seo-incheon-bupyeong-dong-store-cleaning-best/,인천 부평동,상가청소,상가,잘하는곳
2026-09-03T15:05:30,인천 부평동 상가청소 업체,seo-incheon-bupyeong-dong-store-cleaning-service,https://clever-griffin-93819d.netlify.app/seo-incheon-bupyeong-dong-store-cleaning-service/,인천 부평동,상가청소,상가,업체
2026-09-03T15:05:30,인천 부평동 상가청소 당일상담,seo-incheon-bupyeong-dong-store-cleaning-same-day-consult,https://clever-griffin-93819d.netlify.app/seo-incheon-bupyeong-dong-store-cleaning-same-day-consult/,인천 부평동,상가청소,상가,당일상담
2026-09-03T15:05:30,인천 부평동 상가청소 주말예약,seo-incheon-bupyeong-dong-store-cleaning-weekend-booking,https://clever-griffin-93819d.netlify.app/seo-incheon-bupyeong-dong-store-cleaning-weekend-booking/,인천 부평동,상가청소,상가,주말예약
2026-09-03T15:05:30,인천 부평동 상가청소 청소범위,seo-incheon-bupyeong-dong-store-cleaning-scope,https://clever-griffin-93819d.netlify.app/seo-incheon-bupyeong-dong-store-cleaning-scope/,인천 부평동,상가청소,상가,청소범위
2026-09-03T15:05:30,인천 부평동 사무실청소 전문업체,seo-incheon-bupyeong-dong-office-cleaning-company,https://clever-griffin-93819d.netlify.app/seo-incheon-bupyeong-dong-office-cleaning-company/,인천 부평동,사무실청소,사무실,전문업체
2026-09-03T15:05:30,인천 부평동 사무실청소 비용,seo-incheon-bupyeong-dong-office-cleaning-cost,https://clever-griffin-93819d.netlify.app/seo-incheon-bupyeong-dong-office-cleaning-cost/,인천 부평동,사무실청소,사무실,비용
2026-09-03T15:05:30,인천 부평동 사무실청소 가격,seo-incheon-bupyeong-dong-office-cleaning-price,https://clever-griffin-93819d.netlify.app/seo-incheon-bupyeong-dong-office-cleaning-price/,인천 부평동,사무실청소,사무실,가격
2026-09-03T15:05:30,인천 부평동 사무실청소 견적,seo-incheon-bupyeong-dong-office-cleaning-estimate,https://clever-griffin-93819d.netlify.app/seo-incheon-bupyeong-dong-office-cleaning-estimate/,인천 부평동,사무실청소,사무실,견적
2026-09-03T15:05:30,인천 부평동 사무실청소 예약,seo-incheon-bupyeong-dong-office-cleaning-booking,https://clever-griffin-93819d.netlify.app/seo-incheon-bupyeong-dong-office-cleaning-booking/,인천 부평동,사무실청소,사무실,예약
2026-09-03T15:05:30,인천 부평동 사무실청소 추천,seo-incheon-bupyeong-dong-office-cleaning-recommend,https://clever-griffin-93819d.netlify.app/seo-incheon-bupyeong-dong-office-cleaning-recommend/,인천 부평동,사무실청소,사무실,추천
2026-09-03T15:05:30,인천 부평동 사무실청소 후기,seo-incheon-bupyeong-dong-office-cleaning-review,https://clever-griffin-93819d.netlify.app/seo-incheon-bupyeong-dong-office-cleaning-review/,인천 부평동,사무실청소,사무실,후기
2026-09-03T15:05:30,인천 부평동 사무실청소 잘하는곳,seo-incheon-bupyeong-dong-office-cleaning-best,https://clever-griffin-93819d.netlify.app/seo-incheon-bupyeong-dong-office-cleaning-best/,인천 부평동,사무실청소,사무실,잘하는곳
2026-09-03T15:05:30,인천 부평동 사무실청소 업체,seo-incheon-bupyeong-dong-office-cleaning-service,https://clever-griffin-93819d.netlify.app/seo-incheon-bupyeong-dong-office-cleaning-service/,인천 부평동,사무실청소,사무실,업체
2026-09-03T15:05:30,인천 부평동 사무실청소 당일상담,seo-incheon-bupyeong-dong-office-cleaning-same-day-consult,https://clever-griffin-93819d.netlify.app/seo-incheon-bupyeong-dong-office-cleaning-same-day-consult/,인천 부평동,사무실청소,사무실,당일상담
2026-09-03T15:05:30,인천 부평동 사무실청소 주말예약,seo-incheon-bupyeong-dong-office-cleaning-weekend-booking,https://clever-griffin-93819d.netlify.app/seo-incheon-bupyeong-dong-office-cleaning-weekend-booking/,인천 부평동,사무실청소,사무실,주말예약
2026-09-03T15:05:30,인천 부평동 사무실청소 청소범위,seo-incheon-bupyeong-dong-office-cleaning-scope,https://clever-griffin-93819d.netlify.app/seo-incheon-bupyeong-dong-office-cleaning-scope/,인천 부평동,사무실청소,사무실,청소범위
2026-09-03T15:05:30,인천 부평동 원룸청소 전문업체,seo-incheon-bupyeong-dong-one-room-cleaning-company,https://clever-griffin-93819d.netlify.app/seo-incheon-bupyeong-dong-one-room-cleaning-company/,인천 부평동,원룸청소,원룸,전문업체
2026-09-03T15:05:30,인천 부평동 원룸청소 비용,seo-incheon-bupyeong-dong-one-room-cleaning-cost,https://clever-griffin-93819d.netlify.app/seo-incheon-bupyeong-dong-one-room-cleaning-cost/,인천 부평동,원룸청소,원룸,비용
2026-09-03T15:05:30,인천 부평동 원룸청소 가격,seo-incheon-bupyeong-dong-one-room-cleaning-price,https://clever-griffin-93819d.netlify.app/seo-incheon-bupyeong-dong-one-room-cleaning-price/,인천 부평동,원룸청소,원룸,가격
2026-09-03T15:05:30,인천 부평동 원룸청소 견적,seo-incheon-bupyeong-dong-one-room-cleaning-estimate,https://clever-griffin-93819d.netlify.app/seo-incheon-bupyeong-dong-one-room-cleaning-estimate/,인천 부평동,원룸청소,원룸,견적
2026-09-03T15:05:30,인천 부평동 원룸청소 예약,seo-incheon-bupyeong-dong-one-room-cleaning-booking,https://clever-griffin-93819d.netlify.app/seo-incheon-bupyeong-dong-one-room-cleaning-booking/,인천 부평동,원룸청소,원룸,예약
2026-09-03T15:05:30,인천 부평동 원룸청소 추천,seo-incheon-bupyeong-dong-one-room-cleaning-recommend,https://clever-griffin-93819d.netlify.app/seo-incheon-bupyeong-dong-one-room-cleaning-recommend/,인천 부평동,원룸청소,원룸,추천
2026-09-03T15:05:30,인천 부평동 원룸청소 후기,seo-incheon-bupyeong-dong-one-room-cleaning-review,https://clever-griffin-93819d.netlify.app/seo-incheon-bupyeong-dong-one-room-cleaning-review/,인천 부평동,원룸청소,원룸,후기
2026-09-03T15:05:30,인천 부평동 원룸청소 잘하는곳,seo-incheon-bupyeong-dong-one-room-cleaning-best,https://clever-griffin-93819d.netlify.app/seo-incheon-bupyeong-dong-one-room-cleaning-best/,인천 부평동,원룸청소,원룸,잘하는곳
2026-09-03T15:05:30,인천 부평동 원룸청소 업체,seo-incheon-bupyeong-dong-one-room-cleaning-service,https://clever-griffin-93819d.netlify.app/seo-incheon-bupyeong-dong-one-room-cleaning-service/,인천 부평동,원룸청소,원룸,업체
2026-09-03T15:05:30,인천 부평동 원룸청소 당일상담,seo-incheon-bupyeong-dong-one-room-cleaning-same-day-consult,https://clever-griffin-93819d.netlify.app/seo-incheon-bupyeong-dong-one-room-cleaning-same-day-consult/,인천 부평동,원룸청소,원룸,당일상담
2026-09-03T15:05:30,인천 부평동 원룸청소 주말예약,seo-incheon-bupyeong-dong-one-room-cleaning-weekend-booking,https://clever-griffin-93819d.netlify.app/seo-incheon-bupyeong-dong-one-room-cleaning-weekend-booking/,인천 부평동,원룸청소,원룸,주말예약
2026-09-03T15:05:30,인천 부평동 원룸청소 청소범위,seo-incheon-bupyeong-dong-one-room-cleaning-scope,https://clever-griffin-93819d.netlify.app/seo-incheon-bupyeong-dong-one-room-cleaning-scope/,인천 부평동,원룸청소,원룸,청소범위
2026-09-03T15:05:30,인천 부평동 빌라청소 전문업체,seo-incheon-bupyeong-dong-villa-cleaning-company,https://clever-griffin-93819d.netlify.app/seo-incheon-bupyeong-dong-villa-cleaning-company/,인천 부평동,빌라청소,빌라,전문업체
2026-09-03T15:05:30,인천 부평동 빌라청소 비용,seo-incheon-bupyeong-dong-villa-cleaning-cost,https://clever-griffin-93819d.netlify.app/seo-incheon-bupyeong-dong-villa-cleaning-cost/,인천 부평동,빌라청소,빌라,비용
2026-09-03T15:05:30,인천 부평동 빌라청소 가격,seo-incheon-bupyeong-dong-villa-cleaning-price,https://clever-griffin-93819d.netlify.app/seo-incheon-bupyeong-dong-villa-cleaning-price/,인천 부평동,빌라청소,빌라,가격
2026-09-03T15:05:30,인천 부평동 빌라청소 견적,seo-incheon-bupyeong-dong-villa-cleaning-estimate,https://clever-griffin-93819d.netlify.app/seo-incheon-bupyeong-dong-villa-cleaning-estimate/,인천 부평동,빌라청소,빌라,견적
2026-09-03T15:05:30,인천 부평동 빌라청소 예약,seo-incheon-bupyeong-dong-villa-cleaning-booking,https://clever-griffin-93819d.netlify.app/seo-incheon-bupyeong-dong-villa-cleaning-booking/,인천 부평동,빌라청소,빌라,예약
2026-09-03T15:05:30,인천 부평동 빌라청소 추천,seo-incheon-bupyeong-dong-villa-cleaning-recommend,https://clever-griffin-93819d.netlify.app/seo-incheon-bupyeong-dong-villa-cleaning-recommend/,인천 부평동,빌라청소,빌라,추천
2026-09-03T15:05:30,인천 부평동 빌라청소 후기,seo-incheon-bupyeong-dong-villa-cleaning-review,https://clever-griffin-93819d.netlify.app/seo-incheon-bupyeong-dong-villa-cleaning-review/,인천 부평동,빌라청소,빌라,후기
2026-09-03T15:05:30,인천 부평동 빌라청소 잘하는곳,seo-incheon-bupyeong-dong-villa-cleaning-best,https://clever-griffin-93819d.netlify.app/seo-incheon-bupyeong-dong-villa-cleaning-best/,인천 부평동,빌라청소,빌라,잘하는곳
2026-09-03T15:05:30,인천 부평동 빌라청소 업체,seo-incheon-bupyeong-dong-villa-cleaning-service,https://clever-griffin-93819d.netlify.app/seo-incheon-bupyeong-dong-villa-cleaning-service/,인천 부평동,빌라청소,빌라,업체
2026-09-03T15:05:30,인천 부평동 빌라청소 당일상담,seo-incheon-bupyeong-dong-villa-cleaning-same-day-consult,https://clever-griffin-93819d.netlify.app/seo-incheon-bupyeong-dong-villa-cleaning-same-day-consult/,인천 부평동,빌라청소,빌라,당일상담
2026-09-03T15:05:30,인천 부평동 빌라청소 주말예약,seo-incheon-bupyeong-dong-villa-cleaning-weekend-booking,https://clever-griffin-93819d.netlify.app/seo-incheon-bupyeong-dong-villa-cleaning-weekend-booking/,인천 부평동,빌라청소,빌라,주말예약
2026-09-03T15:05:30,인천 부평동 빌라청소 청소범위,seo-incheon-bupyeong-dong-villa-cleaning-scope,https://clever-griffin-93819d.netlify.app/seo-incheon-bupyeong-dong-villa-cleaning-scope/,인천 부평동,빌라청소,빌라,청소범위
2026-09-03T15:05:30,인천 부평동 오피스텔청소 전문업체,seo-incheon-bupyeong-dong-officetel-cleaning-company,https://clever-griffin-93819d.netlify.app/seo-incheon-bupyeong-dong-officetel-cleaning-company/,인천 부평동,오피스텔청소,오피스텔,전문업체
2026-09-03T15:05:30,인천 부평동 오피스텔청소 비용,seo-incheon-bupyeong-dong-officetel-cleaning-cost,https://clever-griffin-93819d.netlify.app/seo-incheon-bupyeong-dong-officetel-cleaning-cost/,인천 부평동,오피스텔청소,오피스텔,비용
2026-09-03T15:05:30,인천 부평동 오피스텔청소 가격,seo-incheon-bupyeong-dong-officetel-cleaning-price,https://clever-griffin-93819d.netlify.app/seo-incheon-bupyeong-dong-officetel-cleaning-price/,인천 부평동,오피스텔청소,오피스텔,가격
2026-09-03T15:05:30,인천 부평동 오피스텔청소 견적,seo-incheon-bupyeong-dong-officetel-cleaning-estimate,https://clever-griffin-93819d.netlify.app/seo-incheon-bupyeong-dong-officetel-cleaning-estimate/,인천 부평동,오피스텔청소,오피스텔,견적
2026-09-03T15:05:30,인천 부평동 오피스텔청소 예약,seo-incheon-bupyeong-dong-officetel-cleaning-booking,https://clever-griffin-93819d.netlify.app/seo-incheon-bupyeong-dong-officetel-cleaning-booking/,인천 부평동,오피스텔청소,오피스텔,예약
2026-09-03T15:05:30,인천 부평동 오피스텔청소 추천,seo-incheon-bupyeong-dong-officetel-cleaning-recommend,https://clever-griffin-93819d.netlify.app/seo-incheon-bupyeong-dong-officetel-cleaning-recommend/,인천 부평동,오피스텔청소,오피스텔,추천
2026-09-03T15:05:30,인천 부평동 오피스텔청소 후기,seo-incheon-bupyeong-dong-officetel-cleaning-review,https://clever-griffin-93819d.netlify.app/seo-incheon-bupyeong-dong-officetel-cleaning-review/,인천 부평동,오피스텔청소,오피스텔,후기
2026-09-03T15:05:30,인천 부평동 오피스텔청소 잘하는곳,seo-incheon-bupyeong-dong-officetel-cleaning-best,https://clever-griffin-93819d.netlify.app/seo-incheon-bupyeong-dong-officetel-cleaning-best/,인천 부평동,오피스텔청소,오피스텔,잘하는곳
2026-09-03T15:05:30,인천 부평동 오피스텔청소 업체,seo-incheon-bupyeong-dong-officetel-cleaning-service,https://clever-griffin-93819d.netlify.app/seo-incheon-bupyeong-dong-officetel-cleaning-service/,인천 부평동,오피스텔청소,오피스텔,업체
2026-09-03T15:05:30,인천 부평동 오피스텔청소 당일상담,seo-incheon-bupyeong-dong-officetel-cleaning-same-day-consult,https://clever-griffin-93819d.netlify.app/seo-incheon-bupyeong-dong-officetel-cleaning-same-day-consult/,인천 부평동,오피스텔청소,오피스텔,당일상담
2026-09-03T15:05:30,인천 부평동 오피스텔청소 주말예약,seo-incheon-bupyeong-dong-officetel-cleaning-weekend-booking,https://clever-griffin-93819d.netlify.app/seo-incheon-bupyeong-dong-officetel-cleaning-weekend-booking/,인천 부평동,오피스텔청소,오피스텔,주말예약
2026-09-03T15:05:30,인천 부평동 오피스텔청소 청소범위,seo-incheon-bupyeong-dong-officetel-cleaning-scope,https://clever-griffin-93819d.netlify.app/seo-incheon-bupyeong-dong-officetel-cleaning-scope/,인천 부평동,오피스텔청소,오피스텔,청소범위
2026-09-03T15:05:30,인천 부평동 원룸 폐기물청소 전문업체,seo-incheon-bupyeong-dong-one-room-waste-cleaning-company,https://clever-griffin-93819d.netlify.app/seo-incheon-bupyeong-dong-one-room-waste-cleaning-company/,인천 부평동,폐기물청소,원룸,전문업체
2026-09-03T15:05:30,인천 부평동 원룸 폐기물청소 비용,seo-incheon-bupyeong-dong-one-room-waste-cleaning-cost,https://clever-griffin-93819d.netlify.app/seo-incheon-bupyeong-dong-one-room-waste-cleaning-cost/,인천 부평동,폐기물청소,원룸,비용
2026-09-03T15:05:30,인천 부평동 원룸 폐기물청소 가격,seo-incheon-bupyeong-dong-one-room-waste-cleaning-price,https://clever-griffin-93819d.netlify.app/seo-incheon-bupyeong-dong-one-room-waste-cleaning-price/,인천 부평동,폐기물청소,원룸,가격
2026-09-03T15:05:30,인천 부평동 원룸 폐기물청소 견적,seo-incheon-bupyeong-dong-one-room-waste-cleaning-estimate,https://clever-griffin-93819d.netlify.app/seo-incheon-bupyeong-dong-one-room-waste-cleaning-estimate/,인천 부평동,폐기물청소,원룸,견적
2026-09-03T15:05:30,인천 부평동 원룸 폐기물청소 예약,seo-incheon-bupyeong-dong-one-room-waste-cleaning-booking,https://clever-griffin-93819d.netlify.app/seo-incheon-bupyeong-dong-one-room-waste-cleaning-booking/,인천 부평동,폐기물청소,원룸,예약
2026-09-03T15:05:30,인천 부평동 원룸 폐기물청소 추천,seo-incheon-bupyeong-dong-one-room-waste-cleaning-recommend,https://clever-griffin-93819d.netlify.app/seo-incheon-bupyeong-dong-one-room-waste-cleaning-recommend/,인천 부평동,폐기물청소,원룸,추천
2026-09-03T15:05:30,인천 부평동 원룸 폐기물청소 후기,seo-incheon-bupyeong-dong-one-room-waste-cleaning-review,https://clever-griffin-93819d.netlify.app/seo-incheon-bupyeong-dong-one-room-waste-cleaning-review/,인천 부평동,폐기물청소,원룸,후기
2026-09-03T15:05:30,인천 부평동 원룸 폐기물청소 잘하는곳,seo-incheon-bupyeong-dong-one-room-waste-cleaning-best,https://clever-griffin-93819d.netlify.app/seo-incheon-bupyeong-dong-one-room-waste-cleaning-best/,인천 부평동,폐기물청소,원룸,잘하는곳
2026-09-03T15:05:30,인천 부평동 원룸 폐기물청소 업체,seo-incheon-bupyeong-dong-one-room-waste-cleaning-service,https://clever-griffin-93819d.netlify.app/seo-incheon-bupyeong-dong-one-room-waste-cleaning-service/,인천 부평동,폐기물청소,원룸,업체
2026-09-03T15:05:30,인천 부평동 원룸 폐기물청소 당일상담,seo-incheon-bupyeong-dong-one-room-waste-cleaning-same-day-consult,https://clever-griffin-93819d.netlify.app/seo-incheon-bupyeong-dong-one-room-waste-cleaning-same-day-consult/,인천 부평동,폐기물청소,원룸,당일상담
2026-09-03T15:05:30,인천 부평동 원룸 폐기물청소 주말예약,seo-incheon-bupyeong-dong-one-room-waste-cleaning-weekend-booking,https://clever-griffin-93819d.netlify.app/seo-incheon-bupyeong-dong-one-room-waste-cleaning-weekend-booking/,인천 부평동,폐기물청소,원룸,주말예약
2026-09-03T15:05:30,인천 부평동 원룸 폐기물청소 청소범위,seo-incheon-bupyeong-dong-one-room-waste-cleaning-scope,https://clever-griffin-93819d.netlify.app/seo-incheon-bupyeong-dong-one-room-waste-cleaning-scope/,인천 부평동,폐기물청소,원룸,청소범위
2026-09-03T15:05:30,인천 부평동 빌라 폐기물청소 전문업체,seo-incheon-bupyeong-dong-villa-waste-cleaning-company,https://clever-griffin-93819d.netlify.app/seo-incheon-bupyeong-dong-villa-waste-cleaning-company/,인천 부평동,폐기물청소,빌라,전문업체
2026-09-03T15:05:30,인천 부평동 빌라 폐기물청소 비용,seo-incheon-bupyeong-dong-villa-waste-cleaning-cost,https://clever-griffin-93819d.netlify.app/seo-incheon-bupyeong-dong-villa-waste-cleaning-cost/,인천 부평동,폐기물청소,빌라,비용
2026-09-03T15:05:30,인천 부평동 빌라 폐기물청소 가격,seo-incheon-bupyeong-dong-villa-waste-cleaning-price,https://clever-griffin-93819d.netlify.app/seo-incheon-bupyeong-dong-villa-waste-cleaning-price/,인천 부평동,폐기물청소,빌라,가격
2026-09-03T15:05:30,인천 부평동 빌라 폐기물청소 견적,seo-incheon-bupyeong-dong-villa-waste-cleaning-estimate,https://clever-griffin-93819d.netlify.app/seo-incheon-bupyeong-dong-villa-waste-cleaning-estimate/,인천 부평동,폐기물청소,빌라,견적
2026-09-03T15:05:30,인천 부평동 빌라 폐기물청소 예약,seo-incheon-bupyeong-dong-villa-waste-cleaning-booking,https://clever-griffin-93819d.netlify.app/seo-incheon-bupyeong-dong-villa-waste-cleaning-booking/,인천 부평동,폐기물청소,빌라,예약
2026-09-03T15:05:30,인천 부평동 빌라 폐기물청소 추천,seo-incheon-bupyeong-dong-villa-waste-cleaning-recommend,https://clever-griffin-93819d.netlify.app/seo-incheon-bupyeong-dong-villa-waste-cleaning-recommend/,인천 부평동,폐기물청소,빌라,추천
2026-09-03T15:05:30,인천 부평동 빌라 폐기물청소 후기,seo-incheon-bupyeong-dong-villa-waste-cleaning-review,https://clever-griffin-93819d.netlify.app/seo-incheon-bupyeong-dong-villa-waste-cleaning-review/,인천 부평동,폐기물청소,빌라,후기
2026-09-03T15:05:30,인천 부평동 빌라 폐기물청소 잘하는곳,seo-incheon-bupyeong-dong-villa-waste-cleaning-best,https://clever-griffin-93819d.netlify.app/seo-incheon-bupyeong-dong-villa-waste-cleaning-best/,인천 부평동,폐기물청소,빌라,잘하는곳
2026-09-03T15:05:30,인천 부평동 빌라 폐기물청소 업체,seo-incheon-bupyeong-dong-villa-waste-cleaning-service,https://clever-griffin-93819d.netlify.app/seo-incheon-bupyeong-dong-villa-waste-cleaning-service/,인천 부평동,폐기물청소,빌라,업체
2026-09-03T15:05:30,인천 부평동 빌라 폐기물청소 당일상담,seo-incheon-bupyeong-dong-villa-waste-cleaning-same-day-consult,https://clever-griffin-93819d.netlify.app/seo-incheon-bupyeong-dong-villa-waste-cleaning-same-day-consult/,인천 부평동,폐기물청소,빌라,당일상담
2026-09-03T15:05:30,인천 부평동 빌라 폐기물청소 주말예약,seo-incheon-bupyeong-dong-villa-waste-cleaning-weekend-booking,https://clever-griffin-93819d.netlify.app/seo-incheon-bupyeong-dong-villa-waste-cleaning-weekend-booking/,인천 부평동,폐기물청소,빌라,주말예약
2026-09-03T15:05:30,인천 부평동 빌라 폐기물청소 청소범위,seo-incheon-bupyeong-dong-villa-waste-cleaning-scope,https://clever-griffin-93819d.netlify.app/seo-incheon-bupyeong-dong-villa-waste-cleaning-scope/,인천 부평동,폐기물청소,빌라,청소범위
2026-09-03T15:05:30,인천 부평동 오피스텔 폐기물청소 전문업체,seo-incheon-bupyeong-dong-officetel-waste-cleaning-company,https://clever-griffin-93819d.netlify.app/seo-incheon-bupyeong-dong-officetel-waste-cleaning-company/,인천 부평동,폐기물청소,오피스텔,전문업체
2026-09-03T15:05:30,인천 부평동 오피스텔 폐기물청소 비용,seo-incheon-bupyeong-dong-officetel-waste-cleaning-cost,https://clever-griffin-93819d.netlify.app/seo-incheon-bupyeong-dong-officetel-waste-cleaning-cost/,인천 부평동,폐기물청소,오피스텔,비용
2026-09-03T15:05:30,인천 부평동 오피스텔 폐기물청소 가격,seo-incheon-bupyeong-dong-officetel-waste-cleaning-price,https://clever-griffin-93819d.netlify.app/seo-incheon-bupyeong-dong-officetel-waste-cleaning-price/,인천 부평동,폐기물청소,오피스텔,가격
2026-09-03T15:05:30,인천 부평동 오피스텔 폐기물청소 견적,seo-incheon-bupyeong-dong-officetel-waste-cleaning-estimate,https://clever-griffin-93819d.netlify.app/seo-incheon-bupyeong-dong-officetel-waste-cleaning-estimate/,인천 부평동,폐기물청소,오피스텔,견적
2026-09-03T15:05:30,인천 부평동 오피스텔 폐기물청소 예약,seo-incheon-bupyeong-dong-officetel-waste-cleaning-booking,https://clever-griffin-93819d.netlify.app/seo-incheon-bupyeong-dong-officetel-waste-cleaning-booking/,인천 부평동,폐기물청소,오피스텔,예약
2026-09-03T15:05:30,인천 부평동 오피스텔 폐기물청소 추천,seo-incheon-bupyeong-dong-officetel-waste-cleaning-recommend,https://clever-griffin-93819d.netlify.app/seo-incheon-bupyeong-dong-officetel-waste-cleaning-recommend/,인천 부평동,폐기물청소,오피스텔,추천
2026-09-03T15:05:30,인천 부평동 오피스텔 폐기물청소 후기,seo-incheon-bupyeong-dong-officetel-waste-cleaning-review,https://clever-griffin-93819d.netlify.app/seo-incheon-bupyeong-dong-officetel-waste-cleaning-review/,인천 부평동,폐기물청소,오피스텔,후기
2026-09-03T15:05:30,인천 부평동 오피스텔 폐기물청소 잘하는곳,seo-incheon-bupyeong-dong-officetel-waste-cleaning-best,https://clever-griffin-93819d.netlify.app/seo-incheon-bupyeong-dong-officetel-waste-cleaning-best/,인천 부평동,폐기물청소,오피스텔,잘하는곳
2026-09-03T15:05:30,인천 부평동 오피스텔 폐기물청소 업체,seo-incheon-bupyeong-dong-officetel-waste-cleaning-service,https://clever-griffin-93819d.netlify.app/seo-incheon-bupyeong-dong-officetel-waste-cleaning-service/,인천 부평동,폐기물청소,오피스텔,업체
2026-09-03T15:05:30,인천 부평동 오피스텔 폐기물청소 당일상담,seo-incheon-bupyeong-dong-officetel-waste-cleaning-same-day-consult,https://clever-griffin-93819d.netlify.app/seo-incheon-bupyeong-dong-officetel-waste-cleaning-same-day-consult/,인천 부평동,폐기물청소,오피스텔,당일상담
2026-09-03T15:05:30,인천 부평동 오피스텔 폐기물청소 주말예약,seo-incheon-bupyeong-dong-officetel-waste-cleaning-weekend-booking,https://clever-griffin-93819d.netlify.app/seo-incheon-bupyeong-dong-officetel-waste-cleaning-weekend-booking/,인천 부평동,폐기물청소,오피스텔,주말예약
2026-09-03T15:05:30,인천 부평동 오피스텔 폐기물청소 청소범위,seo-incheon-bupyeong-dong-officetel-waste-cleaning-scope,https://clever-griffin-93819d.netlify.app/seo-incheon-bupyeong-dong-officetel-waste-cleaning-scope/,인천 부평동,폐기물청소,오피스텔,청소범위
2026-09-03T15:05:30,인천 부평동 상가 폐기물청소 전문업체,seo-incheon-bupyeong-dong-store-waste-cleaning-company,https://clever-griffin-93819d.netlify.app/seo-incheon-bupyeong-dong-store-waste-cleaning-company/,인천 부평동,폐기물청소,상가,전문업체
2026-09-03T15:05:30,인천 부평동 상가 폐기물청소 비용,seo-incheon-bupyeong-dong-store-waste-cleaning-cost,https://clever-griffin-93819d.netlify.app/seo-incheon-bupyeong-dong-store-waste-cleaning-cost/,인천 부평동,폐기물청소,상가,비용
2026-09-03T15:05:30,인천 부평동 상가 폐기물청소 가격,seo-incheon-bupyeong-dong-store-waste-cleaning-price,https://clever-griffin-93819d.netlify.app/seo-incheon-bupyeong-dong-store-waste-cleaning-price/,인천 부평동,폐기물청소,상가,가격
2026-09-03T15:05:30,인천 부평동 상가 폐기물청소 견적,seo-incheon-bupyeong-dong-store-waste-cleaning-estimate,https://clever-griffin-93819d.netlify.app/seo-incheon-bupyeong-dong-store-waste-cleaning-estimate/,인천 부평동,폐기물청소,상가,견적
2026-09-03T15:05:30,인천 부평동 상가 폐기물청소 예약,seo-incheon-bupyeong-dong-store-waste-cleaning-booking,https://clever-griffin-93819d.netlify.app/seo-incheon-bupyeong-dong-store-waste-cleaning-booking/,인천 부평동,폐기물청소,상가,예약
2026-09-03T15:05:30,인천 부평동 상가 폐기물청소 추천,seo-incheon-bupyeong-dong-store-waste-cleaning-recommend,https://clever-griffin-93819d.netlify.app/seo-incheon-bupyeong-dong-store-waste-cleaning-recommend/,인천 부평동,폐기물청소,상가,추천
2026-09-03T15:05:30,인천 부평동 상가 폐기물청소 후기,seo-incheon-bupyeong-dong-store-waste-cleaning-review,https://clever-griffin-93819d.netlify.app/seo-incheon-bupyeong-dong-store-waste-cleaning-review/,인천 부평동,폐기물청소,상가,후기
2026-09-03T15:05:30,인천 부평동 상가 폐기물청소 잘하는곳,seo-incheon-bupyeong-dong-store-waste-cleaning-best,https://clever-griffin-93819d.netlify.app/seo-incheon-bupyeong-dong-store-waste-cleaning-best/,인천 부평동,폐기물청소,상가,잘하는곳
2026-09-03T15:05:30,인천 부평동 상가 폐기물청소 업체,seo-incheon-bupyeong-dong-store-waste-cleaning-service,https://clever-griffin-93819d.netlify.app/seo-incheon-bupyeong-dong-store-waste-cleaning-service/,인천 부평동,폐기물청소,상가,업체
2026-09-03T15:05:30,인천 부평동 상가 폐기물청소 당일상담,seo-incheon-bupyeong-dong-store-waste-cleaning-same-day-consult,https://clever-griffin-93819d.netlify.app/seo-incheon-bupyeong-dong-store-waste-cleaning-same-day-consult/,인천 부평동,폐기물청소,상가,당일상담
2026-09-03T15:05:30,인천 부평동 상가 폐기물청소 주말예약,seo-incheon-bupyeong-dong-store-waste-cleaning-weekend-booking,https://clever-griffin-93819d.netlify.app/seo-incheon-bupyeong-dong-store-waste-cleaning-weekend-booking/,인천 부평동,폐기물청소,상가,주말예약
2026-09-03T15:05:30,인천 부평동 상가 폐기물청소 청소범위,seo-incheon-bupyeong-dong-store-waste-cleaning-scope,https://clever-griffin-93819d.netlify.app/seo-incheon-bupyeong-dong-store-waste-cleaning-scope/,인천 부평동,폐기물청소,상가,청소범위
2026-09-03T15:05:30,인천 부평동 사무실 폐기물청소 전문업체,seo-incheon-bupyeong-dong-office-waste-cleaning-company,https://clever-griffin-93819d.netlify.app/seo-incheon-bupyeong-dong-office-waste-cleaning-company/,인천 부평동,폐기물청소,사무실,전문업체
2026-09-03T15:05:30,인천 부평동 사무실 폐기물청소 비용,seo-incheon-bupyeong-dong-office-waste-cleaning-cost,https://clever-griffin-93819d.netlify.app/seo-incheon-bupyeong-dong-office-waste-cleaning-cost/,인천 부평동,폐기물청소,사무실,비용
2026-09-03T15:05:30,인천 부평동 사무실 폐기물청소 가격,seo-incheon-bupyeong-dong-office-waste-cleaning-price,https://clever-griffin-93819d.netlify.app/seo-incheon-bupyeong-dong-office-waste-cleaning-price/,인천 부평동,폐기물청소,사무실,가격
2026-09-03T15:05:30,인천 부평동 사무실 폐기물청소 견적,seo-incheon-bupyeong-dong-office-waste-cleaning-estimate,https://clever-griffin-93819d.netlify.app/seo-incheon-bupyeong-dong-office-waste-cleaning-estimate/,인천 부평동,폐기물청소,사무실,견적
2026-09-03T15:05:30,인천 부평동 사무실 폐기물청소 예약,seo-incheon-bupyeong-dong-office-waste-cleaning-booking,https://clever-griffin-93819d.netlify.app/seo-incheon-bupyeong-dong-office-waste-cleaning-booking/,인천 부평동,폐기물청소,사무실,예약
2026-09-03T15:05:30,인천 부평동 사무실 폐기물청소 추천,seo-incheon-bupyeong-dong-office-waste-cleaning-recommend,https://clever-griffin-93819d.netlify.app/seo-incheon-bupyeong-dong-office-waste-cleaning-recommend/,인천 부평동,폐기물청소,사무실,추천
2026-09-03T15:05:30,인천 부평동 사무실 폐기물청소 후기,seo-incheon-bupyeong-dong-office-waste-cleaning-review,https://clever-griffin-93819d.netlify.app/seo-incheon-bupyeong-dong-office-waste-cleaning-review/,인천 부평동,폐기물청소,사무실,후기
2026-09-03T15:05:30,인천 부평동 사무실 폐기물청소 잘하는곳,seo-incheon-bupyeong-dong-office-waste-cleaning-best,https://clever-griffin-93819d.netlify.app/seo-incheon-bupyeong-dong-office-waste-cleaning-best/,인천 부평동,폐기물청소,사무실,잘하는곳
2026-09-03T15:05:30,인천 부평동 사무실 폐기물청소 업체,seo-incheon-bupyeong-dong-office-waste-cleaning-service,https://clever-griffin-93819d.netlify.app/seo-incheon-bupyeong-dong-office-waste-cleaning-service/,인천 부평동,폐기물청소,사무실,업체
2026-09-03T15:05:30,인천 부평동 사무실 폐기물청소 당일상담,seo-incheon-bupyeong-dong-office-waste-cleaning-same-day-consult,https://clever-griffin-93819d.netlify.app/seo-incheon-bupyeong-dong-office-waste-cleaning-same-day-consult/,인천 부평동,폐기물청소,사무실,당일상담
2026-09-03T15:05:30,인천 부평동 사무실 폐기물청소 주말예약,seo-incheon-bupyeong-dong-office-waste-cleaning-weekend-booking,https://clever-griffin-93819d.netlify.app/seo-incheon-bupyeong-dong-office-waste-cleaning-weekend-booking/,인천 부평동,폐기물청소,사무실,주말예약
2026-09-03T15:05:30,인천 부평동 사무실 폐기물청소 청소범위,seo-incheon-bupyeong-dong-office-waste-cleaning-scope,https://clever-griffin-93819d.netlify.app/seo-incheon-bupyeong-dong-office-waste-cleaning-scope/,인천 부평동,폐기물청소,사무실,청소범위
2026-09-03T15:05:30,인천 간석동 아파트 입주청소 전문업체,seo-incheon-ganseok-dong-apartment-move-in-cleaning-company,https://clever-griffin-93819d.netlify.app/seo-incheon-ganseok-dong-apartment-move-in-cleaning-company/,인천 간석동,입주청소,아파트,전문업체
2026-09-03T15:05:30,인천 간석동 아파트 입주청소 비용,seo-incheon-ganseok-dong-apartment-move-in-cleaning-cost,https://clever-griffin-93819d.netlify.app/seo-incheon-ganseok-dong-apartment-move-in-cleaning-cost/,인천 간석동,입주청소,아파트,비용
2026-09-03T15:05:30,인천 간석동 아파트 입주청소 가격,seo-incheon-ganseok-dong-apartment-move-in-cleaning-price,https://clever-griffin-93819d.netlify.app/seo-incheon-ganseok-dong-apartment-move-in-cleaning-price/,인천 간석동,입주청소,아파트,가격
2026-09-03T15:05:30,인천 간석동 아파트 입주청소 견적,seo-incheon-ganseok-dong-apartment-move-in-cleaning-estimate,https://clever-griffin-93819d.netlify.app/seo-incheon-ganseok-dong-apartment-move-in-cleaning-estimate/,인천 간석동,입주청소,아파트,견적
2026-09-03T15:05:30,인천 간석동 아파트 입주청소 예약,seo-incheon-ganseok-dong-apartment-move-in-cleaning-booking,https://clever-griffin-93819d.netlify.app/seo-incheon-ganseok-dong-apartment-move-in-cleaning-booking/,인천 간석동,입주청소,아파트,예약
2026-09-03T15:05:30,인천 간석동 아파트 입주청소 추천,seo-incheon-ganseok-dong-apartment-move-in-cleaning-recommend,https://clever-griffin-93819d.netlify.app/seo-incheon-ganseok-dong-apartment-move-in-cleaning-recommend/,인천 간석동,입주청소,아파트,추천
2026-09-03T15:05:30,인천 간석동 아파트 입주청소 후기,seo-incheon-ganseok-dong-apartment-move-in-cleaning-review,https://clever-griffin-93819d.netlify.app/seo-incheon-ganseok-dong-apartment-move-in-cleaning-review/,인천 간석동,입주청소,아파트,후기
2026-09-03T15:05:30,인천 간석동 아파트 입주청소 잘하는곳,seo-incheon-ganseok-dong-apartment-move-in-cleaning-best,https://clever-griffin-93819d.netlify.app/seo-incheon-ganseok-dong-apartment-move-in-cleaning-best/,인천 간석동,입주청소,아파트,잘하는곳
2026-09-03T15:05:30,인천 간석동 아파트 입주청소 업체,seo-incheon-ganseok-dong-apartment-move-in-cleaning-service,https://clever-griffin-93819d.netlify.app/seo-incheon-ganseok-dong-apartment-move-in-cleaning-service/,인천 간석동,입주청소,아파트,업체
2026-09-03T15:05:30,인천 간석동 아파트 입주청소 당일상담,seo-incheon-ganseok-dong-apartment-move-in-cleaning-same-day-consult,https://clever-griffin-93819d.netlify.app/seo-incheon-ganseok-dong-apartment-move-in-cleaning-same-day-consult/,인천 간석동,입주청소,아파트,당일상담
2026-09-03T15:05:30,인천 간석동 아파트 입주청소 주말예약,seo-incheon-ganseok-dong-apartment-move-in-cleaning-weekend-booking,https://clever-griffin-93819d.netlify.app/seo-incheon-ganseok-dong-apartment-move-in-cleaning-weekend-booking/,인천 간석동,입주청소,아파트,주말예약
2026-09-03T15:05:30,인천 간석동 아파트 입주청소 청소범위,seo-incheon-ganseok-dong-apartment-move-in-cleaning-scope,https://clever-griffin-93819d.netlify.app/seo-incheon-ganseok-dong-apartment-move-in-cleaning-scope/,인천 간석동,입주청소,아파트,청소범위
2026-09-03T15:05:30,인천 간석동 원룸 입주청소 전문업체,seo-incheon-ganseok-dong-one-room-move-in-cleaning-company,https://clever-griffin-93819d.netlify.app/seo-incheon-ganseok-dong-one-room-move-in-cleaning-company/,인천 간석동,입주청소,원룸,전문업체
2026-09-03T15:05:30,인천 간석동 원룸 입주청소 비용,seo-incheon-ganseok-dong-one-room-move-in-cleaning-cost,https://clever-griffin-93819d.netlify.app/seo-incheon-ganseok-dong-one-room-move-in-cleaning-cost/,인천 간석동,입주청소,원룸,비용
2026-09-03T15:05:30,인천 간석동 원룸 입주청소 가격,seo-incheon-ganseok-dong-one-room-move-in-cleaning-price,https://clever-griffin-93819d.netlify.app/seo-incheon-ganseok-dong-one-room-move-in-cleaning-price/,인천 간석동,입주청소,원룸,가격
2026-09-03T15:05:30,인천 간석동 원룸 입주청소 견적,seo-incheon-ganseok-dong-one-room-move-in-cleaning-estimate,https://clever-griffin-93819d.netlify.app/seo-incheon-ganseok-dong-one-room-move-in-cleaning-estimate/,인천 간석동,입주청소,원룸,견적
2026-09-03T15:05:30,인천 간석동 원룸 입주청소 예약,seo-incheon-ganseok-dong-one-room-move-in-cleaning-booking,https://clever-griffin-93819d.netlify.app/seo-incheon-ganseok-dong-one-room-move-in-cleaning-booking/,인천 간석동,입주청소,원룸,예약
2026-09-03T15:05:30,인천 간석동 원룸 입주청소 추천,seo-incheon-ganseok-dong-one-room-move-in-cleaning-recommend,https://clever-griffin-93819d.netlify.app/seo-incheon-ganseok-dong-one-room-move-in-cleaning-recommend/,인천 간석동,입주청소,원룸,추천
2026-09-03T15:05:30,인천 간석동 원룸 입주청소 후기,seo-incheon-ganseok-dong-one-room-move-in-cleaning-review,https://clever-griffin-93819d.netlify.app/seo-incheon-ganseok-dong-one-room-move-in-cleaning-review/,인천 간석동,입주청소,원룸,후기
2026-09-03T15:05:30,인천 간석동 원룸 입주청소 잘하는곳,seo-incheon-ganseok-dong-one-room-move-in-cleaning-best,https://clever-griffin-93819d.netlify.app/seo-incheon-ganseok-dong-one-room-move-in-cleaning-best/,인천 간석동,입주청소,원룸,잘하는곳
2026-09-03T15:05:30,인천 간석동 원룸 입주청소 업체,seo-incheon-ganseok-dong-one-room-move-in-cleaning-service,https://clever-griffin-93819d.netlify.app/seo-incheon-ganseok-dong-one-room-move-in-cleaning-service/,인천 간석동,입주청소,원룸,업체
2026-09-03T15:05:30,인천 간석동 원룸 입주청소 당일상담,seo-incheon-ganseok-dong-one-room-move-in-cleaning-same-day-consult,https://clever-griffin-93819d.netlify.app/seo-incheon-ganseok-dong-one-room-move-in-cleaning-same-day-consult/,인천 간석동,입주청소,원룸,당일상담
2026-09-03T15:05:30,인천 간석동 원룸 입주청소 주말예약,seo-incheon-ganseok-dong-one-room-move-in-cleaning-weekend-booking,https://clever-griffin-93819d.netlify.app/seo-incheon-ganseok-dong-one-room-move-in-cleaning-weekend-booking/,인천 간석동,입주청소,원룸,주말예약
2026-09-03T15:05:30,인천 간석동 원룸 입주청소 청소범위,seo-incheon-ganseok-dong-one-room-move-in-cleaning-scope,https://clever-griffin-93819d.netlify.app/seo-incheon-ganseok-dong-one-room-move-in-cleaning-scope/,인천 간석동,입주청소,원룸,청소범위
2026-09-03T15:05:30,인천 간석동 빌라 입주청소 전문업체,seo-incheon-ganseok-dong-villa-move-in-cleaning-company,https://clever-griffin-93819d.netlify.app/seo-incheon-ganseok-dong-villa-move-in-cleaning-company/,인천 간석동,입주청소,빌라,전문업체
2026-09-03T15:05:30,인천 간석동 빌라 입주청소 비용,seo-incheon-ganseok-dong-villa-move-in-cleaning-cost,https://clever-griffin-93819d.netlify.app/seo-incheon-ganseok-dong-villa-move-in-cleaning-cost/,인천 간석동,입주청소,빌라,비용
2026-09-03T15:05:30,인천 간석동 빌라 입주청소 가격,seo-incheon-ganseok-dong-villa-move-in-cleaning-price,https://clever-griffin-93819d.netlify.app/seo-incheon-ganseok-dong-villa-move-in-cleaning-price/,인천 간석동,입주청소,빌라,가격
2026-09-03T15:05:30,인천 간석동 빌라 입주청소 견적,seo-incheon-ganseok-dong-villa-move-in-cleaning-estimate,https://clever-griffin-93819d.netlify.app/seo-incheon-ganseok-dong-villa-move-in-cleaning-estimate/,인천 간석동,입주청소,빌라,견적
2026-09-03T15:05:30,인천 간석동 빌라 입주청소 예약,seo-incheon-ganseok-dong-villa-move-in-cleaning-booking,https://clever-griffin-93819d.netlify.app/seo-incheon-ganseok-dong-villa-move-in-cleaning-booking/,인천 간석동,입주청소,빌라,예약
2026-09-03T15:05:30,인천 간석동 빌라 입주청소 추천,seo-incheon-ganseok-dong-villa-move-in-cleaning-recommend,https://clever-griffin-93819d.netlify.app/seo-incheon-ganseok-dong-villa-move-in-cleaning-recommend/,인천 간석동,입주청소,빌라,추천
2026-09-03T15:05:30,인천 간석동 빌라 입주청소 후기,seo-incheon-ganseok-dong-villa-move-in-cleaning-review,https://clever-griffin-93819d.netlify.app/seo-incheon-ganseok-dong-villa-move-in-cleaning-review/,인천 간석동,입주청소,빌라,후기
2026-09-03T15:05:30,인천 간석동 빌라 입주청소 잘하는곳,seo-incheon-ganseok-dong-villa-move-in-cleaning-best,https://clever-griffin-93819d.netlify.app/seo-incheon-ganseok-dong-villa-move-in-cleaning-best/,인천 간석동,입주청소,빌라,잘하는곳
2026-09-03T15:05:30,인천 간석동 빌라 입주청소 업체,seo-incheon-ganseok-dong-villa-move-in-cleaning-service,https://clever-griffin-93819d.netlify.app/seo-incheon-ganseok-dong-villa-move-in-cleaning-service/,인천 간석동,입주청소,빌라,업체
2026-09-03T15:05:30,인천 간석동 빌라 입주청소 당일상담,seo-incheon-ganseok-dong-villa-move-in-cleaning-same-day-consult,https://clever-griffin-93819d.netlify.app/seo-incheon-ganseok-dong-villa-move-in-cleaning-same-day-consult/,인천 간석동,입주청소,빌라,당일상담
2026-09-03T15:05:30,인천 간석동 빌라 입주청소 주말예약,seo-incheon-ganseok-dong-villa-move-in-cleaning-weekend-booking,https://clever-griffin-93819d.netlify.app/seo-incheon-ganseok-dong-villa-move-in-cleaning-weekend-booking/,인천 간석동,입주청소,빌라,주말예약
2026-09-03T15:05:30,인천 간석동 빌라 입주청소 청소범위,seo-incheon-ganseok-dong-villa-move-in-cleaning-scope,https://clever-griffin-93819d.netlify.app/seo-incheon-ganseok-dong-villa-move-in-cleaning-scope/,인천 간석동,입주청소,빌라,청소범위
2026-09-03T15:05:30,인천 간석동 오피스텔 입주청소 전문업체,seo-incheon-ganseok-dong-officetel-move-in-cleaning-company,https://clever-griffin-93819d.netlify.app/seo-incheon-ganseok-dong-officetel-move-in-cleaning-company/,인천 간석동,입주청소,오피스텔,전문업체
2026-09-03T15:05:30,인천 간석동 오피스텔 입주청소 비용,seo-incheon-ganseok-dong-officetel-move-in-cleaning-cost,https://clever-griffin-93819d.netlify.app/seo-incheon-ganseok-dong-officetel-move-in-cleaning-cost/,인천 간석동,입주청소,오피스텔,비용
2026-09-03T15:05:30,인천 간석동 오피스텔 입주청소 가격,seo-incheon-ganseok-dong-officetel-move-in-cleaning-price,https://clever-griffin-93819d.netlify.app/seo-incheon-ganseok-dong-officetel-move-in-cleaning-price/,인천 간석동,입주청소,오피스텔,가격
2026-09-03T15:05:30,인천 간석동 오피스텔 입주청소 견적,seo-incheon-ganseok-dong-officetel-move-in-cleaning-estimate,https://clever-griffin-93819d.netlify.app/seo-incheon-ganseok-dong-officetel-move-in-cleaning-estimate/,인천 간석동,입주청소,오피스텔,견적
2026-09-03T15:05:30,인천 간석동 오피스텔 입주청소 예약,seo-incheon-ganseok-dong-officetel-move-in-cleaning-booking,https://clever-griffin-93819d.netlify.app/seo-incheon-ganseok-dong-officetel-move-in-cleaning-booking/,인천 간석동,입주청소,오피스텔,예약
2026-09-03T15:05:30,인천 간석동 오피스텔 입주청소 추천,seo-incheon-ganseok-dong-officetel-move-in-cleaning-recommend,https://clever-griffin-93819d.netlify.app/seo-incheon-ganseok-dong-officetel-move-in-cleaning-recommend/,인천 간석동,입주청소,오피스텔,추천
2026-09-03T15:05:30,인천 간석동 오피스텔 입주청소 후기,seo-incheon-ganseok-dong-officetel-move-in-cleaning-review,https://clever-griffin-93819d.netlify.app/seo-incheon-ganseok-dong-officetel-move-in-cleaning-review/,인천 간석동,입주청소,오피스텔,후기
2026-09-03T15:05:30,인천 간석동 오피스텔 입주청소 잘하는곳,seo-incheon-ganseok-dong-officetel-move-in-cleaning-best,https://clever-griffin-93819d.netlify.app/seo-incheon-ganseok-dong-officetel-move-in-cleaning-best/,인천 간석동,입주청소,오피스텔,잘하는곳
2026-09-03T15:05:30,인천 간석동 오피스텔 입주청소 업체,seo-incheon-ganseok-dong-officetel-move-in-cleaning-service,https://clever-griffin-93819d.netlify.app/seo-incheon-ganseok-dong-officetel-move-in-cleaning-service/,인천 간석동,입주청소,오피스텔,업체
2026-09-03T15:05:30,인천 간석동 오피스텔 입주청소 당일상담,seo-incheon-ganseok-dong-officetel-move-in-cleaning-same-day-consult,https://clever-griffin-93819d.netlify.app/seo-incheon-ganseok-dong-officetel-move-in-cleaning-same-day-consult/,인천 간석동,입주청소,오피스텔,당일상담
2026-09-03T15:05:30,인천 간석동 오피스텔 입주청소 주말예약,seo-incheon-ganseok-dong-officetel-move-in-cleaning-weekend-booking,https://clever-griffin-93819d.netlify.app/seo-incheon-ganseok-dong-officetel-move-in-cleaning-weekend-booking/,인천 간석동,입주청소,오피스텔,주말예약
2026-09-03T15:05:30,인천 간석동 오피스텔 입주청소 청소범위,seo-incheon-ganseok-dong-officetel-move-in-cleaning-scope,https://clever-griffin-93819d.netlify.app/seo-incheon-ganseok-dong-officetel-move-in-cleaning-scope/,인천 간석동,입주청소,오피스텔,청소범위
2026-09-03T15:05:30,인천 간석동 상가 입주청소 전문업체,seo-incheon-ganseok-dong-store-move-in-cleaning-company,https://clever-griffin-93819d.netlify.app/seo-incheon-ganseok-dong-store-move-in-cleaning-company/,인천 간석동,입주청소,상가,전문업체
2026-09-03T15:05:30,인천 간석동 상가 입주청소 비용,seo-incheon-ganseok-dong-store-move-in-cleaning-cost,https://clever-griffin-93819d.netlify.app/seo-incheon-ganseok-dong-store-move-in-cleaning-cost/,인천 간석동,입주청소,상가,비용
2026-09-03T15:05:30,인천 간석동 상가 입주청소 가격,seo-incheon-ganseok-dong-store-move-in-cleaning-price,https://clever-griffin-93819d.netlify.app/seo-incheon-ganseok-dong-store-move-in-cleaning-price/,인천 간석동,입주청소,상가,가격
2026-09-03T15:05:30,인천 간석동 상가 입주청소 견적,seo-incheon-ganseok-dong-store-move-in-cleaning-estimate,https://clever-griffin-93819d.netlify.app/seo-incheon-ganseok-dong-store-move-in-cleaning-estimate/,인천 간석동,입주청소,상가,견적
2026-09-03T15:05:30,인천 간석동 상가 입주청소 예약,seo-incheon-ganseok-dong-store-move-in-cleaning-booking,https://clever-griffin-93819d.netlify.app/seo-incheon-ganseok-dong-store-move-in-cleaning-booking/,인천 간석동,입주청소,상가,예약
2026-09-03T15:05:30,인천 간석동 상가 입주청소 추천,seo-incheon-ganseok-dong-store-move-in-cleaning-recommend,https://clever-griffin-93819d.netlify.app/seo-incheon-ganseok-dong-store-move-in-cleaning-recommend/,인천 간석동,입주청소,상가,추천
2026-09-03T15:05:30,인천 간석동 상가 입주청소 후기,seo-incheon-ganseok-dong-store-move-in-cleaning-review,https://clever-griffin-93819d.netlify.app/seo-incheon-ganseok-dong-store-move-in-cleaning-review/,인천 간석동,입주청소,상가,후기
2026-09-03T15:05:30,인천 간석동 상가 입주청소 잘하는곳,seo-incheon-ganseok-dong-store-move-in-cleaning-best,https://clever-griffin-93819d.netlify.app/seo-incheon-ganseok-dong-store-move-in-cleaning-best/,인천 간석동,입주청소,상가,잘하는곳
2026-09-03T15:05:30,인천 간석동 상가 입주청소 업체,seo-incheon-ganseok-dong-store-move-in-cleaning-service,https://clever-griffin-93819d.netlify.app/seo-incheon-ganseok-dong-store-move-in-cleaning-service/,인천 간석동,입주청소,상가,업체
2026-09-03T15:05:30,인천 간석동 상가 입주청소 당일상담,seo-incheon-ganseok-dong-store-move-in-cleaning-same-day-consult,https://clever-griffin-93819d.netlify.app/seo-incheon-ganseok-dong-store-move-in-cleaning-same-day-consult/,인천 간석동,입주청소,상가,당일상담
2026-09-03T15:05:30,인천 간석동 상가 입주청소 주말예약,seo-incheon-ganseok-dong-store-move-in-cleaning-weekend-booking,https://clever-griffin-93819d.netlify.app/seo-incheon-ganseok-dong-store-move-in-cleaning-weekend-booking/,인천 간석동,입주청소,상가,주말예약
2026-09-03T15:05:30,인천 간석동 상가 입주청소 청소범위,seo-incheon-ganseok-dong-store-move-in-cleaning-scope,https://clever-griffin-93819d.netlify.app/seo-incheon-ganseok-dong-store-move-in-cleaning-scope/,인천 간석동,입주청소,상가,청소범위
2026-09-03T15:05:30,인천 간석동 사무실 입주청소 전문업체,seo-incheon-ganseok-dong-office-move-in-cleaning-company,https://clever-griffin-93819d.netlify.app/seo-incheon-ganseok-dong-office-move-in-cleaning-company/,인천 간석동,입주청소,사무실,전문업체
2026-09-03T15:05:30,인천 간석동 사무실 입주청소 비용,seo-incheon-ganseok-dong-office-move-in-cleaning-cost,https://clever-griffin-93819d.netlify.app/seo-incheon-ganseok-dong-office-move-in-cleaning-cost/,인천 간석동,입주청소,사무실,비용
2026-09-03T15:05:30,인천 간석동 사무실 입주청소 가격,seo-incheon-ganseok-dong-office-move-in-cleaning-price,https://clever-griffin-93819d.netlify.app/seo-incheon-ganseok-dong-office-move-in-cleaning-price/,인천 간석동,입주청소,사무실,가격
2026-09-03T15:05:30,인천 간석동 사무실 입주청소 견적,seo-incheon-ganseok-dong-office-move-in-cleaning-estimate,https://clever-griffin-93819d.netlify.app/seo-incheon-ganseok-dong-office-move-in-cleaning-estimate/,인천 간석동,입주청소,사무실,견적
2026-09-03T15:05:30,인천 간석동 사무실 입주청소 예약,seo-incheon-ganseok-dong-office-move-in-cleaning-booking,https://clever-griffin-93819d.netlify.app/seo-incheon-ganseok-dong-office-move-in-cleaning-booking/,인천 간석동,입주청소,사무실,예약
2026-09-03T15:05:30,인천 간석동 사무실 입주청소 추천,seo-incheon-ganseok-dong-office-move-in-cleaning-recommend,https://clever-griffin-93819d.netlify.app/seo-incheon-ganseok-dong-office-move-in-cleaning-recommend/,인천 간석동,입주청소,사무실,추천
2026-09-03T15:05:30,인천 간석동 사무실 입주청소 후기,seo-incheon-ganseok-dong-office-move-in-cleaning-review,https://clever-griffin-93819d.netlify.app/seo-incheon-ganseok-dong-office-move-in-cleaning-review/,인천 간석동,입주청소,사무실,후기
2026-09-03T15:05:30,인천 간석동 사무실 입주청소 잘하는곳,seo-incheon-ganseok-dong-office-move-in-cleaning-best,https://clever-griffin-93819d.netlify.app/seo-incheon-ganseok-dong-office-move-in-cleaning-best/,인천 간석동,입주청소,사무실,잘하는곳
2026-09-03T15:05:30,인천 간석동 사무실 입주청소 업체,seo-incheon-ganseok-dong-office-move-in-cleaning-service,https://clever-griffin-93819d.netlify.app/seo-incheon-ganseok-dong-office-move-in-cleaning-service/,인천 간석동,입주청소,사무실,업체
2026-09-03T15:05:30,인천 간석동 사무실 입주청소 당일상담,seo-incheon-ganseok-dong-office-move-in-cleaning-same-day-consult,https://clever-griffin-93819d.netlify.app/seo-incheon-ganseok-dong-office-move-in-cleaning-same-day-consult/,인천 간석동,입주청소,사무실,당일상담
2026-09-03T15:05:30,인천 간석동 사무실 입주청소 주말예약,seo-incheon-ganseok-dong-office-move-in-cleaning-weekend-booking,https://clever-griffin-93819d.netlify.app/seo-incheon-ganseok-dong-office-move-in-cleaning-weekend-booking/,인천 간석동,입주청소,사무실,주말예약
2026-09-03T15:05:30,인천 간석동 사무실 입주청소 청소범위,seo-incheon-ganseok-dong-office-move-in-cleaning-scope,https://clever-griffin-93819d.netlify.app/seo-incheon-ganseok-dong-office-move-in-cleaning-scope/,인천 간석동,입주청소,사무실,청소범위
2026-09-03T15:05:30,인천 간석동 아파트 이사청소 전문업체,seo-incheon-ganseok-dong-apartment-moving-cleaning-company,https://clever-griffin-93819d.netlify.app/seo-incheon-ganseok-dong-apartment-moving-cleaning-company/,인천 간석동,이사청소,아파트,전문업체
2026-09-03T15:05:30,인천 간석동 아파트 이사청소 비용,seo-incheon-ganseok-dong-apartment-moving-cleaning-cost,https://clever-griffin-93819d.netlify.app/seo-incheon-ganseok-dong-apartment-moving-cleaning-cost/,인천 간석동,이사청소,아파트,비용
2026-09-03T15:05:30,인천 간석동 아파트 이사청소 가격,seo-incheon-ganseok-dong-apartment-moving-cleaning-price,https://clever-griffin-93819d.netlify.app/seo-incheon-ganseok-dong-apartment-moving-cleaning-price/,인천 간석동,이사청소,아파트,가격
2026-09-03T15:05:30,인천 간석동 아파트 이사청소 견적,seo-incheon-ganseok-dong-apartment-moving-cleaning-estimate,https://clever-griffin-93819d.netlify.app/seo-incheon-ganseok-dong-apartment-moving-cleaning-estimate/,인천 간석동,이사청소,아파트,견적
2026-09-03T15:05:30,인천 간석동 아파트 이사청소 예약,seo-incheon-ganseok-dong-apartment-moving-cleaning-booking,https://clever-griffin-93819d.netlify.app/seo-incheon-ganseok-dong-apartment-moving-cleaning-booking/,인천 간석동,이사청소,아파트,예약
2026-09-03T15:05:30,인천 간석동 아파트 이사청소 추천,seo-incheon-ganseok-dong-apartment-moving-cleaning-recommend,https://clever-griffin-93819d.netlify.app/seo-incheon-ganseok-dong-apartment-moving-cleaning-recommend/,인천 간석동,이사청소,아파트,추천
2026-09-03T15:05:30,인천 간석동 아파트 이사청소 후기,seo-incheon-ganseok-dong-apartment-moving-cleaning-review,https://clever-griffin-93819d.netlify.app/seo-incheon-ganseok-dong-apartment-moving-cleaning-review/,인천 간석동,이사청소,아파트,후기
2026-09-03T15:05:30,인천 간석동 아파트 이사청소 잘하는곳,seo-incheon-ganseok-dong-apartment-moving-cleaning-best,https://clever-griffin-93819d.netlify.app/seo-incheon-ganseok-dong-apartment-moving-cleaning-best/,인천 간석동,이사청소,아파트,잘하는곳
2026-09-03T15:05:30,인천 간석동 아파트 이사청소 업체,seo-incheon-ganseok-dong-apartment-moving-cleaning-service,https://clever-griffin-93819d.netlify.app/seo-incheon-ganseok-dong-apartment-moving-cleaning-service/,인천 간석동,이사청소,아파트,업체
2026-09-03T15:05:30,인천 간석동 아파트 이사청소 당일상담,seo-incheon-ganseok-dong-apartment-moving-cleaning-same-day-consult,https://clever-griffin-93819d.netlify.app/seo-incheon-ganseok-dong-apartment-moving-cleaning-same-day-consult/,인천 간석동,이사청소,아파트,당일상담
2026-09-03T15:05:30,인천 간석동 아파트 이사청소 주말예약,seo-incheon-ganseok-dong-apartment-moving-cleaning-weekend-booking,https://clever-griffin-93819d.netlify.app/seo-incheon-ganseok-dong-apartment-moving-cleaning-weekend-booking/,인천 간석동,이사청소,아파트,주말예약
2026-09-03T15:05:30,인천 간석동 아파트 이사청소 청소범위,seo-incheon-ganseok-dong-apartment-moving-cleaning-scope,https://clever-griffin-93819d.netlify.app/seo-incheon-ganseok-dong-apartment-moving-cleaning-scope/,인천 간석동,이사청소,아파트,청소범위
2026-09-03T15:05:30,인천 간석동 원룸 이사청소 전문업체,seo-incheon-ganseok-dong-one-room-moving-cleaning-company,https://clever-griffin-93819d.netlify.app/seo-incheon-ganseok-dong-one-room-moving-cleaning-company/,인천 간석동,이사청소,원룸,전문업체
2026-09-03T15:05:30,인천 간석동 원룸 이사청소 비용,seo-incheon-ganseok-dong-one-room-moving-cleaning-cost,https://clever-griffin-93819d.netlify.app/seo-incheon-ganseok-dong-one-room-moving-cleaning-cost/,인천 간석동,이사청소,원룸,비용
2026-09-03T15:05:30,인천 간석동 원룸 이사청소 가격,seo-incheon-ganseok-dong-one-room-moving-cleaning-price,https://clever-griffin-93819d.netlify.app/seo-incheon-ganseok-dong-one-room-moving-cleaning-price/,인천 간석동,이사청소,원룸,가격
2026-09-03T15:05:30,인천 간석동 원룸 이사청소 견적,seo-incheon-ganseok-dong-one-room-moving-cleaning-estimate,https://clever-griffin-93819d.netlify.app/seo-incheon-ganseok-dong-one-room-moving-cleaning-estimate/,인천 간석동,이사청소,원룸,견적
2026-09-03T15:05:30,인천 간석동 원룸 이사청소 예약,seo-incheon-ganseok-dong-one-room-moving-cleaning-booking,https://clever-griffin-93819d.netlify.app/seo-incheon-ganseok-dong-one-room-moving-cleaning-booking/,인천 간석동,이사청소,원룸,예약
2026-09-03T15:05:30,인천 간석동 원룸 이사청소 추천,seo-incheon-ganseok-dong-one-room-moving-cleaning-recommend,https://clever-griffin-93819d.netlify.app/seo-incheon-ganseok-dong-one-room-moving-cleaning-recommend/,인천 간석동,이사청소,원룸,추천
2026-09-03T15:05:30,인천 간석동 원룸 이사청소 후기,seo-incheon-ganseok-dong-one-room-moving-cleaning-review,https://clever-griffin-93819d.netlify.app/seo-incheon-ganseok-dong-one-room-moving-cleaning-review/,인천 간석동,이사청소,원룸,후기
2026-09-03T15:05:30,인천 간석동 원룸 이사청소 잘하는곳,seo-incheon-ganseok-dong-one-room-moving-cleaning-best,https://clever-griffin-93819d.netlify.app/seo-incheon-ganseok-dong-one-room-moving-cleaning-best/,인천 간석동,이사청소,원룸,잘하는곳
2026-09-03T15:05:30,인천 간석동 원룸 이사청소 업체,seo-incheon-ganseok-dong-one-room-moving-cleaning-service,https://clever-griffin-93819d.netlify.app/seo-incheon-ganseok-dong-one-room-moving-cleaning-service/,인천 간석동,이사청소,원룸,업체
2026-09-03T15:05:30,인천 간석동 원룸 이사청소 당일상담,seo-incheon-ganseok-dong-one-room-moving-cleaning-same-day-consult,https://clever-griffin-93819d.netlify.app/seo-incheon-ganseok-dong-one-room-moving-cleaning-same-day-consult/,인천 간석동,이사청소,원룸,당일상담
2026-09-03T15:05:30,인천 간석동 원룸 이사청소 주말예약,seo-incheon-ganseok-dong-one-room-moving-cleaning-weekend-booking,https://clever-griffin-93819d.netlify.app/seo-incheon-ganseok-dong-one-room-moving-cleaning-weekend-booking/,인천 간석동,이사청소,원룸,주말예약
2026-09-03T15:05:30,인천 간석동 원룸 이사청소 청소범위,seo-incheon-ganseok-dong-one-room-moving-cleaning-scope,https://clever-griffin-93819d.netlify.app/seo-incheon-ganseok-dong-one-room-moving-cleaning-scope/,인천 간석동,이사청소,원룸,청소범위
2026-09-03T15:05:30,인천 간석동 빌라 이사청소 전문업체,seo-incheon-ganseok-dong-villa-moving-cleaning-company,https://clever-griffin-93819d.netlify.app/seo-incheon-ganseok-dong-villa-moving-cleaning-company/,인천 간석동,이사청소,빌라,전문업체
2026-09-03T15:05:30,인천 간석동 빌라 이사청소 비용,seo-incheon-ganseok-dong-villa-moving-cleaning-cost,https://clever-griffin-93819d.netlify.app/seo-incheon-ganseok-dong-villa-moving-cleaning-cost/,인천 간석동,이사청소,빌라,비용
2026-09-03T15:05:30,인천 간석동 빌라 이사청소 가격,seo-incheon-ganseok-dong-villa-moving-cleaning-price,https://clever-griffin-93819d.netlify.app/seo-incheon-ganseok-dong-villa-moving-cleaning-price/,인천 간석동,이사청소,빌라,가격
2026-09-03T15:05:30,인천 간석동 빌라 이사청소 견적,seo-incheon-ganseok-dong-villa-moving-cleaning-estimate,https://clever-griffin-93819d.netlify.app/seo-incheon-ganseok-dong-villa-moving-cleaning-estimate/,인천 간석동,이사청소,빌라,견적
2026-09-03T15:05:30,인천 간석동 빌라 이사청소 예약,seo-incheon-ganseok-dong-villa-moving-cleaning-booking,https://clever-griffin-93819d.netlify.app/seo-incheon-ganseok-dong-villa-moving-cleaning-booking/,인천 간석동,이사청소,빌라,예약
2026-09-03T15:05:30,인천 간석동 빌라 이사청소 추천,seo-incheon-ganseok-dong-villa-moving-cleaning-recommend,https://clever-griffin-93819d.netlify.app/seo-incheon-ganseok-dong-villa-moving-cleaning-recommend/,인천 간석동,이사청소,빌라,추천
2026-09-03T15:05:30,인천 간석동 빌라 이사청소 후기,seo-incheon-ganseok-dong-villa-moving-cleaning-review,https://clever-griffin-93819d.netlify.app/seo-incheon-ganseok-dong-villa-moving-cleaning-review/,인천 간석동,이사청소,빌라,후기
2026-09-03T15:05:30,인천 간석동 빌라 이사청소 잘하는곳,seo-incheon-ganseok-dong-villa-moving-cleaning-best,https://clever-griffin-93819d.netlify.app/seo-incheon-ganseok-dong-villa-moving-cleaning-best/,인천 간석동,이사청소,빌라,잘하는곳
2026-09-03T15:05:30,인천 간석동 빌라 이사청소 업체,seo-incheon-ganseok-dong-villa-moving-cleaning-service,https://clever-griffin-93819d.netlify.app/seo-incheon-ganseok-dong-villa-moving-cleaning-service/,인천 간석동,이사청소,빌라,업체
2026-09-03T15:05:30,인천 간석동 빌라 이사청소 당일상담,seo-incheon-ganseok-dong-villa-moving-cleaning-same-day-consult,https://clever-griffin-93819d.netlify.app/seo-incheon-ganseok-dong-villa-moving-cleaning-same-day-consult/,인천 간석동,이사청소,빌라,당일상담
2026-09-03T15:05:30,인천 간석동 빌라 이사청소 주말예약,seo-incheon-ganseok-dong-villa-moving-cleaning-weekend-booking,https://clever-griffin-93819d.netlify.app/seo-incheon-ganseok-dong-villa-moving-cleaning-weekend-booking/,인천 간석동,이사청소,빌라,주말예약
2026-09-03T15:05:30,인천 간석동 빌라 이사청소 청소범위,seo-incheon-ganseok-dong-villa-moving-cleaning-scope,https://clever-griffin-93819d.netlify.app/seo-incheon-ganseok-dong-villa-moving-cleaning-scope/,인천 간석동,이사청소,빌라,청소범위
2026-09-03T15:05:30,인천 간석동 오피스텔 이사청소 전문업체,seo-incheon-ganseok-dong-officetel-moving-cleaning-company,https://clever-griffin-93819d.netlify.app/seo-incheon-ganseok-dong-officetel-moving-cleaning-company/,인천 간석동,이사청소,오피스텔,전문업체
2026-09-03T15:05:30,인천 간석동 오피스텔 이사청소 비용,seo-incheon-ganseok-dong-officetel-moving-cleaning-cost,https://clever-griffin-93819d.netlify.app/seo-incheon-ganseok-dong-officetel-moving-cleaning-cost/,인천 간석동,이사청소,오피스텔,비용
2026-09-03T15:05:30,인천 간석동 오피스텔 이사청소 가격,seo-incheon-ganseok-dong-officetel-moving-cleaning-price,https://clever-griffin-93819d.netlify.app/seo-incheon-ganseok-dong-officetel-moving-cleaning-price/,인천 간석동,이사청소,오피스텔,가격
2026-09-03T15:05:30,인천 간석동 오피스텔 이사청소 견적,seo-incheon-ganseok-dong-officetel-moving-cleaning-estimate,https://clever-griffin-93819d.netlify.app/seo-incheon-ganseok-dong-officetel-moving-cleaning-estimate/,인천 간석동,이사청소,오피스텔,견적
2026-09-03T15:05:30,인천 간석동 오피스텔 이사청소 예약,seo-incheon-ganseok-dong-officetel-moving-cleaning-booking,https://clever-griffin-93819d.netlify.app/seo-incheon-ganseok-dong-officetel-moving-cleaning-booking/,인천 간석동,이사청소,오피스텔,예약
2026-09-03T15:05:30,인천 간석동 오피스텔 이사청소 추천,seo-incheon-ganseok-dong-officetel-moving-cleaning-recommend,https://clever-griffin-93819d.netlify.app/seo-incheon-ganseok-dong-officetel-moving-cleaning-recommend/,인천 간석동,이사청소,오피스텔,추천
2026-09-03T15:05:30,인천 간석동 오피스텔 이사청소 후기,seo-incheon-ganseok-dong-officetel-moving-cleaning-review,https://clever-griffin-93819d.netlify.app/seo-incheon-ganseok-dong-officetel-moving-cleaning-review/,인천 간석동,이사청소,오피스텔,후기
2026-09-03T15:05:30,인천 간석동 오피스텔 이사청소 잘하는곳,seo-incheon-ganseok-dong-officetel-moving-cleaning-best,https://clever-griffin-93819d.netlify.app/seo-incheon-ganseok-dong-officetel-moving-cleaning-best/,인천 간석동,이사청소,오피스텔,잘하는곳
2026-09-03T15:05:30,인천 간석동 오피스텔 이사청소 업체,seo-incheon-ganseok-dong-officetel-moving-cleaning-service,https://clever-griffin-93819d.netlify.app/seo-incheon-ganseok-dong-officetel-moving-cleaning-service/,인천 간석동,이사청소,오피스텔,업체
2026-09-03T15:05:30,인천 간석동 오피스텔 이사청소 당일상담,seo-incheon-ganseok-dong-officetel-moving-cleaning-same-day-consult,https://clever-griffin-93819d.netlify.app/seo-incheon-ganseok-dong-officetel-moving-cleaning-same-day-consult/,인천 간석동,이사청소,오피스텔,당일상담
2026-09-03T15:05:30,인천 간석동 오피스텔 이사청소 주말예약,seo-incheon-ganseok-dong-officetel-moving-cleaning-weekend-booking,https://clever-griffin-93819d.netlify.app/seo-incheon-ganseok-dong-officetel-moving-cleaning-weekend-booking/,인천 간석동,이사청소,오피스텔,주말예약
2026-09-03T15:05:30,인천 간석동 오피스텔 이사청소 청소범위,seo-incheon-ganseok-dong-officetel-moving-cleaning-scope,https://clever-griffin-93819d.netlify.app/seo-incheon-ganseok-dong-officetel-moving-cleaning-scope/,인천 간석동,이사청소,오피스텔,청소범위
2026-09-03T15:05:30,인천 간석동 상가 이사청소 전문업체,seo-incheon-ganseok-dong-store-moving-cleaning-company,https://clever-griffin-93819d.netlify.app/seo-incheon-ganseok-dong-store-moving-cleaning-company/,인천 간석동,이사청소,상가,전문업체
2026-09-03T15:05:30,인천 간석동 상가 이사청소 비용,seo-incheon-ganseok-dong-store-moving-cleaning-cost,https://clever-griffin-93819d.netlify.app/seo-incheon-ganseok-dong-store-moving-cleaning-cost/,인천 간석동,이사청소,상가,비용
2026-09-03T15:05:30,인천 간석동 상가 이사청소 가격,seo-incheon-ganseok-dong-store-moving-cleaning-price,https://clever-griffin-93819d.netlify.app/seo-incheon-ganseok-dong-store-moving-cleaning-price/,인천 간석동,이사청소,상가,가격
2026-09-03T15:05:30,인천 간석동 상가 이사청소 견적,seo-incheon-ganseok-dong-store-moving-cleaning-estimate,https://clever-griffin-93819d.netlify.app/seo-incheon-ganseok-dong-store-moving-cleaning-estimate/,인천 간석동,이사청소,상가,견적
2026-09-03T15:05:30,인천 간석동 상가 이사청소 예약,seo-incheon-ganseok-dong-store-moving-cleaning-booking,https://clever-griffin-93819d.netlify.app/seo-incheon-ganseok-dong-store-moving-cleaning-booking/,인천 간석동,이사청소,상가,예약
2026-09-03T15:05:30,인천 간석동 상가 이사청소 추천,seo-incheon-ganseok-dong-store-moving-cleaning-recommend,https://clever-griffin-93819d.netlify.app/seo-incheon-ganseok-dong-store-moving-cleaning-recommend/,인천 간석동,이사청소,상가,추천
2026-09-03T15:05:30,인천 간석동 상가 이사청소 후기,seo-incheon-ganseok-dong-store-moving-cleaning-review,https://clever-griffin-93819d.netlify.app/seo-incheon-ganseok-dong-store-moving-cleaning-review/,인천 간석동,이사청소,상가,후기
2026-09-03T15:05:30,인천 간석동 상가 이사청소 잘하는곳,seo-incheon-ganseok-dong-store-moving-cleaning-best,https://clever-griffin-93819d.netlify.app/seo-incheon-ganseok-dong-store-moving-cleaning-best/,인천 간석동,이사청소,상가,잘하는곳
2026-09-03T15:05:30,인천 간석동 상가 이사청소 업체,seo-incheon-ganseok-dong-store-moving-cleaning-service,https://clever-griffin-93819d.netlify.app/seo-incheon-ganseok-dong-store-moving-cleaning-service/,인천 간석동,이사청소,상가,업체
2026-09-03T15:05:30,인천 간석동 상가 이사청소 당일상담,seo-incheon-ganseok-dong-store-moving-cleaning-same-day-consult,https://clever-griffin-93819d.netlify.app/seo-incheon-ganseok-dong-store-moving-cleaning-same-day-consult/,인천 간석동,이사청소,상가,당일상담
2026-09-03T15:05:30,인천 간석동 상가 이사청소 주말예약,seo-incheon-ganseok-dong-store-moving-cleaning-weekend-booking,https://clever-griffin-93819d.netlify.app/seo-incheon-ganseok-dong-store-moving-cleaning-weekend-booking/,인천 간석동,이사청소,상가,주말예약
2026-09-03T15:05:30,인천 간석동 상가 이사청소 청소범위,seo-incheon-ganseok-dong-store-moving-cleaning-scope,https://clever-griffin-93819d.netlify.app/seo-incheon-ganseok-dong-store-moving-cleaning-scope/,인천 간석동,이사청소,상가,청소범위
2026-09-03T15:05:30,인천 간석동 사무실 이사청소 전문업체,seo-incheon-ganseok-dong-office-moving-cleaning-company,https://clever-griffin-93819d.netlify.app/seo-incheon-ganseok-dong-office-moving-cleaning-company/,인천 간석동,이사청소,사무실,전문업체
2026-09-03T15:05:30,인천 간석동 사무실 이사청소 비용,seo-incheon-ganseok-dong-office-moving-cleaning-cost,https://clever-griffin-93819d.netlify.app/seo-incheon-ganseok-dong-office-moving-cleaning-cost/,인천 간석동,이사청소,사무실,비용
2026-09-03T15:05:30,인천 간석동 사무실 이사청소 가격,seo-incheon-ganseok-dong-office-moving-cleaning-price,https://clever-griffin-93819d.netlify.app/seo-incheon-ganseok-dong-office-moving-cleaning-price/,인천 간석동,이사청소,사무실,가격
2026-09-03T15:05:30,인천 간석동 사무실 이사청소 견적,seo-incheon-ganseok-dong-office-moving-cleaning-estimate,https://clever-griffin-93819d.netlify.app/seo-incheon-ganseok-dong-office-moving-cleaning-estimate/,인천 간석동,이사청소,사무실,견적
2026-09-03T15:05:30,인천 간석동 사무실 이사청소 예약,seo-incheon-ganseok-dong-office-moving-cleaning-booking,https://clever-griffin-93819d.netlify.app/seo-incheon-ganseok-dong-office-moving-cleaning-booking/,인천 간석동,이사청소,사무실,예약
2026-09-03T15:05:30,인천 간석동 사무실 이사청소 추천,seo-incheon-ganseok-dong-office-moving-cleaning-recommend,https://clever-griffin-93819d.netlify.app/seo-incheon-ganseok-dong-office-moving-cleaning-recommend/,인천 간석동,이사청소,사무실,추천
2026-09-03T15:05:30,인천 간석동 사무실 이사청소 후기,seo-incheon-ganseok-dong-office-moving-cleaning-review,https://clever-griffin-93819d.netlify.app/seo-incheon-ganseok-dong-office-moving-cleaning-review/,인천 간석동,이사청소,사무실,후기
2026-09-03T15:05:30,인천 간석동 사무실 이사청소 잘하는곳,seo-incheon-ganseok-dong-office-moving-cleaning-best,https://clever-griffin-93819d.netlify.app/seo-incheon-ganseok-dong-office-moving-cleaning-best/,인천 간석동,이사청소,사무실,잘하는곳
2026-09-03T15:05:30,인천 간석동 사무실 이사청소 업체,seo-incheon-ganseok-dong-office-moving-cleaning-service,https://clever-griffin-93819d.netlify.app/seo-incheon-ganseok-dong-office-moving-cleaning-service/,인천 간석동,이사청소,사무실,업체
2026-09-03T15:05:30,인천 간석동 사무실 이사청소 당일상담,seo-incheon-ganseok-dong-office-moving-cleaning-same-day-consult,https://clever-griffin-93819d.netlify.app/seo-incheon-ganseok-dong-office-moving-cleaning-same-day-consult/,인천 간석동,이사청소,사무실,당일상담
2026-09-03T15:05:30,인천 간석동 사무실 이사청소 주말예약,seo-incheon-ganseok-dong-office-moving-cleaning-weekend-booking,https://clever-griffin-93819d.netlify.app/seo-incheon-ganseok-dong-office-moving-cleaning-weekend-booking/,인천 간석동,이사청소,사무실,주말예약
2026-09-03T15:05:30,인천 간석동 사무실 이사청소 청소범위,seo-incheon-ganseok-dong-office-moving-cleaning-scope,https://clever-griffin-93819d.netlify.app/seo-incheon-ganseok-dong-office-moving-cleaning-scope/,인천 간석동,이사청소,사무실,청소범위
2026-09-03T15:05:30,인천 간석동 아파트 거주청소 전문업체,seo-incheon-ganseok-dong-apartment-residential-cleaning-company,https://clever-griffin-93819d.netlify.app/seo-incheon-ganseok-dong-apartment-residential-cleaning-company/,인천 간석동,거주청소,아파트,전문업체
2026-09-03T15:05:30,인천 간석동 아파트 거주청소 비용,seo-incheon-ganseok-dong-apartment-residential-cleaning-cost,https://clever-griffin-93819d.netlify.app/seo-incheon-ganseok-dong-apartment-residential-cleaning-cost/,인천 간석동,거주청소,아파트,비용
2026-09-03T15:05:30,인천 간석동 아파트 거주청소 가격,seo-incheon-ganseok-dong-apartment-residential-cleaning-price,https://clever-griffin-93819d.netlify.app/seo-incheon-ganseok-dong-apartment-residential-cleaning-price/,인천 간석동,거주청소,아파트,가격
2026-09-03T15:05:30,인천 간석동 아파트 거주청소 견적,seo-incheon-ganseok-dong-apartment-residential-cleaning-estimate,https://clever-griffin-93819d.netlify.app/seo-incheon-ganseok-dong-apartment-residential-cleaning-estimate/,인천 간석동,거주청소,아파트,견적
2026-09-03T15:05:30,인천 간석동 아파트 거주청소 예약,seo-incheon-ganseok-dong-apartment-residential-cleaning-booking,https://clever-griffin-93819d.netlify.app/seo-incheon-ganseok-dong-apartment-residential-cleaning-booking/,인천 간석동,거주청소,아파트,예약
2026-09-03T15:05:30,인천 간석동 아파트 거주청소 추천,seo-incheon-ganseok-dong-apartment-residential-cleaning-recommend,https://clever-griffin-93819d.netlify.app/seo-incheon-ganseok-dong-apartment-residential-cleaning-recommend/,인천 간석동,거주청소,아파트,추천
2026-09-03T15:05:30,인천 간석동 아파트 거주청소 후기,seo-incheon-ganseok-dong-apartment-residential-cleaning-review,https://clever-griffin-93819d.netlify.app/seo-incheon-ganseok-dong-apartment-residential-cleaning-review/,인천 간석동,거주청소,아파트,후기
2026-09-03T15:05:30,인천 간석동 아파트 거주청소 잘하는곳,seo-incheon-ganseok-dong-apartment-residential-cleaning-best,https://clever-griffin-93819d.netlify.app/seo-incheon-ganseok-dong-apartment-residential-cleaning-best/,인천 간석동,거주청소,아파트,잘하는곳
2026-09-03T15:05:30,인천 간석동 아파트 거주청소 업체,seo-incheon-ganseok-dong-apartment-residential-cleaning-service,https://clever-griffin-93819d.netlify.app/seo-incheon-ganseok-dong-apartment-residential-cleaning-service/,인천 간석동,거주청소,아파트,업체
2026-09-03T15:05:30,인천 간석동 아파트 거주청소 당일상담,seo-incheon-ganseok-dong-apartment-residential-cleaning-same-day-consult,https://clever-griffin-93819d.netlify.app/seo-incheon-ganseok-dong-apartment-residential-cleaning-same-day-consult/,인천 간석동,거주청소,아파트,당일상담
2026-09-03T15:05:30,인천 간석동 아파트 거주청소 주말예약,seo-incheon-ganseok-dong-apartment-residential-cleaning-weekend-booking,https://clever-griffin-93819d.netlify.app/seo-incheon-ganseok-dong-apartment-residential-cleaning-weekend-booking/,인천 간석동,거주청소,아파트,주말예약
2026-09-03T15:05:30,인천 간석동 아파트 거주청소 청소범위,seo-incheon-ganseok-dong-apartment-residential-cleaning-scope,https://clever-griffin-93819d.netlify.app/seo-incheon-ganseok-dong-apartment-residential-cleaning-scope/,인천 간석동,거주청소,아파트,청소범위
2026-09-03T15:05:30,인천 간석동 원룸 거주청소 전문업체,seo-incheon-ganseok-dong-one-room-residential-cleaning-company,https://clever-griffin-93819d.netlify.app/seo-incheon-ganseok-dong-one-room-residential-cleaning-company/,인천 간석동,거주청소,원룸,전문업체
2026-09-03T15:05:30,인천 간석동 원룸 거주청소 비용,seo-incheon-ganseok-dong-one-room-residential-cleaning-cost,https://clever-griffin-93819d.netlify.app/seo-incheon-ganseok-dong-one-room-residential-cleaning-cost/,인천 간석동,거주청소,원룸,비용
2026-09-03T15:05:30,인천 간석동 원룸 거주청소 가격,seo-incheon-ganseok-dong-one-room-residential-cleaning-price,https://clever-griffin-93819d.netlify.app/seo-incheon-ganseok-dong-one-room-residential-cleaning-price/,인천 간석동,거주청소,원룸,가격
2026-09-03T15:05:30,인천 간석동 원룸 거주청소 견적,seo-incheon-ganseok-dong-one-room-residential-cleaning-estimate,https://clever-griffin-93819d.netlify.app/seo-incheon-ganseok-dong-one-room-residential-cleaning-estimate/,인천 간석동,거주청소,원룸,견적
2026-09-03T15:05:30,인천 간석동 원룸 거주청소 예약,seo-incheon-ganseok-dong-one-room-residential-cleaning-booking,https://clever-griffin-93819d.netlify.app/seo-incheon-ganseok-dong-one-room-residential-cleaning-booking/,인천 간석동,거주청소,원룸,예약
2026-09-03T15:05:30,인천 간석동 원룸 거주청소 추천,seo-incheon-ganseok-dong-one-room-residential-cleaning-recommend,https://clever-griffin-93819d.netlify.app/seo-incheon-ganseok-dong-one-room-residential-cleaning-recommend/,인천 간석동,거주청소,원룸,추천
2026-09-03T15:05:30,인천 간석동 원룸 거주청소 후기,seo-incheon-ganseok-dong-one-room-residential-cleaning-review,https://clever-griffin-93819d.netlify.app/seo-incheon-ganseok-dong-one-room-residential-cleaning-review/,인천 간석동,거주청소,원룸,후기
2026-09-03T15:05:30,인천 간석동 원룸 거주청소 잘하는곳,seo-incheon-ganseok-dong-one-room-residential-cleaning-best,https://clever-griffin-93819d.netlify.app/seo-incheon-ganseok-dong-one-room-residential-cleaning-best/,인천 간석동,거주청소,원룸,잘하는곳
2026-09-03T15:05:30,인천 간석동 원룸 거주청소 업체,seo-incheon-ganseok-dong-one-room-residential-cleaning-service,https://clever-griffin-93819d.netlify.app/seo-incheon-ganseok-dong-one-room-residential-cleaning-service/,인천 간석동,거주청소,원룸,업체
2026-09-03T15:05:30,인천 간석동 원룸 거주청소 당일상담,seo-incheon-ganseok-dong-one-room-residential-cleaning-same-day-consult,https://clever-griffin-93819d.netlify.app/seo-incheon-ganseok-dong-one-room-residential-cleaning-same-day-consult/,인천 간석동,거주청소,원룸,당일상담
2026-09-03T15:05:30,인천 간석동 원룸 거주청소 주말예약,seo-incheon-ganseok-dong-one-room-residential-cleaning-weekend-booking,https://clever-griffin-93819d.netlify.app/seo-incheon-ganseok-dong-one-room-residential-cleaning-weekend-booking/,인천 간석동,거주청소,원룸,주말예약
2026-09-03T15:05:30,인천 간석동 원룸 거주청소 청소범위,seo-incheon-ganseok-dong-one-room-residential-cleaning-scope,https://clever-griffin-93819d.netlify.app/seo-incheon-ganseok-dong-one-room-residential-cleaning-scope/,인천 간석동,거주청소,원룸,청소범위
2026-09-03T15:05:30,인천 간석동 빌라 거주청소 전문업체,seo-incheon-ganseok-dong-villa-residential-cleaning-company,https://clever-griffin-93819d.netlify.app/seo-incheon-ganseok-dong-villa-residential-cleaning-company/,인천 간석동,거주청소,빌라,전문업체
2026-09-03T15:05:30,인천 간석동 빌라 거주청소 비용,seo-incheon-ganseok-dong-villa-residential-cleaning-cost,https://clever-griffin-93819d.netlify.app/seo-incheon-ganseok-dong-villa-residential-cleaning-cost/,인천 간석동,거주청소,빌라,비용
2026-09-03T15:05:30,인천 간석동 빌라 거주청소 가격,seo-incheon-ganseok-dong-villa-residential-cleaning-price,https://clever-griffin-93819d.netlify.app/seo-incheon-ganseok-dong-villa-residential-cleaning-price/,인천 간석동,거주청소,빌라,가격
2026-09-03T15:05:30,인천 간석동 빌라 거주청소 견적,seo-incheon-ganseok-dong-villa-residential-cleaning-estimate,https://clever-griffin-93819d.netlify.app/seo-incheon-ganseok-dong-villa-residential-cleaning-estimate/,인천 간석동,거주청소,빌라,견적
2026-09-03T15:05:30,인천 간석동 빌라 거주청소 예약,seo-incheon-ganseok-dong-villa-residential-cleaning-booking,https://clever-griffin-93819d.netlify.app/seo-incheon-ganseok-dong-villa-residential-cleaning-booking/,인천 간석동,거주청소,빌라,예약
2026-09-03T15:05:30,인천 간석동 빌라 거주청소 추천,seo-incheon-ganseok-dong-villa-residential-cleaning-recommend,https://clever-griffin-93819d.netlify.app/seo-incheon-ganseok-dong-villa-residential-cleaning-recommend/,인천 간석동,거주청소,빌라,추천
2026-09-03T15:05:30,인천 간석동 빌라 거주청소 후기,seo-incheon-ganseok-dong-villa-residential-cleaning-review,https://clever-griffin-93819d.netlify.app/seo-incheon-ganseok-dong-villa-residential-cleaning-review/,인천 간석동,거주청소,빌라,후기
2026-09-03T15:05:30,인천 간석동 빌라 거주청소 잘하는곳,seo-incheon-ganseok-dong-villa-residential-cleaning-best,https://clever-griffin-93819d.netlify.app/seo-incheon-ganseok-dong-villa-residential-cleaning-best/,인천 간석동,거주청소,빌라,잘하는곳
2026-09-03T15:05:30,인천 간석동 빌라 거주청소 업체,seo-incheon-ganseok-dong-villa-residential-cleaning-service,https://clever-griffin-93819d.netlify.app/seo-incheon-ganseok-dong-villa-residential-cleaning-service/,인천 간석동,거주청소,빌라,업체
2026-09-03T15:05:30,인천 간석동 빌라 거주청소 당일상담,seo-incheon-ganseok-dong-villa-residential-cleaning-same-day-consult,https://clever-griffin-93819d.netlify.app/seo-incheon-ganseok-dong-villa-residential-cleaning-same-day-consult/,인천 간석동,거주청소,빌라,당일상담
2026-09-03T15:05:30,인천 간석동 빌라 거주청소 주말예약,seo-incheon-ganseok-dong-villa-residential-cleaning-weekend-booking,https://clever-griffin-93819d.netlify.app/seo-incheon-ganseok-dong-villa-residential-cleaning-weekend-booking/,인천 간석동,거주청소,빌라,주말예약
2026-09-03T15:05:30,인천 간석동 빌라 거주청소 청소범위,seo-incheon-ganseok-dong-villa-residential-cleaning-scope,https://clever-griffin-93819d.netlify.app/seo-incheon-ganseok-dong-villa-residential-cleaning-scope/,인천 간석동,거주청소,빌라,청소범위
2026-09-03T15:05:30,인천 간석동 오피스텔 거주청소 전문업체,seo-incheon-ganseok-dong-officetel-residential-cleaning-company,https://clever-griffin-93819d.netlify.app/seo-incheon-ganseok-dong-officetel-residential-cleaning-company/,인천 간석동,거주청소,오피스텔,전문업체
2026-09-03T15:05:30,인천 간석동 오피스텔 거주청소 비용,seo-incheon-ganseok-dong-officetel-residential-cleaning-cost,https://clever-griffin-93819d.netlify.app/seo-incheon-ganseok-dong-officetel-residential-cleaning-cost/,인천 간석동,거주청소,오피스텔,비용
2026-09-03T15:05:30,인천 간석동 오피스텔 거주청소 가격,seo-incheon-ganseok-dong-officetel-residential-cleaning-price,https://clever-griffin-93819d.netlify.app/seo-incheon-ganseok-dong-officetel-residential-cleaning-price/,인천 간석동,거주청소,오피스텔,가격
2026-09-03T15:05:30,인천 간석동 오피스텔 거주청소 견적,seo-incheon-ganseok-dong-officetel-residential-cleaning-estimate,https://clever-griffin-93819d.netlify.app/seo-incheon-ganseok-dong-officetel-residential-cleaning-estimate/,인천 간석동,거주청소,오피스텔,견적
2026-09-03T15:05:30,인천 간석동 오피스텔 거주청소 예약,seo-incheon-ganseok-dong-officetel-residential-cleaning-booking,https://clever-griffin-93819d.netlify.app/seo-incheon-ganseok-dong-officetel-residential-cleaning-booking/,인천 간석동,거주청소,오피스텔,예약
2026-09-03T15:05:30,인천 간석동 오피스텔 거주청소 추천,seo-incheon-ganseok-dong-officetel-residential-cleaning-recommend,https://clever-griffin-93819d.netlify.app/seo-incheon-ganseok-dong-officetel-residential-cleaning-recommend/,인천 간석동,거주청소,오피스텔,추천
2026-09-03T15:05:30,인천 간석동 오피스텔 거주청소 후기,seo-incheon-ganseok-dong-officetel-residential-cleaning-review,https://clever-griffin-93819d.netlify.app/seo-incheon-ganseok-dong-officetel-residential-cleaning-review/,인천 간석동,거주청소,오피스텔,후기
2026-09-03T15:05:30,인천 간석동 오피스텔 거주청소 잘하는곳,seo-incheon-ganseok-dong-officetel-residential-cleaning-best,https://clever-griffin-93819d.netlify.app/seo-incheon-ganseok-dong-officetel-residential-cleaning-best/,인천 간석동,거주청소,오피스텔,잘하는곳
2026-09-03T15:05:30,인천 간석동 오피스텔 거주청소 업체,seo-incheon-ganseok-dong-officetel-residential-cleaning-service,https://clever-griffin-93819d.netlify.app/seo-incheon-ganseok-dong-officetel-residential-cleaning-service/,인천 간석동,거주청소,오피스텔,업체
2026-09-03T15:05:30,인천 간석동 오피스텔 거주청소 당일상담,seo-incheon-ganseok-dong-officetel-residential-cleaning-same-day-consult,https://clever-griffin-93819d.netlify.app/seo-incheon-ganseok-dong-officetel-residential-cleaning-same-day-consult/,인천 간석동,거주청소,오피스텔,당일상담
2026-09-03T15:05:30,인천 간석동 오피스텔 거주청소 주말예약,seo-incheon-ganseok-dong-officetel-residential-cleaning-weekend-booking,https://clever-griffin-93819d.netlify.app/seo-incheon-ganseok-dong-officetel-residential-cleaning-weekend-booking/,인천 간석동,거주청소,오피스텔,주말예약
2026-09-03T15:05:30,인천 간석동 오피스텔 거주청소 청소범위,seo-incheon-ganseok-dong-officetel-residential-cleaning-scope,https://clever-griffin-93819d.netlify.app/seo-incheon-ganseok-dong-officetel-residential-cleaning-scope/,인천 간석동,거주청소,오피스텔,청소범위
2026-09-03T15:05:30,인천 간석동 상가 거주청소 전문업체,seo-incheon-ganseok-dong-store-residential-cleaning-company,https://clever-griffin-93819d.netlify.app/seo-incheon-ganseok-dong-store-residential-cleaning-company/,인천 간석동,거주청소,상가,전문업체
2026-09-03T15:05:30,인천 간석동 상가 거주청소 비용,seo-incheon-ganseok-dong-store-residential-cleaning-cost,https://clever-griffin-93819d.netlify.app/seo-incheon-ganseok-dong-store-residential-cleaning-cost/,인천 간석동,거주청소,상가,비용
2026-09-03T15:05:30,인천 간석동 상가 거주청소 가격,seo-incheon-ganseok-dong-store-residential-cleaning-price,https://clever-griffin-93819d.netlify.app/seo-incheon-ganseok-dong-store-residential-cleaning-price/,인천 간석동,거주청소,상가,가격
2026-09-03T15:05:30,인천 간석동 상가 거주청소 견적,seo-incheon-ganseok-dong-store-residential-cleaning-estimate,https://clever-griffin-93819d.netlify.app/seo-incheon-ganseok-dong-store-residential-cleaning-estimate/,인천 간석동,거주청소,상가,견적
2026-09-03T15:05:30,인천 간석동 상가 거주청소 예약,seo-incheon-ganseok-dong-store-residential-cleaning-booking,https://clever-griffin-93819d.netlify.app/seo-incheon-ganseok-dong-store-residential-cleaning-booking/,인천 간석동,거주청소,상가,예약
2026-09-03T15:05:30,인천 간석동 상가 거주청소 추천,seo-incheon-ganseok-dong-store-residential-cleaning-recommend,https://clever-griffin-93819d.netlify.app/seo-incheon-ganseok-dong-store-residential-cleaning-recommend/,인천 간석동,거주청소,상가,추천
2026-09-03T15:05:30,인천 간석동 상가 거주청소 후기,seo-incheon-ganseok-dong-store-residential-cleaning-review,https://clever-griffin-93819d.netlify.app/seo-incheon-ganseok-dong-store-residential-cleaning-review/,인천 간석동,거주청소,상가,후기
2026-09-03T15:05:30,인천 간석동 상가 거주청소 잘하는곳,seo-incheon-ganseok-dong-store-residential-cleaning-best,https://clever-griffin-93819d.netlify.app/seo-incheon-ganseok-dong-store-residential-cleaning-best/,인천 간석동,거주청소,상가,잘하는곳
2026-09-03T15:05:30,인천 간석동 상가 거주청소 업체,seo-incheon-ganseok-dong-store-residential-cleaning-service,https://clever-griffin-93819d.netlify.app/seo-incheon-ganseok-dong-store-residential-cleaning-service/,인천 간석동,거주청소,상가,업체
2026-09-03T15:05:30,인천 간석동 상가 거주청소 당일상담,seo-incheon-ganseok-dong-store-residential-cleaning-same-day-consult,https://clever-griffin-93819d.netlify.app/seo-incheon-ganseok-dong-store-residential-cleaning-same-day-consult/,인천 간석동,거주청소,상가,당일상담
2026-09-03T15:05:30,인천 간석동 상가 거주청소 주말예약,seo-incheon-ganseok-dong-store-residential-cleaning-weekend-booking,https://clever-griffin-93819d.netlify.app/seo-incheon-ganseok-dong-store-residential-cleaning-weekend-booking/,인천 간석동,거주청소,상가,주말예약
2026-09-03T15:05:30,인천 간석동 상가 거주청소 청소범위,seo-incheon-ganseok-dong-store-residential-cleaning-scope,https://clever-griffin-93819d.netlify.app/seo-incheon-ganseok-dong-store-residential-cleaning-scope/,인천 간석동,거주청소,상가,청소범위
2026-09-03T15:05:30,인천 간석동 사무실 거주청소 전문업체,seo-incheon-ganseok-dong-office-residential-cleaning-company,https://clever-griffin-93819d.netlify.app/seo-incheon-ganseok-dong-office-residential-cleaning-company/,인천 간석동,거주청소,사무실,전문업체
2026-09-03T15:05:30,인천 간석동 사무실 거주청소 비용,seo-incheon-ganseok-dong-office-residential-cleaning-cost,https://clever-griffin-93819d.netlify.app/seo-incheon-ganseok-dong-office-residential-cleaning-cost/,인천 간석동,거주청소,사무실,비용
2026-09-03T15:05:30,인천 간석동 사무실 거주청소 가격,seo-incheon-ganseok-dong-office-residential-cleaning-price,https://clever-griffin-93819d.netlify.app/seo-incheon-ganseok-dong-office-residential-cleaning-price/,인천 간석동,거주청소,사무실,가격
2026-09-03T15:05:30,인천 간석동 사무실 거주청소 견적,seo-incheon-ganseok-dong-office-residential-cleaning-estimate,https://clever-griffin-93819d.netlify.app/seo-incheon-ganseok-dong-office-residential-cleaning-estimate/,인천 간석동,거주청소,사무실,견적
2026-09-03T15:05:30,인천 간석동 사무실 거주청소 예약,seo-incheon-ganseok-dong-office-residential-cleaning-booking,https://clever-griffin-93819d.netlify.app/seo-incheon-ganseok-dong-office-residential-cleaning-booking/,인천 간석동,거주청소,사무실,예약
2026-09-03T15:05:30,인천 간석동 사무실 거주청소 추천,seo-incheon-ganseok-dong-office-residential-cleaning-recommend,https://clever-griffin-93819d.netlify.app/seo-incheon-ganseok-dong-office-residential-cleaning-recommend/,인천 간석동,거주청소,사무실,추천
2026-09-03T15:05:30,인천 간석동 사무실 거주청소 후기,seo-incheon-ganseok-dong-office-residential-cleaning-review,https://clever-griffin-93819d.netlify.app/seo-incheon-ganseok-dong-office-residential-cleaning-review/,인천 간석동,거주청소,사무실,후기
2026-09-03T15:05:30,인천 간석동 사무실 거주청소 잘하는곳,seo-incheon-ganseok-dong-office-residential-cleaning-best,https://clever-griffin-93819d.netlify.app/seo-incheon-ganseok-dong-office-residential-cleaning-best/,인천 간석동,거주청소,사무실,잘하는곳
2026-09-03T15:05:30,인천 간석동 사무실 거주청소 업체,seo-incheon-ganseok-dong-office-residential-cleaning-service,https://clever-griffin-93819d.netlify.app/seo-incheon-ganseok-dong-office-residential-cleaning-service/,인천 간석동,거주청소,사무실,업체
2026-09-03T15:05:30,인천 간석동 사무실 거주청소 당일상담,seo-incheon-ganseok-dong-office-residential-cleaning-same-day-consult,https://clever-griffin-93819d.netlify.app/seo-incheon-ganseok-dong-office-residential-cleaning-same-day-consult/,인천 간석동,거주청소,사무실,당일상담
2026-09-03T15:05:30,인천 간석동 사무실 거주청소 주말예약,seo-incheon-ganseok-dong-office-residential-cleaning-weekend-booking,https://clever-griffin-93819d.netlify.app/seo-incheon-ganseok-dong-office-residential-cleaning-weekend-booking/,인천 간석동,거주청소,사무실,주말예약
2026-09-03T15:05:30,인천 간석동 사무실 거주청소 청소범위,seo-incheon-ganseok-dong-office-residential-cleaning-scope,https://clever-griffin-93819d.netlify.app/seo-incheon-ganseok-dong-office-residential-cleaning-scope/,인천 간석동,거주청소,사무실,청소범위
2026-09-03T15:05:30,인천 간석동 상가청소 전문업체,seo-incheon-ganseok-dong-store-cleaning-company,https://clever-griffin-93819d.netlify.app/seo-incheon-ganseok-dong-store-cleaning-company/,인천 간석동,상가청소,상가,전문업체
2026-09-03T15:05:30,인천 간석동 상가청소 비용,seo-incheon-ganseok-dong-store-cleaning-cost,https://clever-griffin-93819d.netlify.app/seo-incheon-ganseok-dong-store-cleaning-cost/,인천 간석동,상가청소,상가,비용
2026-09-03T15:05:30,인천 간석동 상가청소 가격,seo-incheon-ganseok-dong-store-cleaning-price,https://clever-griffin-93819d.netlify.app/seo-incheon-ganseok-dong-store-cleaning-price/,인천 간석동,상가청소,상가,가격
2026-09-03T15:05:30,인천 간석동 상가청소 견적,seo-incheon-ganseok-dong-store-cleaning-estimate,https://clever-griffin-93819d.netlify.app/seo-incheon-ganseok-dong-store-cleaning-estimate/,인천 간석동,상가청소,상가,견적
2026-09-03T15:05:30,인천 간석동 상가청소 예약,seo-incheon-ganseok-dong-store-cleaning-booking,https://clever-griffin-93819d.netlify.app/seo-incheon-ganseok-dong-store-cleaning-booking/,인천 간석동,상가청소,상가,예약
2026-09-03T15:05:30,인천 간석동 상가청소 추천,seo-incheon-ganseok-dong-store-cleaning-recommend,https://clever-griffin-93819d.netlify.app/seo-incheon-ganseok-dong-store-cleaning-recommend/,인천 간석동,상가청소,상가,추천
2026-09-03T15:05:30,인천 간석동 상가청소 후기,seo-incheon-ganseok-dong-store-cleaning-review,https://clever-griffin-93819d.netlify.app/seo-incheon-ganseok-dong-store-cleaning-review/,인천 간석동,상가청소,상가,후기
2026-09-03T15:05:30,인천 간석동 상가청소 잘하는곳,seo-incheon-ganseok-dong-store-cleaning-best,https://clever-griffin-93819d.netlify.app/seo-incheon-ganseok-dong-store-cleaning-best/,인천 간석동,상가청소,상가,잘하는곳
2026-09-03T15:05:30,인천 간석동 상가청소 업체,seo-incheon-ganseok-dong-store-cleaning-service,https://clever-griffin-93819d.netlify.app/seo-incheon-ganseok-dong-store-cleaning-service/,인천 간석동,상가청소,상가,업체
2026-09-03T15:05:30,인천 간석동 상가청소 당일상담,seo-incheon-ganseok-dong-store-cleaning-same-day-consult,https://clever-griffin-93819d.netlify.app/seo-incheon-ganseok-dong-store-cleaning-same-day-consult/,인천 간석동,상가청소,상가,당일상담
2026-09-03T15:05:30,인천 간석동 상가청소 주말예약,seo-incheon-ganseok-dong-store-cleaning-weekend-booking,https://clever-griffin-93819d.netlify.app/seo-incheon-ganseok-dong-store-cleaning-weekend-booking/,인천 간석동,상가청소,상가,주말예약
2026-09-03T15:05:30,인천 간석동 상가청소 청소범위,seo-incheon-ganseok-dong-store-cleaning-scope,https://clever-griffin-93819d.netlify.app/seo-incheon-ganseok-dong-store-cleaning-scope/,인천 간석동,상가청소,상가,청소범위
2026-09-03T15:05:30,인천 간석동 사무실청소 전문업체,seo-incheon-ganseok-dong-office-cleaning-company,https://clever-griffin-93819d.netlify.app/seo-incheon-ganseok-dong-office-cleaning-company/,인천 간석동,사무실청소,사무실,전문업체
2026-09-03T15:05:30,인천 간석동 사무실청소 비용,seo-incheon-ganseok-dong-office-cleaning-cost,https://clever-griffin-93819d.netlify.app/seo-incheon-ganseok-dong-office-cleaning-cost/,인천 간석동,사무실청소,사무실,비용
2026-09-03T15:05:30,인천 간석동 사무실청소 가격,seo-incheon-ganseok-dong-office-cleaning-price,https://clever-griffin-93819d.netlify.app/seo-incheon-ganseok-dong-office-cleaning-price/,인천 간석동,사무실청소,사무실,가격
2026-09-03T15:05:30,인천 간석동 사무실청소 견적,seo-incheon-ganseok-dong-office-cleaning-estimate,https://clever-griffin-93819d.netlify.app/seo-incheon-ganseok-dong-office-cleaning-estimate/,인천 간석동,사무실청소,사무실,견적
2026-09-03T15:05:30,인천 간석동 사무실청소 예약,seo-incheon-ganseok-dong-office-cleaning-booking,https://clever-griffin-93819d.netlify.app/seo-incheon-ganseok-dong-office-cleaning-booking/,인천 간석동,사무실청소,사무실,예약
2026-09-03T15:05:30,인천 간석동 사무실청소 추천,seo-incheon-ganseok-dong-office-cleaning-recommend,https://clever-griffin-93819d.netlify.app/seo-incheon-ganseok-dong-office-cleaning-recommend/,인천 간석동,사무실청소,사무실,추천
2026-09-03T15:05:30,인천 간석동 사무실청소 후기,seo-incheon-ganseok-dong-office-cleaning-review,https://clever-griffin-93819d.netlify.app/seo-incheon-ganseok-dong-office-cleaning-review/,인천 간석동,사무실청소,사무실,후기
2026-09-03T15:05:30,인천 간석동 사무실청소 잘하는곳,seo-incheon-ganseok-dong-office-cleaning-best,https://clever-griffin-93819d.netlify.app/seo-incheon-ganseok-dong-office-cleaning-best/,인천 간석동,사무실청소,사무실,잘하는곳
2026-09-03T15:05:30,인천 간석동 사무실청소 업체,seo-incheon-ganseok-dong-office-cleaning-service,https://clever-griffin-93819d.netlify.app/seo-incheon-ganseok-dong-office-cleaning-service/,인천 간석동,사무실청소,사무실,업체
2026-09-03T15:05:30,인천 간석동 사무실청소 당일상담,seo-incheon-ganseok-dong-office-cleaning-same-day-consult,https://clever-griffin-93819d.netlify.app/seo-incheon-ganseok-dong-office-cleaning-same-day-consult/,인천 간석동,사무실청소,사무실,당일상담
2026-09-03T15:05:30,인천 간석동 사무실청소 주말예약,seo-incheon-ganseok-dong-office-cleaning-weekend-booking,https://clever-griffin-93819d.netlify.app/seo-incheon-ganseok-dong-office-cleaning-weekend-booking/,인천 간석동,사무실청소,사무실,주말예약
2026-09-03T15:05:30,인천 간석동 사무실청소 청소범위,seo-incheon-ganseok-dong-office-cleaning-scope,https://clever-griffin-93819d.netlify.app/seo-incheon-ganseok-dong-office-cleaning-scope/,인천 간석동,사무실청소,사무실,청소범위
2026-09-03T15:05:30,인천 간석동 원룸청소 전문업체,seo-incheon-ganseok-dong-one-room-cleaning-company,https://clever-griffin-93819d.netlify.app/seo-incheon-ganseok-dong-one-room-cleaning-company/,인천 간석동,원룸청소,원룸,전문업체
2026-09-03T15:05:30,인천 간석동 원룸청소 비용,seo-incheon-ganseok-dong-one-room-cleaning-cost,https://clever-griffin-93819d.netlify.app/seo-incheon-ganseok-dong-one-room-cleaning-cost/,인천 간석동,원룸청소,원룸,비용
2026-09-03T15:05:30,인천 간석동 원룸청소 가격,seo-incheon-ganseok-dong-one-room-cleaning-price,https://clever-griffin-93819d.netlify.app/seo-incheon-ganseok-dong-one-room-cleaning-price/,인천 간석동,원룸청소,원룸,가격
2026-09-03T15:05:30,인천 간석동 원룸청소 견적,seo-incheon-ganseok-dong-one-room-cleaning-estimate,https://clever-griffin-93819d.netlify.app/seo-incheon-ganseok-dong-one-room-cleaning-estimate/,인천 간석동,원룸청소,원룸,견적
2026-09-03T15:05:30,인천 간석동 원룸청소 예약,seo-incheon-ganseok-dong-one-room-cleaning-booking,https://clever-griffin-93819d.netlify.app/seo-incheon-ganseok-dong-one-room-cleaning-booking/,인천 간석동,원룸청소,원룸,예약
2026-09-03T15:05:30,인천 간석동 원룸청소 추천,seo-incheon-ganseok-dong-one-room-cleaning-recommend,https://clever-griffin-93819d.netlify.app/seo-incheon-ganseok-dong-one-room-cleaning-recommend/,인천 간석동,원룸청소,원룸,추천
2026-09-03T15:05:30,인천 간석동 원룸청소 후기,seo-incheon-ganseok-dong-one-room-cleaning-review,https://clever-griffin-93819d.netlify.app/seo-incheon-ganseok-dong-one-room-cleaning-review/,인천 간석동,원룸청소,원룸,후기
2026-09-03T15:05:30,인천 간석동 원룸청소 잘하는곳,seo-incheon-ganseok-dong-one-room-cleaning-best,https://clever-griffin-93819d.netlify.app/seo-incheon-ganseok-dong-one-room-cleaning-best/,인천 간석동,원룸청소,원룸,잘하는곳
2026-09-03T15:05:30,인천 간석동 원룸청소 업체,seo-incheon-ganseok-dong-one-room-cleaning-service,https://clever-griffin-93819d.netlify.app/seo-incheon-ganseok-dong-one-room-cleaning-service/,인천 간석동,원룸청소,원룸,업체
2026-09-03T15:05:30,인천 간석동 원룸청소 당일상담,seo-incheon-ganseok-dong-one-room-cleaning-same-day-consult,https://clever-griffin-93819d.netlify.app/seo-incheon-ganseok-dong-one-room-cleaning-same-day-consult/,인천 간석동,원룸청소,원룸,당일상담
2026-09-03T15:05:30,인천 간석동 원룸청소 주말예약,seo-incheon-ganseok-dong-one-room-cleaning-weekend-booking,https://clever-griffin-93819d.netlify.app/seo-incheon-ganseok-dong-one-room-cleaning-weekend-booking/,인천 간석동,원룸청소,원룸,주말예약
2026-09-03T15:05:30,인천 간석동 원룸청소 청소범위,seo-incheon-ganseok-dong-one-room-cleaning-scope,https://clever-griffin-93819d.netlify.app/seo-incheon-ganseok-dong-one-room-cleaning-scope/,인천 간석동,원룸청소,원룸,청소범위
2026-09-03T15:05:30,인천 간석동 빌라청소 전문업체,seo-incheon-ganseok-dong-villa-cleaning-company,https://clever-griffin-93819d.netlify.app/seo-incheon-ganseok-dong-villa-cleaning-company/,인천 간석동,빌라청소,빌라,전문업체
2026-09-03T15:05:30,인천 간석동 빌라청소 비용,seo-incheon-ganseok-dong-villa-cleaning-cost,https://clever-griffin-93819d.netlify.app/seo-incheon-ganseok-dong-villa-cleaning-cost/,인천 간석동,빌라청소,빌라,비용
2026-09-03T15:05:30,인천 간석동 빌라청소 가격,seo-incheon-ganseok-dong-villa-cleaning-price,https://clever-griffin-93819d.netlify.app/seo-incheon-ganseok-dong-villa-cleaning-price/,인천 간석동,빌라청소,빌라,가격
2026-09-03T15:05:30,인천 간석동 빌라청소 견적,seo-incheon-ganseok-dong-villa-cleaning-estimate,https://clever-griffin-93819d.netlify.app/seo-incheon-ganseok-dong-villa-cleaning-estimate/,인천 간석동,빌라청소,빌라,견적
2026-09-03T15:05:30,인천 간석동 빌라청소 예약,seo-incheon-ganseok-dong-villa-cleaning-booking,https://clever-griffin-93819d.netlify.app/seo-incheon-ganseok-dong-villa-cleaning-booking/,인천 간석동,빌라청소,빌라,예약
2026-09-03T15:05:30,인천 간석동 빌라청소 추천,seo-incheon-ganseok-dong-villa-cleaning-recommend,https://clever-griffin-93819d.netlify.app/seo-incheon-ganseok-dong-villa-cleaning-recommend/,인천 간석동,빌라청소,빌라,추천
2026-09-03T15:05:30,인천 간석동 빌라청소 후기,seo-incheon-ganseok-dong-villa-cleaning-review,https://clever-griffin-93819d.netlify.app/seo-incheon-ganseok-dong-villa-cleaning-review/,인천 간석동,빌라청소,빌라,후기
2026-09-03T15:05:30,인천 간석동 빌라청소 잘하는곳,seo-incheon-ganseok-dong-villa-cleaning-best,https://clever-griffin-93819d.netlify.app/seo-incheon-ganseok-dong-villa-cleaning-best/,인천 간석동,빌라청소,빌라,잘하는곳
2026-09-03T15:05:30,인천 간석동 빌라청소 업체,seo-incheon-ganseok-dong-villa-cleaning-service,https://clever-griffin-93819d.netlify.app/seo-incheon-ganseok-dong-villa-cleaning-service/,인천 간석동,빌라청소,빌라,업체
2026-09-03T15:05:30,인천 간석동 빌라청소 당일상담,seo-incheon-ganseok-dong-villa-cleaning-same-day-consult,https://clever-griffin-93819d.netlify.app/seo-incheon-ganseok-dong-villa-cleaning-same-day-consult/,인천 간석동,빌라청소,빌라,당일상담
2026-09-03T15:05:30,인천 간석동 빌라청소 주말예약,seo-incheon-ganseok-dong-villa-cleaning-weekend-booking,https://clever-griffin-93819d.netlify.app/seo-incheon-ganseok-dong-villa-cleaning-weekend-booking/,인천 간석동,빌라청소,빌라,주말예약
2026-09-03T15:05:30,인천 간석동 빌라청소 청소범위,seo-incheon-ganseok-dong-villa-cleaning-scope,https://clever-griffin-93819d.netlify.app/seo-incheon-ganseok-dong-villa-cleaning-scope/,인천 간석동,빌라청소,빌라,청소범위
2026-09-03T15:05:30,인천 간석동 오피스텔청소 전문업체,seo-incheon-ganseok-dong-officetel-cleaning-company,https://clever-griffin-93819d.netlify.app/seo-incheon-ganseok-dong-officetel-cleaning-company/,인천 간석동,오피스텔청소,오피스텔,전문업체
2026-09-03T15:05:30,인천 간석동 오피스텔청소 비용,seo-incheon-ganseok-dong-officetel-cleaning-cost,https://clever-griffin-93819d.netlify.app/seo-incheon-ganseok-dong-officetel-cleaning-cost/,인천 간석동,오피스텔청소,오피스텔,비용
2026-09-03T15:05:30,인천 간석동 오피스텔청소 가격,seo-incheon-ganseok-dong-officetel-cleaning-price,https://clever-griffin-93819d.netlify.app/seo-incheon-ganseok-dong-officetel-cleaning-price/,인천 간석동,오피스텔청소,오피스텔,가격
2026-09-03T15:05:30,인천 간석동 오피스텔청소 견적,seo-incheon-ganseok-dong-officetel-cleaning-estimate,https://clever-griffin-93819d.netlify.app/seo-incheon-ganseok-dong-officetel-cleaning-estimate/,인천 간석동,오피스텔청소,오피스텔,견적
2026-09-03T15:05:30,인천 간석동 오피스텔청소 예약,seo-incheon-ganseok-dong-officetel-cleaning-booking,https://clever-griffin-93819d.netlify.app/seo-incheon-ganseok-dong-officetel-cleaning-booking/,인천 간석동,오피스텔청소,오피스텔,예약
2026-09-03T15:05:30,인천 간석동 오피스텔청소 추천,seo-incheon-ganseok-dong-officetel-cleaning-recommend,https://clever-griffin-93819d.netlify.app/seo-incheon-ganseok-dong-officetel-cleaning-recommend/,인천 간석동,오피스텔청소,오피스텔,추천
2026-09-03T15:05:30,인천 간석동 오피스텔청소 후기,seo-incheon-ganseok-dong-officetel-cleaning-review,https://clever-griffin-93819d.netlify.app/seo-incheon-ganseok-dong-officetel-cleaning-review/,인천 간석동,오피스텔청소,오피스텔,후기
2026-09-03T15:05:30,인천 간석동 오피스텔청소 잘하는곳,seo-incheon-ganseok-dong-officetel-cleaning-best,https://clever-griffin-93819d.netlify.app/seo-incheon-ganseok-dong-officetel-cleaning-best/,인천 간석동,오피스텔청소,오피스텔,잘하는곳
2026-09-03T15:05:30,인천 간석동 오피스텔청소 업체,seo-incheon-ganseok-dong-officetel-cleaning-service,https://clever-griffin-93819d.netlify.app/seo-incheon-ganseok-dong-officetel-cleaning-service/,인천 간석동,오피스텔청소,오피스텔,업체
2026-09-03T15:05:30,인천 간석동 오피스텔청소 당일상담,seo-incheon-ganseok-dong-officetel-cleaning-same-day-consult,https://clever-griffin-93819d.netlify.app/seo-incheon-ganseok-dong-officetel-cleaning-same-day-consult/,인천 간석동,오피스텔청소,오피스텔,당일상담
2026-09-03T15:05:30,인천 간석동 오피스텔청소 주말예약,seo-incheon-ganseok-dong-officetel-cleaning-weekend-booking,https://clever-griffin-93819d.netlify.app/seo-incheon-ganseok-dong-officetel-cleaning-weekend-booking/,인천 간석동,오피스텔청소,오피스텔,주말예약
2026-09-03T15:05:30,인천 간석동 오피스텔청소 청소범위,seo-incheon-ganseok-dong-officetel-cleaning-scope,https://clever-griffin-93819d.netlify.app/seo-incheon-ganseok-dong-officetel-cleaning-scope/,인천 간석동,오피스텔청소,오피스텔,청소범위
2026-09-03T15:05:30,인천 간석동 원룸 폐기물청소 전문업체,seo-incheon-ganseok-dong-one-room-waste-cleaning-company,https://clever-griffin-93819d.netlify.app/seo-incheon-ganseok-dong-one-room-waste-cleaning-company/,인천 간석동,폐기물청소,원룸,전문업체
2026-09-03T15:05:30,인천 간석동 원룸 폐기물청소 비용,seo-incheon-ganseok-dong-one-room-waste-cleaning-cost,https://clever-griffin-93819d.netlify.app/seo-incheon-ganseok-dong-one-room-waste-cleaning-cost/,인천 간석동,폐기물청소,원룸,비용
2026-09-03T15:05:30,인천 간석동 원룸 폐기물청소 가격,seo-incheon-ganseok-dong-one-room-waste-cleaning-price,https://clever-griffin-93819d.netlify.app/seo-incheon-ganseok-dong-one-room-waste-cleaning-price/,인천 간석동,폐기물청소,원룸,가격
2026-09-03T15:05:30,인천 간석동 원룸 폐기물청소 견적,seo-incheon-ganseok-dong-one-room-waste-cleaning-estimate,https://clever-griffin-93819d.netlify.app/seo-incheon-ganseok-dong-one-room-waste-cleaning-estimate/,인천 간석동,폐기물청소,원룸,견적
2026-09-03T15:05:30,인천 간석동 원룸 폐기물청소 예약,seo-incheon-ganseok-dong-one-room-waste-cleaning-booking,https://clever-griffin-93819d.netlify.app/seo-incheon-ganseok-dong-one-room-waste-cleaning-booking/,인천 간석동,폐기물청소,원룸,예약
2026-09-03T15:05:30,인천 간석동 원룸 폐기물청소 추천,seo-incheon-ganseok-dong-one-room-waste-cleaning-recommend,https://clever-griffin-93819d.netlify.app/seo-incheon-ganseok-dong-one-room-waste-cleaning-recommend/,인천 간석동,폐기물청소,원룸,추천
2026-09-03T15:05:30,인천 간석동 원룸 폐기물청소 후기,seo-incheon-ganseok-dong-one-room-waste-cleaning-review,https://clever-griffin-93819d.netlify.app/seo-incheon-ganseok-dong-one-room-waste-cleaning-review/,인천 간석동,폐기물청소,원룸,후기
2026-09-03T15:05:30,인천 간석동 원룸 폐기물청소 잘하는곳,seo-incheon-ganseok-dong-one-room-waste-cleaning-best,https://clever-griffin-93819d.netlify.app/seo-incheon-ganseok-dong-one-room-waste-cleaning-best/,인천 간석동,폐기물청소,원룸,잘하는곳
2026-09-03T15:05:30,인천 간석동 원룸 폐기물청소 업체,seo-incheon-ganseok-dong-one-room-waste-cleaning-service,https://clever-griffin-93819d.netlify.app/seo-incheon-ganseok-dong-one-room-waste-cleaning-service/,인천 간석동,폐기물청소,원룸,업체
2026-09-03T15:05:30,인천 간석동 원룸 폐기물청소 당일상담,seo-incheon-ganseok-dong-one-room-waste-cleaning-same-day-consult,https://clever-griffin-93819d.netlify.app/seo-incheon-ganseok-dong-one-room-waste-cleaning-same-day-consult/,인천 간석동,폐기물청소,원룸,당일상담
2026-09-03T15:05:30,인천 간석동 원룸 폐기물청소 주말예약,seo-incheon-ganseok-dong-one-room-waste-cleaning-weekend-booking,https://clever-griffin-93819d.netlify.app/seo-incheon-ganseok-dong-one-room-waste-cleaning-weekend-booking/,인천 간석동,폐기물청소,원룸,주말예약
2026-09-03T15:05:30,인천 간석동 원룸 폐기물청소 청소범위,seo-incheon-ganseok-dong-one-room-waste-cleaning-scope,https://clever-griffin-93819d.netlify.app/seo-incheon-ganseok-dong-one-room-waste-cleaning-scope/,인천 간석동,폐기물청소,원룸,청소범위
2026-09-03T15:05:30,인천 간석동 빌라 폐기물청소 전문업체,seo-incheon-ganseok-dong-villa-waste-cleaning-company,https://clever-griffin-93819d.netlify.app/seo-incheon-ganseok-dong-villa-waste-cleaning-company/,인천 간석동,폐기물청소,빌라,전문업체
2026-09-03T15:05:30,인천 간석동 빌라 폐기물청소 비용,seo-incheon-ganseok-dong-villa-waste-cleaning-cost,https://clever-griffin-93819d.netlify.app/seo-incheon-ganseok-dong-villa-waste-cleaning-cost/,인천 간석동,폐기물청소,빌라,비용
2026-09-03T15:05:30,인천 간석동 빌라 폐기물청소 가격,seo-incheon-ganseok-dong-villa-waste-cleaning-price,https://clever-griffin-93819d.netlify.app/seo-incheon-ganseok-dong-villa-waste-cleaning-price/,인천 간석동,폐기물청소,빌라,가격
2026-09-03T15:05:30,인천 간석동 빌라 폐기물청소 견적,seo-incheon-ganseok-dong-villa-waste-cleaning-estimate,https://clever-griffin-93819d.netlify.app/seo-incheon-ganseok-dong-villa-waste-cleaning-estimate/,인천 간석동,폐기물청소,빌라,견적
2026-09-03T15:05:30,인천 간석동 빌라 폐기물청소 예약,seo-incheon-ganseok-dong-villa-waste-cleaning-booking,https://clever-griffin-93819d.netlify.app/seo-incheon-ganseok-dong-villa-waste-cleaning-booking/,인천 간석동,폐기물청소,빌라,예약
2026-09-03T15:05:30,인천 간석동 빌라 폐기물청소 추천,seo-incheon-ganseok-dong-villa-waste-cleaning-recommend,https://clever-griffin-93819d.netlify.app/seo-incheon-ganseok-dong-villa-waste-cleaning-recommend/,인천 간석동,폐기물청소,빌라,추천
2026-09-03T15:05:30,인천 간석동 빌라 폐기물청소 후기,seo-incheon-ganseok-dong-villa-waste-cleaning-review,https://clever-griffin-93819d.netlify.app/seo-incheon-ganseok-dong-villa-waste-cleaning-review/,인천 간석동,폐기물청소,빌라,후기
2026-09-03T15:05:30,인천 간석동 빌라 폐기물청소 잘하는곳,seo-incheon-ganseok-dong-villa-waste-cleaning-best,https://clever-griffin-93819d.netlify.app/seo-incheon-ganseok-dong-villa-waste-cleaning-best/,인천 간석동,폐기물청소,빌라,잘하는곳
2026-09-03T15:05:30,인천 간석동 빌라 폐기물청소 업체,seo-incheon-ganseok-dong-villa-waste-cleaning-service,https://clever-griffin-93819d.netlify.app/seo-incheon-ganseok-dong-villa-waste-cleaning-service/,인천 간석동,폐기물청소,빌라,업체
2026-09-03T15:05:30,인천 간석동 빌라 폐기물청소 당일상담,seo-incheon-ganseok-dong-villa-waste-cleaning-same-day-consult,https://clever-griffin-93819d.netlify.app/seo-incheon-ganseok-dong-villa-waste-cleaning-same-day-consult/,인천 간석동,폐기물청소,빌라,당일상담
2026-09-03T15:05:30,인천 간석동 빌라 폐기물청소 주말예약,seo-incheon-ganseok-dong-villa-waste-cleaning-weekend-booking,https://clever-griffin-93819d.netlify.app/seo-incheon-ganseok-dong-villa-waste-cleaning-weekend-booking/,인천 간석동,폐기물청소,빌라,주말예약
2026-09-03T15:05:30,인천 간석동 빌라 폐기물청소 청소범위,seo-incheon-ganseok-dong-villa-waste-cleaning-scope,https://clever-griffin-93819d.netlify.app/seo-incheon-ganseok-dong-villa-waste-cleaning-scope/,인천 간석동,폐기물청소,빌라,청소범위
2026-09-03T15:05:30,인천 간석동 오피스텔 폐기물청소 전문업체,seo-incheon-ganseok-dong-officetel-waste-cleaning-company,https://clever-griffin-93819d.netlify.app/seo-incheon-ganseok-dong-officetel-waste-cleaning-company/,인천 간석동,폐기물청소,오피스텔,전문업체
2026-09-03T15:05:30,인천 간석동 오피스텔 폐기물청소 비용,seo-incheon-ganseok-dong-officetel-waste-cleaning-cost,https://clever-griffin-93819d.netlify.app/seo-incheon-ganseok-dong-officetel-waste-cleaning-cost/,인천 간석동,폐기물청소,오피스텔,비용
2026-09-03T15:05:30,인천 간석동 오피스텔 폐기물청소 가격,seo-incheon-ganseok-dong-officetel-waste-cleaning-price,https://clever-griffin-93819d.netlify.app/seo-incheon-ganseok-dong-officetel-waste-cleaning-price/,인천 간석동,폐기물청소,오피스텔,가격
2026-09-03T15:05:30,인천 간석동 오피스텔 폐기물청소 견적,seo-incheon-ganseok-dong-officetel-waste-cleaning-estimate,https://clever-griffin-93819d.netlify.app/seo-incheon-ganseok-dong-officetel-waste-cleaning-estimate/,인천 간석동,폐기물청소,오피스텔,견적
2026-09-03T15:05:30,인천 간석동 오피스텔 폐기물청소 예약,seo-incheon-ganseok-dong-officetel-waste-cleaning-booking,https://clever-griffin-93819d.netlify.app/seo-incheon-ganseok-dong-officetel-waste-cleaning-booking/,인천 간석동,폐기물청소,오피스텔,예약
2026-09-03T15:05:30,인천 간석동 오피스텔 폐기물청소 추천,seo-incheon-ganseok-dong-officetel-waste-cleaning-recommend,https://clever-griffin-93819d.netlify.app/seo-incheon-ganseok-dong-officetel-waste-cleaning-recommend/,인천 간석동,폐기물청소,오피스텔,추천
2026-09-03T15:05:30,인천 간석동 오피스텔 폐기물청소 후기,seo-incheon-ganseok-dong-officetel-waste-cleaning-review,https://clever-griffin-93819d.netlify.app/seo-incheon-ganseok-dong-officetel-waste-cleaning-review/,인천 간석동,폐기물청소,오피스텔,후기
2026-09-03T15:05:30,인천 간석동 오피스텔 폐기물청소 잘하는곳,seo-incheon-ganseok-dong-officetel-waste-cleaning-best,https://clever-griffin-93819d.netlify.app/seo-incheon-ganseok-dong-officetel-waste-cleaning-best/,인천 간석동,폐기물청소,오피스텔,잘하는곳
