generated_at,keyword,slug,url,location,service,property_type,intent
2026-08-05T23:01:50,인천 중구 아파트 입주청소 주말예약,seo-incheon-jung-gu-apartment-move-in-cleaning-weekend-booking,https://clever-griffin-93819d.netlify.app/seo-incheon-jung-gu-apartment-move-in-cleaning-weekend-booking/,인천 중구,입주청소,아파트,주말예약
2026-08-05T23:01:50,인천 중구 아파트 입주청소 청소범위,seo-incheon-jung-gu-apartment-move-in-cleaning-scope,https://clever-griffin-93819d.netlify.app/seo-incheon-jung-gu-apartment-move-in-cleaning-scope/,인천 중구,입주청소,아파트,청소범위
2026-08-05T23:01:50,인천 중구 원룸 입주청소 전문업체,seo-incheon-jung-gu-one-room-move-in-cleaning-company,https://clever-griffin-93819d.netlify.app/seo-incheon-jung-gu-one-room-move-in-cleaning-company/,인천 중구,입주청소,원룸,전문업체
2026-08-05T23:01:50,인천 중구 원룸 입주청소 비용,seo-incheon-jung-gu-one-room-move-in-cleaning-cost,https://clever-griffin-93819d.netlify.app/seo-incheon-jung-gu-one-room-move-in-cleaning-cost/,인천 중구,입주청소,원룸,비용
2026-08-05T23:01:50,인천 중구 원룸 입주청소 가격,seo-incheon-jung-gu-one-room-move-in-cleaning-price,https://clever-griffin-93819d.netlify.app/seo-incheon-jung-gu-one-room-move-in-cleaning-price/,인천 중구,입주청소,원룸,가격
2026-08-05T23:01:50,인천 중구 원룸 입주청소 견적,seo-incheon-jung-gu-one-room-move-in-cleaning-estimate,https://clever-griffin-93819d.netlify.app/seo-incheon-jung-gu-one-room-move-in-cleaning-estimate/,인천 중구,입주청소,원룸,견적
2026-08-05T23:01:50,인천 중구 원룸 입주청소 예약,seo-incheon-jung-gu-one-room-move-in-cleaning-booking,https://clever-griffin-93819d.netlify.app/seo-incheon-jung-gu-one-room-move-in-cleaning-booking/,인천 중구,입주청소,원룸,예약
2026-08-05T23:01:50,인천 중구 원룸 입주청소 추천,seo-incheon-jung-gu-one-room-move-in-cleaning-recommend,https://clever-griffin-93819d.netlify.app/seo-incheon-jung-gu-one-room-move-in-cleaning-recommend/,인천 중구,입주청소,원룸,추천
2026-08-05T23:01:50,인천 중구 원룸 입주청소 후기,seo-incheon-jung-gu-one-room-move-in-cleaning-review,https://clever-griffin-93819d.netlify.app/seo-incheon-jung-gu-one-room-move-in-cleaning-review/,인천 중구,입주청소,원룸,후기
2026-08-05T23:01:50,인천 중구 원룸 입주청소 잘하는곳,seo-incheon-jung-gu-one-room-move-in-cleaning-best,https://clever-griffin-93819d.netlify.app/seo-incheon-jung-gu-one-room-move-in-cleaning-best/,인천 중구,입주청소,원룸,잘하는곳
2026-08-05T23:04:48,인천 중구 원룸 입주청소 업체,seo-incheon-jung-gu-one-room-move-in-cleaning-service,https://clever-griffin-93819d.netlify.app/seo-incheon-jung-gu-one-room-move-in-cleaning-service/,인천 중구,입주청소,원룸,업체
2026-08-05T23:04:48,인천 중구 원룸 입주청소 당일상담,seo-incheon-jung-gu-one-room-move-in-cleaning-same-day-consult,https://clever-griffin-93819d.netlify.app/seo-incheon-jung-gu-one-room-move-in-cleaning-same-day-consult/,인천 중구,입주청소,원룸,당일상담
2026-08-05T23:04:48,인천 중구 원룸 입주청소 주말예약,seo-incheon-jung-gu-one-room-move-in-cleaning-weekend-booking,https://clever-griffin-93819d.netlify.app/seo-incheon-jung-gu-one-room-move-in-cleaning-weekend-booking/,인천 중구,입주청소,원룸,주말예약
2026-08-05T23:04:48,인천 중구 원룸 입주청소 청소범위,seo-incheon-jung-gu-one-room-move-in-cleaning-scope,https://clever-griffin-93819d.netlify.app/seo-incheon-jung-gu-one-room-move-in-cleaning-scope/,인천 중구,입주청소,원룸,청소범위
2026-08-05T23:04:48,인천 중구 빌라 입주청소 전문업체,seo-incheon-jung-gu-villa-move-in-cleaning-company,https://clever-griffin-93819d.netlify.app/seo-incheon-jung-gu-villa-move-in-cleaning-company/,인천 중구,입주청소,빌라,전문업체
2026-08-05T23:04:48,인천 중구 빌라 입주청소 비용,seo-incheon-jung-gu-villa-move-in-cleaning-cost,https://clever-griffin-93819d.netlify.app/seo-incheon-jung-gu-villa-move-in-cleaning-cost/,인천 중구,입주청소,빌라,비용
2026-08-05T23:04:48,인천 중구 빌라 입주청소 가격,seo-incheon-jung-gu-villa-move-in-cleaning-price,https://clever-griffin-93819d.netlify.app/seo-incheon-jung-gu-villa-move-in-cleaning-price/,인천 중구,입주청소,빌라,가격
2026-08-05T23:04:48,인천 중구 빌라 입주청소 견적,seo-incheon-jung-gu-villa-move-in-cleaning-estimate,https://clever-griffin-93819d.netlify.app/seo-incheon-jung-gu-villa-move-in-cleaning-estimate/,인천 중구,입주청소,빌라,견적
2026-08-05T23:04:48,인천 중구 빌라 입주청소 예약,seo-incheon-jung-gu-villa-move-in-cleaning-booking,https://clever-griffin-93819d.netlify.app/seo-incheon-jung-gu-villa-move-in-cleaning-booking/,인천 중구,입주청소,빌라,예약
2026-08-05T23:04:48,인천 중구 빌라 입주청소 추천,seo-incheon-jung-gu-villa-move-in-cleaning-recommend,https://clever-griffin-93819d.netlify.app/seo-incheon-jung-gu-villa-move-in-cleaning-recommend/,인천 중구,입주청소,빌라,추천
2026-08-05T23:04:48,인천 중구 빌라 입주청소 후기,seo-incheon-jung-gu-villa-move-in-cleaning-review,https://clever-griffin-93819d.netlify.app/seo-incheon-jung-gu-villa-move-in-cleaning-review/,인천 중구,입주청소,빌라,후기
2026-08-05T23:04:48,인천 중구 빌라 입주청소 잘하는곳,seo-incheon-jung-gu-villa-move-in-cleaning-best,https://clever-griffin-93819d.netlify.app/seo-incheon-jung-gu-villa-move-in-cleaning-best/,인천 중구,입주청소,빌라,잘하는곳
2026-08-05T23:04:48,인천 중구 빌라 입주청소 업체,seo-incheon-jung-gu-villa-move-in-cleaning-service,https://clever-griffin-93819d.netlify.app/seo-incheon-jung-gu-villa-move-in-cleaning-service/,인천 중구,입주청소,빌라,업체
2026-08-05T23:04:48,인천 중구 빌라 입주청소 당일상담,seo-incheon-jung-gu-villa-move-in-cleaning-same-day-consult,https://clever-griffin-93819d.netlify.app/seo-incheon-jung-gu-villa-move-in-cleaning-same-day-consult/,인천 중구,입주청소,빌라,당일상담
2026-08-05T23:04:48,인천 중구 빌라 입주청소 주말예약,seo-incheon-jung-gu-villa-move-in-cleaning-weekend-booking,https://clever-griffin-93819d.netlify.app/seo-incheon-jung-gu-villa-move-in-cleaning-weekend-booking/,인천 중구,입주청소,빌라,주말예약
2026-08-05T23:04:48,인천 중구 빌라 입주청소 청소범위,seo-incheon-jung-gu-villa-move-in-cleaning-scope,https://clever-griffin-93819d.netlify.app/seo-incheon-jung-gu-villa-move-in-cleaning-scope/,인천 중구,입주청소,빌라,청소범위
2026-08-05T23:04:48,인천 중구 오피스텔 입주청소 전문업체,seo-incheon-jung-gu-officetel-move-in-cleaning-company,https://clever-griffin-93819d.netlify.app/seo-incheon-jung-gu-officetel-move-in-cleaning-company/,인천 중구,입주청소,오피스텔,전문업체
2026-08-05T23:04:48,인천 중구 오피스텔 입주청소 비용,seo-incheon-jung-gu-officetel-move-in-cleaning-cost,https://clever-griffin-93819d.netlify.app/seo-incheon-jung-gu-officetel-move-in-cleaning-cost/,인천 중구,입주청소,오피스텔,비용
2026-08-05T23:04:48,인천 중구 오피스텔 입주청소 가격,seo-incheon-jung-gu-officetel-move-in-cleaning-price,https://clever-griffin-93819d.netlify.app/seo-incheon-jung-gu-officetel-move-in-cleaning-price/,인천 중구,입주청소,오피스텔,가격
2026-08-05T23:04:48,인천 중구 오피스텔 입주청소 견적,seo-incheon-jung-gu-officetel-move-in-cleaning-estimate,https://clever-griffin-93819d.netlify.app/seo-incheon-jung-gu-officetel-move-in-cleaning-estimate/,인천 중구,입주청소,오피스텔,견적
2026-08-05T23:04:48,인천 중구 오피스텔 입주청소 예약,seo-incheon-jung-gu-officetel-move-in-cleaning-booking,https://clever-griffin-93819d.netlify.app/seo-incheon-jung-gu-officetel-move-in-cleaning-booking/,인천 중구,입주청소,오피스텔,예약
2026-08-05T23:04:48,인천 중구 오피스텔 입주청소 추천,seo-incheon-jung-gu-officetel-move-in-cleaning-recommend,https://clever-griffin-93819d.netlify.app/seo-incheon-jung-gu-officetel-move-in-cleaning-recommend/,인천 중구,입주청소,오피스텔,추천
2026-08-05T23:04:48,인천 중구 오피스텔 입주청소 후기,seo-incheon-jung-gu-officetel-move-in-cleaning-review,https://clever-griffin-93819d.netlify.app/seo-incheon-jung-gu-officetel-move-in-cleaning-review/,인천 중구,입주청소,오피스텔,후기
2026-08-05T23:04:48,인천 중구 오피스텔 입주청소 잘하는곳,seo-incheon-jung-gu-officetel-move-in-cleaning-best,https://clever-griffin-93819d.netlify.app/seo-incheon-jung-gu-officetel-move-in-cleaning-best/,인천 중구,입주청소,오피스텔,잘하는곳
2026-08-05T23:04:48,인천 중구 오피스텔 입주청소 업체,seo-incheon-jung-gu-officetel-move-in-cleaning-service,https://clever-griffin-93819d.netlify.app/seo-incheon-jung-gu-officetel-move-in-cleaning-service/,인천 중구,입주청소,오피스텔,업체
2026-08-05T23:04:48,인천 중구 오피스텔 입주청소 당일상담,seo-incheon-jung-gu-officetel-move-in-cleaning-same-day-consult,https://clever-griffin-93819d.netlify.app/seo-incheon-jung-gu-officetel-move-in-cleaning-same-day-consult/,인천 중구,입주청소,오피스텔,당일상담
2026-08-05T23:04:48,인천 중구 오피스텔 입주청소 주말예약,seo-incheon-jung-gu-officetel-move-in-cleaning-weekend-booking,https://clever-griffin-93819d.netlify.app/seo-incheon-jung-gu-officetel-move-in-cleaning-weekend-booking/,인천 중구,입주청소,오피스텔,주말예약
2026-08-05T23:04:48,인천 중구 오피스텔 입주청소 청소범위,seo-incheon-jung-gu-officetel-move-in-cleaning-scope,https://clever-griffin-93819d.netlify.app/seo-incheon-jung-gu-officetel-move-in-cleaning-scope/,인천 중구,입주청소,오피스텔,청소범위
2026-08-05T23:04:48,인천 중구 상가 입주청소 전문업체,seo-incheon-jung-gu-store-move-in-cleaning-company,https://clever-griffin-93819d.netlify.app/seo-incheon-jung-gu-store-move-in-cleaning-company/,인천 중구,입주청소,상가,전문업체
2026-08-05T23:04:48,인천 중구 상가 입주청소 비용,seo-incheon-jung-gu-store-move-in-cleaning-cost,https://clever-griffin-93819d.netlify.app/seo-incheon-jung-gu-store-move-in-cleaning-cost/,인천 중구,입주청소,상가,비용
2026-08-05T23:04:48,인천 중구 상가 입주청소 가격,seo-incheon-jung-gu-store-move-in-cleaning-price,https://clever-griffin-93819d.netlify.app/seo-incheon-jung-gu-store-move-in-cleaning-price/,인천 중구,입주청소,상가,가격
2026-08-05T23:04:48,인천 중구 상가 입주청소 견적,seo-incheon-jung-gu-store-move-in-cleaning-estimate,https://clever-griffin-93819d.netlify.app/seo-incheon-jung-gu-store-move-in-cleaning-estimate/,인천 중구,입주청소,상가,견적
2026-08-05T23:04:48,인천 중구 상가 입주청소 예약,seo-incheon-jung-gu-store-move-in-cleaning-booking,https://clever-griffin-93819d.netlify.app/seo-incheon-jung-gu-store-move-in-cleaning-booking/,인천 중구,입주청소,상가,예약
2026-08-05T23:04:48,인천 중구 상가 입주청소 추천,seo-incheon-jung-gu-store-move-in-cleaning-recommend,https://clever-griffin-93819d.netlify.app/seo-incheon-jung-gu-store-move-in-cleaning-recommend/,인천 중구,입주청소,상가,추천
2026-08-05T23:04:48,인천 중구 상가 입주청소 후기,seo-incheon-jung-gu-store-move-in-cleaning-review,https://clever-griffin-93819d.netlify.app/seo-incheon-jung-gu-store-move-in-cleaning-review/,인천 중구,입주청소,상가,후기
2026-08-05T23:04:48,인천 중구 상가 입주청소 잘하는곳,seo-incheon-jung-gu-store-move-in-cleaning-best,https://clever-griffin-93819d.netlify.app/seo-incheon-jung-gu-store-move-in-cleaning-best/,인천 중구,입주청소,상가,잘하는곳
2026-08-05T23:04:48,인천 중구 상가 입주청소 업체,seo-incheon-jung-gu-store-move-in-cleaning-service,https://clever-griffin-93819d.netlify.app/seo-incheon-jung-gu-store-move-in-cleaning-service/,인천 중구,입주청소,상가,업체
2026-08-05T23:04:48,인천 중구 상가 입주청소 당일상담,seo-incheon-jung-gu-store-move-in-cleaning-same-day-consult,https://clever-griffin-93819d.netlify.app/seo-incheon-jung-gu-store-move-in-cleaning-same-day-consult/,인천 중구,입주청소,상가,당일상담
2026-08-05T23:04:48,인천 중구 상가 입주청소 주말예약,seo-incheon-jung-gu-store-move-in-cleaning-weekend-booking,https://clever-griffin-93819d.netlify.app/seo-incheon-jung-gu-store-move-in-cleaning-weekend-booking/,인천 중구,입주청소,상가,주말예약
2026-08-05T23:04:48,인천 중구 상가 입주청소 청소범위,seo-incheon-jung-gu-store-move-in-cleaning-scope,https://clever-griffin-93819d.netlify.app/seo-incheon-jung-gu-store-move-in-cleaning-scope/,인천 중구,입주청소,상가,청소범위
2026-08-05T23:04:48,인천 중구 사무실 입주청소 전문업체,seo-incheon-jung-gu-office-move-in-cleaning-company,https://clever-griffin-93819d.netlify.app/seo-incheon-jung-gu-office-move-in-cleaning-company/,인천 중구,입주청소,사무실,전문업체
2026-08-05T23:04:48,인천 중구 사무실 입주청소 비용,seo-incheon-jung-gu-office-move-in-cleaning-cost,https://clever-griffin-93819d.netlify.app/seo-incheon-jung-gu-office-move-in-cleaning-cost/,인천 중구,입주청소,사무실,비용
2026-08-05T23:04:48,인천 중구 사무실 입주청소 가격,seo-incheon-jung-gu-office-move-in-cleaning-price,https://clever-griffin-93819d.netlify.app/seo-incheon-jung-gu-office-move-in-cleaning-price/,인천 중구,입주청소,사무실,가격
2026-08-05T23:04:48,인천 중구 사무실 입주청소 견적,seo-incheon-jung-gu-office-move-in-cleaning-estimate,https://clever-griffin-93819d.netlify.app/seo-incheon-jung-gu-office-move-in-cleaning-estimate/,인천 중구,입주청소,사무실,견적
2026-08-05T23:04:48,인천 중구 사무실 입주청소 예약,seo-incheon-jung-gu-office-move-in-cleaning-booking,https://clever-griffin-93819d.netlify.app/seo-incheon-jung-gu-office-move-in-cleaning-booking/,인천 중구,입주청소,사무실,예약
2026-08-05T23:04:48,인천 중구 사무실 입주청소 추천,seo-incheon-jung-gu-office-move-in-cleaning-recommend,https://clever-griffin-93819d.netlify.app/seo-incheon-jung-gu-office-move-in-cleaning-recommend/,인천 중구,입주청소,사무실,추천
2026-08-05T23:04:48,인천 중구 사무실 입주청소 후기,seo-incheon-jung-gu-office-move-in-cleaning-review,https://clever-griffin-93819d.netlify.app/seo-incheon-jung-gu-office-move-in-cleaning-review/,인천 중구,입주청소,사무실,후기
2026-08-05T23:04:48,인천 중구 사무실 입주청소 잘하는곳,seo-incheon-jung-gu-office-move-in-cleaning-best,https://clever-griffin-93819d.netlify.app/seo-incheon-jung-gu-office-move-in-cleaning-best/,인천 중구,입주청소,사무실,잘하는곳
2026-08-05T23:04:48,인천 중구 사무실 입주청소 업체,seo-incheon-jung-gu-office-move-in-cleaning-service,https://clever-griffin-93819d.netlify.app/seo-incheon-jung-gu-office-move-in-cleaning-service/,인천 중구,입주청소,사무실,업체
2026-08-05T23:04:48,인천 중구 사무실 입주청소 당일상담,seo-incheon-jung-gu-office-move-in-cleaning-same-day-consult,https://clever-griffin-93819d.netlify.app/seo-incheon-jung-gu-office-move-in-cleaning-same-day-consult/,인천 중구,입주청소,사무실,당일상담
2026-08-05T23:04:48,인천 중구 사무실 입주청소 주말예약,seo-incheon-jung-gu-office-move-in-cleaning-weekend-booking,https://clever-griffin-93819d.netlify.app/seo-incheon-jung-gu-office-move-in-cleaning-weekend-booking/,인천 중구,입주청소,사무실,주말예약
2026-08-05T23:04:48,인천 중구 사무실 입주청소 청소범위,seo-incheon-jung-gu-office-move-in-cleaning-scope,https://clever-griffin-93819d.netlify.app/seo-incheon-jung-gu-office-move-in-cleaning-scope/,인천 중구,입주청소,사무실,청소범위
2026-08-05T23:04:48,인천 중구 아파트 이사청소 전문업체,seo-incheon-jung-gu-apartment-moving-cleaning-company,https://clever-griffin-93819d.netlify.app/seo-incheon-jung-gu-apartment-moving-cleaning-company/,인천 중구,이사청소,아파트,전문업체
2026-08-05T23:04:48,인천 중구 아파트 이사청소 비용,seo-incheon-jung-gu-apartment-moving-cleaning-cost,https://clever-griffin-93819d.netlify.app/seo-incheon-jung-gu-apartment-moving-cleaning-cost/,인천 중구,이사청소,아파트,비용
2026-08-05T23:04:48,인천 중구 아파트 이사청소 가격,seo-incheon-jung-gu-apartment-moving-cleaning-price,https://clever-griffin-93819d.netlify.app/seo-incheon-jung-gu-apartment-moving-cleaning-price/,인천 중구,이사청소,아파트,가격
2026-08-05T23:04:48,인천 중구 아파트 이사청소 견적,seo-incheon-jung-gu-apartment-moving-cleaning-estimate,https://clever-griffin-93819d.netlify.app/seo-incheon-jung-gu-apartment-moving-cleaning-estimate/,인천 중구,이사청소,아파트,견적
2026-08-05T23:04:48,인천 중구 아파트 이사청소 예약,seo-incheon-jung-gu-apartment-moving-cleaning-booking,https://clever-griffin-93819d.netlify.app/seo-incheon-jung-gu-apartment-moving-cleaning-booking/,인천 중구,이사청소,아파트,예약
2026-08-05T23:04:48,인천 중구 아파트 이사청소 추천,seo-incheon-jung-gu-apartment-moving-cleaning-recommend,https://clever-griffin-93819d.netlify.app/seo-incheon-jung-gu-apartment-moving-cleaning-recommend/,인천 중구,이사청소,아파트,추천
2026-08-05T23:04:48,인천 중구 아파트 이사청소 후기,seo-incheon-jung-gu-apartment-moving-cleaning-review,https://clever-griffin-93819d.netlify.app/seo-incheon-jung-gu-apartment-moving-cleaning-review/,인천 중구,이사청소,아파트,후기
2026-08-05T23:04:48,인천 중구 아파트 이사청소 잘하는곳,seo-incheon-jung-gu-apartment-moving-cleaning-best,https://clever-griffin-93819d.netlify.app/seo-incheon-jung-gu-apartment-moving-cleaning-best/,인천 중구,이사청소,아파트,잘하는곳
2026-08-05T23:04:48,인천 중구 아파트 이사청소 업체,seo-incheon-jung-gu-apartment-moving-cleaning-service,https://clever-griffin-93819d.netlify.app/seo-incheon-jung-gu-apartment-moving-cleaning-service/,인천 중구,이사청소,아파트,업체
2026-08-05T23:04:48,인천 중구 아파트 이사청소 당일상담,seo-incheon-jung-gu-apartment-moving-cleaning-same-day-consult,https://clever-griffin-93819d.netlify.app/seo-incheon-jung-gu-apartment-moving-cleaning-same-day-consult/,인천 중구,이사청소,아파트,당일상담
2026-08-05T23:04:48,인천 중구 아파트 이사청소 주말예약,seo-incheon-jung-gu-apartment-moving-cleaning-weekend-booking,https://clever-griffin-93819d.netlify.app/seo-incheon-jung-gu-apartment-moving-cleaning-weekend-booking/,인천 중구,이사청소,아파트,주말예약
2026-08-05T23:04:48,인천 중구 아파트 이사청소 청소범위,seo-incheon-jung-gu-apartment-moving-cleaning-scope,https://clever-griffin-93819d.netlify.app/seo-incheon-jung-gu-apartment-moving-cleaning-scope/,인천 중구,이사청소,아파트,청소범위
2026-08-05T23:04:48,인천 중구 원룸 이사청소 전문업체,seo-incheon-jung-gu-one-room-moving-cleaning-company,https://clever-griffin-93819d.netlify.app/seo-incheon-jung-gu-one-room-moving-cleaning-company/,인천 중구,이사청소,원룸,전문업체
2026-08-05T23:04:48,인천 중구 원룸 이사청소 비용,seo-incheon-jung-gu-one-room-moving-cleaning-cost,https://clever-griffin-93819d.netlify.app/seo-incheon-jung-gu-one-room-moving-cleaning-cost/,인천 중구,이사청소,원룸,비용
2026-08-05T23:04:48,인천 중구 원룸 이사청소 가격,seo-incheon-jung-gu-one-room-moving-cleaning-price,https://clever-griffin-93819d.netlify.app/seo-incheon-jung-gu-one-room-moving-cleaning-price/,인천 중구,이사청소,원룸,가격
2026-08-05T23:04:48,인천 중구 원룸 이사청소 견적,seo-incheon-jung-gu-one-room-moving-cleaning-estimate,https://clever-griffin-93819d.netlify.app/seo-incheon-jung-gu-one-room-moving-cleaning-estimate/,인천 중구,이사청소,원룸,견적
2026-08-05T23:04:48,인천 중구 원룸 이사청소 예약,seo-incheon-jung-gu-one-room-moving-cleaning-booking,https://clever-griffin-93819d.netlify.app/seo-incheon-jung-gu-one-room-moving-cleaning-booking/,인천 중구,이사청소,원룸,예약
2026-08-05T23:04:48,인천 중구 원룸 이사청소 추천,seo-incheon-jung-gu-one-room-moving-cleaning-recommend,https://clever-griffin-93819d.netlify.app/seo-incheon-jung-gu-one-room-moving-cleaning-recommend/,인천 중구,이사청소,원룸,추천
2026-08-05T23:04:48,인천 중구 원룸 이사청소 후기,seo-incheon-jung-gu-one-room-moving-cleaning-review,https://clever-griffin-93819d.netlify.app/seo-incheon-jung-gu-one-room-moving-cleaning-review/,인천 중구,이사청소,원룸,후기
2026-08-05T23:04:48,인천 중구 원룸 이사청소 잘하는곳,seo-incheon-jung-gu-one-room-moving-cleaning-best,https://clever-griffin-93819d.netlify.app/seo-incheon-jung-gu-one-room-moving-cleaning-best/,인천 중구,이사청소,원룸,잘하는곳
2026-08-05T23:04:48,인천 중구 원룸 이사청소 업체,seo-incheon-jung-gu-one-room-moving-cleaning-service,https://clever-griffin-93819d.netlify.app/seo-incheon-jung-gu-one-room-moving-cleaning-service/,인천 중구,이사청소,원룸,업체
2026-08-05T23:04:48,인천 중구 원룸 이사청소 당일상담,seo-incheon-jung-gu-one-room-moving-cleaning-same-day-consult,https://clever-griffin-93819d.netlify.app/seo-incheon-jung-gu-one-room-moving-cleaning-same-day-consult/,인천 중구,이사청소,원룸,당일상담
2026-08-05T23:04:48,인천 중구 원룸 이사청소 주말예약,seo-incheon-jung-gu-one-room-moving-cleaning-weekend-booking,https://clever-griffin-93819d.netlify.app/seo-incheon-jung-gu-one-room-moving-cleaning-weekend-booking/,인천 중구,이사청소,원룸,주말예약
2026-08-05T23:04:48,인천 중구 원룸 이사청소 청소범위,seo-incheon-jung-gu-one-room-moving-cleaning-scope,https://clever-griffin-93819d.netlify.app/seo-incheon-jung-gu-one-room-moving-cleaning-scope/,인천 중구,이사청소,원룸,청소범위
2026-08-05T23:04:48,인천 중구 빌라 이사청소 전문업체,seo-incheon-jung-gu-villa-moving-cleaning-company,https://clever-griffin-93819d.netlify.app/seo-incheon-jung-gu-villa-moving-cleaning-company/,인천 중구,이사청소,빌라,전문업체
2026-08-05T23:04:48,인천 중구 빌라 이사청소 비용,seo-incheon-jung-gu-villa-moving-cleaning-cost,https://clever-griffin-93819d.netlify.app/seo-incheon-jung-gu-villa-moving-cleaning-cost/,인천 중구,이사청소,빌라,비용
2026-08-05T23:04:48,인천 중구 빌라 이사청소 가격,seo-incheon-jung-gu-villa-moving-cleaning-price,https://clever-griffin-93819d.netlify.app/seo-incheon-jung-gu-villa-moving-cleaning-price/,인천 중구,이사청소,빌라,가격
2026-08-05T23:04:48,인천 중구 빌라 이사청소 견적,seo-incheon-jung-gu-villa-moving-cleaning-estimate,https://clever-griffin-93819d.netlify.app/seo-incheon-jung-gu-villa-moving-cleaning-estimate/,인천 중구,이사청소,빌라,견적
2026-08-05T23:04:48,인천 중구 빌라 이사청소 예약,seo-incheon-jung-gu-villa-moving-cleaning-booking,https://clever-griffin-93819d.netlify.app/seo-incheon-jung-gu-villa-moving-cleaning-booking/,인천 중구,이사청소,빌라,예약
2026-08-05T23:04:48,인천 중구 빌라 이사청소 추천,seo-incheon-jung-gu-villa-moving-cleaning-recommend,https://clever-griffin-93819d.netlify.app/seo-incheon-jung-gu-villa-moving-cleaning-recommend/,인천 중구,이사청소,빌라,추천
2026-08-05T23:04:48,인천 중구 빌라 이사청소 후기,seo-incheon-jung-gu-villa-moving-cleaning-review,https://clever-griffin-93819d.netlify.app/seo-incheon-jung-gu-villa-moving-cleaning-review/,인천 중구,이사청소,빌라,후기
2026-08-05T23:04:48,인천 중구 빌라 이사청소 잘하는곳,seo-incheon-jung-gu-villa-moving-cleaning-best,https://clever-griffin-93819d.netlify.app/seo-incheon-jung-gu-villa-moving-cleaning-best/,인천 중구,이사청소,빌라,잘하는곳
2026-08-05T23:04:48,인천 중구 빌라 이사청소 업체,seo-incheon-jung-gu-villa-moving-cleaning-service,https://clever-griffin-93819d.netlify.app/seo-incheon-jung-gu-villa-moving-cleaning-service/,인천 중구,이사청소,빌라,업체
2026-08-05T23:04:48,인천 중구 빌라 이사청소 당일상담,seo-incheon-jung-gu-villa-moving-cleaning-same-day-consult,https://clever-griffin-93819d.netlify.app/seo-incheon-jung-gu-villa-moving-cleaning-same-day-consult/,인천 중구,이사청소,빌라,당일상담
2026-08-05T23:04:48,인천 중구 빌라 이사청소 주말예약,seo-incheon-jung-gu-villa-moving-cleaning-weekend-booking,https://clever-griffin-93819d.netlify.app/seo-incheon-jung-gu-villa-moving-cleaning-weekend-booking/,인천 중구,이사청소,빌라,주말예약
2026-08-05T23:04:48,인천 중구 빌라 이사청소 청소범위,seo-incheon-jung-gu-villa-moving-cleaning-scope,https://clever-griffin-93819d.netlify.app/seo-incheon-jung-gu-villa-moving-cleaning-scope/,인천 중구,이사청소,빌라,청소범위
2026-08-05T23:04:48,인천 중구 오피스텔 이사청소 전문업체,seo-incheon-jung-gu-officetel-moving-cleaning-company,https://clever-griffin-93819d.netlify.app/seo-incheon-jung-gu-officetel-moving-cleaning-company/,인천 중구,이사청소,오피스텔,전문업체
2026-08-05T23:04:48,인천 중구 오피스텔 이사청소 비용,seo-incheon-jung-gu-officetel-moving-cleaning-cost,https://clever-griffin-93819d.netlify.app/seo-incheon-jung-gu-officetel-moving-cleaning-cost/,인천 중구,이사청소,오피스텔,비용
2026-08-05T23:04:48,인천 중구 오피스텔 이사청소 가격,seo-incheon-jung-gu-officetel-moving-cleaning-price,https://clever-griffin-93819d.netlify.app/seo-incheon-jung-gu-officetel-moving-cleaning-price/,인천 중구,이사청소,오피스텔,가격
2026-08-05T23:04:48,인천 중구 오피스텔 이사청소 견적,seo-incheon-jung-gu-officetel-moving-cleaning-estimate,https://clever-griffin-93819d.netlify.app/seo-incheon-jung-gu-officetel-moving-cleaning-estimate/,인천 중구,이사청소,오피스텔,견적
2026-08-05T23:04:48,인천 중구 오피스텔 이사청소 예약,seo-incheon-jung-gu-officetel-moving-cleaning-booking,https://clever-griffin-93819d.netlify.app/seo-incheon-jung-gu-officetel-moving-cleaning-booking/,인천 중구,이사청소,오피스텔,예약
2026-08-05T23:04:48,인천 중구 오피스텔 이사청소 추천,seo-incheon-jung-gu-officetel-moving-cleaning-recommend,https://clever-griffin-93819d.netlify.app/seo-incheon-jung-gu-officetel-moving-cleaning-recommend/,인천 중구,이사청소,오피스텔,추천
2026-08-05T23:04:48,인천 중구 오피스텔 이사청소 후기,seo-incheon-jung-gu-officetel-moving-cleaning-review,https://clever-griffin-93819d.netlify.app/seo-incheon-jung-gu-officetel-moving-cleaning-review/,인천 중구,이사청소,오피스텔,후기
2026-08-05T23:04:48,인천 중구 오피스텔 이사청소 잘하는곳,seo-incheon-jung-gu-officetel-moving-cleaning-best,https://clever-griffin-93819d.netlify.app/seo-incheon-jung-gu-officetel-moving-cleaning-best/,인천 중구,이사청소,오피스텔,잘하는곳
2026-08-05T23:04:48,인천 중구 오피스텔 이사청소 업체,seo-incheon-jung-gu-officetel-moving-cleaning-service,https://clever-griffin-93819d.netlify.app/seo-incheon-jung-gu-officetel-moving-cleaning-service/,인천 중구,이사청소,오피스텔,업체
2026-08-05T23:04:48,인천 중구 오피스텔 이사청소 당일상담,seo-incheon-jung-gu-officetel-moving-cleaning-same-day-consult,https://clever-griffin-93819d.netlify.app/seo-incheon-jung-gu-officetel-moving-cleaning-same-day-consult/,인천 중구,이사청소,오피스텔,당일상담
2026-08-05T23:04:48,인천 중구 오피스텔 이사청소 주말예약,seo-incheon-jung-gu-officetel-moving-cleaning-weekend-booking,https://clever-griffin-93819d.netlify.app/seo-incheon-jung-gu-officetel-moving-cleaning-weekend-booking/,인천 중구,이사청소,오피스텔,주말예약
2026-08-05T23:04:48,인천 중구 오피스텔 이사청소 청소범위,seo-incheon-jung-gu-officetel-moving-cleaning-scope,https://clever-griffin-93819d.netlify.app/seo-incheon-jung-gu-officetel-moving-cleaning-scope/,인천 중구,이사청소,오피스텔,청소범위
2026-08-05T23:04:48,인천 중구 상가 이사청소 전문업체,seo-incheon-jung-gu-store-moving-cleaning-company,https://clever-griffin-93819d.netlify.app/seo-incheon-jung-gu-store-moving-cleaning-company/,인천 중구,이사청소,상가,전문업체
2026-08-05T23:04:48,인천 중구 상가 이사청소 비용,seo-incheon-jung-gu-store-moving-cleaning-cost,https://clever-griffin-93819d.netlify.app/seo-incheon-jung-gu-store-moving-cleaning-cost/,인천 중구,이사청소,상가,비용
2026-08-05T23:04:48,인천 중구 상가 이사청소 가격,seo-incheon-jung-gu-store-moving-cleaning-price,https://clever-griffin-93819d.netlify.app/seo-incheon-jung-gu-store-moving-cleaning-price/,인천 중구,이사청소,상가,가격
2026-08-05T23:04:48,인천 중구 상가 이사청소 견적,seo-incheon-jung-gu-store-moving-cleaning-estimate,https://clever-griffin-93819d.netlify.app/seo-incheon-jung-gu-store-moving-cleaning-estimate/,인천 중구,이사청소,상가,견적
2026-08-05T23:04:48,인천 중구 상가 이사청소 예약,seo-incheon-jung-gu-store-moving-cleaning-booking,https://clever-griffin-93819d.netlify.app/seo-incheon-jung-gu-store-moving-cleaning-booking/,인천 중구,이사청소,상가,예약
2026-08-05T23:04:48,인천 중구 상가 이사청소 추천,seo-incheon-jung-gu-store-moving-cleaning-recommend,https://clever-griffin-93819d.netlify.app/seo-incheon-jung-gu-store-moving-cleaning-recommend/,인천 중구,이사청소,상가,추천
2026-08-05T23:04:48,인천 중구 상가 이사청소 후기,seo-incheon-jung-gu-store-moving-cleaning-review,https://clever-griffin-93819d.netlify.app/seo-incheon-jung-gu-store-moving-cleaning-review/,인천 중구,이사청소,상가,후기
2026-08-05T23:04:48,인천 중구 상가 이사청소 잘하는곳,seo-incheon-jung-gu-store-moving-cleaning-best,https://clever-griffin-93819d.netlify.app/seo-incheon-jung-gu-store-moving-cleaning-best/,인천 중구,이사청소,상가,잘하는곳
2026-08-05T23:04:48,인천 중구 상가 이사청소 업체,seo-incheon-jung-gu-store-moving-cleaning-service,https://clever-griffin-93819d.netlify.app/seo-incheon-jung-gu-store-moving-cleaning-service/,인천 중구,이사청소,상가,업체
2026-08-05T23:04:48,인천 중구 상가 이사청소 당일상담,seo-incheon-jung-gu-store-moving-cleaning-same-day-consult,https://clever-griffin-93819d.netlify.app/seo-incheon-jung-gu-store-moving-cleaning-same-day-consult/,인천 중구,이사청소,상가,당일상담
2026-08-05T23:04:48,인천 중구 상가 이사청소 주말예약,seo-incheon-jung-gu-store-moving-cleaning-weekend-booking,https://clever-griffin-93819d.netlify.app/seo-incheon-jung-gu-store-moving-cleaning-weekend-booking/,인천 중구,이사청소,상가,주말예약
2026-08-05T23:04:48,인천 중구 상가 이사청소 청소범위,seo-incheon-jung-gu-store-moving-cleaning-scope,https://clever-griffin-93819d.netlify.app/seo-incheon-jung-gu-store-moving-cleaning-scope/,인천 중구,이사청소,상가,청소범위
2026-08-05T23:04:48,인천 중구 사무실 이사청소 전문업체,seo-incheon-jung-gu-office-moving-cleaning-company,https://clever-griffin-93819d.netlify.app/seo-incheon-jung-gu-office-moving-cleaning-company/,인천 중구,이사청소,사무실,전문업체
2026-08-05T23:04:48,인천 중구 사무실 이사청소 비용,seo-incheon-jung-gu-office-moving-cleaning-cost,https://clever-griffin-93819d.netlify.app/seo-incheon-jung-gu-office-moving-cleaning-cost/,인천 중구,이사청소,사무실,비용
2026-08-05T23:04:48,인천 중구 사무실 이사청소 가격,seo-incheon-jung-gu-office-moving-cleaning-price,https://clever-griffin-93819d.netlify.app/seo-incheon-jung-gu-office-moving-cleaning-price/,인천 중구,이사청소,사무실,가격
2026-08-05T23:04:48,인천 중구 사무실 이사청소 견적,seo-incheon-jung-gu-office-moving-cleaning-estimate,https://clever-griffin-93819d.netlify.app/seo-incheon-jung-gu-office-moving-cleaning-estimate/,인천 중구,이사청소,사무실,견적
2026-08-05T23:04:48,인천 중구 사무실 이사청소 예약,seo-incheon-jung-gu-office-moving-cleaning-booking,https://clever-griffin-93819d.netlify.app/seo-incheon-jung-gu-office-moving-cleaning-booking/,인천 중구,이사청소,사무실,예약
2026-08-05T23:04:48,인천 중구 사무실 이사청소 추천,seo-incheon-jung-gu-office-moving-cleaning-recommend,https://clever-griffin-93819d.netlify.app/seo-incheon-jung-gu-office-moving-cleaning-recommend/,인천 중구,이사청소,사무실,추천
2026-08-05T23:04:48,인천 중구 사무실 이사청소 후기,seo-incheon-jung-gu-office-moving-cleaning-review,https://clever-griffin-93819d.netlify.app/seo-incheon-jung-gu-office-moving-cleaning-review/,인천 중구,이사청소,사무실,후기
2026-08-05T23:04:48,인천 중구 사무실 이사청소 잘하는곳,seo-incheon-jung-gu-office-moving-cleaning-best,https://clever-griffin-93819d.netlify.app/seo-incheon-jung-gu-office-moving-cleaning-best/,인천 중구,이사청소,사무실,잘하는곳
2026-08-05T23:04:48,인천 중구 사무실 이사청소 업체,seo-incheon-jung-gu-office-moving-cleaning-service,https://clever-griffin-93819d.netlify.app/seo-incheon-jung-gu-office-moving-cleaning-service/,인천 중구,이사청소,사무실,업체
2026-08-05T23:04:48,인천 중구 사무실 이사청소 당일상담,seo-incheon-jung-gu-office-moving-cleaning-same-day-consult,https://clever-griffin-93819d.netlify.app/seo-incheon-jung-gu-office-moving-cleaning-same-day-consult/,인천 중구,이사청소,사무실,당일상담
2026-08-05T23:04:48,인천 중구 사무실 이사청소 주말예약,seo-incheon-jung-gu-office-moving-cleaning-weekend-booking,https://clever-griffin-93819d.netlify.app/seo-incheon-jung-gu-office-moving-cleaning-weekend-booking/,인천 중구,이사청소,사무실,주말예약
2026-08-05T23:04:48,인천 중구 사무실 이사청소 청소범위,seo-incheon-jung-gu-office-moving-cleaning-scope,https://clever-griffin-93819d.netlify.app/seo-incheon-jung-gu-office-moving-cleaning-scope/,인천 중구,이사청소,사무실,청소범위
2026-08-05T23:04:48,인천 중구 아파트 거주청소 전문업체,seo-incheon-jung-gu-apartment-residential-cleaning-company,https://clever-griffin-93819d.netlify.app/seo-incheon-jung-gu-apartment-residential-cleaning-company/,인천 중구,거주청소,아파트,전문업체
2026-08-05T23:04:48,인천 중구 아파트 거주청소 비용,seo-incheon-jung-gu-apartment-residential-cleaning-cost,https://clever-griffin-93819d.netlify.app/seo-incheon-jung-gu-apartment-residential-cleaning-cost/,인천 중구,거주청소,아파트,비용
2026-08-05T23:04:48,인천 중구 아파트 거주청소 가격,seo-incheon-jung-gu-apartment-residential-cleaning-price,https://clever-griffin-93819d.netlify.app/seo-incheon-jung-gu-apartment-residential-cleaning-price/,인천 중구,거주청소,아파트,가격
2026-08-05T23:04:48,인천 중구 아파트 거주청소 견적,seo-incheon-jung-gu-apartment-residential-cleaning-estimate,https://clever-griffin-93819d.netlify.app/seo-incheon-jung-gu-apartment-residential-cleaning-estimate/,인천 중구,거주청소,아파트,견적
2026-08-05T23:04:48,인천 중구 아파트 거주청소 예약,seo-incheon-jung-gu-apartment-residential-cleaning-booking,https://clever-griffin-93819d.netlify.app/seo-incheon-jung-gu-apartment-residential-cleaning-booking/,인천 중구,거주청소,아파트,예약
2026-08-05T23:04:48,인천 중구 아파트 거주청소 추천,seo-incheon-jung-gu-apartment-residential-cleaning-recommend,https://clever-griffin-93819d.netlify.app/seo-incheon-jung-gu-apartment-residential-cleaning-recommend/,인천 중구,거주청소,아파트,추천
2026-08-05T23:04:48,인천 중구 아파트 거주청소 후기,seo-incheon-jung-gu-apartment-residential-cleaning-review,https://clever-griffin-93819d.netlify.app/seo-incheon-jung-gu-apartment-residential-cleaning-review/,인천 중구,거주청소,아파트,후기
2026-08-05T23:04:48,인천 중구 아파트 거주청소 잘하는곳,seo-incheon-jung-gu-apartment-residential-cleaning-best,https://clever-griffin-93819d.netlify.app/seo-incheon-jung-gu-apartment-residential-cleaning-best/,인천 중구,거주청소,아파트,잘하는곳
2026-08-05T23:04:48,인천 중구 아파트 거주청소 업체,seo-incheon-jung-gu-apartment-residential-cleaning-service,https://clever-griffin-93819d.netlify.app/seo-incheon-jung-gu-apartment-residential-cleaning-service/,인천 중구,거주청소,아파트,업체
2026-08-05T23:04:48,인천 중구 아파트 거주청소 당일상담,seo-incheon-jung-gu-apartment-residential-cleaning-same-day-consult,https://clever-griffin-93819d.netlify.app/seo-incheon-jung-gu-apartment-residential-cleaning-same-day-consult/,인천 중구,거주청소,아파트,당일상담
2026-08-05T23:04:48,인천 중구 아파트 거주청소 주말예약,seo-incheon-jung-gu-apartment-residential-cleaning-weekend-booking,https://clever-griffin-93819d.netlify.app/seo-incheon-jung-gu-apartment-residential-cleaning-weekend-booking/,인천 중구,거주청소,아파트,주말예약
2026-08-05T23:04:48,인천 중구 아파트 거주청소 청소범위,seo-incheon-jung-gu-apartment-residential-cleaning-scope,https://clever-griffin-93819d.netlify.app/seo-incheon-jung-gu-apartment-residential-cleaning-scope/,인천 중구,거주청소,아파트,청소범위
2026-08-05T23:04:48,인천 중구 원룸 거주청소 전문업체,seo-incheon-jung-gu-one-room-residential-cleaning-company,https://clever-griffin-93819d.netlify.app/seo-incheon-jung-gu-one-room-residential-cleaning-company/,인천 중구,거주청소,원룸,전문업체
2026-08-05T23:04:48,인천 중구 원룸 거주청소 비용,seo-incheon-jung-gu-one-room-residential-cleaning-cost,https://clever-griffin-93819d.netlify.app/seo-incheon-jung-gu-one-room-residential-cleaning-cost/,인천 중구,거주청소,원룸,비용
2026-08-05T23:04:48,인천 중구 원룸 거주청소 가격,seo-incheon-jung-gu-one-room-residential-cleaning-price,https://clever-griffin-93819d.netlify.app/seo-incheon-jung-gu-one-room-residential-cleaning-price/,인천 중구,거주청소,원룸,가격
2026-08-05T23:04:48,인천 중구 원룸 거주청소 견적,seo-incheon-jung-gu-one-room-residential-cleaning-estimate,https://clever-griffin-93819d.netlify.app/seo-incheon-jung-gu-one-room-residential-cleaning-estimate/,인천 중구,거주청소,원룸,견적
2026-08-05T23:04:48,인천 중구 원룸 거주청소 예약,seo-incheon-jung-gu-one-room-residential-cleaning-booking,https://clever-griffin-93819d.netlify.app/seo-incheon-jung-gu-one-room-residential-cleaning-booking/,인천 중구,거주청소,원룸,예약
2026-08-05T23:04:48,인천 중구 원룸 거주청소 추천,seo-incheon-jung-gu-one-room-residential-cleaning-recommend,https://clever-griffin-93819d.netlify.app/seo-incheon-jung-gu-one-room-residential-cleaning-recommend/,인천 중구,거주청소,원룸,추천
2026-08-05T23:04:48,인천 중구 원룸 거주청소 후기,seo-incheon-jung-gu-one-room-residential-cleaning-review,https://clever-griffin-93819d.netlify.app/seo-incheon-jung-gu-one-room-residential-cleaning-review/,인천 중구,거주청소,원룸,후기
2026-08-05T23:04:48,인천 중구 원룸 거주청소 잘하는곳,seo-incheon-jung-gu-one-room-residential-cleaning-best,https://clever-griffin-93819d.netlify.app/seo-incheon-jung-gu-one-room-residential-cleaning-best/,인천 중구,거주청소,원룸,잘하는곳
2026-08-05T23:04:48,인천 중구 원룸 거주청소 업체,seo-incheon-jung-gu-one-room-residential-cleaning-service,https://clever-griffin-93819d.netlify.app/seo-incheon-jung-gu-one-room-residential-cleaning-service/,인천 중구,거주청소,원룸,업체
2026-08-05T23:04:48,인천 중구 원룸 거주청소 당일상담,seo-incheon-jung-gu-one-room-residential-cleaning-same-day-consult,https://clever-griffin-93819d.netlify.app/seo-incheon-jung-gu-one-room-residential-cleaning-same-day-consult/,인천 중구,거주청소,원룸,당일상담
2026-08-05T23:04:48,인천 중구 원룸 거주청소 주말예약,seo-incheon-jung-gu-one-room-residential-cleaning-weekend-booking,https://clever-griffin-93819d.netlify.app/seo-incheon-jung-gu-one-room-residential-cleaning-weekend-booking/,인천 중구,거주청소,원룸,주말예약
2026-08-05T23:04:48,인천 중구 원룸 거주청소 청소범위,seo-incheon-jung-gu-one-room-residential-cleaning-scope,https://clever-griffin-93819d.netlify.app/seo-incheon-jung-gu-one-room-residential-cleaning-scope/,인천 중구,거주청소,원룸,청소범위
2026-08-05T23:04:48,인천 중구 빌라 거주청소 전문업체,seo-incheon-jung-gu-villa-residential-cleaning-company,https://clever-griffin-93819d.netlify.app/seo-incheon-jung-gu-villa-residential-cleaning-company/,인천 중구,거주청소,빌라,전문업체
2026-08-05T23:04:48,인천 중구 빌라 거주청소 비용,seo-incheon-jung-gu-villa-residential-cleaning-cost,https://clever-griffin-93819d.netlify.app/seo-incheon-jung-gu-villa-residential-cleaning-cost/,인천 중구,거주청소,빌라,비용
2026-08-05T23:04:48,인천 중구 빌라 거주청소 가격,seo-incheon-jung-gu-villa-residential-cleaning-price,https://clever-griffin-93819d.netlify.app/seo-incheon-jung-gu-villa-residential-cleaning-price/,인천 중구,거주청소,빌라,가격
2026-08-05T23:04:48,인천 중구 빌라 거주청소 견적,seo-incheon-jung-gu-villa-residential-cleaning-estimate,https://clever-griffin-93819d.netlify.app/seo-incheon-jung-gu-villa-residential-cleaning-estimate/,인천 중구,거주청소,빌라,견적
2026-08-05T23:04:48,인천 중구 빌라 거주청소 예약,seo-incheon-jung-gu-villa-residential-cleaning-booking,https://clever-griffin-93819d.netlify.app/seo-incheon-jung-gu-villa-residential-cleaning-booking/,인천 중구,거주청소,빌라,예약
2026-08-05T23:04:48,인천 중구 빌라 거주청소 추천,seo-incheon-jung-gu-villa-residential-cleaning-recommend,https://clever-griffin-93819d.netlify.app/seo-incheon-jung-gu-villa-residential-cleaning-recommend/,인천 중구,거주청소,빌라,추천
2026-08-05T23:04:48,인천 중구 빌라 거주청소 후기,seo-incheon-jung-gu-villa-residential-cleaning-review,https://clever-griffin-93819d.netlify.app/seo-incheon-jung-gu-villa-residential-cleaning-review/,인천 중구,거주청소,빌라,후기
2026-08-05T23:04:48,인천 중구 빌라 거주청소 잘하는곳,seo-incheon-jung-gu-villa-residential-cleaning-best,https://clever-griffin-93819d.netlify.app/seo-incheon-jung-gu-villa-residential-cleaning-best/,인천 중구,거주청소,빌라,잘하는곳
2026-08-05T23:04:48,인천 중구 빌라 거주청소 업체,seo-incheon-jung-gu-villa-residential-cleaning-service,https://clever-griffin-93819d.netlify.app/seo-incheon-jung-gu-villa-residential-cleaning-service/,인천 중구,거주청소,빌라,업체
2026-08-05T23:04:48,인천 중구 빌라 거주청소 당일상담,seo-incheon-jung-gu-villa-residential-cleaning-same-day-consult,https://clever-griffin-93819d.netlify.app/seo-incheon-jung-gu-villa-residential-cleaning-same-day-consult/,인천 중구,거주청소,빌라,당일상담
2026-08-05T23:04:48,인천 중구 빌라 거주청소 주말예약,seo-incheon-jung-gu-villa-residential-cleaning-weekend-booking,https://clever-griffin-93819d.netlify.app/seo-incheon-jung-gu-villa-residential-cleaning-weekend-booking/,인천 중구,거주청소,빌라,주말예약
2026-08-05T23:04:48,인천 중구 빌라 거주청소 청소범위,seo-incheon-jung-gu-villa-residential-cleaning-scope,https://clever-griffin-93819d.netlify.app/seo-incheon-jung-gu-villa-residential-cleaning-scope/,인천 중구,거주청소,빌라,청소범위
2026-08-05T23:04:48,인천 중구 오피스텔 거주청소 전문업체,seo-incheon-jung-gu-officetel-residential-cleaning-company,https://clever-griffin-93819d.netlify.app/seo-incheon-jung-gu-officetel-residential-cleaning-company/,인천 중구,거주청소,오피스텔,전문업체
2026-08-05T23:04:48,인천 중구 오피스텔 거주청소 비용,seo-incheon-jung-gu-officetel-residential-cleaning-cost,https://clever-griffin-93819d.netlify.app/seo-incheon-jung-gu-officetel-residential-cleaning-cost/,인천 중구,거주청소,오피스텔,비용
2026-08-05T23:04:48,인천 중구 오피스텔 거주청소 가격,seo-incheon-jung-gu-officetel-residential-cleaning-price,https://clever-griffin-93819d.netlify.app/seo-incheon-jung-gu-officetel-residential-cleaning-price/,인천 중구,거주청소,오피스텔,가격
2026-08-05T23:04:48,인천 중구 오피스텔 거주청소 견적,seo-incheon-jung-gu-officetel-residential-cleaning-estimate,https://clever-griffin-93819d.netlify.app/seo-incheon-jung-gu-officetel-residential-cleaning-estimate/,인천 중구,거주청소,오피스텔,견적
2026-08-05T23:04:48,인천 중구 오피스텔 거주청소 예약,seo-incheon-jung-gu-officetel-residential-cleaning-booking,https://clever-griffin-93819d.netlify.app/seo-incheon-jung-gu-officetel-residential-cleaning-booking/,인천 중구,거주청소,오피스텔,예약
2026-08-05T23:04:48,인천 중구 오피스텔 거주청소 추천,seo-incheon-jung-gu-officetel-residential-cleaning-recommend,https://clever-griffin-93819d.netlify.app/seo-incheon-jung-gu-officetel-residential-cleaning-recommend/,인천 중구,거주청소,오피스텔,추천
2026-08-05T23:04:48,인천 중구 오피스텔 거주청소 후기,seo-incheon-jung-gu-officetel-residential-cleaning-review,https://clever-griffin-93819d.netlify.app/seo-incheon-jung-gu-officetel-residential-cleaning-review/,인천 중구,거주청소,오피스텔,후기
2026-08-05T23:04:48,인천 중구 오피스텔 거주청소 잘하는곳,seo-incheon-jung-gu-officetel-residential-cleaning-best,https://clever-griffin-93819d.netlify.app/seo-incheon-jung-gu-officetel-residential-cleaning-best/,인천 중구,거주청소,오피스텔,잘하는곳
2026-08-05T23:04:48,인천 중구 오피스텔 거주청소 업체,seo-incheon-jung-gu-officetel-residential-cleaning-service,https://clever-griffin-93819d.netlify.app/seo-incheon-jung-gu-officetel-residential-cleaning-service/,인천 중구,거주청소,오피스텔,업체
2026-08-05T23:04:48,인천 중구 오피스텔 거주청소 당일상담,seo-incheon-jung-gu-officetel-residential-cleaning-same-day-consult,https://clever-griffin-93819d.netlify.app/seo-incheon-jung-gu-officetel-residential-cleaning-same-day-consult/,인천 중구,거주청소,오피스텔,당일상담
2026-08-05T23:04:48,인천 중구 오피스텔 거주청소 주말예약,seo-incheon-jung-gu-officetel-residential-cleaning-weekend-booking,https://clever-griffin-93819d.netlify.app/seo-incheon-jung-gu-officetel-residential-cleaning-weekend-booking/,인천 중구,거주청소,오피스텔,주말예약
2026-08-05T23:04:48,인천 중구 오피스텔 거주청소 청소범위,seo-incheon-jung-gu-officetel-residential-cleaning-scope,https://clever-griffin-93819d.netlify.app/seo-incheon-jung-gu-officetel-residential-cleaning-scope/,인천 중구,거주청소,오피스텔,청소범위
2026-08-05T23:04:48,인천 중구 상가 거주청소 전문업체,seo-incheon-jung-gu-store-residential-cleaning-company,https://clever-griffin-93819d.netlify.app/seo-incheon-jung-gu-store-residential-cleaning-company/,인천 중구,거주청소,상가,전문업체
2026-08-05T23:04:48,인천 중구 상가 거주청소 비용,seo-incheon-jung-gu-store-residential-cleaning-cost,https://clever-griffin-93819d.netlify.app/seo-incheon-jung-gu-store-residential-cleaning-cost/,인천 중구,거주청소,상가,비용
2026-08-05T23:04:48,인천 중구 상가 거주청소 가격,seo-incheon-jung-gu-store-residential-cleaning-price,https://clever-griffin-93819d.netlify.app/seo-incheon-jung-gu-store-residential-cleaning-price/,인천 중구,거주청소,상가,가격
2026-08-05T23:04:48,인천 중구 상가 거주청소 견적,seo-incheon-jung-gu-store-residential-cleaning-estimate,https://clever-griffin-93819d.netlify.app/seo-incheon-jung-gu-store-residential-cleaning-estimate/,인천 중구,거주청소,상가,견적
2026-08-05T23:04:48,인천 중구 상가 거주청소 예약,seo-incheon-jung-gu-store-residential-cleaning-booking,https://clever-griffin-93819d.netlify.app/seo-incheon-jung-gu-store-residential-cleaning-booking/,인천 중구,거주청소,상가,예약
2026-08-05T23:04:48,인천 중구 상가 거주청소 추천,seo-incheon-jung-gu-store-residential-cleaning-recommend,https://clever-griffin-93819d.netlify.app/seo-incheon-jung-gu-store-residential-cleaning-recommend/,인천 중구,거주청소,상가,추천
2026-08-05T23:04:48,인천 중구 상가 거주청소 후기,seo-incheon-jung-gu-store-residential-cleaning-review,https://clever-griffin-93819d.netlify.app/seo-incheon-jung-gu-store-residential-cleaning-review/,인천 중구,거주청소,상가,후기
2026-08-05T23:04:48,인천 중구 상가 거주청소 잘하는곳,seo-incheon-jung-gu-store-residential-cleaning-best,https://clever-griffin-93819d.netlify.app/seo-incheon-jung-gu-store-residential-cleaning-best/,인천 중구,거주청소,상가,잘하는곳
2026-08-05T23:04:48,인천 중구 상가 거주청소 업체,seo-incheon-jung-gu-store-residential-cleaning-service,https://clever-griffin-93819d.netlify.app/seo-incheon-jung-gu-store-residential-cleaning-service/,인천 중구,거주청소,상가,업체
2026-08-05T23:04:48,인천 중구 상가 거주청소 당일상담,seo-incheon-jung-gu-store-residential-cleaning-same-day-consult,https://clever-griffin-93819d.netlify.app/seo-incheon-jung-gu-store-residential-cleaning-same-day-consult/,인천 중구,거주청소,상가,당일상담
2026-08-05T23:04:48,인천 중구 상가 거주청소 주말예약,seo-incheon-jung-gu-store-residential-cleaning-weekend-booking,https://clever-griffin-93819d.netlify.app/seo-incheon-jung-gu-store-residential-cleaning-weekend-booking/,인천 중구,거주청소,상가,주말예약
2026-08-05T23:04:48,인천 중구 상가 거주청소 청소범위,seo-incheon-jung-gu-store-residential-cleaning-scope,https://clever-griffin-93819d.netlify.app/seo-incheon-jung-gu-store-residential-cleaning-scope/,인천 중구,거주청소,상가,청소범위
2026-08-05T23:04:48,인천 중구 사무실 거주청소 전문업체,seo-incheon-jung-gu-office-residential-cleaning-company,https://clever-griffin-93819d.netlify.app/seo-incheon-jung-gu-office-residential-cleaning-company/,인천 중구,거주청소,사무실,전문업체
2026-08-05T23:04:48,인천 중구 사무실 거주청소 비용,seo-incheon-jung-gu-office-residential-cleaning-cost,https://clever-griffin-93819d.netlify.app/seo-incheon-jung-gu-office-residential-cleaning-cost/,인천 중구,거주청소,사무실,비용
2026-08-05T23:04:48,인천 중구 사무실 거주청소 가격,seo-incheon-jung-gu-office-residential-cleaning-price,https://clever-griffin-93819d.netlify.app/seo-incheon-jung-gu-office-residential-cleaning-price/,인천 중구,거주청소,사무실,가격
2026-08-05T23:04:48,인천 중구 사무실 거주청소 견적,seo-incheon-jung-gu-office-residential-cleaning-estimate,https://clever-griffin-93819d.netlify.app/seo-incheon-jung-gu-office-residential-cleaning-estimate/,인천 중구,거주청소,사무실,견적
2026-08-05T23:04:48,인천 중구 사무실 거주청소 예약,seo-incheon-jung-gu-office-residential-cleaning-booking,https://clever-griffin-93819d.netlify.app/seo-incheon-jung-gu-office-residential-cleaning-booking/,인천 중구,거주청소,사무실,예약
2026-08-05T23:04:48,인천 중구 사무실 거주청소 추천,seo-incheon-jung-gu-office-residential-cleaning-recommend,https://clever-griffin-93819d.netlify.app/seo-incheon-jung-gu-office-residential-cleaning-recommend/,인천 중구,거주청소,사무실,추천
2026-08-05T23:04:48,인천 중구 사무실 거주청소 후기,seo-incheon-jung-gu-office-residential-cleaning-review,https://clever-griffin-93819d.netlify.app/seo-incheon-jung-gu-office-residential-cleaning-review/,인천 중구,거주청소,사무실,후기
2026-08-05T23:04:48,인천 중구 사무실 거주청소 잘하는곳,seo-incheon-jung-gu-office-residential-cleaning-best,https://clever-griffin-93819d.netlify.app/seo-incheon-jung-gu-office-residential-cleaning-best/,인천 중구,거주청소,사무실,잘하는곳
2026-08-05T23:04:48,인천 중구 사무실 거주청소 업체,seo-incheon-jung-gu-office-residential-cleaning-service,https://clever-griffin-93819d.netlify.app/seo-incheon-jung-gu-office-residential-cleaning-service/,인천 중구,거주청소,사무실,업체
2026-08-05T23:04:48,인천 중구 사무실 거주청소 당일상담,seo-incheon-jung-gu-office-residential-cleaning-same-day-consult,https://clever-griffin-93819d.netlify.app/seo-incheon-jung-gu-office-residential-cleaning-same-day-consult/,인천 중구,거주청소,사무실,당일상담
2026-08-05T23:04:48,인천 중구 사무실 거주청소 주말예약,seo-incheon-jung-gu-office-residential-cleaning-weekend-booking,https://clever-griffin-93819d.netlify.app/seo-incheon-jung-gu-office-residential-cleaning-weekend-booking/,인천 중구,거주청소,사무실,주말예약
2026-08-05T23:04:48,인천 중구 사무실 거주청소 청소범위,seo-incheon-jung-gu-office-residential-cleaning-scope,https://clever-griffin-93819d.netlify.app/seo-incheon-jung-gu-office-residential-cleaning-scope/,인천 중구,거주청소,사무실,청소범위
2026-08-05T23:04:48,인천 중구 상가청소 전문업체,seo-incheon-jung-gu-store-cleaning-company,https://clever-griffin-93819d.netlify.app/seo-incheon-jung-gu-store-cleaning-company/,인천 중구,상가청소,상가,전문업체
2026-08-05T23:04:48,인천 중구 상가청소 비용,seo-incheon-jung-gu-store-cleaning-cost,https://clever-griffin-93819d.netlify.app/seo-incheon-jung-gu-store-cleaning-cost/,인천 중구,상가청소,상가,비용
2026-08-05T23:04:48,인천 중구 상가청소 가격,seo-incheon-jung-gu-store-cleaning-price,https://clever-griffin-93819d.netlify.app/seo-incheon-jung-gu-store-cleaning-price/,인천 중구,상가청소,상가,가격
2026-08-05T23:04:48,인천 중구 상가청소 견적,seo-incheon-jung-gu-store-cleaning-estimate,https://clever-griffin-93819d.netlify.app/seo-incheon-jung-gu-store-cleaning-estimate/,인천 중구,상가청소,상가,견적
2026-08-05T23:04:48,인천 중구 상가청소 예약,seo-incheon-jung-gu-store-cleaning-booking,https://clever-griffin-93819d.netlify.app/seo-incheon-jung-gu-store-cleaning-booking/,인천 중구,상가청소,상가,예약
2026-08-05T23:04:48,인천 중구 상가청소 추천,seo-incheon-jung-gu-store-cleaning-recommend,https://clever-griffin-93819d.netlify.app/seo-incheon-jung-gu-store-cleaning-recommend/,인천 중구,상가청소,상가,추천
2026-08-05T23:04:48,인천 중구 상가청소 후기,seo-incheon-jung-gu-store-cleaning-review,https://clever-griffin-93819d.netlify.app/seo-incheon-jung-gu-store-cleaning-review/,인천 중구,상가청소,상가,후기
2026-08-05T23:04:48,인천 중구 상가청소 잘하는곳,seo-incheon-jung-gu-store-cleaning-best,https://clever-griffin-93819d.netlify.app/seo-incheon-jung-gu-store-cleaning-best/,인천 중구,상가청소,상가,잘하는곳
2026-08-05T23:04:48,인천 중구 상가청소 업체,seo-incheon-jung-gu-store-cleaning-service,https://clever-griffin-93819d.netlify.app/seo-incheon-jung-gu-store-cleaning-service/,인천 중구,상가청소,상가,업체
2026-08-05T23:04:48,인천 중구 상가청소 당일상담,seo-incheon-jung-gu-store-cleaning-same-day-consult,https://clever-griffin-93819d.netlify.app/seo-incheon-jung-gu-store-cleaning-same-day-consult/,인천 중구,상가청소,상가,당일상담
2026-08-05T23:04:48,인천 중구 상가청소 주말예약,seo-incheon-jung-gu-store-cleaning-weekend-booking,https://clever-griffin-93819d.netlify.app/seo-incheon-jung-gu-store-cleaning-weekend-booking/,인천 중구,상가청소,상가,주말예약
2026-08-05T23:04:48,인천 중구 상가청소 청소범위,seo-incheon-jung-gu-store-cleaning-scope,https://clever-griffin-93819d.netlify.app/seo-incheon-jung-gu-store-cleaning-scope/,인천 중구,상가청소,상가,청소범위
2026-08-05T23:04:48,인천 중구 사무실청소 전문업체,seo-incheon-jung-gu-office-cleaning-company,https://clever-griffin-93819d.netlify.app/seo-incheon-jung-gu-office-cleaning-company/,인천 중구,사무실청소,사무실,전문업체
2026-08-05T23:04:48,인천 중구 사무실청소 비용,seo-incheon-jung-gu-office-cleaning-cost,https://clever-griffin-93819d.netlify.app/seo-incheon-jung-gu-office-cleaning-cost/,인천 중구,사무실청소,사무실,비용
2026-08-05T23:04:48,인천 중구 사무실청소 가격,seo-incheon-jung-gu-office-cleaning-price,https://clever-griffin-93819d.netlify.app/seo-incheon-jung-gu-office-cleaning-price/,인천 중구,사무실청소,사무실,가격
2026-08-05T23:04:48,인천 중구 사무실청소 견적,seo-incheon-jung-gu-office-cleaning-estimate,https://clever-griffin-93819d.netlify.app/seo-incheon-jung-gu-office-cleaning-estimate/,인천 중구,사무실청소,사무실,견적
2026-08-05T23:04:48,인천 중구 사무실청소 예약,seo-incheon-jung-gu-office-cleaning-booking,https://clever-griffin-93819d.netlify.app/seo-incheon-jung-gu-office-cleaning-booking/,인천 중구,사무실청소,사무실,예약
2026-08-05T23:04:48,인천 중구 사무실청소 추천,seo-incheon-jung-gu-office-cleaning-recommend,https://clever-griffin-93819d.netlify.app/seo-incheon-jung-gu-office-cleaning-recommend/,인천 중구,사무실청소,사무실,추천
2026-08-05T23:04:48,인천 중구 사무실청소 후기,seo-incheon-jung-gu-office-cleaning-review,https://clever-griffin-93819d.netlify.app/seo-incheon-jung-gu-office-cleaning-review/,인천 중구,사무실청소,사무실,후기
2026-08-05T23:04:48,인천 중구 사무실청소 잘하는곳,seo-incheon-jung-gu-office-cleaning-best,https://clever-griffin-93819d.netlify.app/seo-incheon-jung-gu-office-cleaning-best/,인천 중구,사무실청소,사무실,잘하는곳
2026-08-05T23:04:48,인천 중구 사무실청소 업체,seo-incheon-jung-gu-office-cleaning-service,https://clever-griffin-93819d.netlify.app/seo-incheon-jung-gu-office-cleaning-service/,인천 중구,사무실청소,사무실,업체
2026-08-05T23:04:48,인천 중구 사무실청소 당일상담,seo-incheon-jung-gu-office-cleaning-same-day-consult,https://clever-griffin-93819d.netlify.app/seo-incheon-jung-gu-office-cleaning-same-day-consult/,인천 중구,사무실청소,사무실,당일상담
2026-08-05T23:04:48,인천 중구 사무실청소 주말예약,seo-incheon-jung-gu-office-cleaning-weekend-booking,https://clever-griffin-93819d.netlify.app/seo-incheon-jung-gu-office-cleaning-weekend-booking/,인천 중구,사무실청소,사무실,주말예약
2026-08-05T23:04:48,인천 중구 사무실청소 청소범위,seo-incheon-jung-gu-office-cleaning-scope,https://clever-griffin-93819d.netlify.app/seo-incheon-jung-gu-office-cleaning-scope/,인천 중구,사무실청소,사무실,청소범위
2026-08-05T23:04:48,인천 중구 원룸청소 전문업체,seo-incheon-jung-gu-one-room-cleaning-company,https://clever-griffin-93819d.netlify.app/seo-incheon-jung-gu-one-room-cleaning-company/,인천 중구,원룸청소,원룸,전문업체
2026-08-05T23:04:48,인천 중구 원룸청소 비용,seo-incheon-jung-gu-one-room-cleaning-cost,https://clever-griffin-93819d.netlify.app/seo-incheon-jung-gu-one-room-cleaning-cost/,인천 중구,원룸청소,원룸,비용
2026-08-05T23:04:48,인천 중구 원룸청소 가격,seo-incheon-jung-gu-one-room-cleaning-price,https://clever-griffin-93819d.netlify.app/seo-incheon-jung-gu-one-room-cleaning-price/,인천 중구,원룸청소,원룸,가격
2026-08-05T23:04:48,인천 중구 원룸청소 견적,seo-incheon-jung-gu-one-room-cleaning-estimate,https://clever-griffin-93819d.netlify.app/seo-incheon-jung-gu-one-room-cleaning-estimate/,인천 중구,원룸청소,원룸,견적
2026-08-05T23:04:48,인천 중구 원룸청소 예약,seo-incheon-jung-gu-one-room-cleaning-booking,https://clever-griffin-93819d.netlify.app/seo-incheon-jung-gu-one-room-cleaning-booking/,인천 중구,원룸청소,원룸,예약
2026-08-05T23:04:48,인천 중구 원룸청소 추천,seo-incheon-jung-gu-one-room-cleaning-recommend,https://clever-griffin-93819d.netlify.app/seo-incheon-jung-gu-one-room-cleaning-recommend/,인천 중구,원룸청소,원룸,추천
2026-08-05T23:04:48,인천 중구 원룸청소 후기,seo-incheon-jung-gu-one-room-cleaning-review,https://clever-griffin-93819d.netlify.app/seo-incheon-jung-gu-one-room-cleaning-review/,인천 중구,원룸청소,원룸,후기
2026-08-05T23:04:48,인천 중구 원룸청소 잘하는곳,seo-incheon-jung-gu-one-room-cleaning-best,https://clever-griffin-93819d.netlify.app/seo-incheon-jung-gu-one-room-cleaning-best/,인천 중구,원룸청소,원룸,잘하는곳
2026-08-05T23:04:48,인천 중구 원룸청소 업체,seo-incheon-jung-gu-one-room-cleaning-service,https://clever-griffin-93819d.netlify.app/seo-incheon-jung-gu-one-room-cleaning-service/,인천 중구,원룸청소,원룸,업체
2026-08-05T23:04:48,인천 중구 원룸청소 당일상담,seo-incheon-jung-gu-one-room-cleaning-same-day-consult,https://clever-griffin-93819d.netlify.app/seo-incheon-jung-gu-one-room-cleaning-same-day-consult/,인천 중구,원룸청소,원룸,당일상담
2026-08-05T23:04:48,인천 중구 원룸청소 주말예약,seo-incheon-jung-gu-one-room-cleaning-weekend-booking,https://clever-griffin-93819d.netlify.app/seo-incheon-jung-gu-one-room-cleaning-weekend-booking/,인천 중구,원룸청소,원룸,주말예약
2026-08-05T23:04:48,인천 중구 원룸청소 청소범위,seo-incheon-jung-gu-one-room-cleaning-scope,https://clever-griffin-93819d.netlify.app/seo-incheon-jung-gu-one-room-cleaning-scope/,인천 중구,원룸청소,원룸,청소범위
2026-08-05T23:04:48,인천 중구 빌라청소 전문업체,seo-incheon-jung-gu-villa-cleaning-company,https://clever-griffin-93819d.netlify.app/seo-incheon-jung-gu-villa-cleaning-company/,인천 중구,빌라청소,빌라,전문업체
2026-08-05T23:04:48,인천 중구 빌라청소 비용,seo-incheon-jung-gu-villa-cleaning-cost,https://clever-griffin-93819d.netlify.app/seo-incheon-jung-gu-villa-cleaning-cost/,인천 중구,빌라청소,빌라,비용
2026-08-05T23:04:48,인천 중구 빌라청소 가격,seo-incheon-jung-gu-villa-cleaning-price,https://clever-griffin-93819d.netlify.app/seo-incheon-jung-gu-villa-cleaning-price/,인천 중구,빌라청소,빌라,가격
2026-08-05T23:04:48,인천 중구 빌라청소 견적,seo-incheon-jung-gu-villa-cleaning-estimate,https://clever-griffin-93819d.netlify.app/seo-incheon-jung-gu-villa-cleaning-estimate/,인천 중구,빌라청소,빌라,견적
2026-08-05T23:04:48,인천 중구 빌라청소 예약,seo-incheon-jung-gu-villa-cleaning-booking,https://clever-griffin-93819d.netlify.app/seo-incheon-jung-gu-villa-cleaning-booking/,인천 중구,빌라청소,빌라,예약
2026-08-05T23:04:48,인천 중구 빌라청소 추천,seo-incheon-jung-gu-villa-cleaning-recommend,https://clever-griffin-93819d.netlify.app/seo-incheon-jung-gu-villa-cleaning-recommend/,인천 중구,빌라청소,빌라,추천
2026-08-05T23:04:48,인천 중구 빌라청소 후기,seo-incheon-jung-gu-villa-cleaning-review,https://clever-griffin-93819d.netlify.app/seo-incheon-jung-gu-villa-cleaning-review/,인천 중구,빌라청소,빌라,후기
2026-08-05T23:04:48,인천 중구 빌라청소 잘하는곳,seo-incheon-jung-gu-villa-cleaning-best,https://clever-griffin-93819d.netlify.app/seo-incheon-jung-gu-villa-cleaning-best/,인천 중구,빌라청소,빌라,잘하는곳
2026-08-05T23:04:48,인천 중구 빌라청소 업체,seo-incheon-jung-gu-villa-cleaning-service,https://clever-griffin-93819d.netlify.app/seo-incheon-jung-gu-villa-cleaning-service/,인천 중구,빌라청소,빌라,업체
2026-08-05T23:04:48,인천 중구 빌라청소 당일상담,seo-incheon-jung-gu-villa-cleaning-same-day-consult,https://clever-griffin-93819d.netlify.app/seo-incheon-jung-gu-villa-cleaning-same-day-consult/,인천 중구,빌라청소,빌라,당일상담
2026-08-05T23:04:48,인천 중구 빌라청소 주말예약,seo-incheon-jung-gu-villa-cleaning-weekend-booking,https://clever-griffin-93819d.netlify.app/seo-incheon-jung-gu-villa-cleaning-weekend-booking/,인천 중구,빌라청소,빌라,주말예약
2026-08-05T23:04:48,인천 중구 빌라청소 청소범위,seo-incheon-jung-gu-villa-cleaning-scope,https://clever-griffin-93819d.netlify.app/seo-incheon-jung-gu-villa-cleaning-scope/,인천 중구,빌라청소,빌라,청소범위
2026-08-05T23:04:48,인천 중구 오피스텔청소 전문업체,seo-incheon-jung-gu-officetel-cleaning-company,https://clever-griffin-93819d.netlify.app/seo-incheon-jung-gu-officetel-cleaning-company/,인천 중구,오피스텔청소,오피스텔,전문업체
2026-08-05T23:04:48,인천 중구 오피스텔청소 비용,seo-incheon-jung-gu-officetel-cleaning-cost,https://clever-griffin-93819d.netlify.app/seo-incheon-jung-gu-officetel-cleaning-cost/,인천 중구,오피스텔청소,오피스텔,비용
2026-08-05T23:04:48,인천 중구 오피스텔청소 가격,seo-incheon-jung-gu-officetel-cleaning-price,https://clever-griffin-93819d.netlify.app/seo-incheon-jung-gu-officetel-cleaning-price/,인천 중구,오피스텔청소,오피스텔,가격
2026-08-05T23:04:48,인천 중구 오피스텔청소 견적,seo-incheon-jung-gu-officetel-cleaning-estimate,https://clever-griffin-93819d.netlify.app/seo-incheon-jung-gu-officetel-cleaning-estimate/,인천 중구,오피스텔청소,오피스텔,견적
2026-08-05T23:04:48,인천 중구 오피스텔청소 예약,seo-incheon-jung-gu-officetel-cleaning-booking,https://clever-griffin-93819d.netlify.app/seo-incheon-jung-gu-officetel-cleaning-booking/,인천 중구,오피스텔청소,오피스텔,예약
2026-08-05T23:04:48,인천 중구 오피스텔청소 추천,seo-incheon-jung-gu-officetel-cleaning-recommend,https://clever-griffin-93819d.netlify.app/seo-incheon-jung-gu-officetel-cleaning-recommend/,인천 중구,오피스텔청소,오피스텔,추천
2026-08-05T23:04:48,인천 중구 오피스텔청소 후기,seo-incheon-jung-gu-officetel-cleaning-review,https://clever-griffin-93819d.netlify.app/seo-incheon-jung-gu-officetel-cleaning-review/,인천 중구,오피스텔청소,오피스텔,후기
2026-08-05T23:04:48,인천 중구 오피스텔청소 잘하는곳,seo-incheon-jung-gu-officetel-cleaning-best,https://clever-griffin-93819d.netlify.app/seo-incheon-jung-gu-officetel-cleaning-best/,인천 중구,오피스텔청소,오피스텔,잘하는곳
2026-08-05T23:04:48,인천 중구 오피스텔청소 업체,seo-incheon-jung-gu-officetel-cleaning-service,https://clever-griffin-93819d.netlify.app/seo-incheon-jung-gu-officetel-cleaning-service/,인천 중구,오피스텔청소,오피스텔,업체
2026-08-05T23:04:48,인천 중구 오피스텔청소 당일상담,seo-incheon-jung-gu-officetel-cleaning-same-day-consult,https://clever-griffin-93819d.netlify.app/seo-incheon-jung-gu-officetel-cleaning-same-day-consult/,인천 중구,오피스텔청소,오피스텔,당일상담
2026-08-05T23:04:48,인천 중구 오피스텔청소 주말예약,seo-incheon-jung-gu-officetel-cleaning-weekend-booking,https://clever-griffin-93819d.netlify.app/seo-incheon-jung-gu-officetel-cleaning-weekend-booking/,인천 중구,오피스텔청소,오피스텔,주말예약
2026-08-05T23:04:48,인천 중구 오피스텔청소 청소범위,seo-incheon-jung-gu-officetel-cleaning-scope,https://clever-griffin-93819d.netlify.app/seo-incheon-jung-gu-officetel-cleaning-scope/,인천 중구,오피스텔청소,오피스텔,청소범위
2026-08-05T23:04:48,인천 중구 원룸 폐기물청소 전문업체,seo-incheon-jung-gu-one-room-waste-cleaning-company,https://clever-griffin-93819d.netlify.app/seo-incheon-jung-gu-one-room-waste-cleaning-company/,인천 중구,폐기물청소,원룸,전문업체
2026-08-05T23:04:48,인천 중구 원룸 폐기물청소 비용,seo-incheon-jung-gu-one-room-waste-cleaning-cost,https://clever-griffin-93819d.netlify.app/seo-incheon-jung-gu-one-room-waste-cleaning-cost/,인천 중구,폐기물청소,원룸,비용
2026-08-05T23:04:48,인천 중구 원룸 폐기물청소 가격,seo-incheon-jung-gu-one-room-waste-cleaning-price,https://clever-griffin-93819d.netlify.app/seo-incheon-jung-gu-one-room-waste-cleaning-price/,인천 중구,폐기물청소,원룸,가격
2026-08-05T23:04:48,인천 중구 원룸 폐기물청소 견적,seo-incheon-jung-gu-one-room-waste-cleaning-estimate,https://clever-griffin-93819d.netlify.app/seo-incheon-jung-gu-one-room-waste-cleaning-estimate/,인천 중구,폐기물청소,원룸,견적
2026-08-05T23:04:48,인천 중구 원룸 폐기물청소 예약,seo-incheon-jung-gu-one-room-waste-cleaning-booking,https://clever-griffin-93819d.netlify.app/seo-incheon-jung-gu-one-room-waste-cleaning-booking/,인천 중구,폐기물청소,원룸,예약
2026-08-05T23:04:48,인천 중구 원룸 폐기물청소 추천,seo-incheon-jung-gu-one-room-waste-cleaning-recommend,https://clever-griffin-93819d.netlify.app/seo-incheon-jung-gu-one-room-waste-cleaning-recommend/,인천 중구,폐기물청소,원룸,추천
2026-08-05T23:04:48,인천 중구 원룸 폐기물청소 후기,seo-incheon-jung-gu-one-room-waste-cleaning-review,https://clever-griffin-93819d.netlify.app/seo-incheon-jung-gu-one-room-waste-cleaning-review/,인천 중구,폐기물청소,원룸,후기
2026-08-05T23:04:48,인천 중구 원룸 폐기물청소 잘하는곳,seo-incheon-jung-gu-one-room-waste-cleaning-best,https://clever-griffin-93819d.netlify.app/seo-incheon-jung-gu-one-room-waste-cleaning-best/,인천 중구,폐기물청소,원룸,잘하는곳
2026-08-05T23:04:48,인천 중구 원룸 폐기물청소 업체,seo-incheon-jung-gu-one-room-waste-cleaning-service,https://clever-griffin-93819d.netlify.app/seo-incheon-jung-gu-one-room-waste-cleaning-service/,인천 중구,폐기물청소,원룸,업체
2026-08-05T23:04:48,인천 중구 원룸 폐기물청소 당일상담,seo-incheon-jung-gu-one-room-waste-cleaning-same-day-consult,https://clever-griffin-93819d.netlify.app/seo-incheon-jung-gu-one-room-waste-cleaning-same-day-consult/,인천 중구,폐기물청소,원룸,당일상담
2026-08-05T23:04:48,인천 중구 원룸 폐기물청소 주말예약,seo-incheon-jung-gu-one-room-waste-cleaning-weekend-booking,https://clever-griffin-93819d.netlify.app/seo-incheon-jung-gu-one-room-waste-cleaning-weekend-booking/,인천 중구,폐기물청소,원룸,주말예약
2026-08-05T23:04:48,인천 중구 원룸 폐기물청소 청소범위,seo-incheon-jung-gu-one-room-waste-cleaning-scope,https://clever-griffin-93819d.netlify.app/seo-incheon-jung-gu-one-room-waste-cleaning-scope/,인천 중구,폐기물청소,원룸,청소범위
2026-08-05T23:04:48,인천 중구 빌라 폐기물청소 전문업체,seo-incheon-jung-gu-villa-waste-cleaning-company,https://clever-griffin-93819d.netlify.app/seo-incheon-jung-gu-villa-waste-cleaning-company/,인천 중구,폐기물청소,빌라,전문업체
2026-08-05T23:04:48,인천 중구 빌라 폐기물청소 비용,seo-incheon-jung-gu-villa-waste-cleaning-cost,https://clever-griffin-93819d.netlify.app/seo-incheon-jung-gu-villa-waste-cleaning-cost/,인천 중구,폐기물청소,빌라,비용
2026-08-05T23:04:48,인천 중구 빌라 폐기물청소 가격,seo-incheon-jung-gu-villa-waste-cleaning-price,https://clever-griffin-93819d.netlify.app/seo-incheon-jung-gu-villa-waste-cleaning-price/,인천 중구,폐기물청소,빌라,가격
2026-08-05T23:04:48,인천 중구 빌라 폐기물청소 견적,seo-incheon-jung-gu-villa-waste-cleaning-estimate,https://clever-griffin-93819d.netlify.app/seo-incheon-jung-gu-villa-waste-cleaning-estimate/,인천 중구,폐기물청소,빌라,견적
2026-08-05T23:04:48,인천 중구 빌라 폐기물청소 예약,seo-incheon-jung-gu-villa-waste-cleaning-booking,https://clever-griffin-93819d.netlify.app/seo-incheon-jung-gu-villa-waste-cleaning-booking/,인천 중구,폐기물청소,빌라,예약
2026-08-05T23:04:48,인천 중구 빌라 폐기물청소 추천,seo-incheon-jung-gu-villa-waste-cleaning-recommend,https://clever-griffin-93819d.netlify.app/seo-incheon-jung-gu-villa-waste-cleaning-recommend/,인천 중구,폐기물청소,빌라,추천
2026-08-05T23:04:48,인천 중구 빌라 폐기물청소 후기,seo-incheon-jung-gu-villa-waste-cleaning-review,https://clever-griffin-93819d.netlify.app/seo-incheon-jung-gu-villa-waste-cleaning-review/,인천 중구,폐기물청소,빌라,후기
2026-08-05T23:04:48,인천 중구 빌라 폐기물청소 잘하는곳,seo-incheon-jung-gu-villa-waste-cleaning-best,https://clever-griffin-93819d.netlify.app/seo-incheon-jung-gu-villa-waste-cleaning-best/,인천 중구,폐기물청소,빌라,잘하는곳
2026-08-05T23:04:48,인천 중구 빌라 폐기물청소 업체,seo-incheon-jung-gu-villa-waste-cleaning-service,https://clever-griffin-93819d.netlify.app/seo-incheon-jung-gu-villa-waste-cleaning-service/,인천 중구,폐기물청소,빌라,업체
2026-08-05T23:04:48,인천 중구 빌라 폐기물청소 당일상담,seo-incheon-jung-gu-villa-waste-cleaning-same-day-consult,https://clever-griffin-93819d.netlify.app/seo-incheon-jung-gu-villa-waste-cleaning-same-day-consult/,인천 중구,폐기물청소,빌라,당일상담
2026-08-05T23:04:48,인천 중구 빌라 폐기물청소 주말예약,seo-incheon-jung-gu-villa-waste-cleaning-weekend-booking,https://clever-griffin-93819d.netlify.app/seo-incheon-jung-gu-villa-waste-cleaning-weekend-booking/,인천 중구,폐기물청소,빌라,주말예약
2026-08-05T23:04:48,인천 중구 빌라 폐기물청소 청소범위,seo-incheon-jung-gu-villa-waste-cleaning-scope,https://clever-griffin-93819d.netlify.app/seo-incheon-jung-gu-villa-waste-cleaning-scope/,인천 중구,폐기물청소,빌라,청소범위
2026-08-05T23:04:48,인천 중구 오피스텔 폐기물청소 전문업체,seo-incheon-jung-gu-officetel-waste-cleaning-company,https://clever-griffin-93819d.netlify.app/seo-incheon-jung-gu-officetel-waste-cleaning-company/,인천 중구,폐기물청소,오피스텔,전문업체
2026-08-05T23:04:48,인천 중구 오피스텔 폐기물청소 비용,seo-incheon-jung-gu-officetel-waste-cleaning-cost,https://clever-griffin-93819d.netlify.app/seo-incheon-jung-gu-officetel-waste-cleaning-cost/,인천 중구,폐기물청소,오피스텔,비용
2026-08-05T23:04:48,인천 중구 오피스텔 폐기물청소 가격,seo-incheon-jung-gu-officetel-waste-cleaning-price,https://clever-griffin-93819d.netlify.app/seo-incheon-jung-gu-officetel-waste-cleaning-price/,인천 중구,폐기물청소,오피스텔,가격
2026-08-05T23:04:48,인천 중구 오피스텔 폐기물청소 견적,seo-incheon-jung-gu-officetel-waste-cleaning-estimate,https://clever-griffin-93819d.netlify.app/seo-incheon-jung-gu-officetel-waste-cleaning-estimate/,인천 중구,폐기물청소,오피스텔,견적
2026-08-05T23:04:48,인천 중구 오피스텔 폐기물청소 예약,seo-incheon-jung-gu-officetel-waste-cleaning-booking,https://clever-griffin-93819d.netlify.app/seo-incheon-jung-gu-officetel-waste-cleaning-booking/,인천 중구,폐기물청소,오피스텔,예약
2026-08-05T23:04:48,인천 중구 오피스텔 폐기물청소 추천,seo-incheon-jung-gu-officetel-waste-cleaning-recommend,https://clever-griffin-93819d.netlify.app/seo-incheon-jung-gu-officetel-waste-cleaning-recommend/,인천 중구,폐기물청소,오피스텔,추천
2026-08-05T23:04:48,인천 중구 오피스텔 폐기물청소 후기,seo-incheon-jung-gu-officetel-waste-cleaning-review,https://clever-griffin-93819d.netlify.app/seo-incheon-jung-gu-officetel-waste-cleaning-review/,인천 중구,폐기물청소,오피스텔,후기
2026-08-05T23:04:48,인천 중구 오피스텔 폐기물청소 잘하는곳,seo-incheon-jung-gu-officetel-waste-cleaning-best,https://clever-griffin-93819d.netlify.app/seo-incheon-jung-gu-officetel-waste-cleaning-best/,인천 중구,폐기물청소,오피스텔,잘하는곳
2026-08-05T23:04:48,인천 중구 오피스텔 폐기물청소 업체,seo-incheon-jung-gu-officetel-waste-cleaning-service,https://clever-griffin-93819d.netlify.app/seo-incheon-jung-gu-officetel-waste-cleaning-service/,인천 중구,폐기물청소,오피스텔,업체
2026-08-05T23:04:48,인천 중구 오피스텔 폐기물청소 당일상담,seo-incheon-jung-gu-officetel-waste-cleaning-same-day-consult,https://clever-griffin-93819d.netlify.app/seo-incheon-jung-gu-officetel-waste-cleaning-same-day-consult/,인천 중구,폐기물청소,오피스텔,당일상담
2026-08-05T23:04:48,인천 중구 오피스텔 폐기물청소 주말예약,seo-incheon-jung-gu-officetel-waste-cleaning-weekend-booking,https://clever-griffin-93819d.netlify.app/seo-incheon-jung-gu-officetel-waste-cleaning-weekend-booking/,인천 중구,폐기물청소,오피스텔,주말예약
2026-08-05T23:04:48,인천 중구 오피스텔 폐기물청소 청소범위,seo-incheon-jung-gu-officetel-waste-cleaning-scope,https://clever-griffin-93819d.netlify.app/seo-incheon-jung-gu-officetel-waste-cleaning-scope/,인천 중구,폐기물청소,오피스텔,청소범위
2026-08-05T23:04:48,인천 중구 상가 폐기물청소 전문업체,seo-incheon-jung-gu-store-waste-cleaning-company,https://clever-griffin-93819d.netlify.app/seo-incheon-jung-gu-store-waste-cleaning-company/,인천 중구,폐기물청소,상가,전문업체
2026-08-05T23:04:48,인천 중구 상가 폐기물청소 비용,seo-incheon-jung-gu-store-waste-cleaning-cost,https://clever-griffin-93819d.netlify.app/seo-incheon-jung-gu-store-waste-cleaning-cost/,인천 중구,폐기물청소,상가,비용
2026-08-05T23:04:48,인천 중구 상가 폐기물청소 가격,seo-incheon-jung-gu-store-waste-cleaning-price,https://clever-griffin-93819d.netlify.app/seo-incheon-jung-gu-store-waste-cleaning-price/,인천 중구,폐기물청소,상가,가격
2026-08-05T23:04:48,인천 중구 상가 폐기물청소 견적,seo-incheon-jung-gu-store-waste-cleaning-estimate,https://clever-griffin-93819d.netlify.app/seo-incheon-jung-gu-store-waste-cleaning-estimate/,인천 중구,폐기물청소,상가,견적
2026-08-05T23:04:48,인천 중구 상가 폐기물청소 예약,seo-incheon-jung-gu-store-waste-cleaning-booking,https://clever-griffin-93819d.netlify.app/seo-incheon-jung-gu-store-waste-cleaning-booking/,인천 중구,폐기물청소,상가,예약
2026-08-05T23:04:48,인천 중구 상가 폐기물청소 추천,seo-incheon-jung-gu-store-waste-cleaning-recommend,https://clever-griffin-93819d.netlify.app/seo-incheon-jung-gu-store-waste-cleaning-recommend/,인천 중구,폐기물청소,상가,추천
2026-08-05T23:04:48,인천 중구 상가 폐기물청소 후기,seo-incheon-jung-gu-store-waste-cleaning-review,https://clever-griffin-93819d.netlify.app/seo-incheon-jung-gu-store-waste-cleaning-review/,인천 중구,폐기물청소,상가,후기
2026-08-05T23:04:48,인천 중구 상가 폐기물청소 잘하는곳,seo-incheon-jung-gu-store-waste-cleaning-best,https://clever-griffin-93819d.netlify.app/seo-incheon-jung-gu-store-waste-cleaning-best/,인천 중구,폐기물청소,상가,잘하는곳
2026-08-05T23:04:48,인천 중구 상가 폐기물청소 업체,seo-incheon-jung-gu-store-waste-cleaning-service,https://clever-griffin-93819d.netlify.app/seo-incheon-jung-gu-store-waste-cleaning-service/,인천 중구,폐기물청소,상가,업체
2026-08-05T23:04:48,인천 중구 상가 폐기물청소 당일상담,seo-incheon-jung-gu-store-waste-cleaning-same-day-consult,https://clever-griffin-93819d.netlify.app/seo-incheon-jung-gu-store-waste-cleaning-same-day-consult/,인천 중구,폐기물청소,상가,당일상담
2026-08-05T23:04:48,인천 중구 상가 폐기물청소 주말예약,seo-incheon-jung-gu-store-waste-cleaning-weekend-booking,https://clever-griffin-93819d.netlify.app/seo-incheon-jung-gu-store-waste-cleaning-weekend-booking/,인천 중구,폐기물청소,상가,주말예약
2026-08-05T23:04:48,인천 중구 상가 폐기물청소 청소범위,seo-incheon-jung-gu-store-waste-cleaning-scope,https://clever-griffin-93819d.netlify.app/seo-incheon-jung-gu-store-waste-cleaning-scope/,인천 중구,폐기물청소,상가,청소범위
2026-08-05T23:04:48,인천 중구 사무실 폐기물청소 전문업체,seo-incheon-jung-gu-office-waste-cleaning-company,https://clever-griffin-93819d.netlify.app/seo-incheon-jung-gu-office-waste-cleaning-company/,인천 중구,폐기물청소,사무실,전문업체
2026-08-05T23:04:48,인천 중구 사무실 폐기물청소 비용,seo-incheon-jung-gu-office-waste-cleaning-cost,https://clever-griffin-93819d.netlify.app/seo-incheon-jung-gu-office-waste-cleaning-cost/,인천 중구,폐기물청소,사무실,비용
2026-08-05T23:04:48,인천 중구 사무실 폐기물청소 가격,seo-incheon-jung-gu-office-waste-cleaning-price,https://clever-griffin-93819d.netlify.app/seo-incheon-jung-gu-office-waste-cleaning-price/,인천 중구,폐기물청소,사무실,가격
2026-08-05T23:04:48,인천 중구 사무실 폐기물청소 견적,seo-incheon-jung-gu-office-waste-cleaning-estimate,https://clever-griffin-93819d.netlify.app/seo-incheon-jung-gu-office-waste-cleaning-estimate/,인천 중구,폐기물청소,사무실,견적
2026-08-05T23:04:48,인천 중구 사무실 폐기물청소 예약,seo-incheon-jung-gu-office-waste-cleaning-booking,https://clever-griffin-93819d.netlify.app/seo-incheon-jung-gu-office-waste-cleaning-booking/,인천 중구,폐기물청소,사무실,예약
2026-08-05T23:04:48,인천 중구 사무실 폐기물청소 추천,seo-incheon-jung-gu-office-waste-cleaning-recommend,https://clever-griffin-93819d.netlify.app/seo-incheon-jung-gu-office-waste-cleaning-recommend/,인천 중구,폐기물청소,사무실,추천
2026-08-05T23:04:48,인천 중구 사무실 폐기물청소 후기,seo-incheon-jung-gu-office-waste-cleaning-review,https://clever-griffin-93819d.netlify.app/seo-incheon-jung-gu-office-waste-cleaning-review/,인천 중구,폐기물청소,사무실,후기
2026-08-05T23:04:48,인천 중구 사무실 폐기물청소 잘하는곳,seo-incheon-jung-gu-office-waste-cleaning-best,https://clever-griffin-93819d.netlify.app/seo-incheon-jung-gu-office-waste-cleaning-best/,인천 중구,폐기물청소,사무실,잘하는곳
2026-08-05T23:04:48,인천 중구 사무실 폐기물청소 업체,seo-incheon-jung-gu-office-waste-cleaning-service,https://clever-griffin-93819d.netlify.app/seo-incheon-jung-gu-office-waste-cleaning-service/,인천 중구,폐기물청소,사무실,업체
2026-08-05T23:04:48,인천 중구 사무실 폐기물청소 당일상담,seo-incheon-jung-gu-office-waste-cleaning-same-day-consult,https://clever-griffin-93819d.netlify.app/seo-incheon-jung-gu-office-waste-cleaning-same-day-consult/,인천 중구,폐기물청소,사무실,당일상담
2026-08-05T23:04:48,인천 중구 사무실 폐기물청소 주말예약,seo-incheon-jung-gu-office-waste-cleaning-weekend-booking,https://clever-griffin-93819d.netlify.app/seo-incheon-jung-gu-office-waste-cleaning-weekend-booking/,인천 중구,폐기물청소,사무실,주말예약
2026-08-05T23:04:48,인천 중구 사무실 폐기물청소 청소범위,seo-incheon-jung-gu-office-waste-cleaning-scope,https://clever-griffin-93819d.netlify.app/seo-incheon-jung-gu-office-waste-cleaning-scope/,인천 중구,폐기물청소,사무실,청소범위
2026-08-05T23:04:48,인천 동구 아파트 입주청소 전문업체,seo-incheon-dong-gu-apartment-move-in-cleaning-company,https://clever-griffin-93819d.netlify.app/seo-incheon-dong-gu-apartment-move-in-cleaning-company/,인천 동구,입주청소,아파트,전문업체
2026-08-05T23:04:48,인천 동구 아파트 입주청소 비용,seo-incheon-dong-gu-apartment-move-in-cleaning-cost,https://clever-griffin-93819d.netlify.app/seo-incheon-dong-gu-apartment-move-in-cleaning-cost/,인천 동구,입주청소,아파트,비용
2026-08-05T23:04:48,인천 동구 아파트 입주청소 가격,seo-incheon-dong-gu-apartment-move-in-cleaning-price,https://clever-griffin-93819d.netlify.app/seo-incheon-dong-gu-apartment-move-in-cleaning-price/,인천 동구,입주청소,아파트,가격
2026-08-05T23:04:48,인천 동구 아파트 입주청소 견적,seo-incheon-dong-gu-apartment-move-in-cleaning-estimate,https://clever-griffin-93819d.netlify.app/seo-incheon-dong-gu-apartment-move-in-cleaning-estimate/,인천 동구,입주청소,아파트,견적
2026-08-05T23:04:48,인천 동구 아파트 입주청소 예약,seo-incheon-dong-gu-apartment-move-in-cleaning-booking,https://clever-griffin-93819d.netlify.app/seo-incheon-dong-gu-apartment-move-in-cleaning-booking/,인천 동구,입주청소,아파트,예약
2026-08-05T23:04:48,인천 동구 아파트 입주청소 추천,seo-incheon-dong-gu-apartment-move-in-cleaning-recommend,https://clever-griffin-93819d.netlify.app/seo-incheon-dong-gu-apartment-move-in-cleaning-recommend/,인천 동구,입주청소,아파트,추천
2026-08-05T23:04:48,인천 동구 아파트 입주청소 후기,seo-incheon-dong-gu-apartment-move-in-cleaning-review,https://clever-griffin-93819d.netlify.app/seo-incheon-dong-gu-apartment-move-in-cleaning-review/,인천 동구,입주청소,아파트,후기
2026-08-05T23:04:48,인천 동구 아파트 입주청소 잘하는곳,seo-incheon-dong-gu-apartment-move-in-cleaning-best,https://clever-griffin-93819d.netlify.app/seo-incheon-dong-gu-apartment-move-in-cleaning-best/,인천 동구,입주청소,아파트,잘하는곳
2026-08-05T23:04:48,인천 동구 아파트 입주청소 업체,seo-incheon-dong-gu-apartment-move-in-cleaning-service,https://clever-griffin-93819d.netlify.app/seo-incheon-dong-gu-apartment-move-in-cleaning-service/,인천 동구,입주청소,아파트,업체
2026-08-05T23:04:48,인천 동구 아파트 입주청소 당일상담,seo-incheon-dong-gu-apartment-move-in-cleaning-same-day-consult,https://clever-griffin-93819d.netlify.app/seo-incheon-dong-gu-apartment-move-in-cleaning-same-day-consult/,인천 동구,입주청소,아파트,당일상담
2026-08-05T23:04:48,인천 동구 아파트 입주청소 주말예약,seo-incheon-dong-gu-apartment-move-in-cleaning-weekend-booking,https://clever-griffin-93819d.netlify.app/seo-incheon-dong-gu-apartment-move-in-cleaning-weekend-booking/,인천 동구,입주청소,아파트,주말예약
2026-08-05T23:04:48,인천 동구 아파트 입주청소 청소범위,seo-incheon-dong-gu-apartment-move-in-cleaning-scope,https://clever-griffin-93819d.netlify.app/seo-incheon-dong-gu-apartment-move-in-cleaning-scope/,인천 동구,입주청소,아파트,청소범위
2026-08-05T23:04:48,인천 동구 원룸 입주청소 전문업체,seo-incheon-dong-gu-one-room-move-in-cleaning-company,https://clever-griffin-93819d.netlify.app/seo-incheon-dong-gu-one-room-move-in-cleaning-company/,인천 동구,입주청소,원룸,전문업체
2026-08-05T23:04:48,인천 동구 원룸 입주청소 비용,seo-incheon-dong-gu-one-room-move-in-cleaning-cost,https://clever-griffin-93819d.netlify.app/seo-incheon-dong-gu-one-room-move-in-cleaning-cost/,인천 동구,입주청소,원룸,비용
2026-08-05T23:04:48,인천 동구 원룸 입주청소 가격,seo-incheon-dong-gu-one-room-move-in-cleaning-price,https://clever-griffin-93819d.netlify.app/seo-incheon-dong-gu-one-room-move-in-cleaning-price/,인천 동구,입주청소,원룸,가격
2026-08-05T23:04:48,인천 동구 원룸 입주청소 견적,seo-incheon-dong-gu-one-room-move-in-cleaning-estimate,https://clever-griffin-93819d.netlify.app/seo-incheon-dong-gu-one-room-move-in-cleaning-estimate/,인천 동구,입주청소,원룸,견적
2026-08-05T23:04:48,인천 동구 원룸 입주청소 예약,seo-incheon-dong-gu-one-room-move-in-cleaning-booking,https://clever-griffin-93819d.netlify.app/seo-incheon-dong-gu-one-room-move-in-cleaning-booking/,인천 동구,입주청소,원룸,예약
2026-08-05T23:04:48,인천 동구 원룸 입주청소 추천,seo-incheon-dong-gu-one-room-move-in-cleaning-recommend,https://clever-griffin-93819d.netlify.app/seo-incheon-dong-gu-one-room-move-in-cleaning-recommend/,인천 동구,입주청소,원룸,추천
2026-08-05T23:04:48,인천 동구 원룸 입주청소 후기,seo-incheon-dong-gu-one-room-move-in-cleaning-review,https://clever-griffin-93819d.netlify.app/seo-incheon-dong-gu-one-room-move-in-cleaning-review/,인천 동구,입주청소,원룸,후기
2026-08-05T23:04:48,인천 동구 원룸 입주청소 잘하는곳,seo-incheon-dong-gu-one-room-move-in-cleaning-best,https://clever-griffin-93819d.netlify.app/seo-incheon-dong-gu-one-room-move-in-cleaning-best/,인천 동구,입주청소,원룸,잘하는곳
2026-08-05T23:04:48,인천 동구 원룸 입주청소 업체,seo-incheon-dong-gu-one-room-move-in-cleaning-service,https://clever-griffin-93819d.netlify.app/seo-incheon-dong-gu-one-room-move-in-cleaning-service/,인천 동구,입주청소,원룸,업체
2026-08-05T23:04:48,인천 동구 원룸 입주청소 당일상담,seo-incheon-dong-gu-one-room-move-in-cleaning-same-day-consult,https://clever-griffin-93819d.netlify.app/seo-incheon-dong-gu-one-room-move-in-cleaning-same-day-consult/,인천 동구,입주청소,원룸,당일상담
2026-08-05T23:04:48,인천 동구 원룸 입주청소 주말예약,seo-incheon-dong-gu-one-room-move-in-cleaning-weekend-booking,https://clever-griffin-93819d.netlify.app/seo-incheon-dong-gu-one-room-move-in-cleaning-weekend-booking/,인천 동구,입주청소,원룸,주말예약
2026-08-05T23:04:48,인천 동구 원룸 입주청소 청소범위,seo-incheon-dong-gu-one-room-move-in-cleaning-scope,https://clever-griffin-93819d.netlify.app/seo-incheon-dong-gu-one-room-move-in-cleaning-scope/,인천 동구,입주청소,원룸,청소범위
2026-08-05T23:04:48,인천 동구 빌라 입주청소 전문업체,seo-incheon-dong-gu-villa-move-in-cleaning-company,https://clever-griffin-93819d.netlify.app/seo-incheon-dong-gu-villa-move-in-cleaning-company/,인천 동구,입주청소,빌라,전문업체
2026-08-05T23:04:48,인천 동구 빌라 입주청소 비용,seo-incheon-dong-gu-villa-move-in-cleaning-cost,https://clever-griffin-93819d.netlify.app/seo-incheon-dong-gu-villa-move-in-cleaning-cost/,인천 동구,입주청소,빌라,비용
2026-08-05T23:04:48,인천 동구 빌라 입주청소 가격,seo-incheon-dong-gu-villa-move-in-cleaning-price,https://clever-griffin-93819d.netlify.app/seo-incheon-dong-gu-villa-move-in-cleaning-price/,인천 동구,입주청소,빌라,가격
2026-08-05T23:04:48,인천 동구 빌라 입주청소 견적,seo-incheon-dong-gu-villa-move-in-cleaning-estimate,https://clever-griffin-93819d.netlify.app/seo-incheon-dong-gu-villa-move-in-cleaning-estimate/,인천 동구,입주청소,빌라,견적
2026-08-05T23:04:48,인천 동구 빌라 입주청소 예약,seo-incheon-dong-gu-villa-move-in-cleaning-booking,https://clever-griffin-93819d.netlify.app/seo-incheon-dong-gu-villa-move-in-cleaning-booking/,인천 동구,입주청소,빌라,예약
2026-08-05T23:04:48,인천 동구 빌라 입주청소 추천,seo-incheon-dong-gu-villa-move-in-cleaning-recommend,https://clever-griffin-93819d.netlify.app/seo-incheon-dong-gu-villa-move-in-cleaning-recommend/,인천 동구,입주청소,빌라,추천
2026-08-05T23:04:48,인천 동구 빌라 입주청소 후기,seo-incheon-dong-gu-villa-move-in-cleaning-review,https://clever-griffin-93819d.netlify.app/seo-incheon-dong-gu-villa-move-in-cleaning-review/,인천 동구,입주청소,빌라,후기
2026-08-05T23:04:48,인천 동구 빌라 입주청소 잘하는곳,seo-incheon-dong-gu-villa-move-in-cleaning-best,https://clever-griffin-93819d.netlify.app/seo-incheon-dong-gu-villa-move-in-cleaning-best/,인천 동구,입주청소,빌라,잘하는곳
2026-08-05T23:04:48,인천 동구 빌라 입주청소 업체,seo-incheon-dong-gu-villa-move-in-cleaning-service,https://clever-griffin-93819d.netlify.app/seo-incheon-dong-gu-villa-move-in-cleaning-service/,인천 동구,입주청소,빌라,업체
2026-08-05T23:04:48,인천 동구 빌라 입주청소 당일상담,seo-incheon-dong-gu-villa-move-in-cleaning-same-day-consult,https://clever-griffin-93819d.netlify.app/seo-incheon-dong-gu-villa-move-in-cleaning-same-day-consult/,인천 동구,입주청소,빌라,당일상담
2026-08-05T23:04:48,인천 동구 빌라 입주청소 주말예약,seo-incheon-dong-gu-villa-move-in-cleaning-weekend-booking,https://clever-griffin-93819d.netlify.app/seo-incheon-dong-gu-villa-move-in-cleaning-weekend-booking/,인천 동구,입주청소,빌라,주말예약
2026-08-05T23:04:48,인천 동구 빌라 입주청소 청소범위,seo-incheon-dong-gu-villa-move-in-cleaning-scope,https://clever-griffin-93819d.netlify.app/seo-incheon-dong-gu-villa-move-in-cleaning-scope/,인천 동구,입주청소,빌라,청소범위
2026-08-05T23:04:48,인천 동구 오피스텔 입주청소 전문업체,seo-incheon-dong-gu-officetel-move-in-cleaning-company,https://clever-griffin-93819d.netlify.app/seo-incheon-dong-gu-officetel-move-in-cleaning-company/,인천 동구,입주청소,오피스텔,전문업체
2026-08-05T23:04:48,인천 동구 오피스텔 입주청소 비용,seo-incheon-dong-gu-officetel-move-in-cleaning-cost,https://clever-griffin-93819d.netlify.app/seo-incheon-dong-gu-officetel-move-in-cleaning-cost/,인천 동구,입주청소,오피스텔,비용
2026-08-05T23:04:48,인천 동구 오피스텔 입주청소 가격,seo-incheon-dong-gu-officetel-move-in-cleaning-price,https://clever-griffin-93819d.netlify.app/seo-incheon-dong-gu-officetel-move-in-cleaning-price/,인천 동구,입주청소,오피스텔,가격
2026-08-05T23:04:48,인천 동구 오피스텔 입주청소 견적,seo-incheon-dong-gu-officetel-move-in-cleaning-estimate,https://clever-griffin-93819d.netlify.app/seo-incheon-dong-gu-officetel-move-in-cleaning-estimate/,인천 동구,입주청소,오피스텔,견적
2026-08-05T23:04:48,인천 동구 오피스텔 입주청소 예약,seo-incheon-dong-gu-officetel-move-in-cleaning-booking,https://clever-griffin-93819d.netlify.app/seo-incheon-dong-gu-officetel-move-in-cleaning-booking/,인천 동구,입주청소,오피스텔,예약
2026-08-05T23:04:48,인천 동구 오피스텔 입주청소 추천,seo-incheon-dong-gu-officetel-move-in-cleaning-recommend,https://clever-griffin-93819d.netlify.app/seo-incheon-dong-gu-officetel-move-in-cleaning-recommend/,인천 동구,입주청소,오피스텔,추천
2026-08-05T23:04:48,인천 동구 오피스텔 입주청소 후기,seo-incheon-dong-gu-officetel-move-in-cleaning-review,https://clever-griffin-93819d.netlify.app/seo-incheon-dong-gu-officetel-move-in-cleaning-review/,인천 동구,입주청소,오피스텔,후기
2026-08-05T23:04:48,인천 동구 오피스텔 입주청소 잘하는곳,seo-incheon-dong-gu-officetel-move-in-cleaning-best,https://clever-griffin-93819d.netlify.app/seo-incheon-dong-gu-officetel-move-in-cleaning-best/,인천 동구,입주청소,오피스텔,잘하는곳
2026-08-05T23:04:48,인천 동구 오피스텔 입주청소 업체,seo-incheon-dong-gu-officetel-move-in-cleaning-service,https://clever-griffin-93819d.netlify.app/seo-incheon-dong-gu-officetel-move-in-cleaning-service/,인천 동구,입주청소,오피스텔,업체
2026-08-05T23:04:48,인천 동구 오피스텔 입주청소 당일상담,seo-incheon-dong-gu-officetel-move-in-cleaning-same-day-consult,https://clever-griffin-93819d.netlify.app/seo-incheon-dong-gu-officetel-move-in-cleaning-same-day-consult/,인천 동구,입주청소,오피스텔,당일상담
2026-08-05T23:04:48,인천 동구 오피스텔 입주청소 주말예약,seo-incheon-dong-gu-officetel-move-in-cleaning-weekend-booking,https://clever-griffin-93819d.netlify.app/seo-incheon-dong-gu-officetel-move-in-cleaning-weekend-booking/,인천 동구,입주청소,오피스텔,주말예약
2026-08-05T23:04:48,인천 동구 오피스텔 입주청소 청소범위,seo-incheon-dong-gu-officetel-move-in-cleaning-scope,https://clever-griffin-93819d.netlify.app/seo-incheon-dong-gu-officetel-move-in-cleaning-scope/,인천 동구,입주청소,오피스텔,청소범위
2026-08-05T23:04:48,인천 동구 상가 입주청소 전문업체,seo-incheon-dong-gu-store-move-in-cleaning-company,https://clever-griffin-93819d.netlify.app/seo-incheon-dong-gu-store-move-in-cleaning-company/,인천 동구,입주청소,상가,전문업체
2026-08-05T23:04:48,인천 동구 상가 입주청소 비용,seo-incheon-dong-gu-store-move-in-cleaning-cost,https://clever-griffin-93819d.netlify.app/seo-incheon-dong-gu-store-move-in-cleaning-cost/,인천 동구,입주청소,상가,비용
2026-08-05T23:04:48,인천 동구 상가 입주청소 가격,seo-incheon-dong-gu-store-move-in-cleaning-price,https://clever-griffin-93819d.netlify.app/seo-incheon-dong-gu-store-move-in-cleaning-price/,인천 동구,입주청소,상가,가격
2026-08-05T23:04:48,인천 동구 상가 입주청소 견적,seo-incheon-dong-gu-store-move-in-cleaning-estimate,https://clever-griffin-93819d.netlify.app/seo-incheon-dong-gu-store-move-in-cleaning-estimate/,인천 동구,입주청소,상가,견적
2026-08-05T23:04:48,인천 동구 상가 입주청소 예약,seo-incheon-dong-gu-store-move-in-cleaning-booking,https://clever-griffin-93819d.netlify.app/seo-incheon-dong-gu-store-move-in-cleaning-booking/,인천 동구,입주청소,상가,예약
2026-08-05T23:04:48,인천 동구 상가 입주청소 추천,seo-incheon-dong-gu-store-move-in-cleaning-recommend,https://clever-griffin-93819d.netlify.app/seo-incheon-dong-gu-store-move-in-cleaning-recommend/,인천 동구,입주청소,상가,추천
2026-08-05T23:04:48,인천 동구 상가 입주청소 후기,seo-incheon-dong-gu-store-move-in-cleaning-review,https://clever-griffin-93819d.netlify.app/seo-incheon-dong-gu-store-move-in-cleaning-review/,인천 동구,입주청소,상가,후기
2026-08-05T23:04:48,인천 동구 상가 입주청소 잘하는곳,seo-incheon-dong-gu-store-move-in-cleaning-best,https://clever-griffin-93819d.netlify.app/seo-incheon-dong-gu-store-move-in-cleaning-best/,인천 동구,입주청소,상가,잘하는곳
2026-08-05T23:04:48,인천 동구 상가 입주청소 업체,seo-incheon-dong-gu-store-move-in-cleaning-service,https://clever-griffin-93819d.netlify.app/seo-incheon-dong-gu-store-move-in-cleaning-service/,인천 동구,입주청소,상가,업체
2026-08-05T23:04:48,인천 동구 상가 입주청소 당일상담,seo-incheon-dong-gu-store-move-in-cleaning-same-day-consult,https://clever-griffin-93819d.netlify.app/seo-incheon-dong-gu-store-move-in-cleaning-same-day-consult/,인천 동구,입주청소,상가,당일상담
2026-08-05T23:04:48,인천 동구 상가 입주청소 주말예약,seo-incheon-dong-gu-store-move-in-cleaning-weekend-booking,https://clever-griffin-93819d.netlify.app/seo-incheon-dong-gu-store-move-in-cleaning-weekend-booking/,인천 동구,입주청소,상가,주말예약
2026-08-05T23:04:48,인천 동구 상가 입주청소 청소범위,seo-incheon-dong-gu-store-move-in-cleaning-scope,https://clever-griffin-93819d.netlify.app/seo-incheon-dong-gu-store-move-in-cleaning-scope/,인천 동구,입주청소,상가,청소범위
2026-08-05T23:04:48,인천 동구 사무실 입주청소 전문업체,seo-incheon-dong-gu-office-move-in-cleaning-company,https://clever-griffin-93819d.netlify.app/seo-incheon-dong-gu-office-move-in-cleaning-company/,인천 동구,입주청소,사무실,전문업체
2026-08-05T23:04:48,인천 동구 사무실 입주청소 비용,seo-incheon-dong-gu-office-move-in-cleaning-cost,https://clever-griffin-93819d.netlify.app/seo-incheon-dong-gu-office-move-in-cleaning-cost/,인천 동구,입주청소,사무실,비용
2026-08-05T23:04:48,인천 동구 사무실 입주청소 가격,seo-incheon-dong-gu-office-move-in-cleaning-price,https://clever-griffin-93819d.netlify.app/seo-incheon-dong-gu-office-move-in-cleaning-price/,인천 동구,입주청소,사무실,가격
2026-08-05T23:04:48,인천 동구 사무실 입주청소 견적,seo-incheon-dong-gu-office-move-in-cleaning-estimate,https://clever-griffin-93819d.netlify.app/seo-incheon-dong-gu-office-move-in-cleaning-estimate/,인천 동구,입주청소,사무실,견적
2026-08-05T23:04:48,인천 동구 사무실 입주청소 예약,seo-incheon-dong-gu-office-move-in-cleaning-booking,https://clever-griffin-93819d.netlify.app/seo-incheon-dong-gu-office-move-in-cleaning-booking/,인천 동구,입주청소,사무실,예약
2026-08-05T23:04:48,인천 동구 사무실 입주청소 추천,seo-incheon-dong-gu-office-move-in-cleaning-recommend,https://clever-griffin-93819d.netlify.app/seo-incheon-dong-gu-office-move-in-cleaning-recommend/,인천 동구,입주청소,사무실,추천
2026-08-05T23:04:48,인천 동구 사무실 입주청소 후기,seo-incheon-dong-gu-office-move-in-cleaning-review,https://clever-griffin-93819d.netlify.app/seo-incheon-dong-gu-office-move-in-cleaning-review/,인천 동구,입주청소,사무실,후기
2026-08-05T23:04:48,인천 동구 사무실 입주청소 잘하는곳,seo-incheon-dong-gu-office-move-in-cleaning-best,https://clever-griffin-93819d.netlify.app/seo-incheon-dong-gu-office-move-in-cleaning-best/,인천 동구,입주청소,사무실,잘하는곳
2026-08-05T23:04:48,인천 동구 사무실 입주청소 업체,seo-incheon-dong-gu-office-move-in-cleaning-service,https://clever-griffin-93819d.netlify.app/seo-incheon-dong-gu-office-move-in-cleaning-service/,인천 동구,입주청소,사무실,업체
2026-08-05T23:04:48,인천 동구 사무실 입주청소 당일상담,seo-incheon-dong-gu-office-move-in-cleaning-same-day-consult,https://clever-griffin-93819d.netlify.app/seo-incheon-dong-gu-office-move-in-cleaning-same-day-consult/,인천 동구,입주청소,사무실,당일상담
2026-08-05T23:04:48,인천 동구 사무실 입주청소 주말예약,seo-incheon-dong-gu-office-move-in-cleaning-weekend-booking,https://clever-griffin-93819d.netlify.app/seo-incheon-dong-gu-office-move-in-cleaning-weekend-booking/,인천 동구,입주청소,사무실,주말예약
2026-08-05T23:04:48,인천 동구 사무실 입주청소 청소범위,seo-incheon-dong-gu-office-move-in-cleaning-scope,https://clever-griffin-93819d.netlify.app/seo-incheon-dong-gu-office-move-in-cleaning-scope/,인천 동구,입주청소,사무실,청소범위
2026-08-05T23:04:48,인천 동구 아파트 이사청소 전문업체,seo-incheon-dong-gu-apartment-moving-cleaning-company,https://clever-griffin-93819d.netlify.app/seo-incheon-dong-gu-apartment-moving-cleaning-company/,인천 동구,이사청소,아파트,전문업체
2026-08-05T23:04:48,인천 동구 아파트 이사청소 비용,seo-incheon-dong-gu-apartment-moving-cleaning-cost,https://clever-griffin-93819d.netlify.app/seo-incheon-dong-gu-apartment-moving-cleaning-cost/,인천 동구,이사청소,아파트,비용
2026-08-05T23:04:48,인천 동구 아파트 이사청소 가격,seo-incheon-dong-gu-apartment-moving-cleaning-price,https://clever-griffin-93819d.netlify.app/seo-incheon-dong-gu-apartment-moving-cleaning-price/,인천 동구,이사청소,아파트,가격
2026-08-05T23:04:48,인천 동구 아파트 이사청소 견적,seo-incheon-dong-gu-apartment-moving-cleaning-estimate,https://clever-griffin-93819d.netlify.app/seo-incheon-dong-gu-apartment-moving-cleaning-estimate/,인천 동구,이사청소,아파트,견적
2026-08-05T23:04:48,인천 동구 아파트 이사청소 예약,seo-incheon-dong-gu-apartment-moving-cleaning-booking,https://clever-griffin-93819d.netlify.app/seo-incheon-dong-gu-apartment-moving-cleaning-booking/,인천 동구,이사청소,아파트,예약
2026-08-05T23:04:48,인천 동구 아파트 이사청소 추천,seo-incheon-dong-gu-apartment-moving-cleaning-recommend,https://clever-griffin-93819d.netlify.app/seo-incheon-dong-gu-apartment-moving-cleaning-recommend/,인천 동구,이사청소,아파트,추천
2026-08-05T23:04:48,인천 동구 아파트 이사청소 후기,seo-incheon-dong-gu-apartment-moving-cleaning-review,https://clever-griffin-93819d.netlify.app/seo-incheon-dong-gu-apartment-moving-cleaning-review/,인천 동구,이사청소,아파트,후기
2026-08-05T23:04:48,인천 동구 아파트 이사청소 잘하는곳,seo-incheon-dong-gu-apartment-moving-cleaning-best,https://clever-griffin-93819d.netlify.app/seo-incheon-dong-gu-apartment-moving-cleaning-best/,인천 동구,이사청소,아파트,잘하는곳
2026-08-05T23:04:48,인천 동구 아파트 이사청소 업체,seo-incheon-dong-gu-apartment-moving-cleaning-service,https://clever-griffin-93819d.netlify.app/seo-incheon-dong-gu-apartment-moving-cleaning-service/,인천 동구,이사청소,아파트,업체
2026-08-05T23:04:48,인천 동구 아파트 이사청소 당일상담,seo-incheon-dong-gu-apartment-moving-cleaning-same-day-consult,https://clever-griffin-93819d.netlify.app/seo-incheon-dong-gu-apartment-moving-cleaning-same-day-consult/,인천 동구,이사청소,아파트,당일상담
2026-08-05T23:04:48,인천 동구 아파트 이사청소 주말예약,seo-incheon-dong-gu-apartment-moving-cleaning-weekend-booking,https://clever-griffin-93819d.netlify.app/seo-incheon-dong-gu-apartment-moving-cleaning-weekend-booking/,인천 동구,이사청소,아파트,주말예약
2026-08-05T23:04:48,인천 동구 아파트 이사청소 청소범위,seo-incheon-dong-gu-apartment-moving-cleaning-scope,https://clever-griffin-93819d.netlify.app/seo-incheon-dong-gu-apartment-moving-cleaning-scope/,인천 동구,이사청소,아파트,청소범위
2026-08-05T23:04:48,인천 동구 원룸 이사청소 전문업체,seo-incheon-dong-gu-one-room-moving-cleaning-company,https://clever-griffin-93819d.netlify.app/seo-incheon-dong-gu-one-room-moving-cleaning-company/,인천 동구,이사청소,원룸,전문업체
2026-08-05T23:04:48,인천 동구 원룸 이사청소 비용,seo-incheon-dong-gu-one-room-moving-cleaning-cost,https://clever-griffin-93819d.netlify.app/seo-incheon-dong-gu-one-room-moving-cleaning-cost/,인천 동구,이사청소,원룸,비용
2026-08-05T23:04:48,인천 동구 원룸 이사청소 가격,seo-incheon-dong-gu-one-room-moving-cleaning-price,https://clever-griffin-93819d.netlify.app/seo-incheon-dong-gu-one-room-moving-cleaning-price/,인천 동구,이사청소,원룸,가격
2026-08-05T23:04:48,인천 동구 원룸 이사청소 견적,seo-incheon-dong-gu-one-room-moving-cleaning-estimate,https://clever-griffin-93819d.netlify.app/seo-incheon-dong-gu-one-room-moving-cleaning-estimate/,인천 동구,이사청소,원룸,견적
2026-08-05T23:04:48,인천 동구 원룸 이사청소 예약,seo-incheon-dong-gu-one-room-moving-cleaning-booking,https://clever-griffin-93819d.netlify.app/seo-incheon-dong-gu-one-room-moving-cleaning-booking/,인천 동구,이사청소,원룸,예약
2026-08-05T23:04:48,인천 동구 원룸 이사청소 추천,seo-incheon-dong-gu-one-room-moving-cleaning-recommend,https://clever-griffin-93819d.netlify.app/seo-incheon-dong-gu-one-room-moving-cleaning-recommend/,인천 동구,이사청소,원룸,추천
2026-08-05T23:04:48,인천 동구 원룸 이사청소 후기,seo-incheon-dong-gu-one-room-moving-cleaning-review,https://clever-griffin-93819d.netlify.app/seo-incheon-dong-gu-one-room-moving-cleaning-review/,인천 동구,이사청소,원룸,후기
2026-08-05T23:04:48,인천 동구 원룸 이사청소 잘하는곳,seo-incheon-dong-gu-one-room-moving-cleaning-best,https://clever-griffin-93819d.netlify.app/seo-incheon-dong-gu-one-room-moving-cleaning-best/,인천 동구,이사청소,원룸,잘하는곳
2026-08-05T23:04:48,인천 동구 원룸 이사청소 업체,seo-incheon-dong-gu-one-room-moving-cleaning-service,https://clever-griffin-93819d.netlify.app/seo-incheon-dong-gu-one-room-moving-cleaning-service/,인천 동구,이사청소,원룸,업체
2026-08-05T23:04:48,인천 동구 원룸 이사청소 당일상담,seo-incheon-dong-gu-one-room-moving-cleaning-same-day-consult,https://clever-griffin-93819d.netlify.app/seo-incheon-dong-gu-one-room-moving-cleaning-same-day-consult/,인천 동구,이사청소,원룸,당일상담
2026-08-05T23:04:48,인천 동구 원룸 이사청소 주말예약,seo-incheon-dong-gu-one-room-moving-cleaning-weekend-booking,https://clever-griffin-93819d.netlify.app/seo-incheon-dong-gu-one-room-moving-cleaning-weekend-booking/,인천 동구,이사청소,원룸,주말예약
2026-08-05T23:04:48,인천 동구 원룸 이사청소 청소범위,seo-incheon-dong-gu-one-room-moving-cleaning-scope,https://clever-griffin-93819d.netlify.app/seo-incheon-dong-gu-one-room-moving-cleaning-scope/,인천 동구,이사청소,원룸,청소범위
2026-08-05T23:04:48,인천 동구 빌라 이사청소 전문업체,seo-incheon-dong-gu-villa-moving-cleaning-company,https://clever-griffin-93819d.netlify.app/seo-incheon-dong-gu-villa-moving-cleaning-company/,인천 동구,이사청소,빌라,전문업체
2026-08-05T23:04:48,인천 동구 빌라 이사청소 비용,seo-incheon-dong-gu-villa-moving-cleaning-cost,https://clever-griffin-93819d.netlify.app/seo-incheon-dong-gu-villa-moving-cleaning-cost/,인천 동구,이사청소,빌라,비용
2026-08-05T23:04:48,인천 동구 빌라 이사청소 가격,seo-incheon-dong-gu-villa-moving-cleaning-price,https://clever-griffin-93819d.netlify.app/seo-incheon-dong-gu-villa-moving-cleaning-price/,인천 동구,이사청소,빌라,가격
2026-08-05T23:04:48,인천 동구 빌라 이사청소 견적,seo-incheon-dong-gu-villa-moving-cleaning-estimate,https://clever-griffin-93819d.netlify.app/seo-incheon-dong-gu-villa-moving-cleaning-estimate/,인천 동구,이사청소,빌라,견적
2026-08-05T23:04:48,인천 동구 빌라 이사청소 예약,seo-incheon-dong-gu-villa-moving-cleaning-booking,https://clever-griffin-93819d.netlify.app/seo-incheon-dong-gu-villa-moving-cleaning-booking/,인천 동구,이사청소,빌라,예약
2026-08-05T23:04:48,인천 동구 빌라 이사청소 추천,seo-incheon-dong-gu-villa-moving-cleaning-recommend,https://clever-griffin-93819d.netlify.app/seo-incheon-dong-gu-villa-moving-cleaning-recommend/,인천 동구,이사청소,빌라,추천
2026-08-05T23:04:48,인천 동구 빌라 이사청소 후기,seo-incheon-dong-gu-villa-moving-cleaning-review,https://clever-griffin-93819d.netlify.app/seo-incheon-dong-gu-villa-moving-cleaning-review/,인천 동구,이사청소,빌라,후기
2026-08-05T23:04:48,인천 동구 빌라 이사청소 잘하는곳,seo-incheon-dong-gu-villa-moving-cleaning-best,https://clever-griffin-93819d.netlify.app/seo-incheon-dong-gu-villa-moving-cleaning-best/,인천 동구,이사청소,빌라,잘하는곳
2026-08-05T23:04:48,인천 동구 빌라 이사청소 업체,seo-incheon-dong-gu-villa-moving-cleaning-service,https://clever-griffin-93819d.netlify.app/seo-incheon-dong-gu-villa-moving-cleaning-service/,인천 동구,이사청소,빌라,업체
2026-08-05T23:04:48,인천 동구 빌라 이사청소 당일상담,seo-incheon-dong-gu-villa-moving-cleaning-same-day-consult,https://clever-griffin-93819d.netlify.app/seo-incheon-dong-gu-villa-moving-cleaning-same-day-consult/,인천 동구,이사청소,빌라,당일상담
2026-08-05T23:04:48,인천 동구 빌라 이사청소 주말예약,seo-incheon-dong-gu-villa-moving-cleaning-weekend-booking,https://clever-griffin-93819d.netlify.app/seo-incheon-dong-gu-villa-moving-cleaning-weekend-booking/,인천 동구,이사청소,빌라,주말예약
2026-08-05T23:04:48,인천 동구 빌라 이사청소 청소범위,seo-incheon-dong-gu-villa-moving-cleaning-scope,https://clever-griffin-93819d.netlify.app/seo-incheon-dong-gu-villa-moving-cleaning-scope/,인천 동구,이사청소,빌라,청소범위
2026-08-05T23:04:48,인천 동구 오피스텔 이사청소 전문업체,seo-incheon-dong-gu-officetel-moving-cleaning-company,https://clever-griffin-93819d.netlify.app/seo-incheon-dong-gu-officetel-moving-cleaning-company/,인천 동구,이사청소,오피스텔,전문업체
2026-08-05T23:04:48,인천 동구 오피스텔 이사청소 비용,seo-incheon-dong-gu-officetel-moving-cleaning-cost,https://clever-griffin-93819d.netlify.app/seo-incheon-dong-gu-officetel-moving-cleaning-cost/,인천 동구,이사청소,오피스텔,비용
2026-08-05T23:04:48,인천 동구 오피스텔 이사청소 가격,seo-incheon-dong-gu-officetel-moving-cleaning-price,https://clever-griffin-93819d.netlify.app/seo-incheon-dong-gu-officetel-moving-cleaning-price/,인천 동구,이사청소,오피스텔,가격
2026-08-05T23:04:48,인천 동구 오피스텔 이사청소 견적,seo-incheon-dong-gu-officetel-moving-cleaning-estimate,https://clever-griffin-93819d.netlify.app/seo-incheon-dong-gu-officetel-moving-cleaning-estimate/,인천 동구,이사청소,오피스텔,견적
2026-08-05T23:04:48,인천 동구 오피스텔 이사청소 예약,seo-incheon-dong-gu-officetel-moving-cleaning-booking,https://clever-griffin-93819d.netlify.app/seo-incheon-dong-gu-officetel-moving-cleaning-booking/,인천 동구,이사청소,오피스텔,예약
2026-08-05T23:04:48,인천 동구 오피스텔 이사청소 추천,seo-incheon-dong-gu-officetel-moving-cleaning-recommend,https://clever-griffin-93819d.netlify.app/seo-incheon-dong-gu-officetel-moving-cleaning-recommend/,인천 동구,이사청소,오피스텔,추천
2026-08-05T23:04:48,인천 동구 오피스텔 이사청소 후기,seo-incheon-dong-gu-officetel-moving-cleaning-review,https://clever-griffin-93819d.netlify.app/seo-incheon-dong-gu-officetel-moving-cleaning-review/,인천 동구,이사청소,오피스텔,후기
2026-08-05T23:04:48,인천 동구 오피스텔 이사청소 잘하는곳,seo-incheon-dong-gu-officetel-moving-cleaning-best,https://clever-griffin-93819d.netlify.app/seo-incheon-dong-gu-officetel-moving-cleaning-best/,인천 동구,이사청소,오피스텔,잘하는곳
2026-08-05T23:04:48,인천 동구 오피스텔 이사청소 업체,seo-incheon-dong-gu-officetel-moving-cleaning-service,https://clever-griffin-93819d.netlify.app/seo-incheon-dong-gu-officetel-moving-cleaning-service/,인천 동구,이사청소,오피스텔,업체
2026-08-05T23:04:48,인천 동구 오피스텔 이사청소 당일상담,seo-incheon-dong-gu-officetel-moving-cleaning-same-day-consult,https://clever-griffin-93819d.netlify.app/seo-incheon-dong-gu-officetel-moving-cleaning-same-day-consult/,인천 동구,이사청소,오피스텔,당일상담
2026-08-05T23:04:48,인천 동구 오피스텔 이사청소 주말예약,seo-incheon-dong-gu-officetel-moving-cleaning-weekend-booking,https://clever-griffin-93819d.netlify.app/seo-incheon-dong-gu-officetel-moving-cleaning-weekend-booking/,인천 동구,이사청소,오피스텔,주말예약
2026-08-05T23:04:48,인천 동구 오피스텔 이사청소 청소범위,seo-incheon-dong-gu-officetel-moving-cleaning-scope,https://clever-griffin-93819d.netlify.app/seo-incheon-dong-gu-officetel-moving-cleaning-scope/,인천 동구,이사청소,오피스텔,청소범위
2026-08-05T23:04:48,인천 동구 상가 이사청소 전문업체,seo-incheon-dong-gu-store-moving-cleaning-company,https://clever-griffin-93819d.netlify.app/seo-incheon-dong-gu-store-moving-cleaning-company/,인천 동구,이사청소,상가,전문업체
2026-08-05T23:04:48,인천 동구 상가 이사청소 비용,seo-incheon-dong-gu-store-moving-cleaning-cost,https://clever-griffin-93819d.netlify.app/seo-incheon-dong-gu-store-moving-cleaning-cost/,인천 동구,이사청소,상가,비용
2026-08-05T23:04:48,인천 동구 상가 이사청소 가격,seo-incheon-dong-gu-store-moving-cleaning-price,https://clever-griffin-93819d.netlify.app/seo-incheon-dong-gu-store-moving-cleaning-price/,인천 동구,이사청소,상가,가격
2026-08-05T23:04:48,인천 동구 상가 이사청소 견적,seo-incheon-dong-gu-store-moving-cleaning-estimate,https://clever-griffin-93819d.netlify.app/seo-incheon-dong-gu-store-moving-cleaning-estimate/,인천 동구,이사청소,상가,견적
2026-08-05T23:04:48,인천 동구 상가 이사청소 예약,seo-incheon-dong-gu-store-moving-cleaning-booking,https://clever-griffin-93819d.netlify.app/seo-incheon-dong-gu-store-moving-cleaning-booking/,인천 동구,이사청소,상가,예약
2026-08-05T23:04:48,인천 동구 상가 이사청소 추천,seo-incheon-dong-gu-store-moving-cleaning-recommend,https://clever-griffin-93819d.netlify.app/seo-incheon-dong-gu-store-moving-cleaning-recommend/,인천 동구,이사청소,상가,추천
2026-08-05T23:04:48,인천 동구 상가 이사청소 후기,seo-incheon-dong-gu-store-moving-cleaning-review,https://clever-griffin-93819d.netlify.app/seo-incheon-dong-gu-store-moving-cleaning-review/,인천 동구,이사청소,상가,후기
2026-08-05T23:04:48,인천 동구 상가 이사청소 잘하는곳,seo-incheon-dong-gu-store-moving-cleaning-best,https://clever-griffin-93819d.netlify.app/seo-incheon-dong-gu-store-moving-cleaning-best/,인천 동구,이사청소,상가,잘하는곳
2026-08-05T23:04:48,인천 동구 상가 이사청소 업체,seo-incheon-dong-gu-store-moving-cleaning-service,https://clever-griffin-93819d.netlify.app/seo-incheon-dong-gu-store-moving-cleaning-service/,인천 동구,이사청소,상가,업체
2026-08-05T23:04:48,인천 동구 상가 이사청소 당일상담,seo-incheon-dong-gu-store-moving-cleaning-same-day-consult,https://clever-griffin-93819d.netlify.app/seo-incheon-dong-gu-store-moving-cleaning-same-day-consult/,인천 동구,이사청소,상가,당일상담
2026-08-05T23:04:48,인천 동구 상가 이사청소 주말예약,seo-incheon-dong-gu-store-moving-cleaning-weekend-booking,https://clever-griffin-93819d.netlify.app/seo-incheon-dong-gu-store-moving-cleaning-weekend-booking/,인천 동구,이사청소,상가,주말예약
2026-08-05T23:04:48,인천 동구 상가 이사청소 청소범위,seo-incheon-dong-gu-store-moving-cleaning-scope,https://clever-griffin-93819d.netlify.app/seo-incheon-dong-gu-store-moving-cleaning-scope/,인천 동구,이사청소,상가,청소범위
2026-08-05T23:04:48,인천 동구 사무실 이사청소 전문업체,seo-incheon-dong-gu-office-moving-cleaning-company,https://clever-griffin-93819d.netlify.app/seo-incheon-dong-gu-office-moving-cleaning-company/,인천 동구,이사청소,사무실,전문업체
2026-08-05T23:04:48,인천 동구 사무실 이사청소 비용,seo-incheon-dong-gu-office-moving-cleaning-cost,https://clever-griffin-93819d.netlify.app/seo-incheon-dong-gu-office-moving-cleaning-cost/,인천 동구,이사청소,사무실,비용
2026-08-05T23:04:48,인천 동구 사무실 이사청소 가격,seo-incheon-dong-gu-office-moving-cleaning-price,https://clever-griffin-93819d.netlify.app/seo-incheon-dong-gu-office-moving-cleaning-price/,인천 동구,이사청소,사무실,가격
2026-08-05T23:04:48,인천 동구 사무실 이사청소 견적,seo-incheon-dong-gu-office-moving-cleaning-estimate,https://clever-griffin-93819d.netlify.app/seo-incheon-dong-gu-office-moving-cleaning-estimate/,인천 동구,이사청소,사무실,견적
2026-08-05T23:04:48,인천 동구 사무실 이사청소 예약,seo-incheon-dong-gu-office-moving-cleaning-booking,https://clever-griffin-93819d.netlify.app/seo-incheon-dong-gu-office-moving-cleaning-booking/,인천 동구,이사청소,사무실,예약
2026-08-05T23:04:48,인천 동구 사무실 이사청소 추천,seo-incheon-dong-gu-office-moving-cleaning-recommend,https://clever-griffin-93819d.netlify.app/seo-incheon-dong-gu-office-moving-cleaning-recommend/,인천 동구,이사청소,사무실,추천
2026-08-05T23:04:48,인천 동구 사무실 이사청소 후기,seo-incheon-dong-gu-office-moving-cleaning-review,https://clever-griffin-93819d.netlify.app/seo-incheon-dong-gu-office-moving-cleaning-review/,인천 동구,이사청소,사무실,후기
2026-08-05T23:04:48,인천 동구 사무실 이사청소 잘하는곳,seo-incheon-dong-gu-office-moving-cleaning-best,https://clever-griffin-93819d.netlify.app/seo-incheon-dong-gu-office-moving-cleaning-best/,인천 동구,이사청소,사무실,잘하는곳
2026-08-05T23:04:48,인천 동구 사무실 이사청소 업체,seo-incheon-dong-gu-office-moving-cleaning-service,https://clever-griffin-93819d.netlify.app/seo-incheon-dong-gu-office-moving-cleaning-service/,인천 동구,이사청소,사무실,업체
2026-08-05T23:04:48,인천 동구 사무실 이사청소 당일상담,seo-incheon-dong-gu-office-moving-cleaning-same-day-consult,https://clever-griffin-93819d.netlify.app/seo-incheon-dong-gu-office-moving-cleaning-same-day-consult/,인천 동구,이사청소,사무실,당일상담
2026-08-05T23:04:48,인천 동구 사무실 이사청소 주말예약,seo-incheon-dong-gu-office-moving-cleaning-weekend-booking,https://clever-griffin-93819d.netlify.app/seo-incheon-dong-gu-office-moving-cleaning-weekend-booking/,인천 동구,이사청소,사무실,주말예약
2026-08-05T23:04:48,인천 동구 사무실 이사청소 청소범위,seo-incheon-dong-gu-office-moving-cleaning-scope,https://clever-griffin-93819d.netlify.app/seo-incheon-dong-gu-office-moving-cleaning-scope/,인천 동구,이사청소,사무실,청소범위
2026-08-05T23:04:48,인천 동구 아파트 거주청소 전문업체,seo-incheon-dong-gu-apartment-residential-cleaning-company,https://clever-griffin-93819d.netlify.app/seo-incheon-dong-gu-apartment-residential-cleaning-company/,인천 동구,거주청소,아파트,전문업체
2026-08-05T23:04:48,인천 동구 아파트 거주청소 비용,seo-incheon-dong-gu-apartment-residential-cleaning-cost,https://clever-griffin-93819d.netlify.app/seo-incheon-dong-gu-apartment-residential-cleaning-cost/,인천 동구,거주청소,아파트,비용
2026-08-05T23:04:48,인천 동구 아파트 거주청소 가격,seo-incheon-dong-gu-apartment-residential-cleaning-price,https://clever-griffin-93819d.netlify.app/seo-incheon-dong-gu-apartment-residential-cleaning-price/,인천 동구,거주청소,아파트,가격
2026-08-05T23:04:48,인천 동구 아파트 거주청소 견적,seo-incheon-dong-gu-apartment-residential-cleaning-estimate,https://clever-griffin-93819d.netlify.app/seo-incheon-dong-gu-apartment-residential-cleaning-estimate/,인천 동구,거주청소,아파트,견적
2026-08-05T23:04:48,인천 동구 아파트 거주청소 예약,seo-incheon-dong-gu-apartment-residential-cleaning-booking,https://clever-griffin-93819d.netlify.app/seo-incheon-dong-gu-apartment-residential-cleaning-booking/,인천 동구,거주청소,아파트,예약
2026-08-05T23:04:48,인천 동구 아파트 거주청소 추천,seo-incheon-dong-gu-apartment-residential-cleaning-recommend,https://clever-griffin-93819d.netlify.app/seo-incheon-dong-gu-apartment-residential-cleaning-recommend/,인천 동구,거주청소,아파트,추천
2026-08-05T23:04:48,인천 동구 아파트 거주청소 후기,seo-incheon-dong-gu-apartment-residential-cleaning-review,https://clever-griffin-93819d.netlify.app/seo-incheon-dong-gu-apartment-residential-cleaning-review/,인천 동구,거주청소,아파트,후기
2026-08-05T23:04:48,인천 동구 아파트 거주청소 잘하는곳,seo-incheon-dong-gu-apartment-residential-cleaning-best,https://clever-griffin-93819d.netlify.app/seo-incheon-dong-gu-apartment-residential-cleaning-best/,인천 동구,거주청소,아파트,잘하는곳
2026-08-05T23:04:48,인천 동구 아파트 거주청소 업체,seo-incheon-dong-gu-apartment-residential-cleaning-service,https://clever-griffin-93819d.netlify.app/seo-incheon-dong-gu-apartment-residential-cleaning-service/,인천 동구,거주청소,아파트,업체
2026-08-05T23:04:48,인천 동구 아파트 거주청소 당일상담,seo-incheon-dong-gu-apartment-residential-cleaning-same-day-consult,https://clever-griffin-93819d.netlify.app/seo-incheon-dong-gu-apartment-residential-cleaning-same-day-consult/,인천 동구,거주청소,아파트,당일상담
2026-08-05T23:04:48,인천 동구 아파트 거주청소 주말예약,seo-incheon-dong-gu-apartment-residential-cleaning-weekend-booking,https://clever-griffin-93819d.netlify.app/seo-incheon-dong-gu-apartment-residential-cleaning-weekend-booking/,인천 동구,거주청소,아파트,주말예약
2026-08-05T23:04:48,인천 동구 아파트 거주청소 청소범위,seo-incheon-dong-gu-apartment-residential-cleaning-scope,https://clever-griffin-93819d.netlify.app/seo-incheon-dong-gu-apartment-residential-cleaning-scope/,인천 동구,거주청소,아파트,청소범위
2026-08-05T23:04:48,인천 동구 원룸 거주청소 전문업체,seo-incheon-dong-gu-one-room-residential-cleaning-company,https://clever-griffin-93819d.netlify.app/seo-incheon-dong-gu-one-room-residential-cleaning-company/,인천 동구,거주청소,원룸,전문업체
2026-08-05T23:04:48,인천 동구 원룸 거주청소 비용,seo-incheon-dong-gu-one-room-residential-cleaning-cost,https://clever-griffin-93819d.netlify.app/seo-incheon-dong-gu-one-room-residential-cleaning-cost/,인천 동구,거주청소,원룸,비용
2026-08-05T23:04:48,인천 동구 원룸 거주청소 가격,seo-incheon-dong-gu-one-room-residential-cleaning-price,https://clever-griffin-93819d.netlify.app/seo-incheon-dong-gu-one-room-residential-cleaning-price/,인천 동구,거주청소,원룸,가격
2026-08-05T23:04:48,인천 동구 원룸 거주청소 견적,seo-incheon-dong-gu-one-room-residential-cleaning-estimate,https://clever-griffin-93819d.netlify.app/seo-incheon-dong-gu-one-room-residential-cleaning-estimate/,인천 동구,거주청소,원룸,견적
2026-08-05T23:04:48,인천 동구 원룸 거주청소 예약,seo-incheon-dong-gu-one-room-residential-cleaning-booking,https://clever-griffin-93819d.netlify.app/seo-incheon-dong-gu-one-room-residential-cleaning-booking/,인천 동구,거주청소,원룸,예약
2026-08-05T23:04:48,인천 동구 원룸 거주청소 추천,seo-incheon-dong-gu-one-room-residential-cleaning-recommend,https://clever-griffin-93819d.netlify.app/seo-incheon-dong-gu-one-room-residential-cleaning-recommend/,인천 동구,거주청소,원룸,추천
2026-08-05T23:04:48,인천 동구 원룸 거주청소 후기,seo-incheon-dong-gu-one-room-residential-cleaning-review,https://clever-griffin-93819d.netlify.app/seo-incheon-dong-gu-one-room-residential-cleaning-review/,인천 동구,거주청소,원룸,후기
2026-08-05T23:04:48,인천 동구 원룸 거주청소 잘하는곳,seo-incheon-dong-gu-one-room-residential-cleaning-best,https://clever-griffin-93819d.netlify.app/seo-incheon-dong-gu-one-room-residential-cleaning-best/,인천 동구,거주청소,원룸,잘하는곳
2026-08-05T23:04:48,인천 동구 원룸 거주청소 업체,seo-incheon-dong-gu-one-room-residential-cleaning-service,https://clever-griffin-93819d.netlify.app/seo-incheon-dong-gu-one-room-residential-cleaning-service/,인천 동구,거주청소,원룸,업체
2026-08-05T23:04:48,인천 동구 원룸 거주청소 당일상담,seo-incheon-dong-gu-one-room-residential-cleaning-same-day-consult,https://clever-griffin-93819d.netlify.app/seo-incheon-dong-gu-one-room-residential-cleaning-same-day-consult/,인천 동구,거주청소,원룸,당일상담
2026-08-05T23:04:48,인천 동구 원룸 거주청소 주말예약,seo-incheon-dong-gu-one-room-residential-cleaning-weekend-booking,https://clever-griffin-93819d.netlify.app/seo-incheon-dong-gu-one-room-residential-cleaning-weekend-booking/,인천 동구,거주청소,원룸,주말예약
2026-08-05T23:04:48,인천 동구 원룸 거주청소 청소범위,seo-incheon-dong-gu-one-room-residential-cleaning-scope,https://clever-griffin-93819d.netlify.app/seo-incheon-dong-gu-one-room-residential-cleaning-scope/,인천 동구,거주청소,원룸,청소범위
2026-08-05T23:04:48,인천 동구 빌라 거주청소 전문업체,seo-incheon-dong-gu-villa-residential-cleaning-company,https://clever-griffin-93819d.netlify.app/seo-incheon-dong-gu-villa-residential-cleaning-company/,인천 동구,거주청소,빌라,전문업체
2026-08-05T23:04:48,인천 동구 빌라 거주청소 비용,seo-incheon-dong-gu-villa-residential-cleaning-cost,https://clever-griffin-93819d.netlify.app/seo-incheon-dong-gu-villa-residential-cleaning-cost/,인천 동구,거주청소,빌라,비용
2026-08-05T23:04:48,인천 동구 빌라 거주청소 가격,seo-incheon-dong-gu-villa-residential-cleaning-price,https://clever-griffin-93819d.netlify.app/seo-incheon-dong-gu-villa-residential-cleaning-price/,인천 동구,거주청소,빌라,가격
2026-08-05T23:04:48,인천 동구 빌라 거주청소 견적,seo-incheon-dong-gu-villa-residential-cleaning-estimate,https://clever-griffin-93819d.netlify.app/seo-incheon-dong-gu-villa-residential-cleaning-estimate/,인천 동구,거주청소,빌라,견적
2026-08-05T23:04:48,인천 동구 빌라 거주청소 예약,seo-incheon-dong-gu-villa-residential-cleaning-booking,https://clever-griffin-93819d.netlify.app/seo-incheon-dong-gu-villa-residential-cleaning-booking/,인천 동구,거주청소,빌라,예약
2026-08-05T23:04:48,인천 동구 빌라 거주청소 추천,seo-incheon-dong-gu-villa-residential-cleaning-recommend,https://clever-griffin-93819d.netlify.app/seo-incheon-dong-gu-villa-residential-cleaning-recommend/,인천 동구,거주청소,빌라,추천
2026-08-05T23:04:48,인천 동구 빌라 거주청소 후기,seo-incheon-dong-gu-villa-residential-cleaning-review,https://clever-griffin-93819d.netlify.app/seo-incheon-dong-gu-villa-residential-cleaning-review/,인천 동구,거주청소,빌라,후기
2026-08-05T23:04:48,인천 동구 빌라 거주청소 잘하는곳,seo-incheon-dong-gu-villa-residential-cleaning-best,https://clever-griffin-93819d.netlify.app/seo-incheon-dong-gu-villa-residential-cleaning-best/,인천 동구,거주청소,빌라,잘하는곳
2026-08-05T23:04:48,인천 동구 빌라 거주청소 업체,seo-incheon-dong-gu-villa-residential-cleaning-service,https://clever-griffin-93819d.netlify.app/seo-incheon-dong-gu-villa-residential-cleaning-service/,인천 동구,거주청소,빌라,업체
2026-08-05T23:04:48,인천 동구 빌라 거주청소 당일상담,seo-incheon-dong-gu-villa-residential-cleaning-same-day-consult,https://clever-griffin-93819d.netlify.app/seo-incheon-dong-gu-villa-residential-cleaning-same-day-consult/,인천 동구,거주청소,빌라,당일상담
2026-08-05T23:04:48,인천 동구 빌라 거주청소 주말예약,seo-incheon-dong-gu-villa-residential-cleaning-weekend-booking,https://clever-griffin-93819d.netlify.app/seo-incheon-dong-gu-villa-residential-cleaning-weekend-booking/,인천 동구,거주청소,빌라,주말예약
2026-08-05T23:04:48,인천 동구 빌라 거주청소 청소범위,seo-incheon-dong-gu-villa-residential-cleaning-scope,https://clever-griffin-93819d.netlify.app/seo-incheon-dong-gu-villa-residential-cleaning-scope/,인천 동구,거주청소,빌라,청소범위
2026-08-05T23:04:48,인천 동구 오피스텔 거주청소 전문업체,seo-incheon-dong-gu-officetel-residential-cleaning-company,https://clever-griffin-93819d.netlify.app/seo-incheon-dong-gu-officetel-residential-cleaning-company/,인천 동구,거주청소,오피스텔,전문업체
2026-08-05T23:04:48,인천 동구 오피스텔 거주청소 비용,seo-incheon-dong-gu-officetel-residential-cleaning-cost,https://clever-griffin-93819d.netlify.app/seo-incheon-dong-gu-officetel-residential-cleaning-cost/,인천 동구,거주청소,오피스텔,비용
2026-08-05T23:04:48,인천 동구 오피스텔 거주청소 가격,seo-incheon-dong-gu-officetel-residential-cleaning-price,https://clever-griffin-93819d.netlify.app/seo-incheon-dong-gu-officetel-residential-cleaning-price/,인천 동구,거주청소,오피스텔,가격
2026-08-05T23:04:48,인천 동구 오피스텔 거주청소 견적,seo-incheon-dong-gu-officetel-residential-cleaning-estimate,https://clever-griffin-93819d.netlify.app/seo-incheon-dong-gu-officetel-residential-cleaning-estimate/,인천 동구,거주청소,오피스텔,견적
2026-08-05T23:04:48,인천 동구 오피스텔 거주청소 예약,seo-incheon-dong-gu-officetel-residential-cleaning-booking,https://clever-griffin-93819d.netlify.app/seo-incheon-dong-gu-officetel-residential-cleaning-booking/,인천 동구,거주청소,오피스텔,예약
2026-08-05T23:04:48,인천 동구 오피스텔 거주청소 추천,seo-incheon-dong-gu-officetel-residential-cleaning-recommend,https://clever-griffin-93819d.netlify.app/seo-incheon-dong-gu-officetel-residential-cleaning-recommend/,인천 동구,거주청소,오피스텔,추천
2026-08-05T23:04:48,인천 동구 오피스텔 거주청소 후기,seo-incheon-dong-gu-officetel-residential-cleaning-review,https://clever-griffin-93819d.netlify.app/seo-incheon-dong-gu-officetel-residential-cleaning-review/,인천 동구,거주청소,오피스텔,후기
2026-08-05T23:04:48,인천 동구 오피스텔 거주청소 잘하는곳,seo-incheon-dong-gu-officetel-residential-cleaning-best,https://clever-griffin-93819d.netlify.app/seo-incheon-dong-gu-officetel-residential-cleaning-best/,인천 동구,거주청소,오피스텔,잘하는곳
2026-08-05T23:04:48,인천 동구 오피스텔 거주청소 업체,seo-incheon-dong-gu-officetel-residential-cleaning-service,https://clever-griffin-93819d.netlify.app/seo-incheon-dong-gu-officetel-residential-cleaning-service/,인천 동구,거주청소,오피스텔,업체
2026-08-05T23:04:48,인천 동구 오피스텔 거주청소 당일상담,seo-incheon-dong-gu-officetel-residential-cleaning-same-day-consult,https://clever-griffin-93819d.netlify.app/seo-incheon-dong-gu-officetel-residential-cleaning-same-day-consult/,인천 동구,거주청소,오피스텔,당일상담
2026-08-05T23:04:48,인천 동구 오피스텔 거주청소 주말예약,seo-incheon-dong-gu-officetel-residential-cleaning-weekend-booking,https://clever-griffin-93819d.netlify.app/seo-incheon-dong-gu-officetel-residential-cleaning-weekend-booking/,인천 동구,거주청소,오피스텔,주말예약
2026-08-05T23:04:48,인천 동구 오피스텔 거주청소 청소범위,seo-incheon-dong-gu-officetel-residential-cleaning-scope,https://clever-griffin-93819d.netlify.app/seo-incheon-dong-gu-officetel-residential-cleaning-scope/,인천 동구,거주청소,오피스텔,청소범위
2026-08-05T23:04:48,인천 동구 상가 거주청소 전문업체,seo-incheon-dong-gu-store-residential-cleaning-company,https://clever-griffin-93819d.netlify.app/seo-incheon-dong-gu-store-residential-cleaning-company/,인천 동구,거주청소,상가,전문업체
2026-08-05T23:04:48,인천 동구 상가 거주청소 비용,seo-incheon-dong-gu-store-residential-cleaning-cost,https://clever-griffin-93819d.netlify.app/seo-incheon-dong-gu-store-residential-cleaning-cost/,인천 동구,거주청소,상가,비용
2026-08-05T23:04:48,인천 동구 상가 거주청소 가격,seo-incheon-dong-gu-store-residential-cleaning-price,https://clever-griffin-93819d.netlify.app/seo-incheon-dong-gu-store-residential-cleaning-price/,인천 동구,거주청소,상가,가격
2026-08-05T23:04:48,인천 동구 상가 거주청소 견적,seo-incheon-dong-gu-store-residential-cleaning-estimate,https://clever-griffin-93819d.netlify.app/seo-incheon-dong-gu-store-residential-cleaning-estimate/,인천 동구,거주청소,상가,견적
2026-08-05T23:04:48,인천 동구 상가 거주청소 예약,seo-incheon-dong-gu-store-residential-cleaning-booking,https://clever-griffin-93819d.netlify.app/seo-incheon-dong-gu-store-residential-cleaning-booking/,인천 동구,거주청소,상가,예약
2026-08-05T23:04:48,인천 동구 상가 거주청소 추천,seo-incheon-dong-gu-store-residential-cleaning-recommend,https://clever-griffin-93819d.netlify.app/seo-incheon-dong-gu-store-residential-cleaning-recommend/,인천 동구,거주청소,상가,추천
2026-08-05T23:04:48,인천 동구 상가 거주청소 후기,seo-incheon-dong-gu-store-residential-cleaning-review,https://clever-griffin-93819d.netlify.app/seo-incheon-dong-gu-store-residential-cleaning-review/,인천 동구,거주청소,상가,후기
2026-08-05T23:04:48,인천 동구 상가 거주청소 잘하는곳,seo-incheon-dong-gu-store-residential-cleaning-best,https://clever-griffin-93819d.netlify.app/seo-incheon-dong-gu-store-residential-cleaning-best/,인천 동구,거주청소,상가,잘하는곳
2026-08-05T23:04:48,인천 동구 상가 거주청소 업체,seo-incheon-dong-gu-store-residential-cleaning-service,https://clever-griffin-93819d.netlify.app/seo-incheon-dong-gu-store-residential-cleaning-service/,인천 동구,거주청소,상가,업체
2026-08-05T23:04:48,인천 동구 상가 거주청소 당일상담,seo-incheon-dong-gu-store-residential-cleaning-same-day-consult,https://clever-griffin-93819d.netlify.app/seo-incheon-dong-gu-store-residential-cleaning-same-day-consult/,인천 동구,거주청소,상가,당일상담
2026-08-05T23:04:48,인천 동구 상가 거주청소 주말예약,seo-incheon-dong-gu-store-residential-cleaning-weekend-booking,https://clever-griffin-93819d.netlify.app/seo-incheon-dong-gu-store-residential-cleaning-weekend-booking/,인천 동구,거주청소,상가,주말예약
2026-08-05T23:04:48,인천 동구 상가 거주청소 청소범위,seo-incheon-dong-gu-store-residential-cleaning-scope,https://clever-griffin-93819d.netlify.app/seo-incheon-dong-gu-store-residential-cleaning-scope/,인천 동구,거주청소,상가,청소범위
2026-08-05T23:04:48,인천 동구 사무실 거주청소 전문업체,seo-incheon-dong-gu-office-residential-cleaning-company,https://clever-griffin-93819d.netlify.app/seo-incheon-dong-gu-office-residential-cleaning-company/,인천 동구,거주청소,사무실,전문업체
2026-08-05T23:04:48,인천 동구 사무실 거주청소 비용,seo-incheon-dong-gu-office-residential-cleaning-cost,https://clever-griffin-93819d.netlify.app/seo-incheon-dong-gu-office-residential-cleaning-cost/,인천 동구,거주청소,사무실,비용
2026-08-05T23:04:48,인천 동구 사무실 거주청소 가격,seo-incheon-dong-gu-office-residential-cleaning-price,https://clever-griffin-93819d.netlify.app/seo-incheon-dong-gu-office-residential-cleaning-price/,인천 동구,거주청소,사무실,가격
2026-08-05T23:04:48,인천 동구 사무실 거주청소 견적,seo-incheon-dong-gu-office-residential-cleaning-estimate,https://clever-griffin-93819d.netlify.app/seo-incheon-dong-gu-office-residential-cleaning-estimate/,인천 동구,거주청소,사무실,견적
2026-08-05T23:04:48,인천 동구 사무실 거주청소 예약,seo-incheon-dong-gu-office-residential-cleaning-booking,https://clever-griffin-93819d.netlify.app/seo-incheon-dong-gu-office-residential-cleaning-booking/,인천 동구,거주청소,사무실,예약
2026-08-05T23:04:48,인천 동구 사무실 거주청소 추천,seo-incheon-dong-gu-office-residential-cleaning-recommend,https://clever-griffin-93819d.netlify.app/seo-incheon-dong-gu-office-residential-cleaning-recommend/,인천 동구,거주청소,사무실,추천
2026-08-05T23:04:48,인천 동구 사무실 거주청소 후기,seo-incheon-dong-gu-office-residential-cleaning-review,https://clever-griffin-93819d.netlify.app/seo-incheon-dong-gu-office-residential-cleaning-review/,인천 동구,거주청소,사무실,후기
2026-08-05T23:04:48,인천 동구 사무실 거주청소 잘하는곳,seo-incheon-dong-gu-office-residential-cleaning-best,https://clever-griffin-93819d.netlify.app/seo-incheon-dong-gu-office-residential-cleaning-best/,인천 동구,거주청소,사무실,잘하는곳
2026-08-05T23:04:48,인천 동구 사무실 거주청소 업체,seo-incheon-dong-gu-office-residential-cleaning-service,https://clever-griffin-93819d.netlify.app/seo-incheon-dong-gu-office-residential-cleaning-service/,인천 동구,거주청소,사무실,업체
2026-08-05T23:04:48,인천 동구 사무실 거주청소 당일상담,seo-incheon-dong-gu-office-residential-cleaning-same-day-consult,https://clever-griffin-93819d.netlify.app/seo-incheon-dong-gu-office-residential-cleaning-same-day-consult/,인천 동구,거주청소,사무실,당일상담
2026-08-05T23:04:48,인천 동구 사무실 거주청소 주말예약,seo-incheon-dong-gu-office-residential-cleaning-weekend-booking,https://clever-griffin-93819d.netlify.app/seo-incheon-dong-gu-office-residential-cleaning-weekend-booking/,인천 동구,거주청소,사무실,주말예약
2026-08-05T23:04:48,인천 동구 사무실 거주청소 청소범위,seo-incheon-dong-gu-office-residential-cleaning-scope,https://clever-griffin-93819d.netlify.app/seo-incheon-dong-gu-office-residential-cleaning-scope/,인천 동구,거주청소,사무실,청소범위
2026-08-05T23:04:48,인천 동구 상가청소 전문업체,seo-incheon-dong-gu-store-cleaning-company,https://clever-griffin-93819d.netlify.app/seo-incheon-dong-gu-store-cleaning-company/,인천 동구,상가청소,상가,전문업체
2026-08-05T23:04:48,인천 동구 상가청소 비용,seo-incheon-dong-gu-store-cleaning-cost,https://clever-griffin-93819d.netlify.app/seo-incheon-dong-gu-store-cleaning-cost/,인천 동구,상가청소,상가,비용
2026-08-05T23:04:48,인천 동구 상가청소 가격,seo-incheon-dong-gu-store-cleaning-price,https://clever-griffin-93819d.netlify.app/seo-incheon-dong-gu-store-cleaning-price/,인천 동구,상가청소,상가,가격
2026-08-05T23:04:48,인천 동구 상가청소 견적,seo-incheon-dong-gu-store-cleaning-estimate,https://clever-griffin-93819d.netlify.app/seo-incheon-dong-gu-store-cleaning-estimate/,인천 동구,상가청소,상가,견적
2026-08-05T23:04:48,인천 동구 상가청소 예약,seo-incheon-dong-gu-store-cleaning-booking,https://clever-griffin-93819d.netlify.app/seo-incheon-dong-gu-store-cleaning-booking/,인천 동구,상가청소,상가,예약
2026-08-05T23:04:48,인천 동구 상가청소 추천,seo-incheon-dong-gu-store-cleaning-recommend,https://clever-griffin-93819d.netlify.app/seo-incheon-dong-gu-store-cleaning-recommend/,인천 동구,상가청소,상가,추천
2026-08-05T23:04:48,인천 동구 상가청소 후기,seo-incheon-dong-gu-store-cleaning-review,https://clever-griffin-93819d.netlify.app/seo-incheon-dong-gu-store-cleaning-review/,인천 동구,상가청소,상가,후기
2026-08-05T23:04:48,인천 동구 상가청소 잘하는곳,seo-incheon-dong-gu-store-cleaning-best,https://clever-griffin-93819d.netlify.app/seo-incheon-dong-gu-store-cleaning-best/,인천 동구,상가청소,상가,잘하는곳
2026-08-05T23:04:48,인천 동구 상가청소 업체,seo-incheon-dong-gu-store-cleaning-service,https://clever-griffin-93819d.netlify.app/seo-incheon-dong-gu-store-cleaning-service/,인천 동구,상가청소,상가,업체
2026-08-05T23:04:48,인천 동구 상가청소 당일상담,seo-incheon-dong-gu-store-cleaning-same-day-consult,https://clever-griffin-93819d.netlify.app/seo-incheon-dong-gu-store-cleaning-same-day-consult/,인천 동구,상가청소,상가,당일상담
2026-08-05T23:04:48,인천 동구 상가청소 주말예약,seo-incheon-dong-gu-store-cleaning-weekend-booking,https://clever-griffin-93819d.netlify.app/seo-incheon-dong-gu-store-cleaning-weekend-booking/,인천 동구,상가청소,상가,주말예약
2026-08-05T23:04:48,인천 동구 상가청소 청소범위,seo-incheon-dong-gu-store-cleaning-scope,https://clever-griffin-93819d.netlify.app/seo-incheon-dong-gu-store-cleaning-scope/,인천 동구,상가청소,상가,청소범위
2026-08-05T23:04:48,인천 동구 사무실청소 전문업체,seo-incheon-dong-gu-office-cleaning-company,https://clever-griffin-93819d.netlify.app/seo-incheon-dong-gu-office-cleaning-company/,인천 동구,사무실청소,사무실,전문업체
2026-08-05T23:04:48,인천 동구 사무실청소 비용,seo-incheon-dong-gu-office-cleaning-cost,https://clever-griffin-93819d.netlify.app/seo-incheon-dong-gu-office-cleaning-cost/,인천 동구,사무실청소,사무실,비용
2026-08-05T23:04:48,인천 동구 사무실청소 가격,seo-incheon-dong-gu-office-cleaning-price,https://clever-griffin-93819d.netlify.app/seo-incheon-dong-gu-office-cleaning-price/,인천 동구,사무실청소,사무실,가격
2026-08-05T23:04:48,인천 동구 사무실청소 견적,seo-incheon-dong-gu-office-cleaning-estimate,https://clever-griffin-93819d.netlify.app/seo-incheon-dong-gu-office-cleaning-estimate/,인천 동구,사무실청소,사무실,견적
2026-08-05T23:04:48,인천 동구 사무실청소 예약,seo-incheon-dong-gu-office-cleaning-booking,https://clever-griffin-93819d.netlify.app/seo-incheon-dong-gu-office-cleaning-booking/,인천 동구,사무실청소,사무실,예약
2026-08-05T23:04:48,인천 동구 사무실청소 추천,seo-incheon-dong-gu-office-cleaning-recommend,https://clever-griffin-93819d.netlify.app/seo-incheon-dong-gu-office-cleaning-recommend/,인천 동구,사무실청소,사무실,추천
2026-08-05T23:04:48,인천 동구 사무실청소 후기,seo-incheon-dong-gu-office-cleaning-review,https://clever-griffin-93819d.netlify.app/seo-incheon-dong-gu-office-cleaning-review/,인천 동구,사무실청소,사무실,후기
2026-08-05T23:04:48,인천 동구 사무실청소 잘하는곳,seo-incheon-dong-gu-office-cleaning-best,https://clever-griffin-93819d.netlify.app/seo-incheon-dong-gu-office-cleaning-best/,인천 동구,사무실청소,사무실,잘하는곳
2026-08-05T23:04:48,인천 동구 사무실청소 업체,seo-incheon-dong-gu-office-cleaning-service,https://clever-griffin-93819d.netlify.app/seo-incheon-dong-gu-office-cleaning-service/,인천 동구,사무실청소,사무실,업체
2026-08-05T23:04:48,인천 동구 사무실청소 당일상담,seo-incheon-dong-gu-office-cleaning-same-day-consult,https://clever-griffin-93819d.netlify.app/seo-incheon-dong-gu-office-cleaning-same-day-consult/,인천 동구,사무실청소,사무실,당일상담
2026-08-05T23:04:48,인천 동구 사무실청소 주말예약,seo-incheon-dong-gu-office-cleaning-weekend-booking,https://clever-griffin-93819d.netlify.app/seo-incheon-dong-gu-office-cleaning-weekend-booking/,인천 동구,사무실청소,사무실,주말예약
2026-08-05T23:04:48,인천 동구 사무실청소 청소범위,seo-incheon-dong-gu-office-cleaning-scope,https://clever-griffin-93819d.netlify.app/seo-incheon-dong-gu-office-cleaning-scope/,인천 동구,사무실청소,사무실,청소범위
2026-08-05T23:04:48,인천 동구 원룸청소 전문업체,seo-incheon-dong-gu-one-room-cleaning-company,https://clever-griffin-93819d.netlify.app/seo-incheon-dong-gu-one-room-cleaning-company/,인천 동구,원룸청소,원룸,전문업체
2026-08-05T23:04:48,인천 동구 원룸청소 비용,seo-incheon-dong-gu-one-room-cleaning-cost,https://clever-griffin-93819d.netlify.app/seo-incheon-dong-gu-one-room-cleaning-cost/,인천 동구,원룸청소,원룸,비용
2026-08-05T23:04:48,인천 동구 원룸청소 가격,seo-incheon-dong-gu-one-room-cleaning-price,https://clever-griffin-93819d.netlify.app/seo-incheon-dong-gu-one-room-cleaning-price/,인천 동구,원룸청소,원룸,가격
2026-08-05T23:04:48,인천 동구 원룸청소 견적,seo-incheon-dong-gu-one-room-cleaning-estimate,https://clever-griffin-93819d.netlify.app/seo-incheon-dong-gu-one-room-cleaning-estimate/,인천 동구,원룸청소,원룸,견적
2026-08-05T23:04:48,인천 동구 원룸청소 예약,seo-incheon-dong-gu-one-room-cleaning-booking,https://clever-griffin-93819d.netlify.app/seo-incheon-dong-gu-one-room-cleaning-booking/,인천 동구,원룸청소,원룸,예약
2026-08-05T23:04:48,인천 동구 원룸청소 추천,seo-incheon-dong-gu-one-room-cleaning-recommend,https://clever-griffin-93819d.netlify.app/seo-incheon-dong-gu-one-room-cleaning-recommend/,인천 동구,원룸청소,원룸,추천
2026-08-05T23:04:48,인천 동구 원룸청소 후기,seo-incheon-dong-gu-one-room-cleaning-review,https://clever-griffin-93819d.netlify.app/seo-incheon-dong-gu-one-room-cleaning-review/,인천 동구,원룸청소,원룸,후기
2026-08-05T23:04:48,인천 동구 원룸청소 잘하는곳,seo-incheon-dong-gu-one-room-cleaning-best,https://clever-griffin-93819d.netlify.app/seo-incheon-dong-gu-one-room-cleaning-best/,인천 동구,원룸청소,원룸,잘하는곳
2026-08-05T23:04:48,인천 동구 원룸청소 업체,seo-incheon-dong-gu-one-room-cleaning-service,https://clever-griffin-93819d.netlify.app/seo-incheon-dong-gu-one-room-cleaning-service/,인천 동구,원룸청소,원룸,업체
2026-08-05T23:04:48,인천 동구 원룸청소 당일상담,seo-incheon-dong-gu-one-room-cleaning-same-day-consult,https://clever-griffin-93819d.netlify.app/seo-incheon-dong-gu-one-room-cleaning-same-day-consult/,인천 동구,원룸청소,원룸,당일상담
2026-08-05T23:04:48,인천 동구 원룸청소 주말예약,seo-incheon-dong-gu-one-room-cleaning-weekend-booking,https://clever-griffin-93819d.netlify.app/seo-incheon-dong-gu-one-room-cleaning-weekend-booking/,인천 동구,원룸청소,원룸,주말예약
2026-08-05T23:04:48,인천 동구 원룸청소 청소범위,seo-incheon-dong-gu-one-room-cleaning-scope,https://clever-griffin-93819d.netlify.app/seo-incheon-dong-gu-one-room-cleaning-scope/,인천 동구,원룸청소,원룸,청소범위
2026-08-05T23:04:48,인천 동구 빌라청소 전문업체,seo-incheon-dong-gu-villa-cleaning-company,https://clever-griffin-93819d.netlify.app/seo-incheon-dong-gu-villa-cleaning-company/,인천 동구,빌라청소,빌라,전문업체
2026-08-05T23:04:48,인천 동구 빌라청소 비용,seo-incheon-dong-gu-villa-cleaning-cost,https://clever-griffin-93819d.netlify.app/seo-incheon-dong-gu-villa-cleaning-cost/,인천 동구,빌라청소,빌라,비용
2026-08-05T23:04:48,인천 동구 빌라청소 가격,seo-incheon-dong-gu-villa-cleaning-price,https://clever-griffin-93819d.netlify.app/seo-incheon-dong-gu-villa-cleaning-price/,인천 동구,빌라청소,빌라,가격
2026-08-05T23:04:48,인천 동구 빌라청소 견적,seo-incheon-dong-gu-villa-cleaning-estimate,https://clever-griffin-93819d.netlify.app/seo-incheon-dong-gu-villa-cleaning-estimate/,인천 동구,빌라청소,빌라,견적
2026-08-05T23:04:48,인천 동구 빌라청소 예약,seo-incheon-dong-gu-villa-cleaning-booking,https://clever-griffin-93819d.netlify.app/seo-incheon-dong-gu-villa-cleaning-booking/,인천 동구,빌라청소,빌라,예약
2026-08-05T23:04:48,인천 동구 빌라청소 추천,seo-incheon-dong-gu-villa-cleaning-recommend,https://clever-griffin-93819d.netlify.app/seo-incheon-dong-gu-villa-cleaning-recommend/,인천 동구,빌라청소,빌라,추천
2026-08-05T23:04:48,인천 동구 빌라청소 후기,seo-incheon-dong-gu-villa-cleaning-review,https://clever-griffin-93819d.netlify.app/seo-incheon-dong-gu-villa-cleaning-review/,인천 동구,빌라청소,빌라,후기
2026-08-05T23:04:48,인천 동구 빌라청소 잘하는곳,seo-incheon-dong-gu-villa-cleaning-best,https://clever-griffin-93819d.netlify.app/seo-incheon-dong-gu-villa-cleaning-best/,인천 동구,빌라청소,빌라,잘하는곳
2026-08-05T23:04:48,인천 동구 빌라청소 업체,seo-incheon-dong-gu-villa-cleaning-service,https://clever-griffin-93819d.netlify.app/seo-incheon-dong-gu-villa-cleaning-service/,인천 동구,빌라청소,빌라,업체
2026-08-05T23:04:48,인천 동구 빌라청소 당일상담,seo-incheon-dong-gu-villa-cleaning-same-day-consult,https://clever-griffin-93819d.netlify.app/seo-incheon-dong-gu-villa-cleaning-same-day-consult/,인천 동구,빌라청소,빌라,당일상담
2026-08-05T23:04:48,인천 동구 빌라청소 주말예약,seo-incheon-dong-gu-villa-cleaning-weekend-booking,https://clever-griffin-93819d.netlify.app/seo-incheon-dong-gu-villa-cleaning-weekend-booking/,인천 동구,빌라청소,빌라,주말예약
2026-08-05T23:04:48,인천 동구 빌라청소 청소범위,seo-incheon-dong-gu-villa-cleaning-scope,https://clever-griffin-93819d.netlify.app/seo-incheon-dong-gu-villa-cleaning-scope/,인천 동구,빌라청소,빌라,청소범위
2026-08-05T23:04:48,인천 동구 오피스텔청소 전문업체,seo-incheon-dong-gu-officetel-cleaning-company,https://clever-griffin-93819d.netlify.app/seo-incheon-dong-gu-officetel-cleaning-company/,인천 동구,오피스텔청소,오피스텔,전문업체
2026-08-05T23:04:48,인천 동구 오피스텔청소 비용,seo-incheon-dong-gu-officetel-cleaning-cost,https://clever-griffin-93819d.netlify.app/seo-incheon-dong-gu-officetel-cleaning-cost/,인천 동구,오피스텔청소,오피스텔,비용
2026-08-05T23:04:48,인천 동구 오피스텔청소 가격,seo-incheon-dong-gu-officetel-cleaning-price,https://clever-griffin-93819d.netlify.app/seo-incheon-dong-gu-officetel-cleaning-price/,인천 동구,오피스텔청소,오피스텔,가격
2026-08-05T23:04:48,인천 동구 오피스텔청소 견적,seo-incheon-dong-gu-officetel-cleaning-estimate,https://clever-griffin-93819d.netlify.app/seo-incheon-dong-gu-officetel-cleaning-estimate/,인천 동구,오피스텔청소,오피스텔,견적
2026-08-05T23:04:48,인천 동구 오피스텔청소 예약,seo-incheon-dong-gu-officetel-cleaning-booking,https://clever-griffin-93819d.netlify.app/seo-incheon-dong-gu-officetel-cleaning-booking/,인천 동구,오피스텔청소,오피스텔,예약
2026-08-05T23:04:48,인천 동구 오피스텔청소 추천,seo-incheon-dong-gu-officetel-cleaning-recommend,https://clever-griffin-93819d.netlify.app/seo-incheon-dong-gu-officetel-cleaning-recommend/,인천 동구,오피스텔청소,오피스텔,추천
2026-08-05T23:04:48,인천 동구 오피스텔청소 후기,seo-incheon-dong-gu-officetel-cleaning-review,https://clever-griffin-93819d.netlify.app/seo-incheon-dong-gu-officetel-cleaning-review/,인천 동구,오피스텔청소,오피스텔,후기
2026-08-05T23:04:48,인천 동구 오피스텔청소 잘하는곳,seo-incheon-dong-gu-officetel-cleaning-best,https://clever-griffin-93819d.netlify.app/seo-incheon-dong-gu-officetel-cleaning-best/,인천 동구,오피스텔청소,오피스텔,잘하는곳
2026-08-05T23:04:48,인천 동구 오피스텔청소 업체,seo-incheon-dong-gu-officetel-cleaning-service,https://clever-griffin-93819d.netlify.app/seo-incheon-dong-gu-officetel-cleaning-service/,인천 동구,오피스텔청소,오피스텔,업체
2026-08-05T23:04:48,인천 동구 오피스텔청소 당일상담,seo-incheon-dong-gu-officetel-cleaning-same-day-consult,https://clever-griffin-93819d.netlify.app/seo-incheon-dong-gu-officetel-cleaning-same-day-consult/,인천 동구,오피스텔청소,오피스텔,당일상담
2026-08-05T23:04:48,인천 동구 오피스텔청소 주말예약,seo-incheon-dong-gu-officetel-cleaning-weekend-booking,https://clever-griffin-93819d.netlify.app/seo-incheon-dong-gu-officetel-cleaning-weekend-booking/,인천 동구,오피스텔청소,오피스텔,주말예약
2026-08-05T23:04:48,인천 동구 오피스텔청소 청소범위,seo-incheon-dong-gu-officetel-cleaning-scope,https://clever-griffin-93819d.netlify.app/seo-incheon-dong-gu-officetel-cleaning-scope/,인천 동구,오피스텔청소,오피스텔,청소범위
2026-08-05T23:04:48,인천 동구 원룸 폐기물청소 전문업체,seo-incheon-dong-gu-one-room-waste-cleaning-company,https://clever-griffin-93819d.netlify.app/seo-incheon-dong-gu-one-room-waste-cleaning-company/,인천 동구,폐기물청소,원룸,전문업체
2026-08-05T23:04:48,인천 동구 원룸 폐기물청소 비용,seo-incheon-dong-gu-one-room-waste-cleaning-cost,https://clever-griffin-93819d.netlify.app/seo-incheon-dong-gu-one-room-waste-cleaning-cost/,인천 동구,폐기물청소,원룸,비용
2026-08-05T23:04:48,인천 동구 원룸 폐기물청소 가격,seo-incheon-dong-gu-one-room-waste-cleaning-price,https://clever-griffin-93819d.netlify.app/seo-incheon-dong-gu-one-room-waste-cleaning-price/,인천 동구,폐기물청소,원룸,가격
2026-08-05T23:04:48,인천 동구 원룸 폐기물청소 견적,seo-incheon-dong-gu-one-room-waste-cleaning-estimate,https://clever-griffin-93819d.netlify.app/seo-incheon-dong-gu-one-room-waste-cleaning-estimate/,인천 동구,폐기물청소,원룸,견적
2026-08-05T23:04:48,인천 동구 원룸 폐기물청소 예약,seo-incheon-dong-gu-one-room-waste-cleaning-booking,https://clever-griffin-93819d.netlify.app/seo-incheon-dong-gu-one-room-waste-cleaning-booking/,인천 동구,폐기물청소,원룸,예약
2026-08-05T23:04:48,인천 동구 원룸 폐기물청소 추천,seo-incheon-dong-gu-one-room-waste-cleaning-recommend,https://clever-griffin-93819d.netlify.app/seo-incheon-dong-gu-one-room-waste-cleaning-recommend/,인천 동구,폐기물청소,원룸,추천
2026-08-05T23:04:48,인천 동구 원룸 폐기물청소 후기,seo-incheon-dong-gu-one-room-waste-cleaning-review,https://clever-griffin-93819d.netlify.app/seo-incheon-dong-gu-one-room-waste-cleaning-review/,인천 동구,폐기물청소,원룸,후기
2026-08-05T23:04:48,인천 동구 원룸 폐기물청소 잘하는곳,seo-incheon-dong-gu-one-room-waste-cleaning-best,https://clever-griffin-93819d.netlify.app/seo-incheon-dong-gu-one-room-waste-cleaning-best/,인천 동구,폐기물청소,원룸,잘하는곳
2026-08-05T23:04:48,인천 동구 원룸 폐기물청소 업체,seo-incheon-dong-gu-one-room-waste-cleaning-service,https://clever-griffin-93819d.netlify.app/seo-incheon-dong-gu-one-room-waste-cleaning-service/,인천 동구,폐기물청소,원룸,업체
2026-08-05T23:04:48,인천 동구 원룸 폐기물청소 당일상담,seo-incheon-dong-gu-one-room-waste-cleaning-same-day-consult,https://clever-griffin-93819d.netlify.app/seo-incheon-dong-gu-one-room-waste-cleaning-same-day-consult/,인천 동구,폐기물청소,원룸,당일상담
2026-08-05T23:04:48,인천 동구 원룸 폐기물청소 주말예약,seo-incheon-dong-gu-one-room-waste-cleaning-weekend-booking,https://clever-griffin-93819d.netlify.app/seo-incheon-dong-gu-one-room-waste-cleaning-weekend-booking/,인천 동구,폐기물청소,원룸,주말예약
2026-08-05T23:04:48,인천 동구 원룸 폐기물청소 청소범위,seo-incheon-dong-gu-one-room-waste-cleaning-scope,https://clever-griffin-93819d.netlify.app/seo-incheon-dong-gu-one-room-waste-cleaning-scope/,인천 동구,폐기물청소,원룸,청소범위
2026-08-05T23:04:48,인천 동구 빌라 폐기물청소 전문업체,seo-incheon-dong-gu-villa-waste-cleaning-company,https://clever-griffin-93819d.netlify.app/seo-incheon-dong-gu-villa-waste-cleaning-company/,인천 동구,폐기물청소,빌라,전문업체
2026-08-05T23:04:48,인천 동구 빌라 폐기물청소 비용,seo-incheon-dong-gu-villa-waste-cleaning-cost,https://clever-griffin-93819d.netlify.app/seo-incheon-dong-gu-villa-waste-cleaning-cost/,인천 동구,폐기물청소,빌라,비용
2026-08-05T23:04:48,인천 동구 빌라 폐기물청소 가격,seo-incheon-dong-gu-villa-waste-cleaning-price,https://clever-griffin-93819d.netlify.app/seo-incheon-dong-gu-villa-waste-cleaning-price/,인천 동구,폐기물청소,빌라,가격
2026-08-05T23:04:48,인천 동구 빌라 폐기물청소 견적,seo-incheon-dong-gu-villa-waste-cleaning-estimate,https://clever-griffin-93819d.netlify.app/seo-incheon-dong-gu-villa-waste-cleaning-estimate/,인천 동구,폐기물청소,빌라,견적
2026-08-05T23:04:48,인천 동구 빌라 폐기물청소 예약,seo-incheon-dong-gu-villa-waste-cleaning-booking,https://clever-griffin-93819d.netlify.app/seo-incheon-dong-gu-villa-waste-cleaning-booking/,인천 동구,폐기물청소,빌라,예약
2026-08-05T23:04:48,인천 동구 빌라 폐기물청소 추천,seo-incheon-dong-gu-villa-waste-cleaning-recommend,https://clever-griffin-93819d.netlify.app/seo-incheon-dong-gu-villa-waste-cleaning-recommend/,인천 동구,폐기물청소,빌라,추천
2026-08-05T23:04:48,인천 동구 빌라 폐기물청소 후기,seo-incheon-dong-gu-villa-waste-cleaning-review,https://clever-griffin-93819d.netlify.app/seo-incheon-dong-gu-villa-waste-cleaning-review/,인천 동구,폐기물청소,빌라,후기
2026-08-05T23:04:48,인천 동구 빌라 폐기물청소 잘하는곳,seo-incheon-dong-gu-villa-waste-cleaning-best,https://clever-griffin-93819d.netlify.app/seo-incheon-dong-gu-villa-waste-cleaning-best/,인천 동구,폐기물청소,빌라,잘하는곳
2026-08-05T23:04:48,인천 동구 빌라 폐기물청소 업체,seo-incheon-dong-gu-villa-waste-cleaning-service,https://clever-griffin-93819d.netlify.app/seo-incheon-dong-gu-villa-waste-cleaning-service/,인천 동구,폐기물청소,빌라,업체
2026-08-05T23:04:48,인천 동구 빌라 폐기물청소 당일상담,seo-incheon-dong-gu-villa-waste-cleaning-same-day-consult,https://clever-griffin-93819d.netlify.app/seo-incheon-dong-gu-villa-waste-cleaning-same-day-consult/,인천 동구,폐기물청소,빌라,당일상담
2026-08-05T23:04:48,인천 동구 빌라 폐기물청소 주말예약,seo-incheon-dong-gu-villa-waste-cleaning-weekend-booking,https://clever-griffin-93819d.netlify.app/seo-incheon-dong-gu-villa-waste-cleaning-weekend-booking/,인천 동구,폐기물청소,빌라,주말예약
2026-08-05T23:04:48,인천 동구 빌라 폐기물청소 청소범위,seo-incheon-dong-gu-villa-waste-cleaning-scope,https://clever-griffin-93819d.netlify.app/seo-incheon-dong-gu-villa-waste-cleaning-scope/,인천 동구,폐기물청소,빌라,청소범위
2026-08-05T23:04:48,인천 동구 오피스텔 폐기물청소 전문업체,seo-incheon-dong-gu-officetel-waste-cleaning-company,https://clever-griffin-93819d.netlify.app/seo-incheon-dong-gu-officetel-waste-cleaning-company/,인천 동구,폐기물청소,오피스텔,전문업체
2026-08-05T23:04:48,인천 동구 오피스텔 폐기물청소 비용,seo-incheon-dong-gu-officetel-waste-cleaning-cost,https://clever-griffin-93819d.netlify.app/seo-incheon-dong-gu-officetel-waste-cleaning-cost/,인천 동구,폐기물청소,오피스텔,비용
2026-08-05T23:04:48,인천 동구 오피스텔 폐기물청소 가격,seo-incheon-dong-gu-officetel-waste-cleaning-price,https://clever-griffin-93819d.netlify.app/seo-incheon-dong-gu-officetel-waste-cleaning-price/,인천 동구,폐기물청소,오피스텔,가격
2026-08-05T23:04:48,인천 동구 오피스텔 폐기물청소 견적,seo-incheon-dong-gu-officetel-waste-cleaning-estimate,https://clever-griffin-93819d.netlify.app/seo-incheon-dong-gu-officetel-waste-cleaning-estimate/,인천 동구,폐기물청소,오피스텔,견적
2026-08-05T23:04:48,인천 동구 오피스텔 폐기물청소 예약,seo-incheon-dong-gu-officetel-waste-cleaning-booking,https://clever-griffin-93819d.netlify.app/seo-incheon-dong-gu-officetel-waste-cleaning-booking/,인천 동구,폐기물청소,오피스텔,예약
2026-08-05T23:04:48,인천 동구 오피스텔 폐기물청소 추천,seo-incheon-dong-gu-officetel-waste-cleaning-recommend,https://clever-griffin-93819d.netlify.app/seo-incheon-dong-gu-officetel-waste-cleaning-recommend/,인천 동구,폐기물청소,오피스텔,추천
2026-08-05T23:04:48,인천 동구 오피스텔 폐기물청소 후기,seo-incheon-dong-gu-officetel-waste-cleaning-review,https://clever-griffin-93819d.netlify.app/seo-incheon-dong-gu-officetel-waste-cleaning-review/,인천 동구,폐기물청소,오피스텔,후기
2026-08-05T23:04:48,인천 동구 오피스텔 폐기물청소 잘하는곳,seo-incheon-dong-gu-officetel-waste-cleaning-best,https://clever-griffin-93819d.netlify.app/seo-incheon-dong-gu-officetel-waste-cleaning-best/,인천 동구,폐기물청소,오피스텔,잘하는곳
2026-08-05T23:04:48,인천 동구 오피스텔 폐기물청소 업체,seo-incheon-dong-gu-officetel-waste-cleaning-service,https://clever-griffin-93819d.netlify.app/seo-incheon-dong-gu-officetel-waste-cleaning-service/,인천 동구,폐기물청소,오피스텔,업체
2026-08-05T23:04:48,인천 동구 오피스텔 폐기물청소 당일상담,seo-incheon-dong-gu-officetel-waste-cleaning-same-day-consult,https://clever-griffin-93819d.netlify.app/seo-incheon-dong-gu-officetel-waste-cleaning-same-day-consult/,인천 동구,폐기물청소,오피스텔,당일상담
2026-08-05T23:04:48,인천 동구 오피스텔 폐기물청소 주말예약,seo-incheon-dong-gu-officetel-waste-cleaning-weekend-booking,https://clever-griffin-93819d.netlify.app/seo-incheon-dong-gu-officetel-waste-cleaning-weekend-booking/,인천 동구,폐기물청소,오피스텔,주말예약
2026-08-05T23:04:48,인천 동구 오피스텔 폐기물청소 청소범위,seo-incheon-dong-gu-officetel-waste-cleaning-scope,https://clever-griffin-93819d.netlify.app/seo-incheon-dong-gu-officetel-waste-cleaning-scope/,인천 동구,폐기물청소,오피스텔,청소범위
2026-08-05T23:04:48,인천 동구 상가 폐기물청소 전문업체,seo-incheon-dong-gu-store-waste-cleaning-company,https://clever-griffin-93819d.netlify.app/seo-incheon-dong-gu-store-waste-cleaning-company/,인천 동구,폐기물청소,상가,전문업체
2026-08-05T23:04:48,인천 동구 상가 폐기물청소 비용,seo-incheon-dong-gu-store-waste-cleaning-cost,https://clever-griffin-93819d.netlify.app/seo-incheon-dong-gu-store-waste-cleaning-cost/,인천 동구,폐기물청소,상가,비용
2026-08-05T23:04:48,인천 동구 상가 폐기물청소 가격,seo-incheon-dong-gu-store-waste-cleaning-price,https://clever-griffin-93819d.netlify.app/seo-incheon-dong-gu-store-waste-cleaning-price/,인천 동구,폐기물청소,상가,가격
2026-08-05T23:04:48,인천 동구 상가 폐기물청소 견적,seo-incheon-dong-gu-store-waste-cleaning-estimate,https://clever-griffin-93819d.netlify.app/seo-incheon-dong-gu-store-waste-cleaning-estimate/,인천 동구,폐기물청소,상가,견적
2026-08-05T23:04:48,인천 동구 상가 폐기물청소 예약,seo-incheon-dong-gu-store-waste-cleaning-booking,https://clever-griffin-93819d.netlify.app/seo-incheon-dong-gu-store-waste-cleaning-booking/,인천 동구,폐기물청소,상가,예약
2026-08-05T23:04:48,인천 동구 상가 폐기물청소 추천,seo-incheon-dong-gu-store-waste-cleaning-recommend,https://clever-griffin-93819d.netlify.app/seo-incheon-dong-gu-store-waste-cleaning-recommend/,인천 동구,폐기물청소,상가,추천
2026-08-05T23:04:48,인천 동구 상가 폐기물청소 후기,seo-incheon-dong-gu-store-waste-cleaning-review,https://clever-griffin-93819d.netlify.app/seo-incheon-dong-gu-store-waste-cleaning-review/,인천 동구,폐기물청소,상가,후기
2026-08-05T23:04:48,인천 동구 상가 폐기물청소 잘하는곳,seo-incheon-dong-gu-store-waste-cleaning-best,https://clever-griffin-93819d.netlify.app/seo-incheon-dong-gu-store-waste-cleaning-best/,인천 동구,폐기물청소,상가,잘하는곳
2026-08-05T23:04:48,인천 동구 상가 폐기물청소 업체,seo-incheon-dong-gu-store-waste-cleaning-service,https://clever-griffin-93819d.netlify.app/seo-incheon-dong-gu-store-waste-cleaning-service/,인천 동구,폐기물청소,상가,업체
2026-08-05T23:04:48,인천 동구 상가 폐기물청소 당일상담,seo-incheon-dong-gu-store-waste-cleaning-same-day-consult,https://clever-griffin-93819d.netlify.app/seo-incheon-dong-gu-store-waste-cleaning-same-day-consult/,인천 동구,폐기물청소,상가,당일상담
2026-08-05T23:04:48,인천 동구 상가 폐기물청소 주말예약,seo-incheon-dong-gu-store-waste-cleaning-weekend-booking,https://clever-griffin-93819d.netlify.app/seo-incheon-dong-gu-store-waste-cleaning-weekend-booking/,인천 동구,폐기물청소,상가,주말예약
2026-08-05T23:04:48,인천 동구 상가 폐기물청소 청소범위,seo-incheon-dong-gu-store-waste-cleaning-scope,https://clever-griffin-93819d.netlify.app/seo-incheon-dong-gu-store-waste-cleaning-scope/,인천 동구,폐기물청소,상가,청소범위
2026-08-05T23:04:48,인천 동구 사무실 폐기물청소 전문업체,seo-incheon-dong-gu-office-waste-cleaning-company,https://clever-griffin-93819d.netlify.app/seo-incheon-dong-gu-office-waste-cleaning-company/,인천 동구,폐기물청소,사무실,전문업체
2026-08-05T23:04:48,인천 동구 사무실 폐기물청소 비용,seo-incheon-dong-gu-office-waste-cleaning-cost,https://clever-griffin-93819d.netlify.app/seo-incheon-dong-gu-office-waste-cleaning-cost/,인천 동구,폐기물청소,사무실,비용
2026-08-05T23:04:48,인천 동구 사무실 폐기물청소 가격,seo-incheon-dong-gu-office-waste-cleaning-price,https://clever-griffin-93819d.netlify.app/seo-incheon-dong-gu-office-waste-cleaning-price/,인천 동구,폐기물청소,사무실,가격
2026-08-05T23:04:48,인천 동구 사무실 폐기물청소 견적,seo-incheon-dong-gu-office-waste-cleaning-estimate,https://clever-griffin-93819d.netlify.app/seo-incheon-dong-gu-office-waste-cleaning-estimate/,인천 동구,폐기물청소,사무실,견적
2026-08-05T23:04:48,인천 동구 사무실 폐기물청소 예약,seo-incheon-dong-gu-office-waste-cleaning-booking,https://clever-griffin-93819d.netlify.app/seo-incheon-dong-gu-office-waste-cleaning-booking/,인천 동구,폐기물청소,사무실,예약
2026-08-05T23:04:48,인천 동구 사무실 폐기물청소 추천,seo-incheon-dong-gu-office-waste-cleaning-recommend,https://clever-griffin-93819d.netlify.app/seo-incheon-dong-gu-office-waste-cleaning-recommend/,인천 동구,폐기물청소,사무실,추천
2026-08-05T23:04:48,인천 동구 사무실 폐기물청소 후기,seo-incheon-dong-gu-office-waste-cleaning-review,https://clever-griffin-93819d.netlify.app/seo-incheon-dong-gu-office-waste-cleaning-review/,인천 동구,폐기물청소,사무실,후기
2026-08-05T23:04:48,인천 동구 사무실 폐기물청소 잘하는곳,seo-incheon-dong-gu-office-waste-cleaning-best,https://clever-griffin-93819d.netlify.app/seo-incheon-dong-gu-office-waste-cleaning-best/,인천 동구,폐기물청소,사무실,잘하는곳
2026-08-05T23:04:48,인천 동구 사무실 폐기물청소 업체,seo-incheon-dong-gu-office-waste-cleaning-service,https://clever-griffin-93819d.netlify.app/seo-incheon-dong-gu-office-waste-cleaning-service/,인천 동구,폐기물청소,사무실,업체
2026-08-05T23:04:48,인천 동구 사무실 폐기물청소 당일상담,seo-incheon-dong-gu-office-waste-cleaning-same-day-consult,https://clever-griffin-93819d.netlify.app/seo-incheon-dong-gu-office-waste-cleaning-same-day-consult/,인천 동구,폐기물청소,사무실,당일상담
2026-08-05T23:04:48,인천 동구 사무실 폐기물청소 주말예약,seo-incheon-dong-gu-office-waste-cleaning-weekend-booking,https://clever-griffin-93819d.netlify.app/seo-incheon-dong-gu-office-waste-cleaning-weekend-booking/,인천 동구,폐기물청소,사무실,주말예약
2026-08-05T23:04:48,인천 동구 사무실 폐기물청소 청소범위,seo-incheon-dong-gu-office-waste-cleaning-scope,https://clever-griffin-93819d.netlify.app/seo-incheon-dong-gu-office-waste-cleaning-scope/,인천 동구,폐기물청소,사무실,청소범위
2026-08-05T23:04:48,인천 미추홀구 아파트 입주청소 전문업체,seo-incheon-michuhol-gu-apartment-move-in-cleaning-company,https://clever-griffin-93819d.netlify.app/seo-incheon-michuhol-gu-apartment-move-in-cleaning-company/,인천 미추홀구,입주청소,아파트,전문업체
2026-08-05T23:04:48,인천 미추홀구 아파트 입주청소 비용,seo-incheon-michuhol-gu-apartment-move-in-cleaning-cost,https://clever-griffin-93819d.netlify.app/seo-incheon-michuhol-gu-apartment-move-in-cleaning-cost/,인천 미추홀구,입주청소,아파트,비용
2026-08-05T23:04:48,인천 미추홀구 아파트 입주청소 가격,seo-incheon-michuhol-gu-apartment-move-in-cleaning-price,https://clever-griffin-93819d.netlify.app/seo-incheon-michuhol-gu-apartment-move-in-cleaning-price/,인천 미추홀구,입주청소,아파트,가격
2026-08-05T23:04:48,인천 미추홀구 아파트 입주청소 견적,seo-incheon-michuhol-gu-apartment-move-in-cleaning-estimate,https://clever-griffin-93819d.netlify.app/seo-incheon-michuhol-gu-apartment-move-in-cleaning-estimate/,인천 미추홀구,입주청소,아파트,견적
2026-08-05T23:04:48,인천 미추홀구 아파트 입주청소 예약,seo-incheon-michuhol-gu-apartment-move-in-cleaning-booking,https://clever-griffin-93819d.netlify.app/seo-incheon-michuhol-gu-apartment-move-in-cleaning-booking/,인천 미추홀구,입주청소,아파트,예약
2026-08-05T23:04:48,인천 미추홀구 아파트 입주청소 추천,seo-incheon-michuhol-gu-apartment-move-in-cleaning-recommend,https://clever-griffin-93819d.netlify.app/seo-incheon-michuhol-gu-apartment-move-in-cleaning-recommend/,인천 미추홀구,입주청소,아파트,추천
2026-08-05T23:04:48,인천 미추홀구 아파트 입주청소 후기,seo-incheon-michuhol-gu-apartment-move-in-cleaning-review,https://clever-griffin-93819d.netlify.app/seo-incheon-michuhol-gu-apartment-move-in-cleaning-review/,인천 미추홀구,입주청소,아파트,후기
2026-08-05T23:04:48,인천 미추홀구 아파트 입주청소 잘하는곳,seo-incheon-michuhol-gu-apartment-move-in-cleaning-best,https://clever-griffin-93819d.netlify.app/seo-incheon-michuhol-gu-apartment-move-in-cleaning-best/,인천 미추홀구,입주청소,아파트,잘하는곳
2026-08-05T23:04:48,인천 미추홀구 아파트 입주청소 업체,seo-incheon-michuhol-gu-apartment-move-in-cleaning-service,https://clever-griffin-93819d.netlify.app/seo-incheon-michuhol-gu-apartment-move-in-cleaning-service/,인천 미추홀구,입주청소,아파트,업체
2026-08-05T23:04:48,인천 미추홀구 아파트 입주청소 당일상담,seo-incheon-michuhol-gu-apartment-move-in-cleaning-same-day-consult,https://clever-griffin-93819d.netlify.app/seo-incheon-michuhol-gu-apartment-move-in-cleaning-same-day-consult/,인천 미추홀구,입주청소,아파트,당일상담
2026-08-05T23:04:48,인천 미추홀구 아파트 입주청소 주말예약,seo-incheon-michuhol-gu-apartment-move-in-cleaning-weekend-booking,https://clever-griffin-93819d.netlify.app/seo-incheon-michuhol-gu-apartment-move-in-cleaning-weekend-booking/,인천 미추홀구,입주청소,아파트,주말예약
2026-08-05T23:04:48,인천 미추홀구 아파트 입주청소 청소범위,seo-incheon-michuhol-gu-apartment-move-in-cleaning-scope,https://clever-griffin-93819d.netlify.app/seo-incheon-michuhol-gu-apartment-move-in-cleaning-scope/,인천 미추홀구,입주청소,아파트,청소범위
2026-08-05T23:04:48,인천 미추홀구 원룸 입주청소 전문업체,seo-incheon-michuhol-gu-one-room-move-in-cleaning-company,https://clever-griffin-93819d.netlify.app/seo-incheon-michuhol-gu-one-room-move-in-cleaning-company/,인천 미추홀구,입주청소,원룸,전문업체
2026-08-05T23:04:48,인천 미추홀구 원룸 입주청소 비용,seo-incheon-michuhol-gu-one-room-move-in-cleaning-cost,https://clever-griffin-93819d.netlify.app/seo-incheon-michuhol-gu-one-room-move-in-cleaning-cost/,인천 미추홀구,입주청소,원룸,비용
2026-08-05T23:04:48,인천 미추홀구 원룸 입주청소 가격,seo-incheon-michuhol-gu-one-room-move-in-cleaning-price,https://clever-griffin-93819d.netlify.app/seo-incheon-michuhol-gu-one-room-move-in-cleaning-price/,인천 미추홀구,입주청소,원룸,가격
2026-08-05T23:04:48,인천 미추홀구 원룸 입주청소 견적,seo-incheon-michuhol-gu-one-room-move-in-cleaning-estimate,https://clever-griffin-93819d.netlify.app/seo-incheon-michuhol-gu-one-room-move-in-cleaning-estimate/,인천 미추홀구,입주청소,원룸,견적
2026-08-05T23:04:48,인천 미추홀구 원룸 입주청소 예약,seo-incheon-michuhol-gu-one-room-move-in-cleaning-booking,https://clever-griffin-93819d.netlify.app/seo-incheon-michuhol-gu-one-room-move-in-cleaning-booking/,인천 미추홀구,입주청소,원룸,예약
2026-08-05T23:04:48,인천 미추홀구 원룸 입주청소 추천,seo-incheon-michuhol-gu-one-room-move-in-cleaning-recommend,https://clever-griffin-93819d.netlify.app/seo-incheon-michuhol-gu-one-room-move-in-cleaning-recommend/,인천 미추홀구,입주청소,원룸,추천
2026-08-05T23:04:48,인천 미추홀구 원룸 입주청소 후기,seo-incheon-michuhol-gu-one-room-move-in-cleaning-review,https://clever-griffin-93819d.netlify.app/seo-incheon-michuhol-gu-one-room-move-in-cleaning-review/,인천 미추홀구,입주청소,원룸,후기
2026-08-05T23:04:48,인천 미추홀구 원룸 입주청소 잘하는곳,seo-incheon-michuhol-gu-one-room-move-in-cleaning-best,https://clever-griffin-93819d.netlify.app/seo-incheon-michuhol-gu-one-room-move-in-cleaning-best/,인천 미추홀구,입주청소,원룸,잘하는곳
2026-08-05T23:04:48,인천 미추홀구 원룸 입주청소 업체,seo-incheon-michuhol-gu-one-room-move-in-cleaning-service,https://clever-griffin-93819d.netlify.app/seo-incheon-michuhol-gu-one-room-move-in-cleaning-service/,인천 미추홀구,입주청소,원룸,업체
2026-08-05T23:04:48,인천 미추홀구 원룸 입주청소 당일상담,seo-incheon-michuhol-gu-one-room-move-in-cleaning-same-day-consult,https://clever-griffin-93819d.netlify.app/seo-incheon-michuhol-gu-one-room-move-in-cleaning-same-day-consult/,인천 미추홀구,입주청소,원룸,당일상담
2026-08-05T23:04:48,인천 미추홀구 원룸 입주청소 주말예약,seo-incheon-michuhol-gu-one-room-move-in-cleaning-weekend-booking,https://clever-griffin-93819d.netlify.app/seo-incheon-michuhol-gu-one-room-move-in-cleaning-weekend-booking/,인천 미추홀구,입주청소,원룸,주말예약
2026-08-05T23:04:48,인천 미추홀구 원룸 입주청소 청소범위,seo-incheon-michuhol-gu-one-room-move-in-cleaning-scope,https://clever-griffin-93819d.netlify.app/seo-incheon-michuhol-gu-one-room-move-in-cleaning-scope/,인천 미추홀구,입주청소,원룸,청소범위
2026-08-05T23:04:48,인천 미추홀구 빌라 입주청소 전문업체,seo-incheon-michuhol-gu-villa-move-in-cleaning-company,https://clever-griffin-93819d.netlify.app/seo-incheon-michuhol-gu-villa-move-in-cleaning-company/,인천 미추홀구,입주청소,빌라,전문업체
2026-08-05T23:04:48,인천 미추홀구 빌라 입주청소 비용,seo-incheon-michuhol-gu-villa-move-in-cleaning-cost,https://clever-griffin-93819d.netlify.app/seo-incheon-michuhol-gu-villa-move-in-cleaning-cost/,인천 미추홀구,입주청소,빌라,비용
2026-08-05T23:04:48,인천 미추홀구 빌라 입주청소 가격,seo-incheon-michuhol-gu-villa-move-in-cleaning-price,https://clever-griffin-93819d.netlify.app/seo-incheon-michuhol-gu-villa-move-in-cleaning-price/,인천 미추홀구,입주청소,빌라,가격
2026-08-05T23:04:48,인천 미추홀구 빌라 입주청소 견적,seo-incheon-michuhol-gu-villa-move-in-cleaning-estimate,https://clever-griffin-93819d.netlify.app/seo-incheon-michuhol-gu-villa-move-in-cleaning-estimate/,인천 미추홀구,입주청소,빌라,견적
2026-08-05T23:04:48,인천 미추홀구 빌라 입주청소 예약,seo-incheon-michuhol-gu-villa-move-in-cleaning-booking,https://clever-griffin-93819d.netlify.app/seo-incheon-michuhol-gu-villa-move-in-cleaning-booking/,인천 미추홀구,입주청소,빌라,예약
2026-08-05T23:04:48,인천 미추홀구 빌라 입주청소 추천,seo-incheon-michuhol-gu-villa-move-in-cleaning-recommend,https://clever-griffin-93819d.netlify.app/seo-incheon-michuhol-gu-villa-move-in-cleaning-recommend/,인천 미추홀구,입주청소,빌라,추천
2026-08-05T23:04:48,인천 미추홀구 빌라 입주청소 후기,seo-incheon-michuhol-gu-villa-move-in-cleaning-review,https://clever-griffin-93819d.netlify.app/seo-incheon-michuhol-gu-villa-move-in-cleaning-review/,인천 미추홀구,입주청소,빌라,후기
2026-08-05T23:04:48,인천 미추홀구 빌라 입주청소 잘하는곳,seo-incheon-michuhol-gu-villa-move-in-cleaning-best,https://clever-griffin-93819d.netlify.app/seo-incheon-michuhol-gu-villa-move-in-cleaning-best/,인천 미추홀구,입주청소,빌라,잘하는곳
2026-08-05T23:04:48,인천 미추홀구 빌라 입주청소 업체,seo-incheon-michuhol-gu-villa-move-in-cleaning-service,https://clever-griffin-93819d.netlify.app/seo-incheon-michuhol-gu-villa-move-in-cleaning-service/,인천 미추홀구,입주청소,빌라,업체
2026-08-05T23:04:48,인천 미추홀구 빌라 입주청소 당일상담,seo-incheon-michuhol-gu-villa-move-in-cleaning-same-day-consult,https://clever-griffin-93819d.netlify.app/seo-incheon-michuhol-gu-villa-move-in-cleaning-same-day-consult/,인천 미추홀구,입주청소,빌라,당일상담
2026-08-05T23:04:48,인천 미추홀구 빌라 입주청소 주말예약,seo-incheon-michuhol-gu-villa-move-in-cleaning-weekend-booking,https://clever-griffin-93819d.netlify.app/seo-incheon-michuhol-gu-villa-move-in-cleaning-weekend-booking/,인천 미추홀구,입주청소,빌라,주말예약
2026-08-05T23:04:48,인천 미추홀구 빌라 입주청소 청소범위,seo-incheon-michuhol-gu-villa-move-in-cleaning-scope,https://clever-griffin-93819d.netlify.app/seo-incheon-michuhol-gu-villa-move-in-cleaning-scope/,인천 미추홀구,입주청소,빌라,청소범위
2026-08-05T23:04:48,인천 미추홀구 오피스텔 입주청소 전문업체,seo-incheon-michuhol-gu-officetel-move-in-cleaning-company,https://clever-griffin-93819d.netlify.app/seo-incheon-michuhol-gu-officetel-move-in-cleaning-company/,인천 미추홀구,입주청소,오피스텔,전문업체
2026-08-05T23:04:48,인천 미추홀구 오피스텔 입주청소 비용,seo-incheon-michuhol-gu-officetel-move-in-cleaning-cost,https://clever-griffin-93819d.netlify.app/seo-incheon-michuhol-gu-officetel-move-in-cleaning-cost/,인천 미추홀구,입주청소,오피스텔,비용
2026-08-05T23:04:48,인천 미추홀구 오피스텔 입주청소 가격,seo-incheon-michuhol-gu-officetel-move-in-cleaning-price,https://clever-griffin-93819d.netlify.app/seo-incheon-michuhol-gu-officetel-move-in-cleaning-price/,인천 미추홀구,입주청소,오피스텔,가격
2026-08-05T23:04:48,인천 미추홀구 오피스텔 입주청소 견적,seo-incheon-michuhol-gu-officetel-move-in-cleaning-estimate,https://clever-griffin-93819d.netlify.app/seo-incheon-michuhol-gu-officetel-move-in-cleaning-estimate/,인천 미추홀구,입주청소,오피스텔,견적
2026-08-05T23:04:48,인천 미추홀구 오피스텔 입주청소 예약,seo-incheon-michuhol-gu-officetel-move-in-cleaning-booking,https://clever-griffin-93819d.netlify.app/seo-incheon-michuhol-gu-officetel-move-in-cleaning-booking/,인천 미추홀구,입주청소,오피스텔,예약
2026-08-05T23:04:48,인천 미추홀구 오피스텔 입주청소 추천,seo-incheon-michuhol-gu-officetel-move-in-cleaning-recommend,https://clever-griffin-93819d.netlify.app/seo-incheon-michuhol-gu-officetel-move-in-cleaning-recommend/,인천 미추홀구,입주청소,오피스텔,추천
2026-08-05T23:04:48,인천 미추홀구 오피스텔 입주청소 후기,seo-incheon-michuhol-gu-officetel-move-in-cleaning-review,https://clever-griffin-93819d.netlify.app/seo-incheon-michuhol-gu-officetel-move-in-cleaning-review/,인천 미추홀구,입주청소,오피스텔,후기
2026-08-05T23:04:48,인천 미추홀구 오피스텔 입주청소 잘하는곳,seo-incheon-michuhol-gu-officetel-move-in-cleaning-best,https://clever-griffin-93819d.netlify.app/seo-incheon-michuhol-gu-officetel-move-in-cleaning-best/,인천 미추홀구,입주청소,오피스텔,잘하는곳
2026-08-05T23:04:48,인천 미추홀구 오피스텔 입주청소 업체,seo-incheon-michuhol-gu-officetel-move-in-cleaning-service,https://clever-griffin-93819d.netlify.app/seo-incheon-michuhol-gu-officetel-move-in-cleaning-service/,인천 미추홀구,입주청소,오피스텔,업체
2026-08-05T23:04:48,인천 미추홀구 오피스텔 입주청소 당일상담,seo-incheon-michuhol-gu-officetel-move-in-cleaning-same-day-consult,https://clever-griffin-93819d.netlify.app/seo-incheon-michuhol-gu-officetel-move-in-cleaning-same-day-consult/,인천 미추홀구,입주청소,오피스텔,당일상담
2026-08-05T23:04:48,인천 미추홀구 오피스텔 입주청소 주말예약,seo-incheon-michuhol-gu-officetel-move-in-cleaning-weekend-booking,https://clever-griffin-93819d.netlify.app/seo-incheon-michuhol-gu-officetel-move-in-cleaning-weekend-booking/,인천 미추홀구,입주청소,오피스텔,주말예약
2026-08-05T23:04:48,인천 미추홀구 오피스텔 입주청소 청소범위,seo-incheon-michuhol-gu-officetel-move-in-cleaning-scope,https://clever-griffin-93819d.netlify.app/seo-incheon-michuhol-gu-officetel-move-in-cleaning-scope/,인천 미추홀구,입주청소,오피스텔,청소범위
2026-08-05T23:04:48,인천 미추홀구 상가 입주청소 전문업체,seo-incheon-michuhol-gu-store-move-in-cleaning-company,https://clever-griffin-93819d.netlify.app/seo-incheon-michuhol-gu-store-move-in-cleaning-company/,인천 미추홀구,입주청소,상가,전문업체
2026-08-05T23:04:48,인천 미추홀구 상가 입주청소 비용,seo-incheon-michuhol-gu-store-move-in-cleaning-cost,https://clever-griffin-93819d.netlify.app/seo-incheon-michuhol-gu-store-move-in-cleaning-cost/,인천 미추홀구,입주청소,상가,비용
2026-08-05T23:04:48,인천 미추홀구 상가 입주청소 가격,seo-incheon-michuhol-gu-store-move-in-cleaning-price,https://clever-griffin-93819d.netlify.app/seo-incheon-michuhol-gu-store-move-in-cleaning-price/,인천 미추홀구,입주청소,상가,가격
2026-08-05T23:04:48,인천 미추홀구 상가 입주청소 견적,seo-incheon-michuhol-gu-store-move-in-cleaning-estimate,https://clever-griffin-93819d.netlify.app/seo-incheon-michuhol-gu-store-move-in-cleaning-estimate/,인천 미추홀구,입주청소,상가,견적
2026-08-05T23:04:48,인천 미추홀구 상가 입주청소 예약,seo-incheon-michuhol-gu-store-move-in-cleaning-booking,https://clever-griffin-93819d.netlify.app/seo-incheon-michuhol-gu-store-move-in-cleaning-booking/,인천 미추홀구,입주청소,상가,예약
2026-08-05T23:04:48,인천 미추홀구 상가 입주청소 추천,seo-incheon-michuhol-gu-store-move-in-cleaning-recommend,https://clever-griffin-93819d.netlify.app/seo-incheon-michuhol-gu-store-move-in-cleaning-recommend/,인천 미추홀구,입주청소,상가,추천
2026-08-05T23:04:48,인천 미추홀구 상가 입주청소 후기,seo-incheon-michuhol-gu-store-move-in-cleaning-review,https://clever-griffin-93819d.netlify.app/seo-incheon-michuhol-gu-store-move-in-cleaning-review/,인천 미추홀구,입주청소,상가,후기
2026-08-05T23:04:48,인천 미추홀구 상가 입주청소 잘하는곳,seo-incheon-michuhol-gu-store-move-in-cleaning-best,https://clever-griffin-93819d.netlify.app/seo-incheon-michuhol-gu-store-move-in-cleaning-best/,인천 미추홀구,입주청소,상가,잘하는곳
2026-08-05T23:04:48,인천 미추홀구 상가 입주청소 업체,seo-incheon-michuhol-gu-store-move-in-cleaning-service,https://clever-griffin-93819d.netlify.app/seo-incheon-michuhol-gu-store-move-in-cleaning-service/,인천 미추홀구,입주청소,상가,업체
2026-08-05T23:04:48,인천 미추홀구 상가 입주청소 당일상담,seo-incheon-michuhol-gu-store-move-in-cleaning-same-day-consult,https://clever-griffin-93819d.netlify.app/seo-incheon-michuhol-gu-store-move-in-cleaning-same-day-consult/,인천 미추홀구,입주청소,상가,당일상담
2026-08-05T23:04:48,인천 미추홀구 상가 입주청소 주말예약,seo-incheon-michuhol-gu-store-move-in-cleaning-weekend-booking,https://clever-griffin-93819d.netlify.app/seo-incheon-michuhol-gu-store-move-in-cleaning-weekend-booking/,인천 미추홀구,입주청소,상가,주말예약
2026-08-05T23:04:48,인천 미추홀구 상가 입주청소 청소범위,seo-incheon-michuhol-gu-store-move-in-cleaning-scope,https://clever-griffin-93819d.netlify.app/seo-incheon-michuhol-gu-store-move-in-cleaning-scope/,인천 미추홀구,입주청소,상가,청소범위
2026-08-05T23:04:48,인천 미추홀구 사무실 입주청소 전문업체,seo-incheon-michuhol-gu-office-move-in-cleaning-company,https://clever-griffin-93819d.netlify.app/seo-incheon-michuhol-gu-office-move-in-cleaning-company/,인천 미추홀구,입주청소,사무실,전문업체
2026-08-05T23:04:48,인천 미추홀구 사무실 입주청소 비용,seo-incheon-michuhol-gu-office-move-in-cleaning-cost,https://clever-griffin-93819d.netlify.app/seo-incheon-michuhol-gu-office-move-in-cleaning-cost/,인천 미추홀구,입주청소,사무실,비용
2026-08-05T23:04:48,인천 미추홀구 사무실 입주청소 가격,seo-incheon-michuhol-gu-office-move-in-cleaning-price,https://clever-griffin-93819d.netlify.app/seo-incheon-michuhol-gu-office-move-in-cleaning-price/,인천 미추홀구,입주청소,사무실,가격
2026-08-05T23:04:48,인천 미추홀구 사무실 입주청소 견적,seo-incheon-michuhol-gu-office-move-in-cleaning-estimate,https://clever-griffin-93819d.netlify.app/seo-incheon-michuhol-gu-office-move-in-cleaning-estimate/,인천 미추홀구,입주청소,사무실,견적
2026-08-05T23:04:48,인천 미추홀구 사무실 입주청소 예약,seo-incheon-michuhol-gu-office-move-in-cleaning-booking,https://clever-griffin-93819d.netlify.app/seo-incheon-michuhol-gu-office-move-in-cleaning-booking/,인천 미추홀구,입주청소,사무실,예약
2026-08-05T23:04:48,인천 미추홀구 사무실 입주청소 추천,seo-incheon-michuhol-gu-office-move-in-cleaning-recommend,https://clever-griffin-93819d.netlify.app/seo-incheon-michuhol-gu-office-move-in-cleaning-recommend/,인천 미추홀구,입주청소,사무실,추천
2026-08-05T23:04:48,인천 미추홀구 사무실 입주청소 후기,seo-incheon-michuhol-gu-office-move-in-cleaning-review,https://clever-griffin-93819d.netlify.app/seo-incheon-michuhol-gu-office-move-in-cleaning-review/,인천 미추홀구,입주청소,사무실,후기
2026-08-05T23:04:48,인천 미추홀구 사무실 입주청소 잘하는곳,seo-incheon-michuhol-gu-office-move-in-cleaning-best,https://clever-griffin-93819d.netlify.app/seo-incheon-michuhol-gu-office-move-in-cleaning-best/,인천 미추홀구,입주청소,사무실,잘하는곳
2026-08-05T23:04:48,인천 미추홀구 사무실 입주청소 업체,seo-incheon-michuhol-gu-office-move-in-cleaning-service,https://clever-griffin-93819d.netlify.app/seo-incheon-michuhol-gu-office-move-in-cleaning-service/,인천 미추홀구,입주청소,사무실,업체
2026-08-05T23:04:48,인천 미추홀구 사무실 입주청소 당일상담,seo-incheon-michuhol-gu-office-move-in-cleaning-same-day-consult,https://clever-griffin-93819d.netlify.app/seo-incheon-michuhol-gu-office-move-in-cleaning-same-day-consult/,인천 미추홀구,입주청소,사무실,당일상담
2026-08-05T23:04:48,인천 미추홀구 사무실 입주청소 주말예약,seo-incheon-michuhol-gu-office-move-in-cleaning-weekend-booking,https://clever-griffin-93819d.netlify.app/seo-incheon-michuhol-gu-office-move-in-cleaning-weekend-booking/,인천 미추홀구,입주청소,사무실,주말예약
2026-08-05T23:04:48,인천 미추홀구 사무실 입주청소 청소범위,seo-incheon-michuhol-gu-office-move-in-cleaning-scope,https://clever-griffin-93819d.netlify.app/seo-incheon-michuhol-gu-office-move-in-cleaning-scope/,인천 미추홀구,입주청소,사무실,청소범위
2026-08-05T23:04:48,인천 미추홀구 아파트 이사청소 전문업체,seo-incheon-michuhol-gu-apartment-moving-cleaning-company,https://clever-griffin-93819d.netlify.app/seo-incheon-michuhol-gu-apartment-moving-cleaning-company/,인천 미추홀구,이사청소,아파트,전문업체
2026-08-05T23:04:48,인천 미추홀구 아파트 이사청소 비용,seo-incheon-michuhol-gu-apartment-moving-cleaning-cost,https://clever-griffin-93819d.netlify.app/seo-incheon-michuhol-gu-apartment-moving-cleaning-cost/,인천 미추홀구,이사청소,아파트,비용
2026-08-05T23:04:48,인천 미추홀구 아파트 이사청소 가격,seo-incheon-michuhol-gu-apartment-moving-cleaning-price,https://clever-griffin-93819d.netlify.app/seo-incheon-michuhol-gu-apartment-moving-cleaning-price/,인천 미추홀구,이사청소,아파트,가격
2026-08-05T23:04:48,인천 미추홀구 아파트 이사청소 견적,seo-incheon-michuhol-gu-apartment-moving-cleaning-estimate,https://clever-griffin-93819d.netlify.app/seo-incheon-michuhol-gu-apartment-moving-cleaning-estimate/,인천 미추홀구,이사청소,아파트,견적
2026-08-05T23:04:48,인천 미추홀구 아파트 이사청소 예약,seo-incheon-michuhol-gu-apartment-moving-cleaning-booking,https://clever-griffin-93819d.netlify.app/seo-incheon-michuhol-gu-apartment-moving-cleaning-booking/,인천 미추홀구,이사청소,아파트,예약
2026-08-05T23:04:48,인천 미추홀구 아파트 이사청소 추천,seo-incheon-michuhol-gu-apartment-moving-cleaning-recommend,https://clever-griffin-93819d.netlify.app/seo-incheon-michuhol-gu-apartment-moving-cleaning-recommend/,인천 미추홀구,이사청소,아파트,추천
2026-08-05T23:04:48,인천 미추홀구 아파트 이사청소 후기,seo-incheon-michuhol-gu-apartment-moving-cleaning-review,https://clever-griffin-93819d.netlify.app/seo-incheon-michuhol-gu-apartment-moving-cleaning-review/,인천 미추홀구,이사청소,아파트,후기
2026-08-05T23:04:48,인천 미추홀구 아파트 이사청소 잘하는곳,seo-incheon-michuhol-gu-apartment-moving-cleaning-best,https://clever-griffin-93819d.netlify.app/seo-incheon-michuhol-gu-apartment-moving-cleaning-best/,인천 미추홀구,이사청소,아파트,잘하는곳
2026-08-05T23:04:48,인천 미추홀구 아파트 이사청소 업체,seo-incheon-michuhol-gu-apartment-moving-cleaning-service,https://clever-griffin-93819d.netlify.app/seo-incheon-michuhol-gu-apartment-moving-cleaning-service/,인천 미추홀구,이사청소,아파트,업체
2026-08-05T23:04:48,인천 미추홀구 아파트 이사청소 당일상담,seo-incheon-michuhol-gu-apartment-moving-cleaning-same-day-consult,https://clever-griffin-93819d.netlify.app/seo-incheon-michuhol-gu-apartment-moving-cleaning-same-day-consult/,인천 미추홀구,이사청소,아파트,당일상담
2026-08-05T23:04:48,인천 미추홀구 아파트 이사청소 주말예약,seo-incheon-michuhol-gu-apartment-moving-cleaning-weekend-booking,https://clever-griffin-93819d.netlify.app/seo-incheon-michuhol-gu-apartment-moving-cleaning-weekend-booking/,인천 미추홀구,이사청소,아파트,주말예약
2026-08-05T23:04:48,인천 미추홀구 아파트 이사청소 청소범위,seo-incheon-michuhol-gu-apartment-moving-cleaning-scope,https://clever-griffin-93819d.netlify.app/seo-incheon-michuhol-gu-apartment-moving-cleaning-scope/,인천 미추홀구,이사청소,아파트,청소범위
2026-08-05T23:04:48,인천 미추홀구 원룸 이사청소 전문업체,seo-incheon-michuhol-gu-one-room-moving-cleaning-company,https://clever-griffin-93819d.netlify.app/seo-incheon-michuhol-gu-one-room-moving-cleaning-company/,인천 미추홀구,이사청소,원룸,전문업체
2026-08-05T23:04:48,인천 미추홀구 원룸 이사청소 비용,seo-incheon-michuhol-gu-one-room-moving-cleaning-cost,https://clever-griffin-93819d.netlify.app/seo-incheon-michuhol-gu-one-room-moving-cleaning-cost/,인천 미추홀구,이사청소,원룸,비용
2026-08-05T23:04:48,인천 미추홀구 원룸 이사청소 가격,seo-incheon-michuhol-gu-one-room-moving-cleaning-price,https://clever-griffin-93819d.netlify.app/seo-incheon-michuhol-gu-one-room-moving-cleaning-price/,인천 미추홀구,이사청소,원룸,가격
2026-08-05T23:04:48,인천 미추홀구 원룸 이사청소 견적,seo-incheon-michuhol-gu-one-room-moving-cleaning-estimate,https://clever-griffin-93819d.netlify.app/seo-incheon-michuhol-gu-one-room-moving-cleaning-estimate/,인천 미추홀구,이사청소,원룸,견적
2026-08-05T23:04:48,인천 미추홀구 원룸 이사청소 예약,seo-incheon-michuhol-gu-one-room-moving-cleaning-booking,https://clever-griffin-93819d.netlify.app/seo-incheon-michuhol-gu-one-room-moving-cleaning-booking/,인천 미추홀구,이사청소,원룸,예약
2026-08-05T23:04:48,인천 미추홀구 원룸 이사청소 추천,seo-incheon-michuhol-gu-one-room-moving-cleaning-recommend,https://clever-griffin-93819d.netlify.app/seo-incheon-michuhol-gu-one-room-moving-cleaning-recommend/,인천 미추홀구,이사청소,원룸,추천
2026-08-05T23:04:48,인천 미추홀구 원룸 이사청소 후기,seo-incheon-michuhol-gu-one-room-moving-cleaning-review,https://clever-griffin-93819d.netlify.app/seo-incheon-michuhol-gu-one-room-moving-cleaning-review/,인천 미추홀구,이사청소,원룸,후기
2026-08-05T23:04:48,인천 미추홀구 원룸 이사청소 잘하는곳,seo-incheon-michuhol-gu-one-room-moving-cleaning-best,https://clever-griffin-93819d.netlify.app/seo-incheon-michuhol-gu-one-room-moving-cleaning-best/,인천 미추홀구,이사청소,원룸,잘하는곳
2026-08-05T23:04:48,인천 미추홀구 원룸 이사청소 업체,seo-incheon-michuhol-gu-one-room-moving-cleaning-service,https://clever-griffin-93819d.netlify.app/seo-incheon-michuhol-gu-one-room-moving-cleaning-service/,인천 미추홀구,이사청소,원룸,업체
2026-08-05T23:04:48,인천 미추홀구 원룸 이사청소 당일상담,seo-incheon-michuhol-gu-one-room-moving-cleaning-same-day-consult,https://clever-griffin-93819d.netlify.app/seo-incheon-michuhol-gu-one-room-moving-cleaning-same-day-consult/,인천 미추홀구,이사청소,원룸,당일상담
2026-08-05T23:04:48,인천 미추홀구 원룸 이사청소 주말예약,seo-incheon-michuhol-gu-one-room-moving-cleaning-weekend-booking,https://clever-griffin-93819d.netlify.app/seo-incheon-michuhol-gu-one-room-moving-cleaning-weekend-booking/,인천 미추홀구,이사청소,원룸,주말예약
2026-08-05T23:04:48,인천 미추홀구 원룸 이사청소 청소범위,seo-incheon-michuhol-gu-one-room-moving-cleaning-scope,https://clever-griffin-93819d.netlify.app/seo-incheon-michuhol-gu-one-room-moving-cleaning-scope/,인천 미추홀구,이사청소,원룸,청소범위
2026-08-05T23:04:48,인천 미추홀구 빌라 이사청소 전문업체,seo-incheon-michuhol-gu-villa-moving-cleaning-company,https://clever-griffin-93819d.netlify.app/seo-incheon-michuhol-gu-villa-moving-cleaning-company/,인천 미추홀구,이사청소,빌라,전문업체
2026-08-05T23:04:48,인천 미추홀구 빌라 이사청소 비용,seo-incheon-michuhol-gu-villa-moving-cleaning-cost,https://clever-griffin-93819d.netlify.app/seo-incheon-michuhol-gu-villa-moving-cleaning-cost/,인천 미추홀구,이사청소,빌라,비용
2026-08-05T23:04:48,인천 미추홀구 빌라 이사청소 가격,seo-incheon-michuhol-gu-villa-moving-cleaning-price,https://clever-griffin-93819d.netlify.app/seo-incheon-michuhol-gu-villa-moving-cleaning-price/,인천 미추홀구,이사청소,빌라,가격
2026-08-05T23:04:48,인천 미추홀구 빌라 이사청소 견적,seo-incheon-michuhol-gu-villa-moving-cleaning-estimate,https://clever-griffin-93819d.netlify.app/seo-incheon-michuhol-gu-villa-moving-cleaning-estimate/,인천 미추홀구,이사청소,빌라,견적
2026-08-05T23:04:48,인천 미추홀구 빌라 이사청소 예약,seo-incheon-michuhol-gu-villa-moving-cleaning-booking,https://clever-griffin-93819d.netlify.app/seo-incheon-michuhol-gu-villa-moving-cleaning-booking/,인천 미추홀구,이사청소,빌라,예약
2026-08-05T23:04:48,인천 미추홀구 빌라 이사청소 추천,seo-incheon-michuhol-gu-villa-moving-cleaning-recommend,https://clever-griffin-93819d.netlify.app/seo-incheon-michuhol-gu-villa-moving-cleaning-recommend/,인천 미추홀구,이사청소,빌라,추천
2026-08-05T23:04:48,인천 미추홀구 빌라 이사청소 후기,seo-incheon-michuhol-gu-villa-moving-cleaning-review,https://clever-griffin-93819d.netlify.app/seo-incheon-michuhol-gu-villa-moving-cleaning-review/,인천 미추홀구,이사청소,빌라,후기
2026-08-05T23:04:48,인천 미추홀구 빌라 이사청소 잘하는곳,seo-incheon-michuhol-gu-villa-moving-cleaning-best,https://clever-griffin-93819d.netlify.app/seo-incheon-michuhol-gu-villa-moving-cleaning-best/,인천 미추홀구,이사청소,빌라,잘하는곳
2026-08-05T23:04:48,인천 미추홀구 빌라 이사청소 업체,seo-incheon-michuhol-gu-villa-moving-cleaning-service,https://clever-griffin-93819d.netlify.app/seo-incheon-michuhol-gu-villa-moving-cleaning-service/,인천 미추홀구,이사청소,빌라,업체
2026-08-05T23:04:48,인천 미추홀구 빌라 이사청소 당일상담,seo-incheon-michuhol-gu-villa-moving-cleaning-same-day-consult,https://clever-griffin-93819d.netlify.app/seo-incheon-michuhol-gu-villa-moving-cleaning-same-day-consult/,인천 미추홀구,이사청소,빌라,당일상담
2026-08-05T23:04:48,인천 미추홀구 빌라 이사청소 주말예약,seo-incheon-michuhol-gu-villa-moving-cleaning-weekend-booking,https://clever-griffin-93819d.netlify.app/seo-incheon-michuhol-gu-villa-moving-cleaning-weekend-booking/,인천 미추홀구,이사청소,빌라,주말예약
2026-08-05T23:04:48,인천 미추홀구 빌라 이사청소 청소범위,seo-incheon-michuhol-gu-villa-moving-cleaning-scope,https://clever-griffin-93819d.netlify.app/seo-incheon-michuhol-gu-villa-moving-cleaning-scope/,인천 미추홀구,이사청소,빌라,청소범위
2026-08-05T23:04:48,인천 미추홀구 오피스텔 이사청소 전문업체,seo-incheon-michuhol-gu-officetel-moving-cleaning-company,https://clever-griffin-93819d.netlify.app/seo-incheon-michuhol-gu-officetel-moving-cleaning-company/,인천 미추홀구,이사청소,오피스텔,전문업체
2026-08-05T23:04:48,인천 미추홀구 오피스텔 이사청소 비용,seo-incheon-michuhol-gu-officetel-moving-cleaning-cost,https://clever-griffin-93819d.netlify.app/seo-incheon-michuhol-gu-officetel-moving-cleaning-cost/,인천 미추홀구,이사청소,오피스텔,비용
2026-08-05T23:04:48,인천 미추홀구 오피스텔 이사청소 가격,seo-incheon-michuhol-gu-officetel-moving-cleaning-price,https://clever-griffin-93819d.netlify.app/seo-incheon-michuhol-gu-officetel-moving-cleaning-price/,인천 미추홀구,이사청소,오피스텔,가격
2026-08-05T23:04:48,인천 미추홀구 오피스텔 이사청소 견적,seo-incheon-michuhol-gu-officetel-moving-cleaning-estimate,https://clever-griffin-93819d.netlify.app/seo-incheon-michuhol-gu-officetel-moving-cleaning-estimate/,인천 미추홀구,이사청소,오피스텔,견적
2026-08-05T23:04:48,인천 미추홀구 오피스텔 이사청소 예약,seo-incheon-michuhol-gu-officetel-moving-cleaning-booking,https://clever-griffin-93819d.netlify.app/seo-incheon-michuhol-gu-officetel-moving-cleaning-booking/,인천 미추홀구,이사청소,오피스텔,예약
2026-08-05T23:04:48,인천 미추홀구 오피스텔 이사청소 추천,seo-incheon-michuhol-gu-officetel-moving-cleaning-recommend,https://clever-griffin-93819d.netlify.app/seo-incheon-michuhol-gu-officetel-moving-cleaning-recommend/,인천 미추홀구,이사청소,오피스텔,추천
2026-08-05T23:04:48,인천 미추홀구 오피스텔 이사청소 후기,seo-incheon-michuhol-gu-officetel-moving-cleaning-review,https://clever-griffin-93819d.netlify.app/seo-incheon-michuhol-gu-officetel-moving-cleaning-review/,인천 미추홀구,이사청소,오피스텔,후기
2026-08-05T23:04:48,인천 미추홀구 오피스텔 이사청소 잘하는곳,seo-incheon-michuhol-gu-officetel-moving-cleaning-best,https://clever-griffin-93819d.netlify.app/seo-incheon-michuhol-gu-officetel-moving-cleaning-best/,인천 미추홀구,이사청소,오피스텔,잘하는곳
2026-08-05T23:04:48,인천 미추홀구 오피스텔 이사청소 업체,seo-incheon-michuhol-gu-officetel-moving-cleaning-service,https://clever-griffin-93819d.netlify.app/seo-incheon-michuhol-gu-officetel-moving-cleaning-service/,인천 미추홀구,이사청소,오피스텔,업체
2026-08-05T23:04:48,인천 미추홀구 오피스텔 이사청소 당일상담,seo-incheon-michuhol-gu-officetel-moving-cleaning-same-day-consult,https://clever-griffin-93819d.netlify.app/seo-incheon-michuhol-gu-officetel-moving-cleaning-same-day-consult/,인천 미추홀구,이사청소,오피스텔,당일상담
2026-08-05T23:04:48,인천 미추홀구 오피스텔 이사청소 주말예약,seo-incheon-michuhol-gu-officetel-moving-cleaning-weekend-booking,https://clever-griffin-93819d.netlify.app/seo-incheon-michuhol-gu-officetel-moving-cleaning-weekend-booking/,인천 미추홀구,이사청소,오피스텔,주말예약
2026-08-05T23:04:48,인천 미추홀구 오피스텔 이사청소 청소범위,seo-incheon-michuhol-gu-officetel-moving-cleaning-scope,https://clever-griffin-93819d.netlify.app/seo-incheon-michuhol-gu-officetel-moving-cleaning-scope/,인천 미추홀구,이사청소,오피스텔,청소범위
2026-08-05T23:04:48,인천 미추홀구 상가 이사청소 전문업체,seo-incheon-michuhol-gu-store-moving-cleaning-company,https://clever-griffin-93819d.netlify.app/seo-incheon-michuhol-gu-store-moving-cleaning-company/,인천 미추홀구,이사청소,상가,전문업체
2026-08-05T23:04:48,인천 미추홀구 상가 이사청소 비용,seo-incheon-michuhol-gu-store-moving-cleaning-cost,https://clever-griffin-93819d.netlify.app/seo-incheon-michuhol-gu-store-moving-cleaning-cost/,인천 미추홀구,이사청소,상가,비용
2026-08-05T23:04:48,인천 미추홀구 상가 이사청소 가격,seo-incheon-michuhol-gu-store-moving-cleaning-price,https://clever-griffin-93819d.netlify.app/seo-incheon-michuhol-gu-store-moving-cleaning-price/,인천 미추홀구,이사청소,상가,가격
2026-08-05T23:04:48,인천 미추홀구 상가 이사청소 견적,seo-incheon-michuhol-gu-store-moving-cleaning-estimate,https://clever-griffin-93819d.netlify.app/seo-incheon-michuhol-gu-store-moving-cleaning-estimate/,인천 미추홀구,이사청소,상가,견적
2026-08-05T23:04:48,인천 미추홀구 상가 이사청소 예약,seo-incheon-michuhol-gu-store-moving-cleaning-booking,https://clever-griffin-93819d.netlify.app/seo-incheon-michuhol-gu-store-moving-cleaning-booking/,인천 미추홀구,이사청소,상가,예약
2026-08-05T23:04:48,인천 미추홀구 상가 이사청소 추천,seo-incheon-michuhol-gu-store-moving-cleaning-recommend,https://clever-griffin-93819d.netlify.app/seo-incheon-michuhol-gu-store-moving-cleaning-recommend/,인천 미추홀구,이사청소,상가,추천
2026-08-05T23:04:48,인천 미추홀구 상가 이사청소 후기,seo-incheon-michuhol-gu-store-moving-cleaning-review,https://clever-griffin-93819d.netlify.app/seo-incheon-michuhol-gu-store-moving-cleaning-review/,인천 미추홀구,이사청소,상가,후기
2026-08-05T23:04:48,인천 미추홀구 상가 이사청소 잘하는곳,seo-incheon-michuhol-gu-store-moving-cleaning-best,https://clever-griffin-93819d.netlify.app/seo-incheon-michuhol-gu-store-moving-cleaning-best/,인천 미추홀구,이사청소,상가,잘하는곳
2026-08-05T23:04:48,인천 미추홀구 상가 이사청소 업체,seo-incheon-michuhol-gu-store-moving-cleaning-service,https://clever-griffin-93819d.netlify.app/seo-incheon-michuhol-gu-store-moving-cleaning-service/,인천 미추홀구,이사청소,상가,업체
2026-08-05T23:04:48,인천 미추홀구 상가 이사청소 당일상담,seo-incheon-michuhol-gu-store-moving-cleaning-same-day-consult,https://clever-griffin-93819d.netlify.app/seo-incheon-michuhol-gu-store-moving-cleaning-same-day-consult/,인천 미추홀구,이사청소,상가,당일상담
2026-08-05T23:04:48,인천 미추홀구 상가 이사청소 주말예약,seo-incheon-michuhol-gu-store-moving-cleaning-weekend-booking,https://clever-griffin-93819d.netlify.app/seo-incheon-michuhol-gu-store-moving-cleaning-weekend-booking/,인천 미추홀구,이사청소,상가,주말예약
2026-08-05T23:04:48,인천 미추홀구 상가 이사청소 청소범위,seo-incheon-michuhol-gu-store-moving-cleaning-scope,https://clever-griffin-93819d.netlify.app/seo-incheon-michuhol-gu-store-moving-cleaning-scope/,인천 미추홀구,이사청소,상가,청소범위
2026-08-05T23:04:48,인천 미추홀구 사무실 이사청소 전문업체,seo-incheon-michuhol-gu-office-moving-cleaning-company,https://clever-griffin-93819d.netlify.app/seo-incheon-michuhol-gu-office-moving-cleaning-company/,인천 미추홀구,이사청소,사무실,전문업체
2026-08-05T23:04:48,인천 미추홀구 사무실 이사청소 비용,seo-incheon-michuhol-gu-office-moving-cleaning-cost,https://clever-griffin-93819d.netlify.app/seo-incheon-michuhol-gu-office-moving-cleaning-cost/,인천 미추홀구,이사청소,사무실,비용
2026-08-05T23:04:48,인천 미추홀구 사무실 이사청소 가격,seo-incheon-michuhol-gu-office-moving-cleaning-price,https://clever-griffin-93819d.netlify.app/seo-incheon-michuhol-gu-office-moving-cleaning-price/,인천 미추홀구,이사청소,사무실,가격
2026-08-05T23:04:48,인천 미추홀구 사무실 이사청소 견적,seo-incheon-michuhol-gu-office-moving-cleaning-estimate,https://clever-griffin-93819d.netlify.app/seo-incheon-michuhol-gu-office-moving-cleaning-estimate/,인천 미추홀구,이사청소,사무실,견적
2026-08-05T23:04:48,인천 미추홀구 사무실 이사청소 예약,seo-incheon-michuhol-gu-office-moving-cleaning-booking,https://clever-griffin-93819d.netlify.app/seo-incheon-michuhol-gu-office-moving-cleaning-booking/,인천 미추홀구,이사청소,사무실,예약
2026-08-05T23:04:48,인천 미추홀구 사무실 이사청소 추천,seo-incheon-michuhol-gu-office-moving-cleaning-recommend,https://clever-griffin-93819d.netlify.app/seo-incheon-michuhol-gu-office-moving-cleaning-recommend/,인천 미추홀구,이사청소,사무실,추천
2026-08-05T23:04:48,인천 미추홀구 사무실 이사청소 후기,seo-incheon-michuhol-gu-office-moving-cleaning-review,https://clever-griffin-93819d.netlify.app/seo-incheon-michuhol-gu-office-moving-cleaning-review/,인천 미추홀구,이사청소,사무실,후기
2026-08-05T23:04:48,인천 미추홀구 사무실 이사청소 잘하는곳,seo-incheon-michuhol-gu-office-moving-cleaning-best,https://clever-griffin-93819d.netlify.app/seo-incheon-michuhol-gu-office-moving-cleaning-best/,인천 미추홀구,이사청소,사무실,잘하는곳
2026-08-05T23:04:48,인천 미추홀구 사무실 이사청소 업체,seo-incheon-michuhol-gu-office-moving-cleaning-service,https://clever-griffin-93819d.netlify.app/seo-incheon-michuhol-gu-office-moving-cleaning-service/,인천 미추홀구,이사청소,사무실,업체
2026-08-05T23:04:48,인천 미추홀구 사무실 이사청소 당일상담,seo-incheon-michuhol-gu-office-moving-cleaning-same-day-consult,https://clever-griffin-93819d.netlify.app/seo-incheon-michuhol-gu-office-moving-cleaning-same-day-consult/,인천 미추홀구,이사청소,사무실,당일상담
2026-08-05T23:04:48,인천 미추홀구 사무실 이사청소 주말예약,seo-incheon-michuhol-gu-office-moving-cleaning-weekend-booking,https://clever-griffin-93819d.netlify.app/seo-incheon-michuhol-gu-office-moving-cleaning-weekend-booking/,인천 미추홀구,이사청소,사무실,주말예약
2026-08-05T23:04:48,인천 미추홀구 사무실 이사청소 청소범위,seo-incheon-michuhol-gu-office-moving-cleaning-scope,https://clever-griffin-93819d.netlify.app/seo-incheon-michuhol-gu-office-moving-cleaning-scope/,인천 미추홀구,이사청소,사무실,청소범위
2026-08-05T23:04:48,인천 미추홀구 아파트 거주청소 전문업체,seo-incheon-michuhol-gu-apartment-residential-cleaning-company,https://clever-griffin-93819d.netlify.app/seo-incheon-michuhol-gu-apartment-residential-cleaning-company/,인천 미추홀구,거주청소,아파트,전문업체
2026-08-05T23:04:48,인천 미추홀구 아파트 거주청소 비용,seo-incheon-michuhol-gu-apartment-residential-cleaning-cost,https://clever-griffin-93819d.netlify.app/seo-incheon-michuhol-gu-apartment-residential-cleaning-cost/,인천 미추홀구,거주청소,아파트,비용
2026-08-05T23:04:48,인천 미추홀구 아파트 거주청소 가격,seo-incheon-michuhol-gu-apartment-residential-cleaning-price,https://clever-griffin-93819d.netlify.app/seo-incheon-michuhol-gu-apartment-residential-cleaning-price/,인천 미추홀구,거주청소,아파트,가격
2026-08-05T23:04:48,인천 미추홀구 아파트 거주청소 견적,seo-incheon-michuhol-gu-apartment-residential-cleaning-estimate,https://clever-griffin-93819d.netlify.app/seo-incheon-michuhol-gu-apartment-residential-cleaning-estimate/,인천 미추홀구,거주청소,아파트,견적
2026-08-05T23:04:48,인천 미추홀구 아파트 거주청소 예약,seo-incheon-michuhol-gu-apartment-residential-cleaning-booking,https://clever-griffin-93819d.netlify.app/seo-incheon-michuhol-gu-apartment-residential-cleaning-booking/,인천 미추홀구,거주청소,아파트,예약
2026-08-05T23:04:48,인천 미추홀구 아파트 거주청소 추천,seo-incheon-michuhol-gu-apartment-residential-cleaning-recommend,https://clever-griffin-93819d.netlify.app/seo-incheon-michuhol-gu-apartment-residential-cleaning-recommend/,인천 미추홀구,거주청소,아파트,추천
2026-08-05T23:04:48,인천 미추홀구 아파트 거주청소 후기,seo-incheon-michuhol-gu-apartment-residential-cleaning-review,https://clever-griffin-93819d.netlify.app/seo-incheon-michuhol-gu-apartment-residential-cleaning-review/,인천 미추홀구,거주청소,아파트,후기
2026-08-05T23:04:48,인천 미추홀구 아파트 거주청소 잘하는곳,seo-incheon-michuhol-gu-apartment-residential-cleaning-best,https://clever-griffin-93819d.netlify.app/seo-incheon-michuhol-gu-apartment-residential-cleaning-best/,인천 미추홀구,거주청소,아파트,잘하는곳
2026-08-05T23:04:48,인천 미추홀구 아파트 거주청소 업체,seo-incheon-michuhol-gu-apartment-residential-cleaning-service,https://clever-griffin-93819d.netlify.app/seo-incheon-michuhol-gu-apartment-residential-cleaning-service/,인천 미추홀구,거주청소,아파트,업체
2026-08-05T23:04:48,인천 미추홀구 아파트 거주청소 당일상담,seo-incheon-michuhol-gu-apartment-residential-cleaning-same-day-consult,https://clever-griffin-93819d.netlify.app/seo-incheon-michuhol-gu-apartment-residential-cleaning-same-day-consult/,인천 미추홀구,거주청소,아파트,당일상담
2026-08-05T23:04:48,인천 미추홀구 아파트 거주청소 주말예약,seo-incheon-michuhol-gu-apartment-residential-cleaning-weekend-booking,https://clever-griffin-93819d.netlify.app/seo-incheon-michuhol-gu-apartment-residential-cleaning-weekend-booking/,인천 미추홀구,거주청소,아파트,주말예약
2026-08-05T23:04:48,인천 미추홀구 아파트 거주청소 청소범위,seo-incheon-michuhol-gu-apartment-residential-cleaning-scope,https://clever-griffin-93819d.netlify.app/seo-incheon-michuhol-gu-apartment-residential-cleaning-scope/,인천 미추홀구,거주청소,아파트,청소범위
2026-08-05T23:04:48,인천 미추홀구 원룸 거주청소 전문업체,seo-incheon-michuhol-gu-one-room-residential-cleaning-company,https://clever-griffin-93819d.netlify.app/seo-incheon-michuhol-gu-one-room-residential-cleaning-company/,인천 미추홀구,거주청소,원룸,전문업체
2026-08-05T23:04:48,인천 미추홀구 원룸 거주청소 비용,seo-incheon-michuhol-gu-one-room-residential-cleaning-cost,https://clever-griffin-93819d.netlify.app/seo-incheon-michuhol-gu-one-room-residential-cleaning-cost/,인천 미추홀구,거주청소,원룸,비용
2026-08-05T23:04:48,인천 미추홀구 원룸 거주청소 가격,seo-incheon-michuhol-gu-one-room-residential-cleaning-price,https://clever-griffin-93819d.netlify.app/seo-incheon-michuhol-gu-one-room-residential-cleaning-price/,인천 미추홀구,거주청소,원룸,가격
2026-08-05T23:04:48,인천 미추홀구 원룸 거주청소 견적,seo-incheon-michuhol-gu-one-room-residential-cleaning-estimate,https://clever-griffin-93819d.netlify.app/seo-incheon-michuhol-gu-one-room-residential-cleaning-estimate/,인천 미추홀구,거주청소,원룸,견적
2026-08-05T23:04:48,인천 미추홀구 원룸 거주청소 예약,seo-incheon-michuhol-gu-one-room-residential-cleaning-booking,https://clever-griffin-93819d.netlify.app/seo-incheon-michuhol-gu-one-room-residential-cleaning-booking/,인천 미추홀구,거주청소,원룸,예약
2026-08-05T23:04:48,인천 미추홀구 원룸 거주청소 추천,seo-incheon-michuhol-gu-one-room-residential-cleaning-recommend,https://clever-griffin-93819d.netlify.app/seo-incheon-michuhol-gu-one-room-residential-cleaning-recommend/,인천 미추홀구,거주청소,원룸,추천
2026-08-05T23:04:48,인천 미추홀구 원룸 거주청소 후기,seo-incheon-michuhol-gu-one-room-residential-cleaning-review,https://clever-griffin-93819d.netlify.app/seo-incheon-michuhol-gu-one-room-residential-cleaning-review/,인천 미추홀구,거주청소,원룸,후기
2026-08-05T23:04:48,인천 미추홀구 원룸 거주청소 잘하는곳,seo-incheon-michuhol-gu-one-room-residential-cleaning-best,https://clever-griffin-93819d.netlify.app/seo-incheon-michuhol-gu-one-room-residential-cleaning-best/,인천 미추홀구,거주청소,원룸,잘하는곳
2026-08-05T23:04:48,인천 미추홀구 원룸 거주청소 업체,seo-incheon-michuhol-gu-one-room-residential-cleaning-service,https://clever-griffin-93819d.netlify.app/seo-incheon-michuhol-gu-one-room-residential-cleaning-service/,인천 미추홀구,거주청소,원룸,업체
2026-08-05T23:04:48,인천 미추홀구 원룸 거주청소 당일상담,seo-incheon-michuhol-gu-one-room-residential-cleaning-same-day-consult,https://clever-griffin-93819d.netlify.app/seo-incheon-michuhol-gu-one-room-residential-cleaning-same-day-consult/,인천 미추홀구,거주청소,원룸,당일상담
2026-08-05T23:04:48,인천 미추홀구 원룸 거주청소 주말예약,seo-incheon-michuhol-gu-one-room-residential-cleaning-weekend-booking,https://clever-griffin-93819d.netlify.app/seo-incheon-michuhol-gu-one-room-residential-cleaning-weekend-booking/,인천 미추홀구,거주청소,원룸,주말예약
2026-08-05T23:04:48,인천 미추홀구 원룸 거주청소 청소범위,seo-incheon-michuhol-gu-one-room-residential-cleaning-scope,https://clever-griffin-93819d.netlify.app/seo-incheon-michuhol-gu-one-room-residential-cleaning-scope/,인천 미추홀구,거주청소,원룸,청소범위
2026-08-05T23:04:48,인천 미추홀구 빌라 거주청소 전문업체,seo-incheon-michuhol-gu-villa-residential-cleaning-company,https://clever-griffin-93819d.netlify.app/seo-incheon-michuhol-gu-villa-residential-cleaning-company/,인천 미추홀구,거주청소,빌라,전문업체
2026-08-05T23:04:48,인천 미추홀구 빌라 거주청소 비용,seo-incheon-michuhol-gu-villa-residential-cleaning-cost,https://clever-griffin-93819d.netlify.app/seo-incheon-michuhol-gu-villa-residential-cleaning-cost/,인천 미추홀구,거주청소,빌라,비용
2026-08-05T23:04:48,인천 미추홀구 빌라 거주청소 가격,seo-incheon-michuhol-gu-villa-residential-cleaning-price,https://clever-griffin-93819d.netlify.app/seo-incheon-michuhol-gu-villa-residential-cleaning-price/,인천 미추홀구,거주청소,빌라,가격
2026-08-05T23:04:48,인천 미추홀구 빌라 거주청소 견적,seo-incheon-michuhol-gu-villa-residential-cleaning-estimate,https://clever-griffin-93819d.netlify.app/seo-incheon-michuhol-gu-villa-residential-cleaning-estimate/,인천 미추홀구,거주청소,빌라,견적
2026-08-05T23:04:48,인천 미추홀구 빌라 거주청소 예약,seo-incheon-michuhol-gu-villa-residential-cleaning-booking,https://clever-griffin-93819d.netlify.app/seo-incheon-michuhol-gu-villa-residential-cleaning-booking/,인천 미추홀구,거주청소,빌라,예약
2026-08-05T23:04:48,인천 미추홀구 빌라 거주청소 추천,seo-incheon-michuhol-gu-villa-residential-cleaning-recommend,https://clever-griffin-93819d.netlify.app/seo-incheon-michuhol-gu-villa-residential-cleaning-recommend/,인천 미추홀구,거주청소,빌라,추천
2026-08-05T23:04:48,인천 미추홀구 빌라 거주청소 후기,seo-incheon-michuhol-gu-villa-residential-cleaning-review,https://clever-griffin-93819d.netlify.app/seo-incheon-michuhol-gu-villa-residential-cleaning-review/,인천 미추홀구,거주청소,빌라,후기
2026-08-05T23:04:48,인천 미추홀구 빌라 거주청소 잘하는곳,seo-incheon-michuhol-gu-villa-residential-cleaning-best,https://clever-griffin-93819d.netlify.app/seo-incheon-michuhol-gu-villa-residential-cleaning-best/,인천 미추홀구,거주청소,빌라,잘하는곳
2026-08-05T23:04:48,인천 미추홀구 빌라 거주청소 업체,seo-incheon-michuhol-gu-villa-residential-cleaning-service,https://clever-griffin-93819d.netlify.app/seo-incheon-michuhol-gu-villa-residential-cleaning-service/,인천 미추홀구,거주청소,빌라,업체
2026-08-05T23:04:48,인천 미추홀구 빌라 거주청소 당일상담,seo-incheon-michuhol-gu-villa-residential-cleaning-same-day-consult,https://clever-griffin-93819d.netlify.app/seo-incheon-michuhol-gu-villa-residential-cleaning-same-day-consult/,인천 미추홀구,거주청소,빌라,당일상담
2026-08-05T23:04:48,인천 미추홀구 빌라 거주청소 주말예약,seo-incheon-michuhol-gu-villa-residential-cleaning-weekend-booking,https://clever-griffin-93819d.netlify.app/seo-incheon-michuhol-gu-villa-residential-cleaning-weekend-booking/,인천 미추홀구,거주청소,빌라,주말예약
2026-08-05T23:04:48,인천 미추홀구 빌라 거주청소 청소범위,seo-incheon-michuhol-gu-villa-residential-cleaning-scope,https://clever-griffin-93819d.netlify.app/seo-incheon-michuhol-gu-villa-residential-cleaning-scope/,인천 미추홀구,거주청소,빌라,청소범위
2026-08-05T23:04:48,인천 미추홀구 오피스텔 거주청소 전문업체,seo-incheon-michuhol-gu-officetel-residential-cleaning-company,https://clever-griffin-93819d.netlify.app/seo-incheon-michuhol-gu-officetel-residential-cleaning-company/,인천 미추홀구,거주청소,오피스텔,전문업체
2026-08-05T23:04:48,인천 미추홀구 오피스텔 거주청소 비용,seo-incheon-michuhol-gu-officetel-residential-cleaning-cost,https://clever-griffin-93819d.netlify.app/seo-incheon-michuhol-gu-officetel-residential-cleaning-cost/,인천 미추홀구,거주청소,오피스텔,비용
2026-08-05T23:04:48,인천 미추홀구 오피스텔 거주청소 가격,seo-incheon-michuhol-gu-officetel-residential-cleaning-price,https://clever-griffin-93819d.netlify.app/seo-incheon-michuhol-gu-officetel-residential-cleaning-price/,인천 미추홀구,거주청소,오피스텔,가격
2026-08-05T23:04:48,인천 미추홀구 오피스텔 거주청소 견적,seo-incheon-michuhol-gu-officetel-residential-cleaning-estimate,https://clever-griffin-93819d.netlify.app/seo-incheon-michuhol-gu-officetel-residential-cleaning-estimate/,인천 미추홀구,거주청소,오피스텔,견적
2026-08-05T23:04:48,인천 미추홀구 오피스텔 거주청소 예약,seo-incheon-michuhol-gu-officetel-residential-cleaning-booking,https://clever-griffin-93819d.netlify.app/seo-incheon-michuhol-gu-officetel-residential-cleaning-booking/,인천 미추홀구,거주청소,오피스텔,예약
2026-08-05T23:04:48,인천 미추홀구 오피스텔 거주청소 추천,seo-incheon-michuhol-gu-officetel-residential-cleaning-recommend,https://clever-griffin-93819d.netlify.app/seo-incheon-michuhol-gu-officetel-residential-cleaning-recommend/,인천 미추홀구,거주청소,오피스텔,추천
2026-08-05T23:04:48,인천 미추홀구 오피스텔 거주청소 후기,seo-incheon-michuhol-gu-officetel-residential-cleaning-review,https://clever-griffin-93819d.netlify.app/seo-incheon-michuhol-gu-officetel-residential-cleaning-review/,인천 미추홀구,거주청소,오피스텔,후기
2026-08-05T23:04:48,인천 미추홀구 오피스텔 거주청소 잘하는곳,seo-incheon-michuhol-gu-officetel-residential-cleaning-best,https://clever-griffin-93819d.netlify.app/seo-incheon-michuhol-gu-officetel-residential-cleaning-best/,인천 미추홀구,거주청소,오피스텔,잘하는곳
2026-08-05T23:04:48,인천 미추홀구 오피스텔 거주청소 업체,seo-incheon-michuhol-gu-officetel-residential-cleaning-service,https://clever-griffin-93819d.netlify.app/seo-incheon-michuhol-gu-officetel-residential-cleaning-service/,인천 미추홀구,거주청소,오피스텔,업체
2026-08-05T23:04:48,인천 미추홀구 오피스텔 거주청소 당일상담,seo-incheon-michuhol-gu-officetel-residential-cleaning-same-day-consult,https://clever-griffin-93819d.netlify.app/seo-incheon-michuhol-gu-officetel-residential-cleaning-same-day-consult/,인천 미추홀구,거주청소,오피스텔,당일상담
2026-08-05T23:04:48,인천 미추홀구 오피스텔 거주청소 주말예약,seo-incheon-michuhol-gu-officetel-residential-cleaning-weekend-booking,https://clever-griffin-93819d.netlify.app/seo-incheon-michuhol-gu-officetel-residential-cleaning-weekend-booking/,인천 미추홀구,거주청소,오피스텔,주말예약
2026-08-05T23:04:48,인천 미추홀구 오피스텔 거주청소 청소범위,seo-incheon-michuhol-gu-officetel-residential-cleaning-scope,https://clever-griffin-93819d.netlify.app/seo-incheon-michuhol-gu-officetel-residential-cleaning-scope/,인천 미추홀구,거주청소,오피스텔,청소범위
2026-08-05T23:04:48,인천 미추홀구 상가 거주청소 전문업체,seo-incheon-michuhol-gu-store-residential-cleaning-company,https://clever-griffin-93819d.netlify.app/seo-incheon-michuhol-gu-store-residential-cleaning-company/,인천 미추홀구,거주청소,상가,전문업체
2026-08-05T23:04:48,인천 미추홀구 상가 거주청소 비용,seo-incheon-michuhol-gu-store-residential-cleaning-cost,https://clever-griffin-93819d.netlify.app/seo-incheon-michuhol-gu-store-residential-cleaning-cost/,인천 미추홀구,거주청소,상가,비용
2026-08-05T23:04:48,인천 미추홀구 상가 거주청소 가격,seo-incheon-michuhol-gu-store-residential-cleaning-price,https://clever-griffin-93819d.netlify.app/seo-incheon-michuhol-gu-store-residential-cleaning-price/,인천 미추홀구,거주청소,상가,가격
2026-08-05T23:04:48,인천 미추홀구 상가 거주청소 견적,seo-incheon-michuhol-gu-store-residential-cleaning-estimate,https://clever-griffin-93819d.netlify.app/seo-incheon-michuhol-gu-store-residential-cleaning-estimate/,인천 미추홀구,거주청소,상가,견적
2026-08-05T23:04:48,인천 미추홀구 상가 거주청소 예약,seo-incheon-michuhol-gu-store-residential-cleaning-booking,https://clever-griffin-93819d.netlify.app/seo-incheon-michuhol-gu-store-residential-cleaning-booking/,인천 미추홀구,거주청소,상가,예약
2026-08-05T23:04:48,인천 미추홀구 상가 거주청소 추천,seo-incheon-michuhol-gu-store-residential-cleaning-recommend,https://clever-griffin-93819d.netlify.app/seo-incheon-michuhol-gu-store-residential-cleaning-recommend/,인천 미추홀구,거주청소,상가,추천
2026-08-05T23:04:48,인천 미추홀구 상가 거주청소 후기,seo-incheon-michuhol-gu-store-residential-cleaning-review,https://clever-griffin-93819d.netlify.app/seo-incheon-michuhol-gu-store-residential-cleaning-review/,인천 미추홀구,거주청소,상가,후기
2026-08-05T23:04:48,인천 미추홀구 상가 거주청소 잘하는곳,seo-incheon-michuhol-gu-store-residential-cleaning-best,https://clever-griffin-93819d.netlify.app/seo-incheon-michuhol-gu-store-residential-cleaning-best/,인천 미추홀구,거주청소,상가,잘하는곳
2026-08-05T23:04:48,인천 미추홀구 상가 거주청소 업체,seo-incheon-michuhol-gu-store-residential-cleaning-service,https://clever-griffin-93819d.netlify.app/seo-incheon-michuhol-gu-store-residential-cleaning-service/,인천 미추홀구,거주청소,상가,업체
2026-08-05T23:04:48,인천 미추홀구 상가 거주청소 당일상담,seo-incheon-michuhol-gu-store-residential-cleaning-same-day-consult,https://clever-griffin-93819d.netlify.app/seo-incheon-michuhol-gu-store-residential-cleaning-same-day-consult/,인천 미추홀구,거주청소,상가,당일상담
2026-08-05T23:04:48,인천 미추홀구 상가 거주청소 주말예약,seo-incheon-michuhol-gu-store-residential-cleaning-weekend-booking,https://clever-griffin-93819d.netlify.app/seo-incheon-michuhol-gu-store-residential-cleaning-weekend-booking/,인천 미추홀구,거주청소,상가,주말예약
2026-08-05T23:04:48,인천 미추홀구 상가 거주청소 청소범위,seo-incheon-michuhol-gu-store-residential-cleaning-scope,https://clever-griffin-93819d.netlify.app/seo-incheon-michuhol-gu-store-residential-cleaning-scope/,인천 미추홀구,거주청소,상가,청소범위
2026-08-05T23:04:48,인천 미추홀구 사무실 거주청소 전문업체,seo-incheon-michuhol-gu-office-residential-cleaning-company,https://clever-griffin-93819d.netlify.app/seo-incheon-michuhol-gu-office-residential-cleaning-company/,인천 미추홀구,거주청소,사무실,전문업체
2026-08-05T23:04:48,인천 미추홀구 사무실 거주청소 비용,seo-incheon-michuhol-gu-office-residential-cleaning-cost,https://clever-griffin-93819d.netlify.app/seo-incheon-michuhol-gu-office-residential-cleaning-cost/,인천 미추홀구,거주청소,사무실,비용
2026-08-05T23:04:48,인천 미추홀구 사무실 거주청소 가격,seo-incheon-michuhol-gu-office-residential-cleaning-price,https://clever-griffin-93819d.netlify.app/seo-incheon-michuhol-gu-office-residential-cleaning-price/,인천 미추홀구,거주청소,사무실,가격
2026-08-05T23:04:48,인천 미추홀구 사무실 거주청소 견적,seo-incheon-michuhol-gu-office-residential-cleaning-estimate,https://clever-griffin-93819d.netlify.app/seo-incheon-michuhol-gu-office-residential-cleaning-estimate/,인천 미추홀구,거주청소,사무실,견적
2026-08-05T23:04:48,인천 미추홀구 사무실 거주청소 예약,seo-incheon-michuhol-gu-office-residential-cleaning-booking,https://clever-griffin-93819d.netlify.app/seo-incheon-michuhol-gu-office-residential-cleaning-booking/,인천 미추홀구,거주청소,사무실,예약
2026-08-05T23:04:48,인천 미추홀구 사무실 거주청소 추천,seo-incheon-michuhol-gu-office-residential-cleaning-recommend,https://clever-griffin-93819d.netlify.app/seo-incheon-michuhol-gu-office-residential-cleaning-recommend/,인천 미추홀구,거주청소,사무실,추천
2026-08-05T23:04:48,인천 미추홀구 사무실 거주청소 후기,seo-incheon-michuhol-gu-office-residential-cleaning-review,https://clever-griffin-93819d.netlify.app/seo-incheon-michuhol-gu-office-residential-cleaning-review/,인천 미추홀구,거주청소,사무실,후기
2026-08-05T23:04:48,인천 미추홀구 사무실 거주청소 잘하는곳,seo-incheon-michuhol-gu-office-residential-cleaning-best,https://clever-griffin-93819d.netlify.app/seo-incheon-michuhol-gu-office-residential-cleaning-best/,인천 미추홀구,거주청소,사무실,잘하는곳
2026-08-05T23:04:48,인천 미추홀구 사무실 거주청소 업체,seo-incheon-michuhol-gu-office-residential-cleaning-service,https://clever-griffin-93819d.netlify.app/seo-incheon-michuhol-gu-office-residential-cleaning-service/,인천 미추홀구,거주청소,사무실,업체
2026-08-05T23:04:48,인천 미추홀구 사무실 거주청소 당일상담,seo-incheon-michuhol-gu-office-residential-cleaning-same-day-consult,https://clever-griffin-93819d.netlify.app/seo-incheon-michuhol-gu-office-residential-cleaning-same-day-consult/,인천 미추홀구,거주청소,사무실,당일상담
2026-08-05T23:04:48,인천 미추홀구 사무실 거주청소 주말예약,seo-incheon-michuhol-gu-office-residential-cleaning-weekend-booking,https://clever-griffin-93819d.netlify.app/seo-incheon-michuhol-gu-office-residential-cleaning-weekend-booking/,인천 미추홀구,거주청소,사무실,주말예약
2026-08-05T23:04:48,인천 미추홀구 사무실 거주청소 청소범위,seo-incheon-michuhol-gu-office-residential-cleaning-scope,https://clever-griffin-93819d.netlify.app/seo-incheon-michuhol-gu-office-residential-cleaning-scope/,인천 미추홀구,거주청소,사무실,청소범위
2026-08-05T23:04:48,인천 미추홀구 상가청소 전문업체,seo-incheon-michuhol-gu-store-cleaning-company,https://clever-griffin-93819d.netlify.app/seo-incheon-michuhol-gu-store-cleaning-company/,인천 미추홀구,상가청소,상가,전문업체
2026-08-05T23:04:48,인천 미추홀구 상가청소 비용,seo-incheon-michuhol-gu-store-cleaning-cost,https://clever-griffin-93819d.netlify.app/seo-incheon-michuhol-gu-store-cleaning-cost/,인천 미추홀구,상가청소,상가,비용
2026-08-05T23:04:48,인천 미추홀구 상가청소 가격,seo-incheon-michuhol-gu-store-cleaning-price,https://clever-griffin-93819d.netlify.app/seo-incheon-michuhol-gu-store-cleaning-price/,인천 미추홀구,상가청소,상가,가격
2026-08-05T23:04:48,인천 미추홀구 상가청소 견적,seo-incheon-michuhol-gu-store-cleaning-estimate,https://clever-griffin-93819d.netlify.app/seo-incheon-michuhol-gu-store-cleaning-estimate/,인천 미추홀구,상가청소,상가,견적
2026-08-05T23:04:48,인천 미추홀구 상가청소 예약,seo-incheon-michuhol-gu-store-cleaning-booking,https://clever-griffin-93819d.netlify.app/seo-incheon-michuhol-gu-store-cleaning-booking/,인천 미추홀구,상가청소,상가,예약
2026-08-05T23:04:48,인천 미추홀구 상가청소 추천,seo-incheon-michuhol-gu-store-cleaning-recommend,https://clever-griffin-93819d.netlify.app/seo-incheon-michuhol-gu-store-cleaning-recommend/,인천 미추홀구,상가청소,상가,추천
2026-08-05T23:04:48,인천 미추홀구 상가청소 후기,seo-incheon-michuhol-gu-store-cleaning-review,https://clever-griffin-93819d.netlify.app/seo-incheon-michuhol-gu-store-cleaning-review/,인천 미추홀구,상가청소,상가,후기
2026-08-05T23:04:48,인천 미추홀구 상가청소 잘하는곳,seo-incheon-michuhol-gu-store-cleaning-best,https://clever-griffin-93819d.netlify.app/seo-incheon-michuhol-gu-store-cleaning-best/,인천 미추홀구,상가청소,상가,잘하는곳
2026-08-05T23:04:48,인천 미추홀구 상가청소 업체,seo-incheon-michuhol-gu-store-cleaning-service,https://clever-griffin-93819d.netlify.app/seo-incheon-michuhol-gu-store-cleaning-service/,인천 미추홀구,상가청소,상가,업체
2026-08-05T23:04:48,인천 미추홀구 상가청소 당일상담,seo-incheon-michuhol-gu-store-cleaning-same-day-consult,https://clever-griffin-93819d.netlify.app/seo-incheon-michuhol-gu-store-cleaning-same-day-consult/,인천 미추홀구,상가청소,상가,당일상담
2026-08-05T23:04:48,인천 미추홀구 상가청소 주말예약,seo-incheon-michuhol-gu-store-cleaning-weekend-booking,https://clever-griffin-93819d.netlify.app/seo-incheon-michuhol-gu-store-cleaning-weekend-booking/,인천 미추홀구,상가청소,상가,주말예약
2026-08-05T23:04:48,인천 미추홀구 상가청소 청소범위,seo-incheon-michuhol-gu-store-cleaning-scope,https://clever-griffin-93819d.netlify.app/seo-incheon-michuhol-gu-store-cleaning-scope/,인천 미추홀구,상가청소,상가,청소범위
2026-08-05T23:04:48,인천 미추홀구 사무실청소 전문업체,seo-incheon-michuhol-gu-office-cleaning-company,https://clever-griffin-93819d.netlify.app/seo-incheon-michuhol-gu-office-cleaning-company/,인천 미추홀구,사무실청소,사무실,전문업체
2026-08-05T23:04:48,인천 미추홀구 사무실청소 비용,seo-incheon-michuhol-gu-office-cleaning-cost,https://clever-griffin-93819d.netlify.app/seo-incheon-michuhol-gu-office-cleaning-cost/,인천 미추홀구,사무실청소,사무실,비용
2026-08-05T23:04:48,인천 미추홀구 사무실청소 가격,seo-incheon-michuhol-gu-office-cleaning-price,https://clever-griffin-93819d.netlify.app/seo-incheon-michuhol-gu-office-cleaning-price/,인천 미추홀구,사무실청소,사무실,가격
2026-08-05T23:04:48,인천 미추홀구 사무실청소 견적,seo-incheon-michuhol-gu-office-cleaning-estimate,https://clever-griffin-93819d.netlify.app/seo-incheon-michuhol-gu-office-cleaning-estimate/,인천 미추홀구,사무실청소,사무실,견적
2026-08-05T23:04:48,인천 미추홀구 사무실청소 예약,seo-incheon-michuhol-gu-office-cleaning-booking,https://clever-griffin-93819d.netlify.app/seo-incheon-michuhol-gu-office-cleaning-booking/,인천 미추홀구,사무실청소,사무실,예약
2026-08-05T23:04:48,인천 미추홀구 사무실청소 추천,seo-incheon-michuhol-gu-office-cleaning-recommend,https://clever-griffin-93819d.netlify.app/seo-incheon-michuhol-gu-office-cleaning-recommend/,인천 미추홀구,사무실청소,사무실,추천
2026-08-05T23:04:48,인천 미추홀구 사무실청소 후기,seo-incheon-michuhol-gu-office-cleaning-review,https://clever-griffin-93819d.netlify.app/seo-incheon-michuhol-gu-office-cleaning-review/,인천 미추홀구,사무실청소,사무실,후기
2026-08-05T23:04:48,인천 미추홀구 사무실청소 잘하는곳,seo-incheon-michuhol-gu-office-cleaning-best,https://clever-griffin-93819d.netlify.app/seo-incheon-michuhol-gu-office-cleaning-best/,인천 미추홀구,사무실청소,사무실,잘하는곳
2026-08-05T23:04:48,인천 미추홀구 사무실청소 업체,seo-incheon-michuhol-gu-office-cleaning-service,https://clever-griffin-93819d.netlify.app/seo-incheon-michuhol-gu-office-cleaning-service/,인천 미추홀구,사무실청소,사무실,업체
2026-08-05T23:04:48,인천 미추홀구 사무실청소 당일상담,seo-incheon-michuhol-gu-office-cleaning-same-day-consult,https://clever-griffin-93819d.netlify.app/seo-incheon-michuhol-gu-office-cleaning-same-day-consult/,인천 미추홀구,사무실청소,사무실,당일상담
2026-08-05T23:04:48,인천 미추홀구 사무실청소 주말예약,seo-incheon-michuhol-gu-office-cleaning-weekend-booking,https://clever-griffin-93819d.netlify.app/seo-incheon-michuhol-gu-office-cleaning-weekend-booking/,인천 미추홀구,사무실청소,사무실,주말예약
2026-08-05T23:04:48,인천 미추홀구 사무실청소 청소범위,seo-incheon-michuhol-gu-office-cleaning-scope,https://clever-griffin-93819d.netlify.app/seo-incheon-michuhol-gu-office-cleaning-scope/,인천 미추홀구,사무실청소,사무실,청소범위
2026-08-05T23:04:48,인천 미추홀구 원룸청소 전문업체,seo-incheon-michuhol-gu-one-room-cleaning-company,https://clever-griffin-93819d.netlify.app/seo-incheon-michuhol-gu-one-room-cleaning-company/,인천 미추홀구,원룸청소,원룸,전문업체
2026-08-05T23:04:48,인천 미추홀구 원룸청소 비용,seo-incheon-michuhol-gu-one-room-cleaning-cost,https://clever-griffin-93819d.netlify.app/seo-incheon-michuhol-gu-one-room-cleaning-cost/,인천 미추홀구,원룸청소,원룸,비용
2026-08-05T23:04:48,인천 미추홀구 원룸청소 가격,seo-incheon-michuhol-gu-one-room-cleaning-price,https://clever-griffin-93819d.netlify.app/seo-incheon-michuhol-gu-one-room-cleaning-price/,인천 미추홀구,원룸청소,원룸,가격
2026-08-05T23:04:48,인천 미추홀구 원룸청소 견적,seo-incheon-michuhol-gu-one-room-cleaning-estimate,https://clever-griffin-93819d.netlify.app/seo-incheon-michuhol-gu-one-room-cleaning-estimate/,인천 미추홀구,원룸청소,원룸,견적
2026-08-05T23:04:48,인천 미추홀구 원룸청소 예약,seo-incheon-michuhol-gu-one-room-cleaning-booking,https://clever-griffin-93819d.netlify.app/seo-incheon-michuhol-gu-one-room-cleaning-booking/,인천 미추홀구,원룸청소,원룸,예약
2026-08-05T23:04:48,인천 미추홀구 원룸청소 추천,seo-incheon-michuhol-gu-one-room-cleaning-recommend,https://clever-griffin-93819d.netlify.app/seo-incheon-michuhol-gu-one-room-cleaning-recommend/,인천 미추홀구,원룸청소,원룸,추천
2026-08-05T23:04:48,인천 미추홀구 원룸청소 후기,seo-incheon-michuhol-gu-one-room-cleaning-review,https://clever-griffin-93819d.netlify.app/seo-incheon-michuhol-gu-one-room-cleaning-review/,인천 미추홀구,원룸청소,원룸,후기
2026-08-05T23:04:48,인천 미추홀구 원룸청소 잘하는곳,seo-incheon-michuhol-gu-one-room-cleaning-best,https://clever-griffin-93819d.netlify.app/seo-incheon-michuhol-gu-one-room-cleaning-best/,인천 미추홀구,원룸청소,원룸,잘하는곳
2026-08-05T23:04:48,인천 미추홀구 원룸청소 업체,seo-incheon-michuhol-gu-one-room-cleaning-service,https://clever-griffin-93819d.netlify.app/seo-incheon-michuhol-gu-one-room-cleaning-service/,인천 미추홀구,원룸청소,원룸,업체
2026-08-05T23:04:48,인천 미추홀구 원룸청소 당일상담,seo-incheon-michuhol-gu-one-room-cleaning-same-day-consult,https://clever-griffin-93819d.netlify.app/seo-incheon-michuhol-gu-one-room-cleaning-same-day-consult/,인천 미추홀구,원룸청소,원룸,당일상담
2026-08-05T23:04:48,인천 미추홀구 원룸청소 주말예약,seo-incheon-michuhol-gu-one-room-cleaning-weekend-booking,https://clever-griffin-93819d.netlify.app/seo-incheon-michuhol-gu-one-room-cleaning-weekend-booking/,인천 미추홀구,원룸청소,원룸,주말예약
2026-08-05T23:04:48,인천 미추홀구 원룸청소 청소범위,seo-incheon-michuhol-gu-one-room-cleaning-scope,https://clever-griffin-93819d.netlify.app/seo-incheon-michuhol-gu-one-room-cleaning-scope/,인천 미추홀구,원룸청소,원룸,청소범위
2026-08-05T23:04:48,인천 미추홀구 빌라청소 전문업체,seo-incheon-michuhol-gu-villa-cleaning-company,https://clever-griffin-93819d.netlify.app/seo-incheon-michuhol-gu-villa-cleaning-company/,인천 미추홀구,빌라청소,빌라,전문업체
2026-08-05T23:04:48,인천 미추홀구 빌라청소 비용,seo-incheon-michuhol-gu-villa-cleaning-cost,https://clever-griffin-93819d.netlify.app/seo-incheon-michuhol-gu-villa-cleaning-cost/,인천 미추홀구,빌라청소,빌라,비용
2026-08-05T23:04:48,인천 미추홀구 빌라청소 가격,seo-incheon-michuhol-gu-villa-cleaning-price,https://clever-griffin-93819d.netlify.app/seo-incheon-michuhol-gu-villa-cleaning-price/,인천 미추홀구,빌라청소,빌라,가격
2026-08-05T23:04:48,인천 미추홀구 빌라청소 견적,seo-incheon-michuhol-gu-villa-cleaning-estimate,https://clever-griffin-93819d.netlify.app/seo-incheon-michuhol-gu-villa-cleaning-estimate/,인천 미추홀구,빌라청소,빌라,견적
2026-08-05T23:04:48,인천 미추홀구 빌라청소 예약,seo-incheon-michuhol-gu-villa-cleaning-booking,https://clever-griffin-93819d.netlify.app/seo-incheon-michuhol-gu-villa-cleaning-booking/,인천 미추홀구,빌라청소,빌라,예약
2026-08-05T23:04:48,인천 미추홀구 빌라청소 추천,seo-incheon-michuhol-gu-villa-cleaning-recommend,https://clever-griffin-93819d.netlify.app/seo-incheon-michuhol-gu-villa-cleaning-recommend/,인천 미추홀구,빌라청소,빌라,추천
2026-08-05T23:04:48,인천 미추홀구 빌라청소 후기,seo-incheon-michuhol-gu-villa-cleaning-review,https://clever-griffin-93819d.netlify.app/seo-incheon-michuhol-gu-villa-cleaning-review/,인천 미추홀구,빌라청소,빌라,후기
2026-08-05T23:04:48,인천 미추홀구 빌라청소 잘하는곳,seo-incheon-michuhol-gu-villa-cleaning-best,https://clever-griffin-93819d.netlify.app/seo-incheon-michuhol-gu-villa-cleaning-best/,인천 미추홀구,빌라청소,빌라,잘하는곳
2026-08-05T23:04:48,인천 미추홀구 빌라청소 업체,seo-incheon-michuhol-gu-villa-cleaning-service,https://clever-griffin-93819d.netlify.app/seo-incheon-michuhol-gu-villa-cleaning-service/,인천 미추홀구,빌라청소,빌라,업체
2026-08-05T23:04:48,인천 미추홀구 빌라청소 당일상담,seo-incheon-michuhol-gu-villa-cleaning-same-day-consult,https://clever-griffin-93819d.netlify.app/seo-incheon-michuhol-gu-villa-cleaning-same-day-consult/,인천 미추홀구,빌라청소,빌라,당일상담
2026-08-05T23:04:48,인천 미추홀구 빌라청소 주말예약,seo-incheon-michuhol-gu-villa-cleaning-weekend-booking,https://clever-griffin-93819d.netlify.app/seo-incheon-michuhol-gu-villa-cleaning-weekend-booking/,인천 미추홀구,빌라청소,빌라,주말예약
2026-08-05T23:04:48,인천 미추홀구 빌라청소 청소범위,seo-incheon-michuhol-gu-villa-cleaning-scope,https://clever-griffin-93819d.netlify.app/seo-incheon-michuhol-gu-villa-cleaning-scope/,인천 미추홀구,빌라청소,빌라,청소범위
2026-08-05T23:04:48,인천 미추홀구 오피스텔청소 전문업체,seo-incheon-michuhol-gu-officetel-cleaning-company,https://clever-griffin-93819d.netlify.app/seo-incheon-michuhol-gu-officetel-cleaning-company/,인천 미추홀구,오피스텔청소,오피스텔,전문업체
2026-08-05T23:04:48,인천 미추홀구 오피스텔청소 비용,seo-incheon-michuhol-gu-officetel-cleaning-cost,https://clever-griffin-93819d.netlify.app/seo-incheon-michuhol-gu-officetel-cleaning-cost/,인천 미추홀구,오피스텔청소,오피스텔,비용
2026-08-05T23:04:48,인천 미추홀구 오피스텔청소 가격,seo-incheon-michuhol-gu-officetel-cleaning-price,https://clever-griffin-93819d.netlify.app/seo-incheon-michuhol-gu-officetel-cleaning-price/,인천 미추홀구,오피스텔청소,오피스텔,가격
2026-08-05T23:04:48,인천 미추홀구 오피스텔청소 견적,seo-incheon-michuhol-gu-officetel-cleaning-estimate,https://clever-griffin-93819d.netlify.app/seo-incheon-michuhol-gu-officetel-cleaning-estimate/,인천 미추홀구,오피스텔청소,오피스텔,견적
2026-08-05T23:04:48,인천 미추홀구 오피스텔청소 예약,seo-incheon-michuhol-gu-officetel-cleaning-booking,https://clever-griffin-93819d.netlify.app/seo-incheon-michuhol-gu-officetel-cleaning-booking/,인천 미추홀구,오피스텔청소,오피스텔,예약
2026-08-05T23:04:48,인천 미추홀구 오피스텔청소 추천,seo-incheon-michuhol-gu-officetel-cleaning-recommend,https://clever-griffin-93819d.netlify.app/seo-incheon-michuhol-gu-officetel-cleaning-recommend/,인천 미추홀구,오피스텔청소,오피스텔,추천
2026-08-05T23:04:48,인천 미추홀구 오피스텔청소 후기,seo-incheon-michuhol-gu-officetel-cleaning-review,https://clever-griffin-93819d.netlify.app/seo-incheon-michuhol-gu-officetel-cleaning-review/,인천 미추홀구,오피스텔청소,오피스텔,후기
2026-08-05T23:04:48,인천 미추홀구 오피스텔청소 잘하는곳,seo-incheon-michuhol-gu-officetel-cleaning-best,https://clever-griffin-93819d.netlify.app/seo-incheon-michuhol-gu-officetel-cleaning-best/,인천 미추홀구,오피스텔청소,오피스텔,잘하는곳
2026-08-05T23:04:48,인천 미추홀구 오피스텔청소 업체,seo-incheon-michuhol-gu-officetel-cleaning-service,https://clever-griffin-93819d.netlify.app/seo-incheon-michuhol-gu-officetel-cleaning-service/,인천 미추홀구,오피스텔청소,오피스텔,업체
2026-08-05T23:04:48,인천 미추홀구 오피스텔청소 당일상담,seo-incheon-michuhol-gu-officetel-cleaning-same-day-consult,https://clever-griffin-93819d.netlify.app/seo-incheon-michuhol-gu-officetel-cleaning-same-day-consult/,인천 미추홀구,오피스텔청소,오피스텔,당일상담
2026-08-05T23:04:48,인천 미추홀구 오피스텔청소 주말예약,seo-incheon-michuhol-gu-officetel-cleaning-weekend-booking,https://clever-griffin-93819d.netlify.app/seo-incheon-michuhol-gu-officetel-cleaning-weekend-booking/,인천 미추홀구,오피스텔청소,오피스텔,주말예약
2026-08-05T23:04:48,인천 미추홀구 오피스텔청소 청소범위,seo-incheon-michuhol-gu-officetel-cleaning-scope,https://clever-griffin-93819d.netlify.app/seo-incheon-michuhol-gu-officetel-cleaning-scope/,인천 미추홀구,오피스텔청소,오피스텔,청소범위
2026-08-05T23:04:48,인천 미추홀구 원룸 폐기물청소 전문업체,seo-incheon-michuhol-gu-one-room-waste-cleaning-company,https://clever-griffin-93819d.netlify.app/seo-incheon-michuhol-gu-one-room-waste-cleaning-company/,인천 미추홀구,폐기물청소,원룸,전문업체
2026-08-05T23:04:48,인천 미추홀구 원룸 폐기물청소 비용,seo-incheon-michuhol-gu-one-room-waste-cleaning-cost,https://clever-griffin-93819d.netlify.app/seo-incheon-michuhol-gu-one-room-waste-cleaning-cost/,인천 미추홀구,폐기물청소,원룸,비용
2026-08-05T23:04:48,인천 미추홀구 원룸 폐기물청소 가격,seo-incheon-michuhol-gu-one-room-waste-cleaning-price,https://clever-griffin-93819d.netlify.app/seo-incheon-michuhol-gu-one-room-waste-cleaning-price/,인천 미추홀구,폐기물청소,원룸,가격
2026-08-05T23:04:48,인천 미추홀구 원룸 폐기물청소 견적,seo-incheon-michuhol-gu-one-room-waste-cleaning-estimate,https://clever-griffin-93819d.netlify.app/seo-incheon-michuhol-gu-one-room-waste-cleaning-estimate/,인천 미추홀구,폐기물청소,원룸,견적
2026-08-05T23:04:48,인천 미추홀구 원룸 폐기물청소 예약,seo-incheon-michuhol-gu-one-room-waste-cleaning-booking,https://clever-griffin-93819d.netlify.app/seo-incheon-michuhol-gu-one-room-waste-cleaning-booking/,인천 미추홀구,폐기물청소,원룸,예약
2026-08-05T23:04:48,인천 미추홀구 원룸 폐기물청소 추천,seo-incheon-michuhol-gu-one-room-waste-cleaning-recommend,https://clever-griffin-93819d.netlify.app/seo-incheon-michuhol-gu-one-room-waste-cleaning-recommend/,인천 미추홀구,폐기물청소,원룸,추천
2026-08-05T23:04:48,인천 미추홀구 원룸 폐기물청소 후기,seo-incheon-michuhol-gu-one-room-waste-cleaning-review,https://clever-griffin-93819d.netlify.app/seo-incheon-michuhol-gu-one-room-waste-cleaning-review/,인천 미추홀구,폐기물청소,원룸,후기
2026-08-05T23:04:48,인천 미추홀구 원룸 폐기물청소 잘하는곳,seo-incheon-michuhol-gu-one-room-waste-cleaning-best,https://clever-griffin-93819d.netlify.app/seo-incheon-michuhol-gu-one-room-waste-cleaning-best/,인천 미추홀구,폐기물청소,원룸,잘하는곳
2026-08-05T23:04:48,인천 미추홀구 원룸 폐기물청소 업체,seo-incheon-michuhol-gu-one-room-waste-cleaning-service,https://clever-griffin-93819d.netlify.app/seo-incheon-michuhol-gu-one-room-waste-cleaning-service/,인천 미추홀구,폐기물청소,원룸,업체
2026-08-05T23:04:48,인천 미추홀구 원룸 폐기물청소 당일상담,seo-incheon-michuhol-gu-one-room-waste-cleaning-same-day-consult,https://clever-griffin-93819d.netlify.app/seo-incheon-michuhol-gu-one-room-waste-cleaning-same-day-consult/,인천 미추홀구,폐기물청소,원룸,당일상담
2026-08-05T23:04:48,인천 미추홀구 원룸 폐기물청소 주말예약,seo-incheon-michuhol-gu-one-room-waste-cleaning-weekend-booking,https://clever-griffin-93819d.netlify.app/seo-incheon-michuhol-gu-one-room-waste-cleaning-weekend-booking/,인천 미추홀구,폐기물청소,원룸,주말예약
2026-08-05T23:04:48,인천 미추홀구 원룸 폐기물청소 청소범위,seo-incheon-michuhol-gu-one-room-waste-cleaning-scope,https://clever-griffin-93819d.netlify.app/seo-incheon-michuhol-gu-one-room-waste-cleaning-scope/,인천 미추홀구,폐기물청소,원룸,청소범위
2026-08-05T23:04:48,인천 미추홀구 빌라 폐기물청소 전문업체,seo-incheon-michuhol-gu-villa-waste-cleaning-company,https://clever-griffin-93819d.netlify.app/seo-incheon-michuhol-gu-villa-waste-cleaning-company/,인천 미추홀구,폐기물청소,빌라,전문업체
2026-08-05T23:04:48,인천 미추홀구 빌라 폐기물청소 비용,seo-incheon-michuhol-gu-villa-waste-cleaning-cost,https://clever-griffin-93819d.netlify.app/seo-incheon-michuhol-gu-villa-waste-cleaning-cost/,인천 미추홀구,폐기물청소,빌라,비용
2026-08-05T23:04:48,인천 미추홀구 빌라 폐기물청소 가격,seo-incheon-michuhol-gu-villa-waste-cleaning-price,https://clever-griffin-93819d.netlify.app/seo-incheon-michuhol-gu-villa-waste-cleaning-price/,인천 미추홀구,폐기물청소,빌라,가격
2026-08-05T23:04:48,인천 미추홀구 빌라 폐기물청소 견적,seo-incheon-michuhol-gu-villa-waste-cleaning-estimate,https://clever-griffin-93819d.netlify.app/seo-incheon-michuhol-gu-villa-waste-cleaning-estimate/,인천 미추홀구,폐기물청소,빌라,견적
2026-08-05T23:04:48,인천 미추홀구 빌라 폐기물청소 예약,seo-incheon-michuhol-gu-villa-waste-cleaning-booking,https://clever-griffin-93819d.netlify.app/seo-incheon-michuhol-gu-villa-waste-cleaning-booking/,인천 미추홀구,폐기물청소,빌라,예약
2026-08-05T23:04:48,인천 미추홀구 빌라 폐기물청소 추천,seo-incheon-michuhol-gu-villa-waste-cleaning-recommend,https://clever-griffin-93819d.netlify.app/seo-incheon-michuhol-gu-villa-waste-cleaning-recommend/,인천 미추홀구,폐기물청소,빌라,추천
2026-08-05T23:04:48,인천 미추홀구 빌라 폐기물청소 후기,seo-incheon-michuhol-gu-villa-waste-cleaning-review,https://clever-griffin-93819d.netlify.app/seo-incheon-michuhol-gu-villa-waste-cleaning-review/,인천 미추홀구,폐기물청소,빌라,후기
2026-08-05T23:04:48,인천 미추홀구 빌라 폐기물청소 잘하는곳,seo-incheon-michuhol-gu-villa-waste-cleaning-best,https://clever-griffin-93819d.netlify.app/seo-incheon-michuhol-gu-villa-waste-cleaning-best/,인천 미추홀구,폐기물청소,빌라,잘하는곳
2026-08-05T23:04:48,인천 미추홀구 빌라 폐기물청소 업체,seo-incheon-michuhol-gu-villa-waste-cleaning-service,https://clever-griffin-93819d.netlify.app/seo-incheon-michuhol-gu-villa-waste-cleaning-service/,인천 미추홀구,폐기물청소,빌라,업체
2026-08-05T23:04:48,인천 미추홀구 빌라 폐기물청소 당일상담,seo-incheon-michuhol-gu-villa-waste-cleaning-same-day-consult,https://clever-griffin-93819d.netlify.app/seo-incheon-michuhol-gu-villa-waste-cleaning-same-day-consult/,인천 미추홀구,폐기물청소,빌라,당일상담
2026-08-05T23:04:48,인천 미추홀구 빌라 폐기물청소 주말예약,seo-incheon-michuhol-gu-villa-waste-cleaning-weekend-booking,https://clever-griffin-93819d.netlify.app/seo-incheon-michuhol-gu-villa-waste-cleaning-weekend-booking/,인천 미추홀구,폐기물청소,빌라,주말예약
2026-08-05T23:04:48,인천 미추홀구 빌라 폐기물청소 청소범위,seo-incheon-michuhol-gu-villa-waste-cleaning-scope,https://clever-griffin-93819d.netlify.app/seo-incheon-michuhol-gu-villa-waste-cleaning-scope/,인천 미추홀구,폐기물청소,빌라,청소범위
2026-08-05T23:04:48,인천 미추홀구 오피스텔 폐기물청소 전문업체,seo-incheon-michuhol-gu-officetel-waste-cleaning-company,https://clever-griffin-93819d.netlify.app/seo-incheon-michuhol-gu-officetel-waste-cleaning-company/,인천 미추홀구,폐기물청소,오피스텔,전문업체
2026-08-05T23:04:48,인천 미추홀구 오피스텔 폐기물청소 비용,seo-incheon-michuhol-gu-officetel-waste-cleaning-cost,https://clever-griffin-93819d.netlify.app/seo-incheon-michuhol-gu-officetel-waste-cleaning-cost/,인천 미추홀구,폐기물청소,오피스텔,비용
2026-08-05T23:04:48,인천 미추홀구 오피스텔 폐기물청소 가격,seo-incheon-michuhol-gu-officetel-waste-cleaning-price,https://clever-griffin-93819d.netlify.app/seo-incheon-michuhol-gu-officetel-waste-cleaning-price/,인천 미추홀구,폐기물청소,오피스텔,가격
2026-08-05T23:04:48,인천 미추홀구 오피스텔 폐기물청소 견적,seo-incheon-michuhol-gu-officetel-waste-cleaning-estimate,https://clever-griffin-93819d.netlify.app/seo-incheon-michuhol-gu-officetel-waste-cleaning-estimate/,인천 미추홀구,폐기물청소,오피스텔,견적
2026-08-05T23:04:48,인천 미추홀구 오피스텔 폐기물청소 예약,seo-incheon-michuhol-gu-officetel-waste-cleaning-booking,https://clever-griffin-93819d.netlify.app/seo-incheon-michuhol-gu-officetel-waste-cleaning-booking/,인천 미추홀구,폐기물청소,오피스텔,예약
2026-08-05T23:04:48,인천 미추홀구 오피스텔 폐기물청소 추천,seo-incheon-michuhol-gu-officetel-waste-cleaning-recommend,https://clever-griffin-93819d.netlify.app/seo-incheon-michuhol-gu-officetel-waste-cleaning-recommend/,인천 미추홀구,폐기물청소,오피스텔,추천
2026-08-05T23:04:48,인천 미추홀구 오피스텔 폐기물청소 후기,seo-incheon-michuhol-gu-officetel-waste-cleaning-review,https://clever-griffin-93819d.netlify.app/seo-incheon-michuhol-gu-officetel-waste-cleaning-review/,인천 미추홀구,폐기물청소,오피스텔,후기
2026-08-05T23:04:48,인천 미추홀구 오피스텔 폐기물청소 잘하는곳,seo-incheon-michuhol-gu-officetel-waste-cleaning-best,https://clever-griffin-93819d.netlify.app/seo-incheon-michuhol-gu-officetel-waste-cleaning-best/,인천 미추홀구,폐기물청소,오피스텔,잘하는곳
2026-08-05T23:04:48,인천 미추홀구 오피스텔 폐기물청소 업체,seo-incheon-michuhol-gu-officetel-waste-cleaning-service,https://clever-griffin-93819d.netlify.app/seo-incheon-michuhol-gu-officetel-waste-cleaning-service/,인천 미추홀구,폐기물청소,오피스텔,업체
2026-08-05T23:04:48,인천 미추홀구 오피스텔 폐기물청소 당일상담,seo-incheon-michuhol-gu-officetel-waste-cleaning-same-day-consult,https://clever-griffin-93819d.netlify.app/seo-incheon-michuhol-gu-officetel-waste-cleaning-same-day-consult/,인천 미추홀구,폐기물청소,오피스텔,당일상담
2026-08-05T23:04:48,인천 미추홀구 오피스텔 폐기물청소 주말예약,seo-incheon-michuhol-gu-officetel-waste-cleaning-weekend-booking,https://clever-griffin-93819d.netlify.app/seo-incheon-michuhol-gu-officetel-waste-cleaning-weekend-booking/,인천 미추홀구,폐기물청소,오피스텔,주말예약
2026-08-05T23:04:48,인천 미추홀구 오피스텔 폐기물청소 청소범위,seo-incheon-michuhol-gu-officetel-waste-cleaning-scope,https://clever-griffin-93819d.netlify.app/seo-incheon-michuhol-gu-officetel-waste-cleaning-scope/,인천 미추홀구,폐기물청소,오피스텔,청소범위
2026-08-05T23:04:48,인천 미추홀구 상가 폐기물청소 전문업체,seo-incheon-michuhol-gu-store-waste-cleaning-company,https://clever-griffin-93819d.netlify.app/seo-incheon-michuhol-gu-store-waste-cleaning-company/,인천 미추홀구,폐기물청소,상가,전문업체
2026-08-05T23:04:48,인천 미추홀구 상가 폐기물청소 비용,seo-incheon-michuhol-gu-store-waste-cleaning-cost,https://clever-griffin-93819d.netlify.app/seo-incheon-michuhol-gu-store-waste-cleaning-cost/,인천 미추홀구,폐기물청소,상가,비용
2026-08-05T23:04:48,인천 미추홀구 상가 폐기물청소 가격,seo-incheon-michuhol-gu-store-waste-cleaning-price,https://clever-griffin-93819d.netlify.app/seo-incheon-michuhol-gu-store-waste-cleaning-price/,인천 미추홀구,폐기물청소,상가,가격
2026-08-05T23:04:48,인천 미추홀구 상가 폐기물청소 견적,seo-incheon-michuhol-gu-store-waste-cleaning-estimate,https://clever-griffin-93819d.netlify.app/seo-incheon-michuhol-gu-store-waste-cleaning-estimate/,인천 미추홀구,폐기물청소,상가,견적
2026-08-05T23:04:48,인천 미추홀구 상가 폐기물청소 예약,seo-incheon-michuhol-gu-store-waste-cleaning-booking,https://clever-griffin-93819d.netlify.app/seo-incheon-michuhol-gu-store-waste-cleaning-booking/,인천 미추홀구,폐기물청소,상가,예약
2026-08-05T23:04:48,인천 미추홀구 상가 폐기물청소 추천,seo-incheon-michuhol-gu-store-waste-cleaning-recommend,https://clever-griffin-93819d.netlify.app/seo-incheon-michuhol-gu-store-waste-cleaning-recommend/,인천 미추홀구,폐기물청소,상가,추천
2026-08-05T23:04:48,인천 미추홀구 상가 폐기물청소 후기,seo-incheon-michuhol-gu-store-waste-cleaning-review,https://clever-griffin-93819d.netlify.app/seo-incheon-michuhol-gu-store-waste-cleaning-review/,인천 미추홀구,폐기물청소,상가,후기
2026-08-05T23:04:48,인천 미추홀구 상가 폐기물청소 잘하는곳,seo-incheon-michuhol-gu-store-waste-cleaning-best,https://clever-griffin-93819d.netlify.app/seo-incheon-michuhol-gu-store-waste-cleaning-best/,인천 미추홀구,폐기물청소,상가,잘하는곳
2026-08-05T23:04:48,인천 미추홀구 상가 폐기물청소 업체,seo-incheon-michuhol-gu-store-waste-cleaning-service,https://clever-griffin-93819d.netlify.app/seo-incheon-michuhol-gu-store-waste-cleaning-service/,인천 미추홀구,폐기물청소,상가,업체
2026-08-05T23:04:48,인천 미추홀구 상가 폐기물청소 당일상담,seo-incheon-michuhol-gu-store-waste-cleaning-same-day-consult,https://clever-griffin-93819d.netlify.app/seo-incheon-michuhol-gu-store-waste-cleaning-same-day-consult/,인천 미추홀구,폐기물청소,상가,당일상담
2026-08-05T23:04:48,인천 미추홀구 상가 폐기물청소 주말예약,seo-incheon-michuhol-gu-store-waste-cleaning-weekend-booking,https://clever-griffin-93819d.netlify.app/seo-incheon-michuhol-gu-store-waste-cleaning-weekend-booking/,인천 미추홀구,폐기물청소,상가,주말예약
2026-08-05T23:04:48,인천 미추홀구 상가 폐기물청소 청소범위,seo-incheon-michuhol-gu-store-waste-cleaning-scope,https://clever-griffin-93819d.netlify.app/seo-incheon-michuhol-gu-store-waste-cleaning-scope/,인천 미추홀구,폐기물청소,상가,청소범위
2026-08-05T23:04:48,인천 미추홀구 사무실 폐기물청소 전문업체,seo-incheon-michuhol-gu-office-waste-cleaning-company,https://clever-griffin-93819d.netlify.app/seo-incheon-michuhol-gu-office-waste-cleaning-company/,인천 미추홀구,폐기물청소,사무실,전문업체
2026-08-05T23:04:48,인천 미추홀구 사무실 폐기물청소 비용,seo-incheon-michuhol-gu-office-waste-cleaning-cost,https://clever-griffin-93819d.netlify.app/seo-incheon-michuhol-gu-office-waste-cleaning-cost/,인천 미추홀구,폐기물청소,사무실,비용
2026-08-05T23:04:48,인천 미추홀구 사무실 폐기물청소 가격,seo-incheon-michuhol-gu-office-waste-cleaning-price,https://clever-griffin-93819d.netlify.app/seo-incheon-michuhol-gu-office-waste-cleaning-price/,인천 미추홀구,폐기물청소,사무실,가격
2026-08-05T23:04:48,인천 미추홀구 사무실 폐기물청소 견적,seo-incheon-michuhol-gu-office-waste-cleaning-estimate,https://clever-griffin-93819d.netlify.app/seo-incheon-michuhol-gu-office-waste-cleaning-estimate/,인천 미추홀구,폐기물청소,사무실,견적
2026-08-05T23:04:48,인천 미추홀구 사무실 폐기물청소 예약,seo-incheon-michuhol-gu-office-waste-cleaning-booking,https://clever-griffin-93819d.netlify.app/seo-incheon-michuhol-gu-office-waste-cleaning-booking/,인천 미추홀구,폐기물청소,사무실,예약
2026-08-05T23:04:48,인천 미추홀구 사무실 폐기물청소 추천,seo-incheon-michuhol-gu-office-waste-cleaning-recommend,https://clever-griffin-93819d.netlify.app/seo-incheon-michuhol-gu-office-waste-cleaning-recommend/,인천 미추홀구,폐기물청소,사무실,추천
2026-08-05T23:04:48,인천 미추홀구 사무실 폐기물청소 후기,seo-incheon-michuhol-gu-office-waste-cleaning-review,https://clever-griffin-93819d.netlify.app/seo-incheon-michuhol-gu-office-waste-cleaning-review/,인천 미추홀구,폐기물청소,사무실,후기
2026-08-05T23:04:48,인천 미추홀구 사무실 폐기물청소 잘하는곳,seo-incheon-michuhol-gu-office-waste-cleaning-best,https://clever-griffin-93819d.netlify.app/seo-incheon-michuhol-gu-office-waste-cleaning-best/,인천 미추홀구,폐기물청소,사무실,잘하는곳
2026-08-05T23:04:48,인천 미추홀구 사무실 폐기물청소 업체,seo-incheon-michuhol-gu-office-waste-cleaning-service,https://clever-griffin-93819d.netlify.app/seo-incheon-michuhol-gu-office-waste-cleaning-service/,인천 미추홀구,폐기물청소,사무실,업체
2026-08-05T23:04:48,인천 미추홀구 사무실 폐기물청소 당일상담,seo-incheon-michuhol-gu-office-waste-cleaning-same-day-consult,https://clever-griffin-93819d.netlify.app/seo-incheon-michuhol-gu-office-waste-cleaning-same-day-consult/,인천 미추홀구,폐기물청소,사무실,당일상담
2026-08-05T23:04:48,인천 미추홀구 사무실 폐기물청소 주말예약,seo-incheon-michuhol-gu-office-waste-cleaning-weekend-booking,https://clever-griffin-93819d.netlify.app/seo-incheon-michuhol-gu-office-waste-cleaning-weekend-booking/,인천 미추홀구,폐기물청소,사무실,주말예약
2026-08-05T23:04:48,인천 미추홀구 사무실 폐기물청소 청소범위,seo-incheon-michuhol-gu-office-waste-cleaning-scope,https://clever-griffin-93819d.netlify.app/seo-incheon-michuhol-gu-office-waste-cleaning-scope/,인천 미추홀구,폐기물청소,사무실,청소범위
2026-08-05T23:04:48,인천 연수구 아파트 입주청소 전문업체,seo-incheon-yeonsu-gu-apartment-move-in-cleaning-company,https://clever-griffin-93819d.netlify.app/seo-incheon-yeonsu-gu-apartment-move-in-cleaning-company/,인천 연수구,입주청소,아파트,전문업체
2026-08-05T23:04:48,인천 연수구 아파트 입주청소 비용,seo-incheon-yeonsu-gu-apartment-move-in-cleaning-cost,https://clever-griffin-93819d.netlify.app/seo-incheon-yeonsu-gu-apartment-move-in-cleaning-cost/,인천 연수구,입주청소,아파트,비용
2026-08-05T23:04:48,인천 연수구 아파트 입주청소 가격,seo-incheon-yeonsu-gu-apartment-move-in-cleaning-price,https://clever-griffin-93819d.netlify.app/seo-incheon-yeonsu-gu-apartment-move-in-cleaning-price/,인천 연수구,입주청소,아파트,가격
2026-08-05T23:04:48,인천 연수구 아파트 입주청소 견적,seo-incheon-yeonsu-gu-apartment-move-in-cleaning-estimate,https://clever-griffin-93819d.netlify.app/seo-incheon-yeonsu-gu-apartment-move-in-cleaning-estimate/,인천 연수구,입주청소,아파트,견적
2026-08-05T23:04:48,인천 연수구 아파트 입주청소 예약,seo-incheon-yeonsu-gu-apartment-move-in-cleaning-booking,https://clever-griffin-93819d.netlify.app/seo-incheon-yeonsu-gu-apartment-move-in-cleaning-booking/,인천 연수구,입주청소,아파트,예약
2026-08-05T23:04:48,인천 연수구 아파트 입주청소 추천,seo-incheon-yeonsu-gu-apartment-move-in-cleaning-recommend,https://clever-griffin-93819d.netlify.app/seo-incheon-yeonsu-gu-apartment-move-in-cleaning-recommend/,인천 연수구,입주청소,아파트,추천
2026-08-05T23:04:48,인천 연수구 아파트 입주청소 후기,seo-incheon-yeonsu-gu-apartment-move-in-cleaning-review,https://clever-griffin-93819d.netlify.app/seo-incheon-yeonsu-gu-apartment-move-in-cleaning-review/,인천 연수구,입주청소,아파트,후기
2026-08-05T23:04:48,인천 연수구 아파트 입주청소 잘하는곳,seo-incheon-yeonsu-gu-apartment-move-in-cleaning-best,https://clever-griffin-93819d.netlify.app/seo-incheon-yeonsu-gu-apartment-move-in-cleaning-best/,인천 연수구,입주청소,아파트,잘하는곳
2026-08-05T23:04:48,인천 연수구 아파트 입주청소 업체,seo-incheon-yeonsu-gu-apartment-move-in-cleaning-service,https://clever-griffin-93819d.netlify.app/seo-incheon-yeonsu-gu-apartment-move-in-cleaning-service/,인천 연수구,입주청소,아파트,업체
2026-08-05T23:04:48,인천 연수구 아파트 입주청소 당일상담,seo-incheon-yeonsu-gu-apartment-move-in-cleaning-same-day-consult,https://clever-griffin-93819d.netlify.app/seo-incheon-yeonsu-gu-apartment-move-in-cleaning-same-day-consult/,인천 연수구,입주청소,아파트,당일상담
2026-08-05T23:04:48,인천 연수구 아파트 입주청소 주말예약,seo-incheon-yeonsu-gu-apartment-move-in-cleaning-weekend-booking,https://clever-griffin-93819d.netlify.app/seo-incheon-yeonsu-gu-apartment-move-in-cleaning-weekend-booking/,인천 연수구,입주청소,아파트,주말예약
2026-08-05T23:04:48,인천 연수구 아파트 입주청소 청소범위,seo-incheon-yeonsu-gu-apartment-move-in-cleaning-scope,https://clever-griffin-93819d.netlify.app/seo-incheon-yeonsu-gu-apartment-move-in-cleaning-scope/,인천 연수구,입주청소,아파트,청소범위
2026-08-05T23:04:48,인천 연수구 원룸 입주청소 전문업체,seo-incheon-yeonsu-gu-one-room-move-in-cleaning-company,https://clever-griffin-93819d.netlify.app/seo-incheon-yeonsu-gu-one-room-move-in-cleaning-company/,인천 연수구,입주청소,원룸,전문업체
2026-08-05T23:04:48,인천 연수구 원룸 입주청소 비용,seo-incheon-yeonsu-gu-one-room-move-in-cleaning-cost,https://clever-griffin-93819d.netlify.app/seo-incheon-yeonsu-gu-one-room-move-in-cleaning-cost/,인천 연수구,입주청소,원룸,비용
2026-08-05T23:04:48,인천 연수구 원룸 입주청소 가격,seo-incheon-yeonsu-gu-one-room-move-in-cleaning-price,https://clever-griffin-93819d.netlify.app/seo-incheon-yeonsu-gu-one-room-move-in-cleaning-price/,인천 연수구,입주청소,원룸,가격
2026-08-05T23:04:48,인천 연수구 원룸 입주청소 견적,seo-incheon-yeonsu-gu-one-room-move-in-cleaning-estimate,https://clever-griffin-93819d.netlify.app/seo-incheon-yeonsu-gu-one-room-move-in-cleaning-estimate/,인천 연수구,입주청소,원룸,견적
2026-08-05T23:04:48,인천 연수구 원룸 입주청소 예약,seo-incheon-yeonsu-gu-one-room-move-in-cleaning-booking,https://clever-griffin-93819d.netlify.app/seo-incheon-yeonsu-gu-one-room-move-in-cleaning-booking/,인천 연수구,입주청소,원룸,예약
2026-08-05T23:04:48,인천 연수구 원룸 입주청소 추천,seo-incheon-yeonsu-gu-one-room-move-in-cleaning-recommend,https://clever-griffin-93819d.netlify.app/seo-incheon-yeonsu-gu-one-room-move-in-cleaning-recommend/,인천 연수구,입주청소,원룸,추천
2026-08-05T23:04:48,인천 연수구 원룸 입주청소 후기,seo-incheon-yeonsu-gu-one-room-move-in-cleaning-review,https://clever-griffin-93819d.netlify.app/seo-incheon-yeonsu-gu-one-room-move-in-cleaning-review/,인천 연수구,입주청소,원룸,후기
2026-08-05T23:04:48,인천 연수구 원룸 입주청소 잘하는곳,seo-incheon-yeonsu-gu-one-room-move-in-cleaning-best,https://clever-griffin-93819d.netlify.app/seo-incheon-yeonsu-gu-one-room-move-in-cleaning-best/,인천 연수구,입주청소,원룸,잘하는곳
2026-08-05T23:04:48,인천 연수구 원룸 입주청소 업체,seo-incheon-yeonsu-gu-one-room-move-in-cleaning-service,https://clever-griffin-93819d.netlify.app/seo-incheon-yeonsu-gu-one-room-move-in-cleaning-service/,인천 연수구,입주청소,원룸,업체
2026-08-05T23:04:48,인천 연수구 원룸 입주청소 당일상담,seo-incheon-yeonsu-gu-one-room-move-in-cleaning-same-day-consult,https://clever-griffin-93819d.netlify.app/seo-incheon-yeonsu-gu-one-room-move-in-cleaning-same-day-consult/,인천 연수구,입주청소,원룸,당일상담
2026-08-05T23:04:48,인천 연수구 원룸 입주청소 주말예약,seo-incheon-yeonsu-gu-one-room-move-in-cleaning-weekend-booking,https://clever-griffin-93819d.netlify.app/seo-incheon-yeonsu-gu-one-room-move-in-cleaning-weekend-booking/,인천 연수구,입주청소,원룸,주말예약
2026-08-05T23:04:48,인천 연수구 원룸 입주청소 청소범위,seo-incheon-yeonsu-gu-one-room-move-in-cleaning-scope,https://clever-griffin-93819d.netlify.app/seo-incheon-yeonsu-gu-one-room-move-in-cleaning-scope/,인천 연수구,입주청소,원룸,청소범위
2026-08-05T23:04:48,인천 연수구 빌라 입주청소 전문업체,seo-incheon-yeonsu-gu-villa-move-in-cleaning-company,https://clever-griffin-93819d.netlify.app/seo-incheon-yeonsu-gu-villa-move-in-cleaning-company/,인천 연수구,입주청소,빌라,전문업체
2026-08-05T23:04:48,인천 연수구 빌라 입주청소 비용,seo-incheon-yeonsu-gu-villa-move-in-cleaning-cost,https://clever-griffin-93819d.netlify.app/seo-incheon-yeonsu-gu-villa-move-in-cleaning-cost/,인천 연수구,입주청소,빌라,비용
2026-08-05T23:04:48,인천 연수구 빌라 입주청소 가격,seo-incheon-yeonsu-gu-villa-move-in-cleaning-price,https://clever-griffin-93819d.netlify.app/seo-incheon-yeonsu-gu-villa-move-in-cleaning-price/,인천 연수구,입주청소,빌라,가격
2026-08-05T23:04:48,인천 연수구 빌라 입주청소 견적,seo-incheon-yeonsu-gu-villa-move-in-cleaning-estimate,https://clever-griffin-93819d.netlify.app/seo-incheon-yeonsu-gu-villa-move-in-cleaning-estimate/,인천 연수구,입주청소,빌라,견적
2026-08-05T23:04:48,인천 연수구 빌라 입주청소 예약,seo-incheon-yeonsu-gu-villa-move-in-cleaning-booking,https://clever-griffin-93819d.netlify.app/seo-incheon-yeonsu-gu-villa-move-in-cleaning-booking/,인천 연수구,입주청소,빌라,예약
2026-08-05T23:04:48,인천 연수구 빌라 입주청소 추천,seo-incheon-yeonsu-gu-villa-move-in-cleaning-recommend,https://clever-griffin-93819d.netlify.app/seo-incheon-yeonsu-gu-villa-move-in-cleaning-recommend/,인천 연수구,입주청소,빌라,추천
2026-08-05T23:04:48,인천 연수구 빌라 입주청소 후기,seo-incheon-yeonsu-gu-villa-move-in-cleaning-review,https://clever-griffin-93819d.netlify.app/seo-incheon-yeonsu-gu-villa-move-in-cleaning-review/,인천 연수구,입주청소,빌라,후기
2026-08-05T23:04:48,인천 연수구 빌라 입주청소 잘하는곳,seo-incheon-yeonsu-gu-villa-move-in-cleaning-best,https://clever-griffin-93819d.netlify.app/seo-incheon-yeonsu-gu-villa-move-in-cleaning-best/,인천 연수구,입주청소,빌라,잘하는곳
2026-08-05T23:04:48,인천 연수구 빌라 입주청소 업체,seo-incheon-yeonsu-gu-villa-move-in-cleaning-service,https://clever-griffin-93819d.netlify.app/seo-incheon-yeonsu-gu-villa-move-in-cleaning-service/,인천 연수구,입주청소,빌라,업체
2026-08-05T23:04:48,인천 연수구 빌라 입주청소 당일상담,seo-incheon-yeonsu-gu-villa-move-in-cleaning-same-day-consult,https://clever-griffin-93819d.netlify.app/seo-incheon-yeonsu-gu-villa-move-in-cleaning-same-day-consult/,인천 연수구,입주청소,빌라,당일상담
2026-08-05T23:04:48,인천 연수구 빌라 입주청소 주말예약,seo-incheon-yeonsu-gu-villa-move-in-cleaning-weekend-booking,https://clever-griffin-93819d.netlify.app/seo-incheon-yeonsu-gu-villa-move-in-cleaning-weekend-booking/,인천 연수구,입주청소,빌라,주말예약
2026-08-05T23:04:48,인천 연수구 빌라 입주청소 청소범위,seo-incheon-yeonsu-gu-villa-move-in-cleaning-scope,https://clever-griffin-93819d.netlify.app/seo-incheon-yeonsu-gu-villa-move-in-cleaning-scope/,인천 연수구,입주청소,빌라,청소범위
2026-08-05T23:04:48,인천 연수구 오피스텔 입주청소 전문업체,seo-incheon-yeonsu-gu-officetel-move-in-cleaning-company,https://clever-griffin-93819d.netlify.app/seo-incheon-yeonsu-gu-officetel-move-in-cleaning-company/,인천 연수구,입주청소,오피스텔,전문업체
2026-08-05T23:04:48,인천 연수구 오피스텔 입주청소 비용,seo-incheon-yeonsu-gu-officetel-move-in-cleaning-cost,https://clever-griffin-93819d.netlify.app/seo-incheon-yeonsu-gu-officetel-move-in-cleaning-cost/,인천 연수구,입주청소,오피스텔,비용
2026-08-05T23:04:48,인천 연수구 오피스텔 입주청소 가격,seo-incheon-yeonsu-gu-officetel-move-in-cleaning-price,https://clever-griffin-93819d.netlify.app/seo-incheon-yeonsu-gu-officetel-move-in-cleaning-price/,인천 연수구,입주청소,오피스텔,가격
2026-08-05T23:04:48,인천 연수구 오피스텔 입주청소 견적,seo-incheon-yeonsu-gu-officetel-move-in-cleaning-estimate,https://clever-griffin-93819d.netlify.app/seo-incheon-yeonsu-gu-officetel-move-in-cleaning-estimate/,인천 연수구,입주청소,오피스텔,견적
2026-08-05T23:04:48,인천 연수구 오피스텔 입주청소 예약,seo-incheon-yeonsu-gu-officetel-move-in-cleaning-booking,https://clever-griffin-93819d.netlify.app/seo-incheon-yeonsu-gu-officetel-move-in-cleaning-booking/,인천 연수구,입주청소,오피스텔,예약
2026-08-05T23:04:48,인천 연수구 오피스텔 입주청소 추천,seo-incheon-yeonsu-gu-officetel-move-in-cleaning-recommend,https://clever-griffin-93819d.netlify.app/seo-incheon-yeonsu-gu-officetel-move-in-cleaning-recommend/,인천 연수구,입주청소,오피스텔,추천
2026-08-05T23:04:48,인천 연수구 오피스텔 입주청소 후기,seo-incheon-yeonsu-gu-officetel-move-in-cleaning-review,https://clever-griffin-93819d.netlify.app/seo-incheon-yeonsu-gu-officetel-move-in-cleaning-review/,인천 연수구,입주청소,오피스텔,후기
2026-08-05T23:04:48,인천 연수구 오피스텔 입주청소 잘하는곳,seo-incheon-yeonsu-gu-officetel-move-in-cleaning-best,https://clever-griffin-93819d.netlify.app/seo-incheon-yeonsu-gu-officetel-move-in-cleaning-best/,인천 연수구,입주청소,오피스텔,잘하는곳
2026-08-05T23:04:48,인천 연수구 오피스텔 입주청소 업체,seo-incheon-yeonsu-gu-officetel-move-in-cleaning-service,https://clever-griffin-93819d.netlify.app/seo-incheon-yeonsu-gu-officetel-move-in-cleaning-service/,인천 연수구,입주청소,오피스텔,업체
2026-08-05T23:04:48,인천 연수구 오피스텔 입주청소 당일상담,seo-incheon-yeonsu-gu-officetel-move-in-cleaning-same-day-consult,https://clever-griffin-93819d.netlify.app/seo-incheon-yeonsu-gu-officetel-move-in-cleaning-same-day-consult/,인천 연수구,입주청소,오피스텔,당일상담
2026-08-05T23:04:48,인천 연수구 오피스텔 입주청소 주말예약,seo-incheon-yeonsu-gu-officetel-move-in-cleaning-weekend-booking,https://clever-griffin-93819d.netlify.app/seo-incheon-yeonsu-gu-officetel-move-in-cleaning-weekend-booking/,인천 연수구,입주청소,오피스텔,주말예약
2026-08-05T23:04:48,인천 연수구 오피스텔 입주청소 청소범위,seo-incheon-yeonsu-gu-officetel-move-in-cleaning-scope,https://clever-griffin-93819d.netlify.app/seo-incheon-yeonsu-gu-officetel-move-in-cleaning-scope/,인천 연수구,입주청소,오피스텔,청소범위
2026-08-05T23:04:48,인천 연수구 상가 입주청소 전문업체,seo-incheon-yeonsu-gu-store-move-in-cleaning-company,https://clever-griffin-93819d.netlify.app/seo-incheon-yeonsu-gu-store-move-in-cleaning-company/,인천 연수구,입주청소,상가,전문업체
2026-08-05T23:04:48,인천 연수구 상가 입주청소 비용,seo-incheon-yeonsu-gu-store-move-in-cleaning-cost,https://clever-griffin-93819d.netlify.app/seo-incheon-yeonsu-gu-store-move-in-cleaning-cost/,인천 연수구,입주청소,상가,비용
2026-08-05T23:04:48,인천 연수구 상가 입주청소 가격,seo-incheon-yeonsu-gu-store-move-in-cleaning-price,https://clever-griffin-93819d.netlify.app/seo-incheon-yeonsu-gu-store-move-in-cleaning-price/,인천 연수구,입주청소,상가,가격
2026-08-05T23:04:48,인천 연수구 상가 입주청소 견적,seo-incheon-yeonsu-gu-store-move-in-cleaning-estimate,https://clever-griffin-93819d.netlify.app/seo-incheon-yeonsu-gu-store-move-in-cleaning-estimate/,인천 연수구,입주청소,상가,견적
2026-08-05T23:04:48,인천 연수구 상가 입주청소 예약,seo-incheon-yeonsu-gu-store-move-in-cleaning-booking,https://clever-griffin-93819d.netlify.app/seo-incheon-yeonsu-gu-store-move-in-cleaning-booking/,인천 연수구,입주청소,상가,예약
2026-08-05T23:04:48,인천 연수구 상가 입주청소 추천,seo-incheon-yeonsu-gu-store-move-in-cleaning-recommend,https://clever-griffin-93819d.netlify.app/seo-incheon-yeonsu-gu-store-move-in-cleaning-recommend/,인천 연수구,입주청소,상가,추천
2026-08-05T23:04:48,인천 연수구 상가 입주청소 후기,seo-incheon-yeonsu-gu-store-move-in-cleaning-review,https://clever-griffin-93819d.netlify.app/seo-incheon-yeonsu-gu-store-move-in-cleaning-review/,인천 연수구,입주청소,상가,후기
2026-08-05T23:04:48,인천 연수구 상가 입주청소 잘하는곳,seo-incheon-yeonsu-gu-store-move-in-cleaning-best,https://clever-griffin-93819d.netlify.app/seo-incheon-yeonsu-gu-store-move-in-cleaning-best/,인천 연수구,입주청소,상가,잘하는곳
2026-08-05T23:04:48,인천 연수구 상가 입주청소 업체,seo-incheon-yeonsu-gu-store-move-in-cleaning-service,https://clever-griffin-93819d.netlify.app/seo-incheon-yeonsu-gu-store-move-in-cleaning-service/,인천 연수구,입주청소,상가,업체
2026-08-05T23:04:48,인천 연수구 상가 입주청소 당일상담,seo-incheon-yeonsu-gu-store-move-in-cleaning-same-day-consult,https://clever-griffin-93819d.netlify.app/seo-incheon-yeonsu-gu-store-move-in-cleaning-same-day-consult/,인천 연수구,입주청소,상가,당일상담
2026-08-05T23:04:48,인천 연수구 상가 입주청소 주말예약,seo-incheon-yeonsu-gu-store-move-in-cleaning-weekend-booking,https://clever-griffin-93819d.netlify.app/seo-incheon-yeonsu-gu-store-move-in-cleaning-weekend-booking/,인천 연수구,입주청소,상가,주말예약
2026-08-05T23:04:48,인천 연수구 상가 입주청소 청소범위,seo-incheon-yeonsu-gu-store-move-in-cleaning-scope,https://clever-griffin-93819d.netlify.app/seo-incheon-yeonsu-gu-store-move-in-cleaning-scope/,인천 연수구,입주청소,상가,청소범위
2026-08-05T23:04:48,인천 연수구 사무실 입주청소 전문업체,seo-incheon-yeonsu-gu-office-move-in-cleaning-company,https://clever-griffin-93819d.netlify.app/seo-incheon-yeonsu-gu-office-move-in-cleaning-company/,인천 연수구,입주청소,사무실,전문업체
2026-08-05T23:04:48,인천 연수구 사무실 입주청소 비용,seo-incheon-yeonsu-gu-office-move-in-cleaning-cost,https://clever-griffin-93819d.netlify.app/seo-incheon-yeonsu-gu-office-move-in-cleaning-cost/,인천 연수구,입주청소,사무실,비용
2026-08-05T23:04:48,인천 연수구 사무실 입주청소 가격,seo-incheon-yeonsu-gu-office-move-in-cleaning-price,https://clever-griffin-93819d.netlify.app/seo-incheon-yeonsu-gu-office-move-in-cleaning-price/,인천 연수구,입주청소,사무실,가격
2026-08-05T23:04:48,인천 연수구 사무실 입주청소 견적,seo-incheon-yeonsu-gu-office-move-in-cleaning-estimate,https://clever-griffin-93819d.netlify.app/seo-incheon-yeonsu-gu-office-move-in-cleaning-estimate/,인천 연수구,입주청소,사무실,견적
2026-08-05T23:04:48,인천 연수구 사무실 입주청소 예약,seo-incheon-yeonsu-gu-office-move-in-cleaning-booking,https://clever-griffin-93819d.netlify.app/seo-incheon-yeonsu-gu-office-move-in-cleaning-booking/,인천 연수구,입주청소,사무실,예약
2026-08-05T23:04:48,인천 연수구 사무실 입주청소 추천,seo-incheon-yeonsu-gu-office-move-in-cleaning-recommend,https://clever-griffin-93819d.netlify.app/seo-incheon-yeonsu-gu-office-move-in-cleaning-recommend/,인천 연수구,입주청소,사무실,추천
2026-08-05T23:04:48,인천 연수구 사무실 입주청소 후기,seo-incheon-yeonsu-gu-office-move-in-cleaning-review,https://clever-griffin-93819d.netlify.app/seo-incheon-yeonsu-gu-office-move-in-cleaning-review/,인천 연수구,입주청소,사무실,후기
2026-08-05T23:04:48,인천 연수구 사무실 입주청소 잘하는곳,seo-incheon-yeonsu-gu-office-move-in-cleaning-best,https://clever-griffin-93819d.netlify.app/seo-incheon-yeonsu-gu-office-move-in-cleaning-best/,인천 연수구,입주청소,사무실,잘하는곳
2026-08-05T23:04:48,인천 연수구 사무실 입주청소 업체,seo-incheon-yeonsu-gu-office-move-in-cleaning-service,https://clever-griffin-93819d.netlify.app/seo-incheon-yeonsu-gu-office-move-in-cleaning-service/,인천 연수구,입주청소,사무실,업체
2026-08-05T23:04:48,인천 연수구 사무실 입주청소 당일상담,seo-incheon-yeonsu-gu-office-move-in-cleaning-same-day-consult,https://clever-griffin-93819d.netlify.app/seo-incheon-yeonsu-gu-office-move-in-cleaning-same-day-consult/,인천 연수구,입주청소,사무실,당일상담
2026-08-05T23:04:48,인천 연수구 사무실 입주청소 주말예약,seo-incheon-yeonsu-gu-office-move-in-cleaning-weekend-booking,https://clever-griffin-93819d.netlify.app/seo-incheon-yeonsu-gu-office-move-in-cleaning-weekend-booking/,인천 연수구,입주청소,사무실,주말예약
2026-08-05T23:04:48,인천 연수구 사무실 입주청소 청소범위,seo-incheon-yeonsu-gu-office-move-in-cleaning-scope,https://clever-griffin-93819d.netlify.app/seo-incheon-yeonsu-gu-office-move-in-cleaning-scope/,인천 연수구,입주청소,사무실,청소범위
2026-08-05T23:04:48,인천 연수구 아파트 이사청소 전문업체,seo-incheon-yeonsu-gu-apartment-moving-cleaning-company,https://clever-griffin-93819d.netlify.app/seo-incheon-yeonsu-gu-apartment-moving-cleaning-company/,인천 연수구,이사청소,아파트,전문업체
2026-08-05T23:04:48,인천 연수구 아파트 이사청소 비용,seo-incheon-yeonsu-gu-apartment-moving-cleaning-cost,https://clever-griffin-93819d.netlify.app/seo-incheon-yeonsu-gu-apartment-moving-cleaning-cost/,인천 연수구,이사청소,아파트,비용
2026-08-05T23:04:48,인천 연수구 아파트 이사청소 가격,seo-incheon-yeonsu-gu-apartment-moving-cleaning-price,https://clever-griffin-93819d.netlify.app/seo-incheon-yeonsu-gu-apartment-moving-cleaning-price/,인천 연수구,이사청소,아파트,가격
2026-08-05T23:04:48,인천 연수구 아파트 이사청소 견적,seo-incheon-yeonsu-gu-apartment-moving-cleaning-estimate,https://clever-griffin-93819d.netlify.app/seo-incheon-yeonsu-gu-apartment-moving-cleaning-estimate/,인천 연수구,이사청소,아파트,견적
2026-08-05T23:04:48,인천 연수구 아파트 이사청소 예약,seo-incheon-yeonsu-gu-apartment-moving-cleaning-booking,https://clever-griffin-93819d.netlify.app/seo-incheon-yeonsu-gu-apartment-moving-cleaning-booking/,인천 연수구,이사청소,아파트,예약
2026-08-05T23:04:48,인천 연수구 아파트 이사청소 추천,seo-incheon-yeonsu-gu-apartment-moving-cleaning-recommend,https://clever-griffin-93819d.netlify.app/seo-incheon-yeonsu-gu-apartment-moving-cleaning-recommend/,인천 연수구,이사청소,아파트,추천
2026-08-05T23:04:48,인천 연수구 아파트 이사청소 후기,seo-incheon-yeonsu-gu-apartment-moving-cleaning-review,https://clever-griffin-93819d.netlify.app/seo-incheon-yeonsu-gu-apartment-moving-cleaning-review/,인천 연수구,이사청소,아파트,후기
2026-08-05T23:04:48,인천 연수구 아파트 이사청소 잘하는곳,seo-incheon-yeonsu-gu-apartment-moving-cleaning-best,https://clever-griffin-93819d.netlify.app/seo-incheon-yeonsu-gu-apartment-moving-cleaning-best/,인천 연수구,이사청소,아파트,잘하는곳
2026-08-05T23:04:48,인천 연수구 아파트 이사청소 업체,seo-incheon-yeonsu-gu-apartment-moving-cleaning-service,https://clever-griffin-93819d.netlify.app/seo-incheon-yeonsu-gu-apartment-moving-cleaning-service/,인천 연수구,이사청소,아파트,업체
2026-08-05T23:04:48,인천 연수구 아파트 이사청소 당일상담,seo-incheon-yeonsu-gu-apartment-moving-cleaning-same-day-consult,https://clever-griffin-93819d.netlify.app/seo-incheon-yeonsu-gu-apartment-moving-cleaning-same-day-consult/,인천 연수구,이사청소,아파트,당일상담
2026-08-05T23:04:48,인천 연수구 아파트 이사청소 주말예약,seo-incheon-yeonsu-gu-apartment-moving-cleaning-weekend-booking,https://clever-griffin-93819d.netlify.app/seo-incheon-yeonsu-gu-apartment-moving-cleaning-weekend-booking/,인천 연수구,이사청소,아파트,주말예약
2026-08-05T23:04:48,인천 연수구 아파트 이사청소 청소범위,seo-incheon-yeonsu-gu-apartment-moving-cleaning-scope,https://clever-griffin-93819d.netlify.app/seo-incheon-yeonsu-gu-apartment-moving-cleaning-scope/,인천 연수구,이사청소,아파트,청소범위
2026-08-05T23:04:48,인천 연수구 원룸 이사청소 전문업체,seo-incheon-yeonsu-gu-one-room-moving-cleaning-company,https://clever-griffin-93819d.netlify.app/seo-incheon-yeonsu-gu-one-room-moving-cleaning-company/,인천 연수구,이사청소,원룸,전문업체
2026-08-05T23:04:48,인천 연수구 원룸 이사청소 비용,seo-incheon-yeonsu-gu-one-room-moving-cleaning-cost,https://clever-griffin-93819d.netlify.app/seo-incheon-yeonsu-gu-one-room-moving-cleaning-cost/,인천 연수구,이사청소,원룸,비용
2026-08-05T23:04:48,인천 연수구 원룸 이사청소 가격,seo-incheon-yeonsu-gu-one-room-moving-cleaning-price,https://clever-griffin-93819d.netlify.app/seo-incheon-yeonsu-gu-one-room-moving-cleaning-price/,인천 연수구,이사청소,원룸,가격
2026-08-05T23:04:48,인천 연수구 원룸 이사청소 견적,seo-incheon-yeonsu-gu-one-room-moving-cleaning-estimate,https://clever-griffin-93819d.netlify.app/seo-incheon-yeonsu-gu-one-room-moving-cleaning-estimate/,인천 연수구,이사청소,원룸,견적
2026-08-05T23:04:48,인천 연수구 원룸 이사청소 예약,seo-incheon-yeonsu-gu-one-room-moving-cleaning-booking,https://clever-griffin-93819d.netlify.app/seo-incheon-yeonsu-gu-one-room-moving-cleaning-booking/,인천 연수구,이사청소,원룸,예약
2026-08-05T23:04:48,인천 연수구 원룸 이사청소 추천,seo-incheon-yeonsu-gu-one-room-moving-cleaning-recommend,https://clever-griffin-93819d.netlify.app/seo-incheon-yeonsu-gu-one-room-moving-cleaning-recommend/,인천 연수구,이사청소,원룸,추천
2026-08-05T23:04:48,인천 연수구 원룸 이사청소 후기,seo-incheon-yeonsu-gu-one-room-moving-cleaning-review,https://clever-griffin-93819d.netlify.app/seo-incheon-yeonsu-gu-one-room-moving-cleaning-review/,인천 연수구,이사청소,원룸,후기
2026-08-05T23:04:48,인천 연수구 원룸 이사청소 잘하는곳,seo-incheon-yeonsu-gu-one-room-moving-cleaning-best,https://clever-griffin-93819d.netlify.app/seo-incheon-yeonsu-gu-one-room-moving-cleaning-best/,인천 연수구,이사청소,원룸,잘하는곳
2026-08-05T23:04:48,인천 연수구 원룸 이사청소 업체,seo-incheon-yeonsu-gu-one-room-moving-cleaning-service,https://clever-griffin-93819d.netlify.app/seo-incheon-yeonsu-gu-one-room-moving-cleaning-service/,인천 연수구,이사청소,원룸,업체
2026-08-05T23:04:48,인천 연수구 원룸 이사청소 당일상담,seo-incheon-yeonsu-gu-one-room-moving-cleaning-same-day-consult,https://clever-griffin-93819d.netlify.app/seo-incheon-yeonsu-gu-one-room-moving-cleaning-same-day-consult/,인천 연수구,이사청소,원룸,당일상담
2026-08-05T23:04:48,인천 연수구 원룸 이사청소 주말예약,seo-incheon-yeonsu-gu-one-room-moving-cleaning-weekend-booking,https://clever-griffin-93819d.netlify.app/seo-incheon-yeonsu-gu-one-room-moving-cleaning-weekend-booking/,인천 연수구,이사청소,원룸,주말예약
2026-08-05T23:04:48,인천 연수구 원룸 이사청소 청소범위,seo-incheon-yeonsu-gu-one-room-moving-cleaning-scope,https://clever-griffin-93819d.netlify.app/seo-incheon-yeonsu-gu-one-room-moving-cleaning-scope/,인천 연수구,이사청소,원룸,청소범위
2026-08-05T23:04:48,인천 연수구 빌라 이사청소 전문업체,seo-incheon-yeonsu-gu-villa-moving-cleaning-company,https://clever-griffin-93819d.netlify.app/seo-incheon-yeonsu-gu-villa-moving-cleaning-company/,인천 연수구,이사청소,빌라,전문업체
2026-08-05T23:04:48,인천 연수구 빌라 이사청소 비용,seo-incheon-yeonsu-gu-villa-moving-cleaning-cost,https://clever-griffin-93819d.netlify.app/seo-incheon-yeonsu-gu-villa-moving-cleaning-cost/,인천 연수구,이사청소,빌라,비용
2026-08-05T23:04:48,인천 연수구 빌라 이사청소 가격,seo-incheon-yeonsu-gu-villa-moving-cleaning-price,https://clever-griffin-93819d.netlify.app/seo-incheon-yeonsu-gu-villa-moving-cleaning-price/,인천 연수구,이사청소,빌라,가격
2026-08-05T23:04:48,인천 연수구 빌라 이사청소 견적,seo-incheon-yeonsu-gu-villa-moving-cleaning-estimate,https://clever-griffin-93819d.netlify.app/seo-incheon-yeonsu-gu-villa-moving-cleaning-estimate/,인천 연수구,이사청소,빌라,견적
2026-08-05T23:04:48,인천 연수구 빌라 이사청소 예약,seo-incheon-yeonsu-gu-villa-moving-cleaning-booking,https://clever-griffin-93819d.netlify.app/seo-incheon-yeonsu-gu-villa-moving-cleaning-booking/,인천 연수구,이사청소,빌라,예약
2026-08-05T23:04:48,인천 연수구 빌라 이사청소 추천,seo-incheon-yeonsu-gu-villa-moving-cleaning-recommend,https://clever-griffin-93819d.netlify.app/seo-incheon-yeonsu-gu-villa-moving-cleaning-recommend/,인천 연수구,이사청소,빌라,추천
2026-08-05T23:04:48,인천 연수구 빌라 이사청소 후기,seo-incheon-yeonsu-gu-villa-moving-cleaning-review,https://clever-griffin-93819d.netlify.app/seo-incheon-yeonsu-gu-villa-moving-cleaning-review/,인천 연수구,이사청소,빌라,후기
2026-08-05T23:04:48,인천 연수구 빌라 이사청소 잘하는곳,seo-incheon-yeonsu-gu-villa-moving-cleaning-best,https://clever-griffin-93819d.netlify.app/seo-incheon-yeonsu-gu-villa-moving-cleaning-best/,인천 연수구,이사청소,빌라,잘하는곳
2026-08-05T23:04:48,인천 연수구 빌라 이사청소 업체,seo-incheon-yeonsu-gu-villa-moving-cleaning-service,https://clever-griffin-93819d.netlify.app/seo-incheon-yeonsu-gu-villa-moving-cleaning-service/,인천 연수구,이사청소,빌라,업체
2026-08-05T23:04:48,인천 연수구 빌라 이사청소 당일상담,seo-incheon-yeonsu-gu-villa-moving-cleaning-same-day-consult,https://clever-griffin-93819d.netlify.app/seo-incheon-yeonsu-gu-villa-moving-cleaning-same-day-consult/,인천 연수구,이사청소,빌라,당일상담
2026-08-05T23:04:48,인천 연수구 빌라 이사청소 주말예약,seo-incheon-yeonsu-gu-villa-moving-cleaning-weekend-booking,https://clever-griffin-93819d.netlify.app/seo-incheon-yeonsu-gu-villa-moving-cleaning-weekend-booking/,인천 연수구,이사청소,빌라,주말예약
2026-08-05T23:04:48,인천 연수구 빌라 이사청소 청소범위,seo-incheon-yeonsu-gu-villa-moving-cleaning-scope,https://clever-griffin-93819d.netlify.app/seo-incheon-yeonsu-gu-villa-moving-cleaning-scope/,인천 연수구,이사청소,빌라,청소범위
2026-08-05T23:04:48,인천 연수구 오피스텔 이사청소 전문업체,seo-incheon-yeonsu-gu-officetel-moving-cleaning-company,https://clever-griffin-93819d.netlify.app/seo-incheon-yeonsu-gu-officetel-moving-cleaning-company/,인천 연수구,이사청소,오피스텔,전문업체
2026-08-05T23:04:48,인천 연수구 오피스텔 이사청소 비용,seo-incheon-yeonsu-gu-officetel-moving-cleaning-cost,https://clever-griffin-93819d.netlify.app/seo-incheon-yeonsu-gu-officetel-moving-cleaning-cost/,인천 연수구,이사청소,오피스텔,비용
2026-08-05T23:04:48,인천 연수구 오피스텔 이사청소 가격,seo-incheon-yeonsu-gu-officetel-moving-cleaning-price,https://clever-griffin-93819d.netlify.app/seo-incheon-yeonsu-gu-officetel-moving-cleaning-price/,인천 연수구,이사청소,오피스텔,가격
2026-08-05T23:04:48,인천 연수구 오피스텔 이사청소 견적,seo-incheon-yeonsu-gu-officetel-moving-cleaning-estimate,https://clever-griffin-93819d.netlify.app/seo-incheon-yeonsu-gu-officetel-moving-cleaning-estimate/,인천 연수구,이사청소,오피스텔,견적
2026-08-05T23:04:48,인천 연수구 오피스텔 이사청소 예약,seo-incheon-yeonsu-gu-officetel-moving-cleaning-booking,https://clever-griffin-93819d.netlify.app/seo-incheon-yeonsu-gu-officetel-moving-cleaning-booking/,인천 연수구,이사청소,오피스텔,예약
2026-08-05T23:04:48,인천 연수구 오피스텔 이사청소 추천,seo-incheon-yeonsu-gu-officetel-moving-cleaning-recommend,https://clever-griffin-93819d.netlify.app/seo-incheon-yeonsu-gu-officetel-moving-cleaning-recommend/,인천 연수구,이사청소,오피스텔,추천
2026-08-05T23:04:48,인천 연수구 오피스텔 이사청소 후기,seo-incheon-yeonsu-gu-officetel-moving-cleaning-review,https://clever-griffin-93819d.netlify.app/seo-incheon-yeonsu-gu-officetel-moving-cleaning-review/,인천 연수구,이사청소,오피스텔,후기
2026-08-05T23:04:48,인천 연수구 오피스텔 이사청소 잘하는곳,seo-incheon-yeonsu-gu-officetel-moving-cleaning-best,https://clever-griffin-93819d.netlify.app/seo-incheon-yeonsu-gu-officetel-moving-cleaning-best/,인천 연수구,이사청소,오피스텔,잘하는곳
2026-08-05T23:04:48,인천 연수구 오피스텔 이사청소 업체,seo-incheon-yeonsu-gu-officetel-moving-cleaning-service,https://clever-griffin-93819d.netlify.app/seo-incheon-yeonsu-gu-officetel-moving-cleaning-service/,인천 연수구,이사청소,오피스텔,업체
2026-08-05T23:04:48,인천 연수구 오피스텔 이사청소 당일상담,seo-incheon-yeonsu-gu-officetel-moving-cleaning-same-day-consult,https://clever-griffin-93819d.netlify.app/seo-incheon-yeonsu-gu-officetel-moving-cleaning-same-day-consult/,인천 연수구,이사청소,오피스텔,당일상담
2026-08-05T23:04:48,인천 연수구 오피스텔 이사청소 주말예약,seo-incheon-yeonsu-gu-officetel-moving-cleaning-weekend-booking,https://clever-griffin-93819d.netlify.app/seo-incheon-yeonsu-gu-officetel-moving-cleaning-weekend-booking/,인천 연수구,이사청소,오피스텔,주말예약
2026-08-05T23:04:48,인천 연수구 오피스텔 이사청소 청소범위,seo-incheon-yeonsu-gu-officetel-moving-cleaning-scope,https://clever-griffin-93819d.netlify.app/seo-incheon-yeonsu-gu-officetel-moving-cleaning-scope/,인천 연수구,이사청소,오피스텔,청소범위
2026-08-05T23:04:48,인천 연수구 상가 이사청소 전문업체,seo-incheon-yeonsu-gu-store-moving-cleaning-company,https://clever-griffin-93819d.netlify.app/seo-incheon-yeonsu-gu-store-moving-cleaning-company/,인천 연수구,이사청소,상가,전문업체
2026-08-05T23:04:48,인천 연수구 상가 이사청소 비용,seo-incheon-yeonsu-gu-store-moving-cleaning-cost,https://clever-griffin-93819d.netlify.app/seo-incheon-yeonsu-gu-store-moving-cleaning-cost/,인천 연수구,이사청소,상가,비용
2026-08-05T23:04:48,인천 연수구 상가 이사청소 가격,seo-incheon-yeonsu-gu-store-moving-cleaning-price,https://clever-griffin-93819d.netlify.app/seo-incheon-yeonsu-gu-store-moving-cleaning-price/,인천 연수구,이사청소,상가,가격
2026-08-05T23:04:48,인천 연수구 상가 이사청소 견적,seo-incheon-yeonsu-gu-store-moving-cleaning-estimate,https://clever-griffin-93819d.netlify.app/seo-incheon-yeonsu-gu-store-moving-cleaning-estimate/,인천 연수구,이사청소,상가,견적
2026-08-05T23:04:48,인천 연수구 상가 이사청소 예약,seo-incheon-yeonsu-gu-store-moving-cleaning-booking,https://clever-griffin-93819d.netlify.app/seo-incheon-yeonsu-gu-store-moving-cleaning-booking/,인천 연수구,이사청소,상가,예약
2026-08-05T23:04:48,인천 연수구 상가 이사청소 추천,seo-incheon-yeonsu-gu-store-moving-cleaning-recommend,https://clever-griffin-93819d.netlify.app/seo-incheon-yeonsu-gu-store-moving-cleaning-recommend/,인천 연수구,이사청소,상가,추천
2026-08-05T23:04:48,인천 연수구 상가 이사청소 후기,seo-incheon-yeonsu-gu-store-moving-cleaning-review,https://clever-griffin-93819d.netlify.app/seo-incheon-yeonsu-gu-store-moving-cleaning-review/,인천 연수구,이사청소,상가,후기
2026-08-05T23:04:48,인천 연수구 상가 이사청소 잘하는곳,seo-incheon-yeonsu-gu-store-moving-cleaning-best,https://clever-griffin-93819d.netlify.app/seo-incheon-yeonsu-gu-store-moving-cleaning-best/,인천 연수구,이사청소,상가,잘하는곳
2026-08-05T23:04:48,인천 연수구 상가 이사청소 업체,seo-incheon-yeonsu-gu-store-moving-cleaning-service,https://clever-griffin-93819d.netlify.app/seo-incheon-yeonsu-gu-store-moving-cleaning-service/,인천 연수구,이사청소,상가,업체
2026-08-05T23:04:48,인천 연수구 상가 이사청소 당일상담,seo-incheon-yeonsu-gu-store-moving-cleaning-same-day-consult,https://clever-griffin-93819d.netlify.app/seo-incheon-yeonsu-gu-store-moving-cleaning-same-day-consult/,인천 연수구,이사청소,상가,당일상담
2026-08-05T23:04:48,인천 연수구 상가 이사청소 주말예약,seo-incheon-yeonsu-gu-store-moving-cleaning-weekend-booking,https://clever-griffin-93819d.netlify.app/seo-incheon-yeonsu-gu-store-moving-cleaning-weekend-booking/,인천 연수구,이사청소,상가,주말예약
2026-08-05T23:04:48,인천 연수구 상가 이사청소 청소범위,seo-incheon-yeonsu-gu-store-moving-cleaning-scope,https://clever-griffin-93819d.netlify.app/seo-incheon-yeonsu-gu-store-moving-cleaning-scope/,인천 연수구,이사청소,상가,청소범위
2026-08-05T23:04:48,인천 연수구 사무실 이사청소 전문업체,seo-incheon-yeonsu-gu-office-moving-cleaning-company,https://clever-griffin-93819d.netlify.app/seo-incheon-yeonsu-gu-office-moving-cleaning-company/,인천 연수구,이사청소,사무실,전문업체
2026-08-05T23:04:48,인천 연수구 사무실 이사청소 비용,seo-incheon-yeonsu-gu-office-moving-cleaning-cost,https://clever-griffin-93819d.netlify.app/seo-incheon-yeonsu-gu-office-moving-cleaning-cost/,인천 연수구,이사청소,사무실,비용
2026-08-05T23:04:48,인천 연수구 사무실 이사청소 가격,seo-incheon-yeonsu-gu-office-moving-cleaning-price,https://clever-griffin-93819d.netlify.app/seo-incheon-yeonsu-gu-office-moving-cleaning-price/,인천 연수구,이사청소,사무실,가격
2026-08-05T23:04:48,인천 연수구 사무실 이사청소 견적,seo-incheon-yeonsu-gu-office-moving-cleaning-estimate,https://clever-griffin-93819d.netlify.app/seo-incheon-yeonsu-gu-office-moving-cleaning-estimate/,인천 연수구,이사청소,사무실,견적
2026-08-05T23:04:48,인천 연수구 사무실 이사청소 예약,seo-incheon-yeonsu-gu-office-moving-cleaning-booking,https://clever-griffin-93819d.netlify.app/seo-incheon-yeonsu-gu-office-moving-cleaning-booking/,인천 연수구,이사청소,사무실,예약
2026-08-05T23:04:48,인천 연수구 사무실 이사청소 추천,seo-incheon-yeonsu-gu-office-moving-cleaning-recommend,https://clever-griffin-93819d.netlify.app/seo-incheon-yeonsu-gu-office-moving-cleaning-recommend/,인천 연수구,이사청소,사무실,추천
2026-08-05T23:04:48,인천 연수구 사무실 이사청소 후기,seo-incheon-yeonsu-gu-office-moving-cleaning-review,https://clever-griffin-93819d.netlify.app/seo-incheon-yeonsu-gu-office-moving-cleaning-review/,인천 연수구,이사청소,사무실,후기
2026-08-05T23:04:48,인천 연수구 사무실 이사청소 잘하는곳,seo-incheon-yeonsu-gu-office-moving-cleaning-best,https://clever-griffin-93819d.netlify.app/seo-incheon-yeonsu-gu-office-moving-cleaning-best/,인천 연수구,이사청소,사무실,잘하는곳
2026-08-05T23:04:48,인천 연수구 사무실 이사청소 업체,seo-incheon-yeonsu-gu-office-moving-cleaning-service,https://clever-griffin-93819d.netlify.app/seo-incheon-yeonsu-gu-office-moving-cleaning-service/,인천 연수구,이사청소,사무실,업체
2026-08-05T23:04:48,인천 연수구 사무실 이사청소 당일상담,seo-incheon-yeonsu-gu-office-moving-cleaning-same-day-consult,https://clever-griffin-93819d.netlify.app/seo-incheon-yeonsu-gu-office-moving-cleaning-same-day-consult/,인천 연수구,이사청소,사무실,당일상담
2026-08-05T23:04:48,인천 연수구 사무실 이사청소 주말예약,seo-incheon-yeonsu-gu-office-moving-cleaning-weekend-booking,https://clever-griffin-93819d.netlify.app/seo-incheon-yeonsu-gu-office-moving-cleaning-weekend-booking/,인천 연수구,이사청소,사무실,주말예약
2026-08-05T23:04:48,인천 연수구 사무실 이사청소 청소범위,seo-incheon-yeonsu-gu-office-moving-cleaning-scope,https://clever-griffin-93819d.netlify.app/seo-incheon-yeonsu-gu-office-moving-cleaning-scope/,인천 연수구,이사청소,사무실,청소범위
2026-08-05T23:04:48,인천 연수구 아파트 거주청소 전문업체,seo-incheon-yeonsu-gu-apartment-residential-cleaning-company,https://clever-griffin-93819d.netlify.app/seo-incheon-yeonsu-gu-apartment-residential-cleaning-company/,인천 연수구,거주청소,아파트,전문업체
2026-08-05T23:04:48,인천 연수구 아파트 거주청소 비용,seo-incheon-yeonsu-gu-apartment-residential-cleaning-cost,https://clever-griffin-93819d.netlify.app/seo-incheon-yeonsu-gu-apartment-residential-cleaning-cost/,인천 연수구,거주청소,아파트,비용
2026-08-05T23:04:48,인천 연수구 아파트 거주청소 가격,seo-incheon-yeonsu-gu-apartment-residential-cleaning-price,https://clever-griffin-93819d.netlify.app/seo-incheon-yeonsu-gu-apartment-residential-cleaning-price/,인천 연수구,거주청소,아파트,가격
2026-08-05T23:04:48,인천 연수구 아파트 거주청소 견적,seo-incheon-yeonsu-gu-apartment-residential-cleaning-estimate,https://clever-griffin-93819d.netlify.app/seo-incheon-yeonsu-gu-apartment-residential-cleaning-estimate/,인천 연수구,거주청소,아파트,견적
2026-08-05T23:04:48,인천 연수구 아파트 거주청소 예약,seo-incheon-yeonsu-gu-apartment-residential-cleaning-booking,https://clever-griffin-93819d.netlify.app/seo-incheon-yeonsu-gu-apartment-residential-cleaning-booking/,인천 연수구,거주청소,아파트,예약
2026-08-05T23:04:48,인천 연수구 아파트 거주청소 추천,seo-incheon-yeonsu-gu-apartment-residential-cleaning-recommend,https://clever-griffin-93819d.netlify.app/seo-incheon-yeonsu-gu-apartment-residential-cleaning-recommend/,인천 연수구,거주청소,아파트,추천
2026-08-05T23:04:48,인천 연수구 아파트 거주청소 후기,seo-incheon-yeonsu-gu-apartment-residential-cleaning-review,https://clever-griffin-93819d.netlify.app/seo-incheon-yeonsu-gu-apartment-residential-cleaning-review/,인천 연수구,거주청소,아파트,후기
2026-08-05T23:04:48,인천 연수구 아파트 거주청소 잘하는곳,seo-incheon-yeonsu-gu-apartment-residential-cleaning-best,https://clever-griffin-93819d.netlify.app/seo-incheon-yeonsu-gu-apartment-residential-cleaning-best/,인천 연수구,거주청소,아파트,잘하는곳
2026-08-05T23:04:48,인천 연수구 아파트 거주청소 업체,seo-incheon-yeonsu-gu-apartment-residential-cleaning-service,https://clever-griffin-93819d.netlify.app/seo-incheon-yeonsu-gu-apartment-residential-cleaning-service/,인천 연수구,거주청소,아파트,업체
2026-08-05T23:04:48,인천 연수구 아파트 거주청소 당일상담,seo-incheon-yeonsu-gu-apartment-residential-cleaning-same-day-consult,https://clever-griffin-93819d.netlify.app/seo-incheon-yeonsu-gu-apartment-residential-cleaning-same-day-consult/,인천 연수구,거주청소,아파트,당일상담
2026-08-05T23:04:48,인천 연수구 아파트 거주청소 주말예약,seo-incheon-yeonsu-gu-apartment-residential-cleaning-weekend-booking,https://clever-griffin-93819d.netlify.app/seo-incheon-yeonsu-gu-apartment-residential-cleaning-weekend-booking/,인천 연수구,거주청소,아파트,주말예약
2026-08-05T23:04:48,인천 연수구 아파트 거주청소 청소범위,seo-incheon-yeonsu-gu-apartment-residential-cleaning-scope,https://clever-griffin-93819d.netlify.app/seo-incheon-yeonsu-gu-apartment-residential-cleaning-scope/,인천 연수구,거주청소,아파트,청소범위
2026-08-05T23:04:48,인천 연수구 원룸 거주청소 전문업체,seo-incheon-yeonsu-gu-one-room-residential-cleaning-company,https://clever-griffin-93819d.netlify.app/seo-incheon-yeonsu-gu-one-room-residential-cleaning-company/,인천 연수구,거주청소,원룸,전문업체
2026-08-05T23:04:48,인천 연수구 원룸 거주청소 비용,seo-incheon-yeonsu-gu-one-room-residential-cleaning-cost,https://clever-griffin-93819d.netlify.app/seo-incheon-yeonsu-gu-one-room-residential-cleaning-cost/,인천 연수구,거주청소,원룸,비용
2026-08-05T23:04:48,인천 연수구 원룸 거주청소 가격,seo-incheon-yeonsu-gu-one-room-residential-cleaning-price,https://clever-griffin-93819d.netlify.app/seo-incheon-yeonsu-gu-one-room-residential-cleaning-price/,인천 연수구,거주청소,원룸,가격
2026-08-05T23:04:48,인천 연수구 원룸 거주청소 견적,seo-incheon-yeonsu-gu-one-room-residential-cleaning-estimate,https://clever-griffin-93819d.netlify.app/seo-incheon-yeonsu-gu-one-room-residential-cleaning-estimate/,인천 연수구,거주청소,원룸,견적
2026-08-05T23:04:48,인천 연수구 원룸 거주청소 예약,seo-incheon-yeonsu-gu-one-room-residential-cleaning-booking,https://clever-griffin-93819d.netlify.app/seo-incheon-yeonsu-gu-one-room-residential-cleaning-booking/,인천 연수구,거주청소,원룸,예약
2026-08-05T23:04:48,인천 연수구 원룸 거주청소 추천,seo-incheon-yeonsu-gu-one-room-residential-cleaning-recommend,https://clever-griffin-93819d.netlify.app/seo-incheon-yeonsu-gu-one-room-residential-cleaning-recommend/,인천 연수구,거주청소,원룸,추천
2026-08-05T23:04:48,인천 연수구 원룸 거주청소 후기,seo-incheon-yeonsu-gu-one-room-residential-cleaning-review,https://clever-griffin-93819d.netlify.app/seo-incheon-yeonsu-gu-one-room-residential-cleaning-review/,인천 연수구,거주청소,원룸,후기
2026-08-05T23:04:48,인천 연수구 원룸 거주청소 잘하는곳,seo-incheon-yeonsu-gu-one-room-residential-cleaning-best,https://clever-griffin-93819d.netlify.app/seo-incheon-yeonsu-gu-one-room-residential-cleaning-best/,인천 연수구,거주청소,원룸,잘하는곳
2026-08-05T23:04:48,인천 연수구 원룸 거주청소 업체,seo-incheon-yeonsu-gu-one-room-residential-cleaning-service,https://clever-griffin-93819d.netlify.app/seo-incheon-yeonsu-gu-one-room-residential-cleaning-service/,인천 연수구,거주청소,원룸,업체
2026-08-05T23:04:48,인천 연수구 원룸 거주청소 당일상담,seo-incheon-yeonsu-gu-one-room-residential-cleaning-same-day-consult,https://clever-griffin-93819d.netlify.app/seo-incheon-yeonsu-gu-one-room-residential-cleaning-same-day-consult/,인천 연수구,거주청소,원룸,당일상담
2026-08-05T23:04:48,인천 연수구 원룸 거주청소 주말예약,seo-incheon-yeonsu-gu-one-room-residential-cleaning-weekend-booking,https://clever-griffin-93819d.netlify.app/seo-incheon-yeonsu-gu-one-room-residential-cleaning-weekend-booking/,인천 연수구,거주청소,원룸,주말예약
2026-08-05T23:04:48,인천 연수구 원룸 거주청소 청소범위,seo-incheon-yeonsu-gu-one-room-residential-cleaning-scope,https://clever-griffin-93819d.netlify.app/seo-incheon-yeonsu-gu-one-room-residential-cleaning-scope/,인천 연수구,거주청소,원룸,청소범위
2026-08-05T23:04:48,인천 연수구 빌라 거주청소 전문업체,seo-incheon-yeonsu-gu-villa-residential-cleaning-company,https://clever-griffin-93819d.netlify.app/seo-incheon-yeonsu-gu-villa-residential-cleaning-company/,인천 연수구,거주청소,빌라,전문업체
2026-08-05T23:04:48,인천 연수구 빌라 거주청소 비용,seo-incheon-yeonsu-gu-villa-residential-cleaning-cost,https://clever-griffin-93819d.netlify.app/seo-incheon-yeonsu-gu-villa-residential-cleaning-cost/,인천 연수구,거주청소,빌라,비용
2026-08-05T23:04:48,인천 연수구 빌라 거주청소 가격,seo-incheon-yeonsu-gu-villa-residential-cleaning-price,https://clever-griffin-93819d.netlify.app/seo-incheon-yeonsu-gu-villa-residential-cleaning-price/,인천 연수구,거주청소,빌라,가격
2026-08-05T23:04:48,인천 연수구 빌라 거주청소 견적,seo-incheon-yeonsu-gu-villa-residential-cleaning-estimate,https://clever-griffin-93819d.netlify.app/seo-incheon-yeonsu-gu-villa-residential-cleaning-estimate/,인천 연수구,거주청소,빌라,견적
2026-08-05T23:04:48,인천 연수구 빌라 거주청소 예약,seo-incheon-yeonsu-gu-villa-residential-cleaning-booking,https://clever-griffin-93819d.netlify.app/seo-incheon-yeonsu-gu-villa-residential-cleaning-booking/,인천 연수구,거주청소,빌라,예약
2026-08-05T23:04:48,인천 연수구 빌라 거주청소 추천,seo-incheon-yeonsu-gu-villa-residential-cleaning-recommend,https://clever-griffin-93819d.netlify.app/seo-incheon-yeonsu-gu-villa-residential-cleaning-recommend/,인천 연수구,거주청소,빌라,추천
2026-08-05T23:04:48,인천 연수구 빌라 거주청소 후기,seo-incheon-yeonsu-gu-villa-residential-cleaning-review,https://clever-griffin-93819d.netlify.app/seo-incheon-yeonsu-gu-villa-residential-cleaning-review/,인천 연수구,거주청소,빌라,후기
2026-08-05T23:04:48,인천 연수구 빌라 거주청소 잘하는곳,seo-incheon-yeonsu-gu-villa-residential-cleaning-best,https://clever-griffin-93819d.netlify.app/seo-incheon-yeonsu-gu-villa-residential-cleaning-best/,인천 연수구,거주청소,빌라,잘하는곳
2026-08-05T23:04:48,인천 연수구 빌라 거주청소 업체,seo-incheon-yeonsu-gu-villa-residential-cleaning-service,https://clever-griffin-93819d.netlify.app/seo-incheon-yeonsu-gu-villa-residential-cleaning-service/,인천 연수구,거주청소,빌라,업체
2026-08-05T23:04:48,인천 연수구 빌라 거주청소 당일상담,seo-incheon-yeonsu-gu-villa-residential-cleaning-same-day-consult,https://clever-griffin-93819d.netlify.app/seo-incheon-yeonsu-gu-villa-residential-cleaning-same-day-consult/,인천 연수구,거주청소,빌라,당일상담
2026-08-05T23:04:48,인천 연수구 빌라 거주청소 주말예약,seo-incheon-yeonsu-gu-villa-residential-cleaning-weekend-booking,https://clever-griffin-93819d.netlify.app/seo-incheon-yeonsu-gu-villa-residential-cleaning-weekend-booking/,인천 연수구,거주청소,빌라,주말예약
2026-08-05T23:04:48,인천 연수구 빌라 거주청소 청소범위,seo-incheon-yeonsu-gu-villa-residential-cleaning-scope,https://clever-griffin-93819d.netlify.app/seo-incheon-yeonsu-gu-villa-residential-cleaning-scope/,인천 연수구,거주청소,빌라,청소범위
2026-08-05T23:04:48,인천 연수구 오피스텔 거주청소 전문업체,seo-incheon-yeonsu-gu-officetel-residential-cleaning-company,https://clever-griffin-93819d.netlify.app/seo-incheon-yeonsu-gu-officetel-residential-cleaning-company/,인천 연수구,거주청소,오피스텔,전문업체
2026-08-05T23:04:48,인천 연수구 오피스텔 거주청소 비용,seo-incheon-yeonsu-gu-officetel-residential-cleaning-cost,https://clever-griffin-93819d.netlify.app/seo-incheon-yeonsu-gu-officetel-residential-cleaning-cost/,인천 연수구,거주청소,오피스텔,비용
2026-08-05T23:04:48,인천 연수구 오피스텔 거주청소 가격,seo-incheon-yeonsu-gu-officetel-residential-cleaning-price,https://clever-griffin-93819d.netlify.app/seo-incheon-yeonsu-gu-officetel-residential-cleaning-price/,인천 연수구,거주청소,오피스텔,가격
2026-08-05T23:04:48,인천 연수구 오피스텔 거주청소 견적,seo-incheon-yeonsu-gu-officetel-residential-cleaning-estimate,https://clever-griffin-93819d.netlify.app/seo-incheon-yeonsu-gu-officetel-residential-cleaning-estimate/,인천 연수구,거주청소,오피스텔,견적
2026-08-05T23:04:48,인천 연수구 오피스텔 거주청소 예약,seo-incheon-yeonsu-gu-officetel-residential-cleaning-booking,https://clever-griffin-93819d.netlify.app/seo-incheon-yeonsu-gu-officetel-residential-cleaning-booking/,인천 연수구,거주청소,오피스텔,예약
2026-08-05T23:04:48,인천 연수구 오피스텔 거주청소 추천,seo-incheon-yeonsu-gu-officetel-residential-cleaning-recommend,https://clever-griffin-93819d.netlify.app/seo-incheon-yeonsu-gu-officetel-residential-cleaning-recommend/,인천 연수구,거주청소,오피스텔,추천
2026-08-05T23:04:48,인천 연수구 오피스텔 거주청소 후기,seo-incheon-yeonsu-gu-officetel-residential-cleaning-review,https://clever-griffin-93819d.netlify.app/seo-incheon-yeonsu-gu-officetel-residential-cleaning-review/,인천 연수구,거주청소,오피스텔,후기
2026-08-05T23:04:48,인천 연수구 오피스텔 거주청소 잘하는곳,seo-incheon-yeonsu-gu-officetel-residential-cleaning-best,https://clever-griffin-93819d.netlify.app/seo-incheon-yeonsu-gu-officetel-residential-cleaning-best/,인천 연수구,거주청소,오피스텔,잘하는곳
2026-08-05T23:04:48,인천 연수구 오피스텔 거주청소 업체,seo-incheon-yeonsu-gu-officetel-residential-cleaning-service,https://clever-griffin-93819d.netlify.app/seo-incheon-yeonsu-gu-officetel-residential-cleaning-service/,인천 연수구,거주청소,오피스텔,업체
2026-08-05T23:04:48,인천 연수구 오피스텔 거주청소 당일상담,seo-incheon-yeonsu-gu-officetel-residential-cleaning-same-day-consult,https://clever-griffin-93819d.netlify.app/seo-incheon-yeonsu-gu-officetel-residential-cleaning-same-day-consult/,인천 연수구,거주청소,오피스텔,당일상담
2026-08-05T23:04:48,인천 연수구 오피스텔 거주청소 주말예약,seo-incheon-yeonsu-gu-officetel-residential-cleaning-weekend-booking,https://clever-griffin-93819d.netlify.app/seo-incheon-yeonsu-gu-officetel-residential-cleaning-weekend-booking/,인천 연수구,거주청소,오피스텔,주말예약
2026-08-05T23:04:48,인천 연수구 오피스텔 거주청소 청소범위,seo-incheon-yeonsu-gu-officetel-residential-cleaning-scope,https://clever-griffin-93819d.netlify.app/seo-incheon-yeonsu-gu-officetel-residential-cleaning-scope/,인천 연수구,거주청소,오피스텔,청소범위
2026-08-05T23:04:48,인천 연수구 상가 거주청소 전문업체,seo-incheon-yeonsu-gu-store-residential-cleaning-company,https://clever-griffin-93819d.netlify.app/seo-incheon-yeonsu-gu-store-residential-cleaning-company/,인천 연수구,거주청소,상가,전문업체
2026-08-05T23:04:48,인천 연수구 상가 거주청소 비용,seo-incheon-yeonsu-gu-store-residential-cleaning-cost,https://clever-griffin-93819d.netlify.app/seo-incheon-yeonsu-gu-store-residential-cleaning-cost/,인천 연수구,거주청소,상가,비용
2026-08-05T23:04:48,인천 연수구 상가 거주청소 가격,seo-incheon-yeonsu-gu-store-residential-cleaning-price,https://clever-griffin-93819d.netlify.app/seo-incheon-yeonsu-gu-store-residential-cleaning-price/,인천 연수구,거주청소,상가,가격
2026-08-05T23:04:48,인천 연수구 상가 거주청소 견적,seo-incheon-yeonsu-gu-store-residential-cleaning-estimate,https://clever-griffin-93819d.netlify.app/seo-incheon-yeonsu-gu-store-residential-cleaning-estimate/,인천 연수구,거주청소,상가,견적
2026-08-05T23:04:48,인천 연수구 상가 거주청소 예약,seo-incheon-yeonsu-gu-store-residential-cleaning-booking,https://clever-griffin-93819d.netlify.app/seo-incheon-yeonsu-gu-store-residential-cleaning-booking/,인천 연수구,거주청소,상가,예약
2026-08-05T23:04:48,인천 연수구 상가 거주청소 추천,seo-incheon-yeonsu-gu-store-residential-cleaning-recommend,https://clever-griffin-93819d.netlify.app/seo-incheon-yeonsu-gu-store-residential-cleaning-recommend/,인천 연수구,거주청소,상가,추천
2026-08-05T23:04:48,인천 연수구 상가 거주청소 후기,seo-incheon-yeonsu-gu-store-residential-cleaning-review,https://clever-griffin-93819d.netlify.app/seo-incheon-yeonsu-gu-store-residential-cleaning-review/,인천 연수구,거주청소,상가,후기
2026-08-05T23:04:48,인천 연수구 상가 거주청소 잘하는곳,seo-incheon-yeonsu-gu-store-residential-cleaning-best,https://clever-griffin-93819d.netlify.app/seo-incheon-yeonsu-gu-store-residential-cleaning-best/,인천 연수구,거주청소,상가,잘하는곳
2026-08-05T23:04:48,인천 연수구 상가 거주청소 업체,seo-incheon-yeonsu-gu-store-residential-cleaning-service,https://clever-griffin-93819d.netlify.app/seo-incheon-yeonsu-gu-store-residential-cleaning-service/,인천 연수구,거주청소,상가,업체
2026-08-05T23:04:48,인천 연수구 상가 거주청소 당일상담,seo-incheon-yeonsu-gu-store-residential-cleaning-same-day-consult,https://clever-griffin-93819d.netlify.app/seo-incheon-yeonsu-gu-store-residential-cleaning-same-day-consult/,인천 연수구,거주청소,상가,당일상담
2026-08-05T23:04:48,인천 연수구 상가 거주청소 주말예약,seo-incheon-yeonsu-gu-store-residential-cleaning-weekend-booking,https://clever-griffin-93819d.netlify.app/seo-incheon-yeonsu-gu-store-residential-cleaning-weekend-booking/,인천 연수구,거주청소,상가,주말예약
2026-08-05T23:04:48,인천 연수구 상가 거주청소 청소범위,seo-incheon-yeonsu-gu-store-residential-cleaning-scope,https://clever-griffin-93819d.netlify.app/seo-incheon-yeonsu-gu-store-residential-cleaning-scope/,인천 연수구,거주청소,상가,청소범위
2026-08-05T23:04:48,인천 연수구 사무실 거주청소 전문업체,seo-incheon-yeonsu-gu-office-residential-cleaning-company,https://clever-griffin-93819d.netlify.app/seo-incheon-yeonsu-gu-office-residential-cleaning-company/,인천 연수구,거주청소,사무실,전문업체
2026-08-05T23:04:48,인천 연수구 사무실 거주청소 비용,seo-incheon-yeonsu-gu-office-residential-cleaning-cost,https://clever-griffin-93819d.netlify.app/seo-incheon-yeonsu-gu-office-residential-cleaning-cost/,인천 연수구,거주청소,사무실,비용
2026-08-05T23:04:48,인천 연수구 사무실 거주청소 가격,seo-incheon-yeonsu-gu-office-residential-cleaning-price,https://clever-griffin-93819d.netlify.app/seo-incheon-yeonsu-gu-office-residential-cleaning-price/,인천 연수구,거주청소,사무실,가격
2026-08-05T23:04:48,인천 연수구 사무실 거주청소 견적,seo-incheon-yeonsu-gu-office-residential-cleaning-estimate,https://clever-griffin-93819d.netlify.app/seo-incheon-yeonsu-gu-office-residential-cleaning-estimate/,인천 연수구,거주청소,사무실,견적
2026-08-05T23:04:48,인천 연수구 사무실 거주청소 예약,seo-incheon-yeonsu-gu-office-residential-cleaning-booking,https://clever-griffin-93819d.netlify.app/seo-incheon-yeonsu-gu-office-residential-cleaning-booking/,인천 연수구,거주청소,사무실,예약
2026-08-05T23:04:48,인천 연수구 사무실 거주청소 추천,seo-incheon-yeonsu-gu-office-residential-cleaning-recommend,https://clever-griffin-93819d.netlify.app/seo-incheon-yeonsu-gu-office-residential-cleaning-recommend/,인천 연수구,거주청소,사무실,추천
2026-08-05T23:04:48,인천 연수구 사무실 거주청소 후기,seo-incheon-yeonsu-gu-office-residential-cleaning-review,https://clever-griffin-93819d.netlify.app/seo-incheon-yeonsu-gu-office-residential-cleaning-review/,인천 연수구,거주청소,사무실,후기
2026-08-05T23:04:48,인천 연수구 사무실 거주청소 잘하는곳,seo-incheon-yeonsu-gu-office-residential-cleaning-best,https://clever-griffin-93819d.netlify.app/seo-incheon-yeonsu-gu-office-residential-cleaning-best/,인천 연수구,거주청소,사무실,잘하는곳
2026-08-05T23:04:48,인천 연수구 사무실 거주청소 업체,seo-incheon-yeonsu-gu-office-residential-cleaning-service,https://clever-griffin-93819d.netlify.app/seo-incheon-yeonsu-gu-office-residential-cleaning-service/,인천 연수구,거주청소,사무실,업체
2026-08-05T23:04:48,인천 연수구 사무실 거주청소 당일상담,seo-incheon-yeonsu-gu-office-residential-cleaning-same-day-consult,https://clever-griffin-93819d.netlify.app/seo-incheon-yeonsu-gu-office-residential-cleaning-same-day-consult/,인천 연수구,거주청소,사무실,당일상담
2026-08-05T23:04:48,인천 연수구 사무실 거주청소 주말예약,seo-incheon-yeonsu-gu-office-residential-cleaning-weekend-booking,https://clever-griffin-93819d.netlify.app/seo-incheon-yeonsu-gu-office-residential-cleaning-weekend-booking/,인천 연수구,거주청소,사무실,주말예약
2026-08-05T23:04:48,인천 연수구 사무실 거주청소 청소범위,seo-incheon-yeonsu-gu-office-residential-cleaning-scope,https://clever-griffin-93819d.netlify.app/seo-incheon-yeonsu-gu-office-residential-cleaning-scope/,인천 연수구,거주청소,사무실,청소범위
2026-08-05T23:04:48,인천 연수구 상가청소 전문업체,seo-incheon-yeonsu-gu-store-cleaning-company,https://clever-griffin-93819d.netlify.app/seo-incheon-yeonsu-gu-store-cleaning-company/,인천 연수구,상가청소,상가,전문업체
2026-08-05T23:04:48,인천 연수구 상가청소 비용,seo-incheon-yeonsu-gu-store-cleaning-cost,https://clever-griffin-93819d.netlify.app/seo-incheon-yeonsu-gu-store-cleaning-cost/,인천 연수구,상가청소,상가,비용
2026-08-05T23:04:48,인천 연수구 상가청소 가격,seo-incheon-yeonsu-gu-store-cleaning-price,https://clever-griffin-93819d.netlify.app/seo-incheon-yeonsu-gu-store-cleaning-price/,인천 연수구,상가청소,상가,가격
2026-08-05T23:04:48,인천 연수구 상가청소 견적,seo-incheon-yeonsu-gu-store-cleaning-estimate,https://clever-griffin-93819d.netlify.app/seo-incheon-yeonsu-gu-store-cleaning-estimate/,인천 연수구,상가청소,상가,견적
2026-08-05T23:04:48,인천 연수구 상가청소 예약,seo-incheon-yeonsu-gu-store-cleaning-booking,https://clever-griffin-93819d.netlify.app/seo-incheon-yeonsu-gu-store-cleaning-booking/,인천 연수구,상가청소,상가,예약
2026-08-05T23:04:48,인천 연수구 상가청소 추천,seo-incheon-yeonsu-gu-store-cleaning-recommend,https://clever-griffin-93819d.netlify.app/seo-incheon-yeonsu-gu-store-cleaning-recommend/,인천 연수구,상가청소,상가,추천
2026-08-05T23:04:48,인천 연수구 상가청소 후기,seo-incheon-yeonsu-gu-store-cleaning-review,https://clever-griffin-93819d.netlify.app/seo-incheon-yeonsu-gu-store-cleaning-review/,인천 연수구,상가청소,상가,후기
2026-08-05T23:04:48,인천 연수구 상가청소 잘하는곳,seo-incheon-yeonsu-gu-store-cleaning-best,https://clever-griffin-93819d.netlify.app/seo-incheon-yeonsu-gu-store-cleaning-best/,인천 연수구,상가청소,상가,잘하는곳
2026-08-05T23:04:48,인천 연수구 상가청소 업체,seo-incheon-yeonsu-gu-store-cleaning-service,https://clever-griffin-93819d.netlify.app/seo-incheon-yeonsu-gu-store-cleaning-service/,인천 연수구,상가청소,상가,업체
2026-08-05T23:04:48,인천 연수구 상가청소 당일상담,seo-incheon-yeonsu-gu-store-cleaning-same-day-consult,https://clever-griffin-93819d.netlify.app/seo-incheon-yeonsu-gu-store-cleaning-same-day-consult/,인천 연수구,상가청소,상가,당일상담
2026-08-05T23:04:48,인천 연수구 상가청소 주말예약,seo-incheon-yeonsu-gu-store-cleaning-weekend-booking,https://clever-griffin-93819d.netlify.app/seo-incheon-yeonsu-gu-store-cleaning-weekend-booking/,인천 연수구,상가청소,상가,주말예약
2026-08-05T23:04:48,인천 연수구 상가청소 청소범위,seo-incheon-yeonsu-gu-store-cleaning-scope,https://clever-griffin-93819d.netlify.app/seo-incheon-yeonsu-gu-store-cleaning-scope/,인천 연수구,상가청소,상가,청소범위
2026-08-05T23:04:48,인천 연수구 사무실청소 전문업체,seo-incheon-yeonsu-gu-office-cleaning-company,https://clever-griffin-93819d.netlify.app/seo-incheon-yeonsu-gu-office-cleaning-company/,인천 연수구,사무실청소,사무실,전문업체
2026-08-05T23:04:48,인천 연수구 사무실청소 비용,seo-incheon-yeonsu-gu-office-cleaning-cost,https://clever-griffin-93819d.netlify.app/seo-incheon-yeonsu-gu-office-cleaning-cost/,인천 연수구,사무실청소,사무실,비용
2026-08-05T23:04:48,인천 연수구 사무실청소 가격,seo-incheon-yeonsu-gu-office-cleaning-price,https://clever-griffin-93819d.netlify.app/seo-incheon-yeonsu-gu-office-cleaning-price/,인천 연수구,사무실청소,사무실,가격
2026-08-05T23:04:48,인천 연수구 사무실청소 견적,seo-incheon-yeonsu-gu-office-cleaning-estimate,https://clever-griffin-93819d.netlify.app/seo-incheon-yeonsu-gu-office-cleaning-estimate/,인천 연수구,사무실청소,사무실,견적
2026-08-05T23:04:48,인천 연수구 사무실청소 예약,seo-incheon-yeonsu-gu-office-cleaning-booking,https://clever-griffin-93819d.netlify.app/seo-incheon-yeonsu-gu-office-cleaning-booking/,인천 연수구,사무실청소,사무실,예약
2026-08-05T23:04:48,인천 연수구 사무실청소 추천,seo-incheon-yeonsu-gu-office-cleaning-recommend,https://clever-griffin-93819d.netlify.app/seo-incheon-yeonsu-gu-office-cleaning-recommend/,인천 연수구,사무실청소,사무실,추천
2026-08-05T23:04:48,인천 연수구 사무실청소 후기,seo-incheon-yeonsu-gu-office-cleaning-review,https://clever-griffin-93819d.netlify.app/seo-incheon-yeonsu-gu-office-cleaning-review/,인천 연수구,사무실청소,사무실,후기
2026-08-05T23:04:48,인천 연수구 사무실청소 잘하는곳,seo-incheon-yeonsu-gu-office-cleaning-best,https://clever-griffin-93819d.netlify.app/seo-incheon-yeonsu-gu-office-cleaning-best/,인천 연수구,사무실청소,사무실,잘하는곳
2026-08-05T23:04:48,인천 연수구 사무실청소 업체,seo-incheon-yeonsu-gu-office-cleaning-service,https://clever-griffin-93819d.netlify.app/seo-incheon-yeonsu-gu-office-cleaning-service/,인천 연수구,사무실청소,사무실,업체
2026-08-05T23:04:48,인천 연수구 사무실청소 당일상담,seo-incheon-yeonsu-gu-office-cleaning-same-day-consult,https://clever-griffin-93819d.netlify.app/seo-incheon-yeonsu-gu-office-cleaning-same-day-consult/,인천 연수구,사무실청소,사무실,당일상담
2026-08-05T23:04:48,인천 연수구 사무실청소 주말예약,seo-incheon-yeonsu-gu-office-cleaning-weekend-booking,https://clever-griffin-93819d.netlify.app/seo-incheon-yeonsu-gu-office-cleaning-weekend-booking/,인천 연수구,사무실청소,사무실,주말예약
2026-08-05T23:04:48,인천 연수구 사무실청소 청소범위,seo-incheon-yeonsu-gu-office-cleaning-scope,https://clever-griffin-93819d.netlify.app/seo-incheon-yeonsu-gu-office-cleaning-scope/,인천 연수구,사무실청소,사무실,청소범위
2026-08-05T23:04:48,인천 연수구 원룸청소 전문업체,seo-incheon-yeonsu-gu-one-room-cleaning-company,https://clever-griffin-93819d.netlify.app/seo-incheon-yeonsu-gu-one-room-cleaning-company/,인천 연수구,원룸청소,원룸,전문업체
2026-08-05T23:04:48,인천 연수구 원룸청소 비용,seo-incheon-yeonsu-gu-one-room-cleaning-cost,https://clever-griffin-93819d.netlify.app/seo-incheon-yeonsu-gu-one-room-cleaning-cost/,인천 연수구,원룸청소,원룸,비용
2026-08-05T23:04:48,인천 연수구 원룸청소 가격,seo-incheon-yeonsu-gu-one-room-cleaning-price,https://clever-griffin-93819d.netlify.app/seo-incheon-yeonsu-gu-one-room-cleaning-price/,인천 연수구,원룸청소,원룸,가격
2026-08-05T23:04:48,인천 연수구 원룸청소 견적,seo-incheon-yeonsu-gu-one-room-cleaning-estimate,https://clever-griffin-93819d.netlify.app/seo-incheon-yeonsu-gu-one-room-cleaning-estimate/,인천 연수구,원룸청소,원룸,견적
2026-08-05T23:04:48,인천 연수구 원룸청소 예약,seo-incheon-yeonsu-gu-one-room-cleaning-booking,https://clever-griffin-93819d.netlify.app/seo-incheon-yeonsu-gu-one-room-cleaning-booking/,인천 연수구,원룸청소,원룸,예약
2026-08-05T23:04:48,인천 연수구 원룸청소 추천,seo-incheon-yeonsu-gu-one-room-cleaning-recommend,https://clever-griffin-93819d.netlify.app/seo-incheon-yeonsu-gu-one-room-cleaning-recommend/,인천 연수구,원룸청소,원룸,추천
2026-08-05T23:04:48,인천 연수구 원룸청소 후기,seo-incheon-yeonsu-gu-one-room-cleaning-review,https://clever-griffin-93819d.netlify.app/seo-incheon-yeonsu-gu-one-room-cleaning-review/,인천 연수구,원룸청소,원룸,후기
2026-08-05T23:04:48,인천 연수구 원룸청소 잘하는곳,seo-incheon-yeonsu-gu-one-room-cleaning-best,https://clever-griffin-93819d.netlify.app/seo-incheon-yeonsu-gu-one-room-cleaning-best/,인천 연수구,원룸청소,원룸,잘하는곳
2026-08-05T23:04:48,인천 연수구 원룸청소 업체,seo-incheon-yeonsu-gu-one-room-cleaning-service,https://clever-griffin-93819d.netlify.app/seo-incheon-yeonsu-gu-one-room-cleaning-service/,인천 연수구,원룸청소,원룸,업체
2026-08-05T23:04:48,인천 연수구 원룸청소 당일상담,seo-incheon-yeonsu-gu-one-room-cleaning-same-day-consult,https://clever-griffin-93819d.netlify.app/seo-incheon-yeonsu-gu-one-room-cleaning-same-day-consult/,인천 연수구,원룸청소,원룸,당일상담
2026-08-05T23:04:48,인천 연수구 원룸청소 주말예약,seo-incheon-yeonsu-gu-one-room-cleaning-weekend-booking,https://clever-griffin-93819d.netlify.app/seo-incheon-yeonsu-gu-one-room-cleaning-weekend-booking/,인천 연수구,원룸청소,원룸,주말예약
2026-08-05T23:04:48,인천 연수구 원룸청소 청소범위,seo-incheon-yeonsu-gu-one-room-cleaning-scope,https://clever-griffin-93819d.netlify.app/seo-incheon-yeonsu-gu-one-room-cleaning-scope/,인천 연수구,원룸청소,원룸,청소범위
2026-08-05T23:04:48,인천 연수구 빌라청소 전문업체,seo-incheon-yeonsu-gu-villa-cleaning-company,https://clever-griffin-93819d.netlify.app/seo-incheon-yeonsu-gu-villa-cleaning-company/,인천 연수구,빌라청소,빌라,전문업체
2026-08-05T23:04:48,인천 연수구 빌라청소 비용,seo-incheon-yeonsu-gu-villa-cleaning-cost,https://clever-griffin-93819d.netlify.app/seo-incheon-yeonsu-gu-villa-cleaning-cost/,인천 연수구,빌라청소,빌라,비용
2026-08-05T23:04:48,인천 연수구 빌라청소 가격,seo-incheon-yeonsu-gu-villa-cleaning-price,https://clever-griffin-93819d.netlify.app/seo-incheon-yeonsu-gu-villa-cleaning-price/,인천 연수구,빌라청소,빌라,가격
2026-08-05T23:04:48,인천 연수구 빌라청소 견적,seo-incheon-yeonsu-gu-villa-cleaning-estimate,https://clever-griffin-93819d.netlify.app/seo-incheon-yeonsu-gu-villa-cleaning-estimate/,인천 연수구,빌라청소,빌라,견적
2026-08-05T23:04:48,인천 연수구 빌라청소 예약,seo-incheon-yeonsu-gu-villa-cleaning-booking,https://clever-griffin-93819d.netlify.app/seo-incheon-yeonsu-gu-villa-cleaning-booking/,인천 연수구,빌라청소,빌라,예약
2026-08-05T23:04:48,인천 연수구 빌라청소 추천,seo-incheon-yeonsu-gu-villa-cleaning-recommend,https://clever-griffin-93819d.netlify.app/seo-incheon-yeonsu-gu-villa-cleaning-recommend/,인천 연수구,빌라청소,빌라,추천
2026-08-05T23:04:48,인천 연수구 빌라청소 후기,seo-incheon-yeonsu-gu-villa-cleaning-review,https://clever-griffin-93819d.netlify.app/seo-incheon-yeonsu-gu-villa-cleaning-review/,인천 연수구,빌라청소,빌라,후기
2026-08-05T23:04:48,인천 연수구 빌라청소 잘하는곳,seo-incheon-yeonsu-gu-villa-cleaning-best,https://clever-griffin-93819d.netlify.app/seo-incheon-yeonsu-gu-villa-cleaning-best/,인천 연수구,빌라청소,빌라,잘하는곳
2026-08-05T23:04:48,인천 연수구 빌라청소 업체,seo-incheon-yeonsu-gu-villa-cleaning-service,https://clever-griffin-93819d.netlify.app/seo-incheon-yeonsu-gu-villa-cleaning-service/,인천 연수구,빌라청소,빌라,업체
2026-08-05T23:04:48,인천 연수구 빌라청소 당일상담,seo-incheon-yeonsu-gu-villa-cleaning-same-day-consult,https://clever-griffin-93819d.netlify.app/seo-incheon-yeonsu-gu-villa-cleaning-same-day-consult/,인천 연수구,빌라청소,빌라,당일상담
2026-08-05T23:04:48,인천 연수구 빌라청소 주말예약,seo-incheon-yeonsu-gu-villa-cleaning-weekend-booking,https://clever-griffin-93819d.netlify.app/seo-incheon-yeonsu-gu-villa-cleaning-weekend-booking/,인천 연수구,빌라청소,빌라,주말예약
2026-08-05T23:04:48,인천 연수구 빌라청소 청소범위,seo-incheon-yeonsu-gu-villa-cleaning-scope,https://clever-griffin-93819d.netlify.app/seo-incheon-yeonsu-gu-villa-cleaning-scope/,인천 연수구,빌라청소,빌라,청소범위
2026-08-05T23:04:48,인천 연수구 오피스텔청소 전문업체,seo-incheon-yeonsu-gu-officetel-cleaning-company,https://clever-griffin-93819d.netlify.app/seo-incheon-yeonsu-gu-officetel-cleaning-company/,인천 연수구,오피스텔청소,오피스텔,전문업체
2026-08-05T23:04:48,인천 연수구 오피스텔청소 비용,seo-incheon-yeonsu-gu-officetel-cleaning-cost,https://clever-griffin-93819d.netlify.app/seo-incheon-yeonsu-gu-officetel-cleaning-cost/,인천 연수구,오피스텔청소,오피스텔,비용
2026-08-05T23:04:48,인천 연수구 오피스텔청소 가격,seo-incheon-yeonsu-gu-officetel-cleaning-price,https://clever-griffin-93819d.netlify.app/seo-incheon-yeonsu-gu-officetel-cleaning-price/,인천 연수구,오피스텔청소,오피스텔,가격
2026-08-05T23:04:48,인천 연수구 오피스텔청소 견적,seo-incheon-yeonsu-gu-officetel-cleaning-estimate,https://clever-griffin-93819d.netlify.app/seo-incheon-yeonsu-gu-officetel-cleaning-estimate/,인천 연수구,오피스텔청소,오피스텔,견적
2026-08-05T23:04:48,인천 연수구 오피스텔청소 예약,seo-incheon-yeonsu-gu-officetel-cleaning-booking,https://clever-griffin-93819d.netlify.app/seo-incheon-yeonsu-gu-officetel-cleaning-booking/,인천 연수구,오피스텔청소,오피스텔,예약
2026-08-05T23:04:48,인천 연수구 오피스텔청소 추천,seo-incheon-yeonsu-gu-officetel-cleaning-recommend,https://clever-griffin-93819d.netlify.app/seo-incheon-yeonsu-gu-officetel-cleaning-recommend/,인천 연수구,오피스텔청소,오피스텔,추천
2026-08-05T23:04:48,인천 연수구 오피스텔청소 후기,seo-incheon-yeonsu-gu-officetel-cleaning-review,https://clever-griffin-93819d.netlify.app/seo-incheon-yeonsu-gu-officetel-cleaning-review/,인천 연수구,오피스텔청소,오피스텔,후기
2026-08-05T23:04:48,인천 연수구 오피스텔청소 잘하는곳,seo-incheon-yeonsu-gu-officetel-cleaning-best,https://clever-griffin-93819d.netlify.app/seo-incheon-yeonsu-gu-officetel-cleaning-best/,인천 연수구,오피스텔청소,오피스텔,잘하는곳
2026-08-05T23:04:48,인천 연수구 오피스텔청소 업체,seo-incheon-yeonsu-gu-officetel-cleaning-service,https://clever-griffin-93819d.netlify.app/seo-incheon-yeonsu-gu-officetel-cleaning-service/,인천 연수구,오피스텔청소,오피스텔,업체
2026-08-05T23:04:48,인천 연수구 오피스텔청소 당일상담,seo-incheon-yeonsu-gu-officetel-cleaning-same-day-consult,https://clever-griffin-93819d.netlify.app/seo-incheon-yeonsu-gu-officetel-cleaning-same-day-consult/,인천 연수구,오피스텔청소,오피스텔,당일상담
2026-08-05T23:04:48,인천 연수구 오피스텔청소 주말예약,seo-incheon-yeonsu-gu-officetel-cleaning-weekend-booking,https://clever-griffin-93819d.netlify.app/seo-incheon-yeonsu-gu-officetel-cleaning-weekend-booking/,인천 연수구,오피스텔청소,오피스텔,주말예약
2026-08-05T23:04:48,인천 연수구 오피스텔청소 청소범위,seo-incheon-yeonsu-gu-officetel-cleaning-scope,https://clever-griffin-93819d.netlify.app/seo-incheon-yeonsu-gu-officetel-cleaning-scope/,인천 연수구,오피스텔청소,오피스텔,청소범위
2026-08-05T23:04:48,인천 연수구 원룸 폐기물청소 전문업체,seo-incheon-yeonsu-gu-one-room-waste-cleaning-company,https://clever-griffin-93819d.netlify.app/seo-incheon-yeonsu-gu-one-room-waste-cleaning-company/,인천 연수구,폐기물청소,원룸,전문업체
2026-08-05T23:04:48,인천 연수구 원룸 폐기물청소 비용,seo-incheon-yeonsu-gu-one-room-waste-cleaning-cost,https://clever-griffin-93819d.netlify.app/seo-incheon-yeonsu-gu-one-room-waste-cleaning-cost/,인천 연수구,폐기물청소,원룸,비용
2026-08-05T23:04:48,인천 연수구 원룸 폐기물청소 가격,seo-incheon-yeonsu-gu-one-room-waste-cleaning-price,https://clever-griffin-93819d.netlify.app/seo-incheon-yeonsu-gu-one-room-waste-cleaning-price/,인천 연수구,폐기물청소,원룸,가격
2026-08-05T23:04:48,인천 연수구 원룸 폐기물청소 견적,seo-incheon-yeonsu-gu-one-room-waste-cleaning-estimate,https://clever-griffin-93819d.netlify.app/seo-incheon-yeonsu-gu-one-room-waste-cleaning-estimate/,인천 연수구,폐기물청소,원룸,견적
2026-08-05T23:04:48,인천 연수구 원룸 폐기물청소 예약,seo-incheon-yeonsu-gu-one-room-waste-cleaning-booking,https://clever-griffin-93819d.netlify.app/seo-incheon-yeonsu-gu-one-room-waste-cleaning-booking/,인천 연수구,폐기물청소,원룸,예약
2026-08-05T23:04:48,인천 연수구 원룸 폐기물청소 추천,seo-incheon-yeonsu-gu-one-room-waste-cleaning-recommend,https://clever-griffin-93819d.netlify.app/seo-incheon-yeonsu-gu-one-room-waste-cleaning-recommend/,인천 연수구,폐기물청소,원룸,추천
2026-08-05T23:04:48,인천 연수구 원룸 폐기물청소 후기,seo-incheon-yeonsu-gu-one-room-waste-cleaning-review,https://clever-griffin-93819d.netlify.app/seo-incheon-yeonsu-gu-one-room-waste-cleaning-review/,인천 연수구,폐기물청소,원룸,후기
2026-08-05T23:04:48,인천 연수구 원룸 폐기물청소 잘하는곳,seo-incheon-yeonsu-gu-one-room-waste-cleaning-best,https://clever-griffin-93819d.netlify.app/seo-incheon-yeonsu-gu-one-room-waste-cleaning-best/,인천 연수구,폐기물청소,원룸,잘하는곳
2026-08-05T23:04:48,인천 연수구 원룸 폐기물청소 업체,seo-incheon-yeonsu-gu-one-room-waste-cleaning-service,https://clever-griffin-93819d.netlify.app/seo-incheon-yeonsu-gu-one-room-waste-cleaning-service/,인천 연수구,폐기물청소,원룸,업체
2026-08-05T23:04:48,인천 연수구 원룸 폐기물청소 당일상담,seo-incheon-yeonsu-gu-one-room-waste-cleaning-same-day-consult,https://clever-griffin-93819d.netlify.app/seo-incheon-yeonsu-gu-one-room-waste-cleaning-same-day-consult/,인천 연수구,폐기물청소,원룸,당일상담
2026-08-05T23:04:48,인천 연수구 원룸 폐기물청소 주말예약,seo-incheon-yeonsu-gu-one-room-waste-cleaning-weekend-booking,https://clever-griffin-93819d.netlify.app/seo-incheon-yeonsu-gu-one-room-waste-cleaning-weekend-booking/,인천 연수구,폐기물청소,원룸,주말예약
2026-08-05T23:04:48,인천 연수구 원룸 폐기물청소 청소범위,seo-incheon-yeonsu-gu-one-room-waste-cleaning-scope,https://clever-griffin-93819d.netlify.app/seo-incheon-yeonsu-gu-one-room-waste-cleaning-scope/,인천 연수구,폐기물청소,원룸,청소범위
2026-08-05T23:04:48,인천 연수구 빌라 폐기물청소 전문업체,seo-incheon-yeonsu-gu-villa-waste-cleaning-company,https://clever-griffin-93819d.netlify.app/seo-incheon-yeonsu-gu-villa-waste-cleaning-company/,인천 연수구,폐기물청소,빌라,전문업체
2026-08-05T23:04:48,인천 연수구 빌라 폐기물청소 비용,seo-incheon-yeonsu-gu-villa-waste-cleaning-cost,https://clever-griffin-93819d.netlify.app/seo-incheon-yeonsu-gu-villa-waste-cleaning-cost/,인천 연수구,폐기물청소,빌라,비용
2026-08-05T23:04:48,인천 연수구 빌라 폐기물청소 가격,seo-incheon-yeonsu-gu-villa-waste-cleaning-price,https://clever-griffin-93819d.netlify.app/seo-incheon-yeonsu-gu-villa-waste-cleaning-price/,인천 연수구,폐기물청소,빌라,가격
2026-08-05T23:04:48,인천 연수구 빌라 폐기물청소 견적,seo-incheon-yeonsu-gu-villa-waste-cleaning-estimate,https://clever-griffin-93819d.netlify.app/seo-incheon-yeonsu-gu-villa-waste-cleaning-estimate/,인천 연수구,폐기물청소,빌라,견적
2026-08-05T23:04:48,인천 연수구 빌라 폐기물청소 예약,seo-incheon-yeonsu-gu-villa-waste-cleaning-booking,https://clever-griffin-93819d.netlify.app/seo-incheon-yeonsu-gu-villa-waste-cleaning-booking/,인천 연수구,폐기물청소,빌라,예약
2026-08-05T23:04:48,인천 연수구 빌라 폐기물청소 추천,seo-incheon-yeonsu-gu-villa-waste-cleaning-recommend,https://clever-griffin-93819d.netlify.app/seo-incheon-yeonsu-gu-villa-waste-cleaning-recommend/,인천 연수구,폐기물청소,빌라,추천
2026-08-05T23:04:48,인천 연수구 빌라 폐기물청소 후기,seo-incheon-yeonsu-gu-villa-waste-cleaning-review,https://clever-griffin-93819d.netlify.app/seo-incheon-yeonsu-gu-villa-waste-cleaning-review/,인천 연수구,폐기물청소,빌라,후기
2026-08-05T23:04:48,인천 연수구 빌라 폐기물청소 잘하는곳,seo-incheon-yeonsu-gu-villa-waste-cleaning-best,https://clever-griffin-93819d.netlify.app/seo-incheon-yeonsu-gu-villa-waste-cleaning-best/,인천 연수구,폐기물청소,빌라,잘하는곳
2026-08-05T23:04:48,인천 연수구 빌라 폐기물청소 업체,seo-incheon-yeonsu-gu-villa-waste-cleaning-service,https://clever-griffin-93819d.netlify.app/seo-incheon-yeonsu-gu-villa-waste-cleaning-service/,인천 연수구,폐기물청소,빌라,업체
2026-08-05T23:04:48,인천 연수구 빌라 폐기물청소 당일상담,seo-incheon-yeonsu-gu-villa-waste-cleaning-same-day-consult,https://clever-griffin-93819d.netlify.app/seo-incheon-yeonsu-gu-villa-waste-cleaning-same-day-consult/,인천 연수구,폐기물청소,빌라,당일상담
2026-08-05T23:04:48,인천 연수구 빌라 폐기물청소 주말예약,seo-incheon-yeonsu-gu-villa-waste-cleaning-weekend-booking,https://clever-griffin-93819d.netlify.app/seo-incheon-yeonsu-gu-villa-waste-cleaning-weekend-booking/,인천 연수구,폐기물청소,빌라,주말예약
2026-08-05T23:04:48,인천 연수구 빌라 폐기물청소 청소범위,seo-incheon-yeonsu-gu-villa-waste-cleaning-scope,https://clever-griffin-93819d.netlify.app/seo-incheon-yeonsu-gu-villa-waste-cleaning-scope/,인천 연수구,폐기물청소,빌라,청소범위
2026-08-05T23:04:48,인천 연수구 오피스텔 폐기물청소 전문업체,seo-incheon-yeonsu-gu-officetel-waste-cleaning-company,https://clever-griffin-93819d.netlify.app/seo-incheon-yeonsu-gu-officetel-waste-cleaning-company/,인천 연수구,폐기물청소,오피스텔,전문업체
2026-08-05T23:04:48,인천 연수구 오피스텔 폐기물청소 비용,seo-incheon-yeonsu-gu-officetel-waste-cleaning-cost,https://clever-griffin-93819d.netlify.app/seo-incheon-yeonsu-gu-officetel-waste-cleaning-cost/,인천 연수구,폐기물청소,오피스텔,비용
2026-08-05T23:04:48,인천 연수구 오피스텔 폐기물청소 가격,seo-incheon-yeonsu-gu-officetel-waste-cleaning-price,https://clever-griffin-93819d.netlify.app/seo-incheon-yeonsu-gu-officetel-waste-cleaning-price/,인천 연수구,폐기물청소,오피스텔,가격
2026-08-05T23:04:48,인천 연수구 오피스텔 폐기물청소 견적,seo-incheon-yeonsu-gu-officetel-waste-cleaning-estimate,https://clever-griffin-93819d.netlify.app/seo-incheon-yeonsu-gu-officetel-waste-cleaning-estimate/,인천 연수구,폐기물청소,오피스텔,견적
2026-08-05T23:04:48,인천 연수구 오피스텔 폐기물청소 예약,seo-incheon-yeonsu-gu-officetel-waste-cleaning-booking,https://clever-griffin-93819d.netlify.app/seo-incheon-yeonsu-gu-officetel-waste-cleaning-booking/,인천 연수구,폐기물청소,오피스텔,예약
2026-08-05T23:04:48,인천 연수구 오피스텔 폐기물청소 추천,seo-incheon-yeonsu-gu-officetel-waste-cleaning-recommend,https://clever-griffin-93819d.netlify.app/seo-incheon-yeonsu-gu-officetel-waste-cleaning-recommend/,인천 연수구,폐기물청소,오피스텔,추천
2026-08-05T23:04:48,인천 연수구 오피스텔 폐기물청소 후기,seo-incheon-yeonsu-gu-officetel-waste-cleaning-review,https://clever-griffin-93819d.netlify.app/seo-incheon-yeonsu-gu-officetel-waste-cleaning-review/,인천 연수구,폐기물청소,오피스텔,후기
2026-08-05T23:04:48,인천 연수구 오피스텔 폐기물청소 잘하는곳,seo-incheon-yeonsu-gu-officetel-waste-cleaning-best,https://clever-griffin-93819d.netlify.app/seo-incheon-yeonsu-gu-officetel-waste-cleaning-best/,인천 연수구,폐기물청소,오피스텔,잘하는곳
2026-08-05T23:04:48,인천 연수구 오피스텔 폐기물청소 업체,seo-incheon-yeonsu-gu-officetel-waste-cleaning-service,https://clever-griffin-93819d.netlify.app/seo-incheon-yeonsu-gu-officetel-waste-cleaning-service/,인천 연수구,폐기물청소,오피스텔,업체
2026-08-05T23:04:48,인천 연수구 오피스텔 폐기물청소 당일상담,seo-incheon-yeonsu-gu-officetel-waste-cleaning-same-day-consult,https://clever-griffin-93819d.netlify.app/seo-incheon-yeonsu-gu-officetel-waste-cleaning-same-day-consult/,인천 연수구,폐기물청소,오피스텔,당일상담
2026-08-05T23:04:48,인천 연수구 오피스텔 폐기물청소 주말예약,seo-incheon-yeonsu-gu-officetel-waste-cleaning-weekend-booking,https://clever-griffin-93819d.netlify.app/seo-incheon-yeonsu-gu-officetel-waste-cleaning-weekend-booking/,인천 연수구,폐기물청소,오피스텔,주말예약
2026-08-05T23:04:48,인천 연수구 오피스텔 폐기물청소 청소범위,seo-incheon-yeonsu-gu-officetel-waste-cleaning-scope,https://clever-griffin-93819d.netlify.app/seo-incheon-yeonsu-gu-officetel-waste-cleaning-scope/,인천 연수구,폐기물청소,오피스텔,청소범위
2026-08-05T23:04:48,인천 연수구 상가 폐기물청소 전문업체,seo-incheon-yeonsu-gu-store-waste-cleaning-company,https://clever-griffin-93819d.netlify.app/seo-incheon-yeonsu-gu-store-waste-cleaning-company/,인천 연수구,폐기물청소,상가,전문업체
2026-08-05T23:04:48,인천 연수구 상가 폐기물청소 비용,seo-incheon-yeonsu-gu-store-waste-cleaning-cost,https://clever-griffin-93819d.netlify.app/seo-incheon-yeonsu-gu-store-waste-cleaning-cost/,인천 연수구,폐기물청소,상가,비용
2026-08-05T23:04:48,인천 연수구 상가 폐기물청소 가격,seo-incheon-yeonsu-gu-store-waste-cleaning-price,https://clever-griffin-93819d.netlify.app/seo-incheon-yeonsu-gu-store-waste-cleaning-price/,인천 연수구,폐기물청소,상가,가격
2026-08-05T23:04:48,인천 연수구 상가 폐기물청소 견적,seo-incheon-yeonsu-gu-store-waste-cleaning-estimate,https://clever-griffin-93819d.netlify.app/seo-incheon-yeonsu-gu-store-waste-cleaning-estimate/,인천 연수구,폐기물청소,상가,견적
2026-08-05T23:04:48,인천 연수구 상가 폐기물청소 예약,seo-incheon-yeonsu-gu-store-waste-cleaning-booking,https://clever-griffin-93819d.netlify.app/seo-incheon-yeonsu-gu-store-waste-cleaning-booking/,인천 연수구,폐기물청소,상가,예약
2026-08-05T23:04:48,인천 연수구 상가 폐기물청소 추천,seo-incheon-yeonsu-gu-store-waste-cleaning-recommend,https://clever-griffin-93819d.netlify.app/seo-incheon-yeonsu-gu-store-waste-cleaning-recommend/,인천 연수구,폐기물청소,상가,추천
2026-08-05T23:04:48,인천 연수구 상가 폐기물청소 후기,seo-incheon-yeonsu-gu-store-waste-cleaning-review,https://clever-griffin-93819d.netlify.app/seo-incheon-yeonsu-gu-store-waste-cleaning-review/,인천 연수구,폐기물청소,상가,후기
2026-08-05T23:04:48,인천 연수구 상가 폐기물청소 잘하는곳,seo-incheon-yeonsu-gu-store-waste-cleaning-best,https://clever-griffin-93819d.netlify.app/seo-incheon-yeonsu-gu-store-waste-cleaning-best/,인천 연수구,폐기물청소,상가,잘하는곳
2026-08-05T23:04:48,인천 연수구 상가 폐기물청소 업체,seo-incheon-yeonsu-gu-store-waste-cleaning-service,https://clever-griffin-93819d.netlify.app/seo-incheon-yeonsu-gu-store-waste-cleaning-service/,인천 연수구,폐기물청소,상가,업체
2026-08-05T23:04:48,인천 연수구 상가 폐기물청소 당일상담,seo-incheon-yeonsu-gu-store-waste-cleaning-same-day-consult,https://clever-griffin-93819d.netlify.app/seo-incheon-yeonsu-gu-store-waste-cleaning-same-day-consult/,인천 연수구,폐기물청소,상가,당일상담
2026-08-05T23:04:48,인천 연수구 상가 폐기물청소 주말예약,seo-incheon-yeonsu-gu-store-waste-cleaning-weekend-booking,https://clever-griffin-93819d.netlify.app/seo-incheon-yeonsu-gu-store-waste-cleaning-weekend-booking/,인천 연수구,폐기물청소,상가,주말예약
2026-08-05T23:04:48,인천 연수구 상가 폐기물청소 청소범위,seo-incheon-yeonsu-gu-store-waste-cleaning-scope,https://clever-griffin-93819d.netlify.app/seo-incheon-yeonsu-gu-store-waste-cleaning-scope/,인천 연수구,폐기물청소,상가,청소범위
2026-08-05T23:04:48,인천 연수구 사무실 폐기물청소 전문업체,seo-incheon-yeonsu-gu-office-waste-cleaning-company,https://clever-griffin-93819d.netlify.app/seo-incheon-yeonsu-gu-office-waste-cleaning-company/,인천 연수구,폐기물청소,사무실,전문업체
2026-08-05T23:04:48,인천 연수구 사무실 폐기물청소 비용,seo-incheon-yeonsu-gu-office-waste-cleaning-cost,https://clever-griffin-93819d.netlify.app/seo-incheon-yeonsu-gu-office-waste-cleaning-cost/,인천 연수구,폐기물청소,사무실,비용
2026-08-05T23:04:48,인천 연수구 사무실 폐기물청소 가격,seo-incheon-yeonsu-gu-office-waste-cleaning-price,https://clever-griffin-93819d.netlify.app/seo-incheon-yeonsu-gu-office-waste-cleaning-price/,인천 연수구,폐기물청소,사무실,가격
2026-08-05T23:04:48,인천 연수구 사무실 폐기물청소 견적,seo-incheon-yeonsu-gu-office-waste-cleaning-estimate,https://clever-griffin-93819d.netlify.app/seo-incheon-yeonsu-gu-office-waste-cleaning-estimate/,인천 연수구,폐기물청소,사무실,견적
2026-08-05T23:04:48,인천 연수구 사무실 폐기물청소 예약,seo-incheon-yeonsu-gu-office-waste-cleaning-booking,https://clever-griffin-93819d.netlify.app/seo-incheon-yeonsu-gu-office-waste-cleaning-booking/,인천 연수구,폐기물청소,사무실,예약
2026-08-05T23:04:48,인천 연수구 사무실 폐기물청소 추천,seo-incheon-yeonsu-gu-office-waste-cleaning-recommend,https://clever-griffin-93819d.netlify.app/seo-incheon-yeonsu-gu-office-waste-cleaning-recommend/,인천 연수구,폐기물청소,사무실,추천
2026-08-05T23:04:48,인천 연수구 사무실 폐기물청소 후기,seo-incheon-yeonsu-gu-office-waste-cleaning-review,https://clever-griffin-93819d.netlify.app/seo-incheon-yeonsu-gu-office-waste-cleaning-review/,인천 연수구,폐기물청소,사무실,후기
2026-08-05T23:04:48,인천 연수구 사무실 폐기물청소 잘하는곳,seo-incheon-yeonsu-gu-office-waste-cleaning-best,https://clever-griffin-93819d.netlify.app/seo-incheon-yeonsu-gu-office-waste-cleaning-best/,인천 연수구,폐기물청소,사무실,잘하는곳
2026-08-05T23:04:48,인천 연수구 사무실 폐기물청소 업체,seo-incheon-yeonsu-gu-office-waste-cleaning-service,https://clever-griffin-93819d.netlify.app/seo-incheon-yeonsu-gu-office-waste-cleaning-service/,인천 연수구,폐기물청소,사무실,업체
2026-08-05T23:04:48,인천 연수구 사무실 폐기물청소 당일상담,seo-incheon-yeonsu-gu-office-waste-cleaning-same-day-consult,https://clever-griffin-93819d.netlify.app/seo-incheon-yeonsu-gu-office-waste-cleaning-same-day-consult/,인천 연수구,폐기물청소,사무실,당일상담
2026-08-05T23:04:48,인천 연수구 사무실 폐기물청소 주말예약,seo-incheon-yeonsu-gu-office-waste-cleaning-weekend-booking,https://clever-griffin-93819d.netlify.app/seo-incheon-yeonsu-gu-office-waste-cleaning-weekend-booking/,인천 연수구,폐기물청소,사무실,주말예약
2026-08-05T23:04:48,인천 연수구 사무실 폐기물청소 청소범위,seo-incheon-yeonsu-gu-office-waste-cleaning-scope,https://clever-griffin-93819d.netlify.app/seo-incheon-yeonsu-gu-office-waste-cleaning-scope/,인천 연수구,폐기물청소,사무실,청소범위
2026-08-05T23:04:48,인천 남동구 아파트 입주청소 전문업체,seo-incheon-namdong-gu-apartment-move-in-cleaning-company,https://clever-griffin-93819d.netlify.app/seo-incheon-namdong-gu-apartment-move-in-cleaning-company/,인천 남동구,입주청소,아파트,전문업체
2026-08-05T23:04:48,인천 남동구 아파트 입주청소 비용,seo-incheon-namdong-gu-apartment-move-in-cleaning-cost,https://clever-griffin-93819d.netlify.app/seo-incheon-namdong-gu-apartment-move-in-cleaning-cost/,인천 남동구,입주청소,아파트,비용
2026-08-05T23:04:48,인천 남동구 아파트 입주청소 가격,seo-incheon-namdong-gu-apartment-move-in-cleaning-price,https://clever-griffin-93819d.netlify.app/seo-incheon-namdong-gu-apartment-move-in-cleaning-price/,인천 남동구,입주청소,아파트,가격
2026-08-05T23:04:48,인천 남동구 아파트 입주청소 견적,seo-incheon-namdong-gu-apartment-move-in-cleaning-estimate,https://clever-griffin-93819d.netlify.app/seo-incheon-namdong-gu-apartment-move-in-cleaning-estimate/,인천 남동구,입주청소,아파트,견적
2026-08-05T23:04:48,인천 남동구 아파트 입주청소 예약,seo-incheon-namdong-gu-apartment-move-in-cleaning-booking,https://clever-griffin-93819d.netlify.app/seo-incheon-namdong-gu-apartment-move-in-cleaning-booking/,인천 남동구,입주청소,아파트,예약
2026-08-05T23:04:48,인천 남동구 아파트 입주청소 추천,seo-incheon-namdong-gu-apartment-move-in-cleaning-recommend,https://clever-griffin-93819d.netlify.app/seo-incheon-namdong-gu-apartment-move-in-cleaning-recommend/,인천 남동구,입주청소,아파트,추천
2026-08-05T23:04:48,인천 남동구 아파트 입주청소 후기,seo-incheon-namdong-gu-apartment-move-in-cleaning-review,https://clever-griffin-93819d.netlify.app/seo-incheon-namdong-gu-apartment-move-in-cleaning-review/,인천 남동구,입주청소,아파트,후기
2026-08-05T23:04:48,인천 남동구 아파트 입주청소 잘하는곳,seo-incheon-namdong-gu-apartment-move-in-cleaning-best,https://clever-griffin-93819d.netlify.app/seo-incheon-namdong-gu-apartment-move-in-cleaning-best/,인천 남동구,입주청소,아파트,잘하는곳
2026-08-05T23:04:48,인천 남동구 아파트 입주청소 업체,seo-incheon-namdong-gu-apartment-move-in-cleaning-service,https://clever-griffin-93819d.netlify.app/seo-incheon-namdong-gu-apartment-move-in-cleaning-service/,인천 남동구,입주청소,아파트,업체
2026-08-05T23:04:48,인천 남동구 아파트 입주청소 당일상담,seo-incheon-namdong-gu-apartment-move-in-cleaning-same-day-consult,https://clever-griffin-93819d.netlify.app/seo-incheon-namdong-gu-apartment-move-in-cleaning-same-day-consult/,인천 남동구,입주청소,아파트,당일상담
2026-08-05T23:04:48,인천 남동구 아파트 입주청소 주말예약,seo-incheon-namdong-gu-apartment-move-in-cleaning-weekend-booking,https://clever-griffin-93819d.netlify.app/seo-incheon-namdong-gu-apartment-move-in-cleaning-weekend-booking/,인천 남동구,입주청소,아파트,주말예약
2026-08-05T23:04:48,인천 남동구 아파트 입주청소 청소범위,seo-incheon-namdong-gu-apartment-move-in-cleaning-scope,https://clever-griffin-93819d.netlify.app/seo-incheon-namdong-gu-apartment-move-in-cleaning-scope/,인천 남동구,입주청소,아파트,청소범위
2026-08-05T23:04:48,인천 남동구 원룸 입주청소 전문업체,seo-incheon-namdong-gu-one-room-move-in-cleaning-company,https://clever-griffin-93819d.netlify.app/seo-incheon-namdong-gu-one-room-move-in-cleaning-company/,인천 남동구,입주청소,원룸,전문업체
2026-08-05T23:04:48,인천 남동구 원룸 입주청소 비용,seo-incheon-namdong-gu-one-room-move-in-cleaning-cost,https://clever-griffin-93819d.netlify.app/seo-incheon-namdong-gu-one-room-move-in-cleaning-cost/,인천 남동구,입주청소,원룸,비용
2026-08-05T23:04:48,인천 남동구 원룸 입주청소 가격,seo-incheon-namdong-gu-one-room-move-in-cleaning-price,https://clever-griffin-93819d.netlify.app/seo-incheon-namdong-gu-one-room-move-in-cleaning-price/,인천 남동구,입주청소,원룸,가격
2026-08-05T23:04:48,인천 남동구 원룸 입주청소 견적,seo-incheon-namdong-gu-one-room-move-in-cleaning-estimate,https://clever-griffin-93819d.netlify.app/seo-incheon-namdong-gu-one-room-move-in-cleaning-estimate/,인천 남동구,입주청소,원룸,견적
2026-08-05T23:04:48,인천 남동구 원룸 입주청소 예약,seo-incheon-namdong-gu-one-room-move-in-cleaning-booking,https://clever-griffin-93819d.netlify.app/seo-incheon-namdong-gu-one-room-move-in-cleaning-booking/,인천 남동구,입주청소,원룸,예약
2026-08-05T23:04:48,인천 남동구 원룸 입주청소 추천,seo-incheon-namdong-gu-one-room-move-in-cleaning-recommend,https://clever-griffin-93819d.netlify.app/seo-incheon-namdong-gu-one-room-move-in-cleaning-recommend/,인천 남동구,입주청소,원룸,추천
2026-08-05T23:04:48,인천 남동구 원룸 입주청소 후기,seo-incheon-namdong-gu-one-room-move-in-cleaning-review,https://clever-griffin-93819d.netlify.app/seo-incheon-namdong-gu-one-room-move-in-cleaning-review/,인천 남동구,입주청소,원룸,후기
2026-08-05T23:04:48,인천 남동구 원룸 입주청소 잘하는곳,seo-incheon-namdong-gu-one-room-move-in-cleaning-best,https://clever-griffin-93819d.netlify.app/seo-incheon-namdong-gu-one-room-move-in-cleaning-best/,인천 남동구,입주청소,원룸,잘하는곳
2026-08-05T23:04:48,인천 남동구 원룸 입주청소 업체,seo-incheon-namdong-gu-one-room-move-in-cleaning-service,https://clever-griffin-93819d.netlify.app/seo-incheon-namdong-gu-one-room-move-in-cleaning-service/,인천 남동구,입주청소,원룸,업체
2026-08-05T23:04:48,인천 남동구 원룸 입주청소 당일상담,seo-incheon-namdong-gu-one-room-move-in-cleaning-same-day-consult,https://clever-griffin-93819d.netlify.app/seo-incheon-namdong-gu-one-room-move-in-cleaning-same-day-consult/,인천 남동구,입주청소,원룸,당일상담
2026-08-05T23:04:48,인천 남동구 원룸 입주청소 주말예약,seo-incheon-namdong-gu-one-room-move-in-cleaning-weekend-booking,https://clever-griffin-93819d.netlify.app/seo-incheon-namdong-gu-one-room-move-in-cleaning-weekend-booking/,인천 남동구,입주청소,원룸,주말예약
2026-08-05T23:04:48,인천 남동구 원룸 입주청소 청소범위,seo-incheon-namdong-gu-one-room-move-in-cleaning-scope,https://clever-griffin-93819d.netlify.app/seo-incheon-namdong-gu-one-room-move-in-cleaning-scope/,인천 남동구,입주청소,원룸,청소범위
2026-08-05T23:04:48,인천 남동구 빌라 입주청소 전문업체,seo-incheon-namdong-gu-villa-move-in-cleaning-company,https://clever-griffin-93819d.netlify.app/seo-incheon-namdong-gu-villa-move-in-cleaning-company/,인천 남동구,입주청소,빌라,전문업체
2026-08-05T23:04:48,인천 남동구 빌라 입주청소 비용,seo-incheon-namdong-gu-villa-move-in-cleaning-cost,https://clever-griffin-93819d.netlify.app/seo-incheon-namdong-gu-villa-move-in-cleaning-cost/,인천 남동구,입주청소,빌라,비용
2026-08-05T23:04:48,인천 남동구 빌라 입주청소 가격,seo-incheon-namdong-gu-villa-move-in-cleaning-price,https://clever-griffin-93819d.netlify.app/seo-incheon-namdong-gu-villa-move-in-cleaning-price/,인천 남동구,입주청소,빌라,가격
2026-08-05T23:04:48,인천 남동구 빌라 입주청소 견적,seo-incheon-namdong-gu-villa-move-in-cleaning-estimate,https://clever-griffin-93819d.netlify.app/seo-incheon-namdong-gu-villa-move-in-cleaning-estimate/,인천 남동구,입주청소,빌라,견적
2026-08-05T23:04:48,인천 남동구 빌라 입주청소 예약,seo-incheon-namdong-gu-villa-move-in-cleaning-booking,https://clever-griffin-93819d.netlify.app/seo-incheon-namdong-gu-villa-move-in-cleaning-booking/,인천 남동구,입주청소,빌라,예약
2026-08-05T23:04:48,인천 남동구 빌라 입주청소 추천,seo-incheon-namdong-gu-villa-move-in-cleaning-recommend,https://clever-griffin-93819d.netlify.app/seo-incheon-namdong-gu-villa-move-in-cleaning-recommend/,인천 남동구,입주청소,빌라,추천
2026-08-05T23:04:48,인천 남동구 빌라 입주청소 후기,seo-incheon-namdong-gu-villa-move-in-cleaning-review,https://clever-griffin-93819d.netlify.app/seo-incheon-namdong-gu-villa-move-in-cleaning-review/,인천 남동구,입주청소,빌라,후기
2026-08-05T23:04:48,인천 남동구 빌라 입주청소 잘하는곳,seo-incheon-namdong-gu-villa-move-in-cleaning-best,https://clever-griffin-93819d.netlify.app/seo-incheon-namdong-gu-villa-move-in-cleaning-best/,인천 남동구,입주청소,빌라,잘하는곳
2026-08-05T23:04:48,인천 남동구 빌라 입주청소 업체,seo-incheon-namdong-gu-villa-move-in-cleaning-service,https://clever-griffin-93819d.netlify.app/seo-incheon-namdong-gu-villa-move-in-cleaning-service/,인천 남동구,입주청소,빌라,업체
2026-08-05T23:04:48,인천 남동구 빌라 입주청소 당일상담,seo-incheon-namdong-gu-villa-move-in-cleaning-same-day-consult,https://clever-griffin-93819d.netlify.app/seo-incheon-namdong-gu-villa-move-in-cleaning-same-day-consult/,인천 남동구,입주청소,빌라,당일상담
2026-08-05T23:04:48,인천 남동구 빌라 입주청소 주말예약,seo-incheon-namdong-gu-villa-move-in-cleaning-weekend-booking,https://clever-griffin-93819d.netlify.app/seo-incheon-namdong-gu-villa-move-in-cleaning-weekend-booking/,인천 남동구,입주청소,빌라,주말예약
2026-08-05T23:04:48,인천 남동구 빌라 입주청소 청소범위,seo-incheon-namdong-gu-villa-move-in-cleaning-scope,https://clever-griffin-93819d.netlify.app/seo-incheon-namdong-gu-villa-move-in-cleaning-scope/,인천 남동구,입주청소,빌라,청소범위
2026-08-05T23:04:48,인천 남동구 오피스텔 입주청소 전문업체,seo-incheon-namdong-gu-officetel-move-in-cleaning-company,https://clever-griffin-93819d.netlify.app/seo-incheon-namdong-gu-officetel-move-in-cleaning-company/,인천 남동구,입주청소,오피스텔,전문업체
2026-08-05T23:04:48,인천 남동구 오피스텔 입주청소 비용,seo-incheon-namdong-gu-officetel-move-in-cleaning-cost,https://clever-griffin-93819d.netlify.app/seo-incheon-namdong-gu-officetel-move-in-cleaning-cost/,인천 남동구,입주청소,오피스텔,비용
2026-08-05T23:04:48,인천 남동구 오피스텔 입주청소 가격,seo-incheon-namdong-gu-officetel-move-in-cleaning-price,https://clever-griffin-93819d.netlify.app/seo-incheon-namdong-gu-officetel-move-in-cleaning-price/,인천 남동구,입주청소,오피스텔,가격
2026-08-05T23:04:48,인천 남동구 오피스텔 입주청소 견적,seo-incheon-namdong-gu-officetel-move-in-cleaning-estimate,https://clever-griffin-93819d.netlify.app/seo-incheon-namdong-gu-officetel-move-in-cleaning-estimate/,인천 남동구,입주청소,오피스텔,견적
2026-08-05T23:04:48,인천 남동구 오피스텔 입주청소 예약,seo-incheon-namdong-gu-officetel-move-in-cleaning-booking,https://clever-griffin-93819d.netlify.app/seo-incheon-namdong-gu-officetel-move-in-cleaning-booking/,인천 남동구,입주청소,오피스텔,예약
2026-08-05T23:04:48,인천 남동구 오피스텔 입주청소 추천,seo-incheon-namdong-gu-officetel-move-in-cleaning-recommend,https://clever-griffin-93819d.netlify.app/seo-incheon-namdong-gu-officetel-move-in-cleaning-recommend/,인천 남동구,입주청소,오피스텔,추천
2026-08-05T23:04:48,인천 남동구 오피스텔 입주청소 후기,seo-incheon-namdong-gu-officetel-move-in-cleaning-review,https://clever-griffin-93819d.netlify.app/seo-incheon-namdong-gu-officetel-move-in-cleaning-review/,인천 남동구,입주청소,오피스텔,후기
2026-08-05T23:04:48,인천 남동구 오피스텔 입주청소 잘하는곳,seo-incheon-namdong-gu-officetel-move-in-cleaning-best,https://clever-griffin-93819d.netlify.app/seo-incheon-namdong-gu-officetel-move-in-cleaning-best/,인천 남동구,입주청소,오피스텔,잘하는곳
2026-08-05T23:04:48,인천 남동구 오피스텔 입주청소 업체,seo-incheon-namdong-gu-officetel-move-in-cleaning-service,https://clever-griffin-93819d.netlify.app/seo-incheon-namdong-gu-officetel-move-in-cleaning-service/,인천 남동구,입주청소,오피스텔,업체
2026-08-05T23:04:48,인천 남동구 오피스텔 입주청소 당일상담,seo-incheon-namdong-gu-officetel-move-in-cleaning-same-day-consult,https://clever-griffin-93819d.netlify.app/seo-incheon-namdong-gu-officetel-move-in-cleaning-same-day-consult/,인천 남동구,입주청소,오피스텔,당일상담
2026-08-05T23:04:48,인천 남동구 오피스텔 입주청소 주말예약,seo-incheon-namdong-gu-officetel-move-in-cleaning-weekend-booking,https://clever-griffin-93819d.netlify.app/seo-incheon-namdong-gu-officetel-move-in-cleaning-weekend-booking/,인천 남동구,입주청소,오피스텔,주말예약
2026-08-05T23:04:48,인천 남동구 오피스텔 입주청소 청소범위,seo-incheon-namdong-gu-officetel-move-in-cleaning-scope,https://clever-griffin-93819d.netlify.app/seo-incheon-namdong-gu-officetel-move-in-cleaning-scope/,인천 남동구,입주청소,오피스텔,청소범위
2026-08-05T23:04:48,인천 남동구 상가 입주청소 전문업체,seo-incheon-namdong-gu-store-move-in-cleaning-company,https://clever-griffin-93819d.netlify.app/seo-incheon-namdong-gu-store-move-in-cleaning-company/,인천 남동구,입주청소,상가,전문업체
2026-08-05T23:04:48,인천 남동구 상가 입주청소 비용,seo-incheon-namdong-gu-store-move-in-cleaning-cost,https://clever-griffin-93819d.netlify.app/seo-incheon-namdong-gu-store-move-in-cleaning-cost/,인천 남동구,입주청소,상가,비용
2026-08-05T23:04:48,인천 남동구 상가 입주청소 가격,seo-incheon-namdong-gu-store-move-in-cleaning-price,https://clever-griffin-93819d.netlify.app/seo-incheon-namdong-gu-store-move-in-cleaning-price/,인천 남동구,입주청소,상가,가격
2026-08-05T23:04:48,인천 남동구 상가 입주청소 견적,seo-incheon-namdong-gu-store-move-in-cleaning-estimate,https://clever-griffin-93819d.netlify.app/seo-incheon-namdong-gu-store-move-in-cleaning-estimate/,인천 남동구,입주청소,상가,견적
2026-08-05T23:04:48,인천 남동구 상가 입주청소 예약,seo-incheon-namdong-gu-store-move-in-cleaning-booking,https://clever-griffin-93819d.netlify.app/seo-incheon-namdong-gu-store-move-in-cleaning-booking/,인천 남동구,입주청소,상가,예약
2026-08-05T23:04:48,인천 남동구 상가 입주청소 추천,seo-incheon-namdong-gu-store-move-in-cleaning-recommend,https://clever-griffin-93819d.netlify.app/seo-incheon-namdong-gu-store-move-in-cleaning-recommend/,인천 남동구,입주청소,상가,추천
2026-08-05T23:04:48,인천 남동구 상가 입주청소 후기,seo-incheon-namdong-gu-store-move-in-cleaning-review,https://clever-griffin-93819d.netlify.app/seo-incheon-namdong-gu-store-move-in-cleaning-review/,인천 남동구,입주청소,상가,후기
2026-08-05T23:04:48,인천 남동구 상가 입주청소 잘하는곳,seo-incheon-namdong-gu-store-move-in-cleaning-best,https://clever-griffin-93819d.netlify.app/seo-incheon-namdong-gu-store-move-in-cleaning-best/,인천 남동구,입주청소,상가,잘하는곳
2026-08-05T23:04:48,인천 남동구 상가 입주청소 업체,seo-incheon-namdong-gu-store-move-in-cleaning-service,https://clever-griffin-93819d.netlify.app/seo-incheon-namdong-gu-store-move-in-cleaning-service/,인천 남동구,입주청소,상가,업체
2026-08-05T23:04:48,인천 남동구 상가 입주청소 당일상담,seo-incheon-namdong-gu-store-move-in-cleaning-same-day-consult,https://clever-griffin-93819d.netlify.app/seo-incheon-namdong-gu-store-move-in-cleaning-same-day-consult/,인천 남동구,입주청소,상가,당일상담
2026-08-05T23:04:48,인천 남동구 상가 입주청소 주말예약,seo-incheon-namdong-gu-store-move-in-cleaning-weekend-booking,https://clever-griffin-93819d.netlify.app/seo-incheon-namdong-gu-store-move-in-cleaning-weekend-booking/,인천 남동구,입주청소,상가,주말예약
2026-08-05T23:04:48,인천 남동구 상가 입주청소 청소범위,seo-incheon-namdong-gu-store-move-in-cleaning-scope,https://clever-griffin-93819d.netlify.app/seo-incheon-namdong-gu-store-move-in-cleaning-scope/,인천 남동구,입주청소,상가,청소범위
2026-08-05T23:04:48,인천 남동구 사무실 입주청소 전문업체,seo-incheon-namdong-gu-office-move-in-cleaning-company,https://clever-griffin-93819d.netlify.app/seo-incheon-namdong-gu-office-move-in-cleaning-company/,인천 남동구,입주청소,사무실,전문업체
2026-08-05T23:04:48,인천 남동구 사무실 입주청소 비용,seo-incheon-namdong-gu-office-move-in-cleaning-cost,https://clever-griffin-93819d.netlify.app/seo-incheon-namdong-gu-office-move-in-cleaning-cost/,인천 남동구,입주청소,사무실,비용
2026-08-05T23:04:48,인천 남동구 사무실 입주청소 가격,seo-incheon-namdong-gu-office-move-in-cleaning-price,https://clever-griffin-93819d.netlify.app/seo-incheon-namdong-gu-office-move-in-cleaning-price/,인천 남동구,입주청소,사무실,가격
2026-08-05T23:04:48,인천 남동구 사무실 입주청소 견적,seo-incheon-namdong-gu-office-move-in-cleaning-estimate,https://clever-griffin-93819d.netlify.app/seo-incheon-namdong-gu-office-move-in-cleaning-estimate/,인천 남동구,입주청소,사무실,견적
2026-08-05T23:04:48,인천 남동구 사무실 입주청소 예약,seo-incheon-namdong-gu-office-move-in-cleaning-booking,https://clever-griffin-93819d.netlify.app/seo-incheon-namdong-gu-office-move-in-cleaning-booking/,인천 남동구,입주청소,사무실,예약
2026-08-05T23:04:48,인천 남동구 사무실 입주청소 추천,seo-incheon-namdong-gu-office-move-in-cleaning-recommend,https://clever-griffin-93819d.netlify.app/seo-incheon-namdong-gu-office-move-in-cleaning-recommend/,인천 남동구,입주청소,사무실,추천
2026-08-05T23:04:48,인천 남동구 사무실 입주청소 후기,seo-incheon-namdong-gu-office-move-in-cleaning-review,https://clever-griffin-93819d.netlify.app/seo-incheon-namdong-gu-office-move-in-cleaning-review/,인천 남동구,입주청소,사무실,후기
2026-08-05T23:04:48,인천 남동구 사무실 입주청소 잘하는곳,seo-incheon-namdong-gu-office-move-in-cleaning-best,https://clever-griffin-93819d.netlify.app/seo-incheon-namdong-gu-office-move-in-cleaning-best/,인천 남동구,입주청소,사무실,잘하는곳
2026-08-05T23:04:48,인천 남동구 사무실 입주청소 업체,seo-incheon-namdong-gu-office-move-in-cleaning-service,https://clever-griffin-93819d.netlify.app/seo-incheon-namdong-gu-office-move-in-cleaning-service/,인천 남동구,입주청소,사무실,업체
2026-08-05T23:04:48,인천 남동구 사무실 입주청소 당일상담,seo-incheon-namdong-gu-office-move-in-cleaning-same-day-consult,https://clever-griffin-93819d.netlify.app/seo-incheon-namdong-gu-office-move-in-cleaning-same-day-consult/,인천 남동구,입주청소,사무실,당일상담
2026-08-05T23:04:48,인천 남동구 사무실 입주청소 주말예약,seo-incheon-namdong-gu-office-move-in-cleaning-weekend-booking,https://clever-griffin-93819d.netlify.app/seo-incheon-namdong-gu-office-move-in-cleaning-weekend-booking/,인천 남동구,입주청소,사무실,주말예약
2026-08-05T23:04:48,인천 남동구 사무실 입주청소 청소범위,seo-incheon-namdong-gu-office-move-in-cleaning-scope,https://clever-griffin-93819d.netlify.app/seo-incheon-namdong-gu-office-move-in-cleaning-scope/,인천 남동구,입주청소,사무실,청소범위
2026-08-05T23:04:48,인천 남동구 아파트 이사청소 전문업체,seo-incheon-namdong-gu-apartment-moving-cleaning-company,https://clever-griffin-93819d.netlify.app/seo-incheon-namdong-gu-apartment-moving-cleaning-company/,인천 남동구,이사청소,아파트,전문업체
2026-08-05T23:04:48,인천 남동구 아파트 이사청소 비용,seo-incheon-namdong-gu-apartment-moving-cleaning-cost,https://clever-griffin-93819d.netlify.app/seo-incheon-namdong-gu-apartment-moving-cleaning-cost/,인천 남동구,이사청소,아파트,비용
2026-08-05T23:04:48,인천 남동구 아파트 이사청소 가격,seo-incheon-namdong-gu-apartment-moving-cleaning-price,https://clever-griffin-93819d.netlify.app/seo-incheon-namdong-gu-apartment-moving-cleaning-price/,인천 남동구,이사청소,아파트,가격
2026-08-05T23:04:48,인천 남동구 아파트 이사청소 견적,seo-incheon-namdong-gu-apartment-moving-cleaning-estimate,https://clever-griffin-93819d.netlify.app/seo-incheon-namdong-gu-apartment-moving-cleaning-estimate/,인천 남동구,이사청소,아파트,견적
2026-08-05T23:04:48,인천 남동구 아파트 이사청소 예약,seo-incheon-namdong-gu-apartment-moving-cleaning-booking,https://clever-griffin-93819d.netlify.app/seo-incheon-namdong-gu-apartment-moving-cleaning-booking/,인천 남동구,이사청소,아파트,예약
2026-08-05T23:04:48,인천 남동구 아파트 이사청소 추천,seo-incheon-namdong-gu-apartment-moving-cleaning-recommend,https://clever-griffin-93819d.netlify.app/seo-incheon-namdong-gu-apartment-moving-cleaning-recommend/,인천 남동구,이사청소,아파트,추천
2026-08-05T23:04:48,인천 남동구 아파트 이사청소 후기,seo-incheon-namdong-gu-apartment-moving-cleaning-review,https://clever-griffin-93819d.netlify.app/seo-incheon-namdong-gu-apartment-moving-cleaning-review/,인천 남동구,이사청소,아파트,후기
2026-08-05T23:04:48,인천 남동구 아파트 이사청소 잘하는곳,seo-incheon-namdong-gu-apartment-moving-cleaning-best,https://clever-griffin-93819d.netlify.app/seo-incheon-namdong-gu-apartment-moving-cleaning-best/,인천 남동구,이사청소,아파트,잘하는곳
2026-08-05T23:04:48,인천 남동구 아파트 이사청소 업체,seo-incheon-namdong-gu-apartment-moving-cleaning-service,https://clever-griffin-93819d.netlify.app/seo-incheon-namdong-gu-apartment-moving-cleaning-service/,인천 남동구,이사청소,아파트,업체
2026-08-05T23:04:48,인천 남동구 아파트 이사청소 당일상담,seo-incheon-namdong-gu-apartment-moving-cleaning-same-day-consult,https://clever-griffin-93819d.netlify.app/seo-incheon-namdong-gu-apartment-moving-cleaning-same-day-consult/,인천 남동구,이사청소,아파트,당일상담
2026-08-05T23:04:48,인천 남동구 아파트 이사청소 주말예약,seo-incheon-namdong-gu-apartment-moving-cleaning-weekend-booking,https://clever-griffin-93819d.netlify.app/seo-incheon-namdong-gu-apartment-moving-cleaning-weekend-booking/,인천 남동구,이사청소,아파트,주말예약
2026-08-05T23:04:48,인천 남동구 아파트 이사청소 청소범위,seo-incheon-namdong-gu-apartment-moving-cleaning-scope,https://clever-griffin-93819d.netlify.app/seo-incheon-namdong-gu-apartment-moving-cleaning-scope/,인천 남동구,이사청소,아파트,청소범위
2026-08-05T23:04:48,인천 남동구 원룸 이사청소 전문업체,seo-incheon-namdong-gu-one-room-moving-cleaning-company,https://clever-griffin-93819d.netlify.app/seo-incheon-namdong-gu-one-room-moving-cleaning-company/,인천 남동구,이사청소,원룸,전문업체
2026-08-05T23:04:48,인천 남동구 원룸 이사청소 비용,seo-incheon-namdong-gu-one-room-moving-cleaning-cost,https://clever-griffin-93819d.netlify.app/seo-incheon-namdong-gu-one-room-moving-cleaning-cost/,인천 남동구,이사청소,원룸,비용
2026-08-05T23:04:48,인천 남동구 원룸 이사청소 가격,seo-incheon-namdong-gu-one-room-moving-cleaning-price,https://clever-griffin-93819d.netlify.app/seo-incheon-namdong-gu-one-room-moving-cleaning-price/,인천 남동구,이사청소,원룸,가격
2026-08-05T23:04:48,인천 남동구 원룸 이사청소 견적,seo-incheon-namdong-gu-one-room-moving-cleaning-estimate,https://clever-griffin-93819d.netlify.app/seo-incheon-namdong-gu-one-room-moving-cleaning-estimate/,인천 남동구,이사청소,원룸,견적
2026-08-05T23:04:48,인천 남동구 원룸 이사청소 예약,seo-incheon-namdong-gu-one-room-moving-cleaning-booking,https://clever-griffin-93819d.netlify.app/seo-incheon-namdong-gu-one-room-moving-cleaning-booking/,인천 남동구,이사청소,원룸,예약
2026-08-05T23:04:48,인천 남동구 원룸 이사청소 추천,seo-incheon-namdong-gu-one-room-moving-cleaning-recommend,https://clever-griffin-93819d.netlify.app/seo-incheon-namdong-gu-one-room-moving-cleaning-recommend/,인천 남동구,이사청소,원룸,추천
2026-08-05T23:04:48,인천 남동구 원룸 이사청소 후기,seo-incheon-namdong-gu-one-room-moving-cleaning-review,https://clever-griffin-93819d.netlify.app/seo-incheon-namdong-gu-one-room-moving-cleaning-review/,인천 남동구,이사청소,원룸,후기
2026-08-05T23:04:48,인천 남동구 원룸 이사청소 잘하는곳,seo-incheon-namdong-gu-one-room-moving-cleaning-best,https://clever-griffin-93819d.netlify.app/seo-incheon-namdong-gu-one-room-moving-cleaning-best/,인천 남동구,이사청소,원룸,잘하는곳
2026-08-05T23:04:48,인천 남동구 원룸 이사청소 업체,seo-incheon-namdong-gu-one-room-moving-cleaning-service,https://clever-griffin-93819d.netlify.app/seo-incheon-namdong-gu-one-room-moving-cleaning-service/,인천 남동구,이사청소,원룸,업체
2026-08-05T23:04:48,인천 남동구 원룸 이사청소 당일상담,seo-incheon-namdong-gu-one-room-moving-cleaning-same-day-consult,https://clever-griffin-93819d.netlify.app/seo-incheon-namdong-gu-one-room-moving-cleaning-same-day-consult/,인천 남동구,이사청소,원룸,당일상담
2026-08-05T23:04:48,인천 남동구 원룸 이사청소 주말예약,seo-incheon-namdong-gu-one-room-moving-cleaning-weekend-booking,https://clever-griffin-93819d.netlify.app/seo-incheon-namdong-gu-one-room-moving-cleaning-weekend-booking/,인천 남동구,이사청소,원룸,주말예약
2026-08-05T23:04:48,인천 남동구 원룸 이사청소 청소범위,seo-incheon-namdong-gu-one-room-moving-cleaning-scope,https://clever-griffin-93819d.netlify.app/seo-incheon-namdong-gu-one-room-moving-cleaning-scope/,인천 남동구,이사청소,원룸,청소범위
2026-08-05T23:04:48,인천 남동구 빌라 이사청소 전문업체,seo-incheon-namdong-gu-villa-moving-cleaning-company,https://clever-griffin-93819d.netlify.app/seo-incheon-namdong-gu-villa-moving-cleaning-company/,인천 남동구,이사청소,빌라,전문업체
2026-08-05T23:04:48,인천 남동구 빌라 이사청소 비용,seo-incheon-namdong-gu-villa-moving-cleaning-cost,https://clever-griffin-93819d.netlify.app/seo-incheon-namdong-gu-villa-moving-cleaning-cost/,인천 남동구,이사청소,빌라,비용
2026-08-05T23:04:48,인천 남동구 빌라 이사청소 가격,seo-incheon-namdong-gu-villa-moving-cleaning-price,https://clever-griffin-93819d.netlify.app/seo-incheon-namdong-gu-villa-moving-cleaning-price/,인천 남동구,이사청소,빌라,가격
2026-08-05T23:04:48,인천 남동구 빌라 이사청소 견적,seo-incheon-namdong-gu-villa-moving-cleaning-estimate,https://clever-griffin-93819d.netlify.app/seo-incheon-namdong-gu-villa-moving-cleaning-estimate/,인천 남동구,이사청소,빌라,견적
2026-08-05T23:04:48,인천 남동구 빌라 이사청소 예약,seo-incheon-namdong-gu-villa-moving-cleaning-booking,https://clever-griffin-93819d.netlify.app/seo-incheon-namdong-gu-villa-moving-cleaning-booking/,인천 남동구,이사청소,빌라,예약
2026-08-05T23:04:48,인천 남동구 빌라 이사청소 추천,seo-incheon-namdong-gu-villa-moving-cleaning-recommend,https://clever-griffin-93819d.netlify.app/seo-incheon-namdong-gu-villa-moving-cleaning-recommend/,인천 남동구,이사청소,빌라,추천
2026-08-05T23:04:48,인천 남동구 빌라 이사청소 후기,seo-incheon-namdong-gu-villa-moving-cleaning-review,https://clever-griffin-93819d.netlify.app/seo-incheon-namdong-gu-villa-moving-cleaning-review/,인천 남동구,이사청소,빌라,후기
2026-08-05T23:04:48,인천 남동구 빌라 이사청소 잘하는곳,seo-incheon-namdong-gu-villa-moving-cleaning-best,https://clever-griffin-93819d.netlify.app/seo-incheon-namdong-gu-villa-moving-cleaning-best/,인천 남동구,이사청소,빌라,잘하는곳
2026-08-05T23:04:48,인천 남동구 빌라 이사청소 업체,seo-incheon-namdong-gu-villa-moving-cleaning-service,https://clever-griffin-93819d.netlify.app/seo-incheon-namdong-gu-villa-moving-cleaning-service/,인천 남동구,이사청소,빌라,업체
2026-08-05T23:04:48,인천 남동구 빌라 이사청소 당일상담,seo-incheon-namdong-gu-villa-moving-cleaning-same-day-consult,https://clever-griffin-93819d.netlify.app/seo-incheon-namdong-gu-villa-moving-cleaning-same-day-consult/,인천 남동구,이사청소,빌라,당일상담
2026-08-05T23:04:48,인천 남동구 빌라 이사청소 주말예약,seo-incheon-namdong-gu-villa-moving-cleaning-weekend-booking,https://clever-griffin-93819d.netlify.app/seo-incheon-namdong-gu-villa-moving-cleaning-weekend-booking/,인천 남동구,이사청소,빌라,주말예약
2026-08-05T23:04:48,인천 남동구 빌라 이사청소 청소범위,seo-incheon-namdong-gu-villa-moving-cleaning-scope,https://clever-griffin-93819d.netlify.app/seo-incheon-namdong-gu-villa-moving-cleaning-scope/,인천 남동구,이사청소,빌라,청소범위
2026-08-05T23:04:48,인천 남동구 오피스텔 이사청소 전문업체,seo-incheon-namdong-gu-officetel-moving-cleaning-company,https://clever-griffin-93819d.netlify.app/seo-incheon-namdong-gu-officetel-moving-cleaning-company/,인천 남동구,이사청소,오피스텔,전문업체
2026-08-05T23:04:48,인천 남동구 오피스텔 이사청소 비용,seo-incheon-namdong-gu-officetel-moving-cleaning-cost,https://clever-griffin-93819d.netlify.app/seo-incheon-namdong-gu-officetel-moving-cleaning-cost/,인천 남동구,이사청소,오피스텔,비용
2026-08-05T23:04:48,인천 남동구 오피스텔 이사청소 가격,seo-incheon-namdong-gu-officetel-moving-cleaning-price,https://clever-griffin-93819d.netlify.app/seo-incheon-namdong-gu-officetel-moving-cleaning-price/,인천 남동구,이사청소,오피스텔,가격
2026-08-05T23:04:48,인천 남동구 오피스텔 이사청소 견적,seo-incheon-namdong-gu-officetel-moving-cleaning-estimate,https://clever-griffin-93819d.netlify.app/seo-incheon-namdong-gu-officetel-moving-cleaning-estimate/,인천 남동구,이사청소,오피스텔,견적
2026-08-05T23:04:48,인천 남동구 오피스텔 이사청소 예약,seo-incheon-namdong-gu-officetel-moving-cleaning-booking,https://clever-griffin-93819d.netlify.app/seo-incheon-namdong-gu-officetel-moving-cleaning-booking/,인천 남동구,이사청소,오피스텔,예약
2026-08-05T23:04:48,인천 남동구 오피스텔 이사청소 추천,seo-incheon-namdong-gu-officetel-moving-cleaning-recommend,https://clever-griffin-93819d.netlify.app/seo-incheon-namdong-gu-officetel-moving-cleaning-recommend/,인천 남동구,이사청소,오피스텔,추천
2026-08-05T23:04:48,인천 남동구 오피스텔 이사청소 후기,seo-incheon-namdong-gu-officetel-moving-cleaning-review,https://clever-griffin-93819d.netlify.app/seo-incheon-namdong-gu-officetel-moving-cleaning-review/,인천 남동구,이사청소,오피스텔,후기
2026-08-05T23:04:48,인천 남동구 오피스텔 이사청소 잘하는곳,seo-incheon-namdong-gu-officetel-moving-cleaning-best,https://clever-griffin-93819d.netlify.app/seo-incheon-namdong-gu-officetel-moving-cleaning-best/,인천 남동구,이사청소,오피스텔,잘하는곳
2026-08-05T23:04:48,인천 남동구 오피스텔 이사청소 업체,seo-incheon-namdong-gu-officetel-moving-cleaning-service,https://clever-griffin-93819d.netlify.app/seo-incheon-namdong-gu-officetel-moving-cleaning-service/,인천 남동구,이사청소,오피스텔,업체
2026-08-05T23:04:48,인천 남동구 오피스텔 이사청소 당일상담,seo-incheon-namdong-gu-officetel-moving-cleaning-same-day-consult,https://clever-griffin-93819d.netlify.app/seo-incheon-namdong-gu-officetel-moving-cleaning-same-day-consult/,인천 남동구,이사청소,오피스텔,당일상담
2026-08-05T23:04:48,인천 남동구 오피스텔 이사청소 주말예약,seo-incheon-namdong-gu-officetel-moving-cleaning-weekend-booking,https://clever-griffin-93819d.netlify.app/seo-incheon-namdong-gu-officetel-moving-cleaning-weekend-booking/,인천 남동구,이사청소,오피스텔,주말예약
2026-08-05T23:04:48,인천 남동구 오피스텔 이사청소 청소범위,seo-incheon-namdong-gu-officetel-moving-cleaning-scope,https://clever-griffin-93819d.netlify.app/seo-incheon-namdong-gu-officetel-moving-cleaning-scope/,인천 남동구,이사청소,오피스텔,청소범위
2026-08-05T23:04:48,인천 남동구 상가 이사청소 전문업체,seo-incheon-namdong-gu-store-moving-cleaning-company,https://clever-griffin-93819d.netlify.app/seo-incheon-namdong-gu-store-moving-cleaning-company/,인천 남동구,이사청소,상가,전문업체
2026-08-05T23:04:48,인천 남동구 상가 이사청소 비용,seo-incheon-namdong-gu-store-moving-cleaning-cost,https://clever-griffin-93819d.netlify.app/seo-incheon-namdong-gu-store-moving-cleaning-cost/,인천 남동구,이사청소,상가,비용
2026-08-05T23:04:48,인천 남동구 상가 이사청소 가격,seo-incheon-namdong-gu-store-moving-cleaning-price,https://clever-griffin-93819d.netlify.app/seo-incheon-namdong-gu-store-moving-cleaning-price/,인천 남동구,이사청소,상가,가격
2026-08-05T23:04:48,인천 남동구 상가 이사청소 견적,seo-incheon-namdong-gu-store-moving-cleaning-estimate,https://clever-griffin-93819d.netlify.app/seo-incheon-namdong-gu-store-moving-cleaning-estimate/,인천 남동구,이사청소,상가,견적
2026-08-05T23:04:48,인천 남동구 상가 이사청소 예약,seo-incheon-namdong-gu-store-moving-cleaning-booking,https://clever-griffin-93819d.netlify.app/seo-incheon-namdong-gu-store-moving-cleaning-booking/,인천 남동구,이사청소,상가,예약
2026-08-05T23:04:48,인천 남동구 상가 이사청소 추천,seo-incheon-namdong-gu-store-moving-cleaning-recommend,https://clever-griffin-93819d.netlify.app/seo-incheon-namdong-gu-store-moving-cleaning-recommend/,인천 남동구,이사청소,상가,추천
2026-08-05T23:04:48,인천 남동구 상가 이사청소 후기,seo-incheon-namdong-gu-store-moving-cleaning-review,https://clever-griffin-93819d.netlify.app/seo-incheon-namdong-gu-store-moving-cleaning-review/,인천 남동구,이사청소,상가,후기
2026-08-05T23:04:48,인천 남동구 상가 이사청소 잘하는곳,seo-incheon-namdong-gu-store-moving-cleaning-best,https://clever-griffin-93819d.netlify.app/seo-incheon-namdong-gu-store-moving-cleaning-best/,인천 남동구,이사청소,상가,잘하는곳
2026-08-05T23:04:48,인천 남동구 상가 이사청소 업체,seo-incheon-namdong-gu-store-moving-cleaning-service,https://clever-griffin-93819d.netlify.app/seo-incheon-namdong-gu-store-moving-cleaning-service/,인천 남동구,이사청소,상가,업체
2026-08-05T23:04:48,인천 남동구 상가 이사청소 당일상담,seo-incheon-namdong-gu-store-moving-cleaning-same-day-consult,https://clever-griffin-93819d.netlify.app/seo-incheon-namdong-gu-store-moving-cleaning-same-day-consult/,인천 남동구,이사청소,상가,당일상담
2026-08-05T23:04:48,인천 남동구 상가 이사청소 주말예약,seo-incheon-namdong-gu-store-moving-cleaning-weekend-booking,https://clever-griffin-93819d.netlify.app/seo-incheon-namdong-gu-store-moving-cleaning-weekend-booking/,인천 남동구,이사청소,상가,주말예약
2026-08-05T23:04:48,인천 남동구 상가 이사청소 청소범위,seo-incheon-namdong-gu-store-moving-cleaning-scope,https://clever-griffin-93819d.netlify.app/seo-incheon-namdong-gu-store-moving-cleaning-scope/,인천 남동구,이사청소,상가,청소범위
2026-08-05T23:04:48,인천 남동구 사무실 이사청소 전문업체,seo-incheon-namdong-gu-office-moving-cleaning-company,https://clever-griffin-93819d.netlify.app/seo-incheon-namdong-gu-office-moving-cleaning-company/,인천 남동구,이사청소,사무실,전문업체
2026-08-05T23:04:48,인천 남동구 사무실 이사청소 비용,seo-incheon-namdong-gu-office-moving-cleaning-cost,https://clever-griffin-93819d.netlify.app/seo-incheon-namdong-gu-office-moving-cleaning-cost/,인천 남동구,이사청소,사무실,비용
2026-08-05T23:04:48,인천 남동구 사무실 이사청소 가격,seo-incheon-namdong-gu-office-moving-cleaning-price,https://clever-griffin-93819d.netlify.app/seo-incheon-namdong-gu-office-moving-cleaning-price/,인천 남동구,이사청소,사무실,가격
2026-08-05T23:04:48,인천 남동구 사무실 이사청소 견적,seo-incheon-namdong-gu-office-moving-cleaning-estimate,https://clever-griffin-93819d.netlify.app/seo-incheon-namdong-gu-office-moving-cleaning-estimate/,인천 남동구,이사청소,사무실,견적
2026-08-05T23:04:48,인천 남동구 사무실 이사청소 예약,seo-incheon-namdong-gu-office-moving-cleaning-booking,https://clever-griffin-93819d.netlify.app/seo-incheon-namdong-gu-office-moving-cleaning-booking/,인천 남동구,이사청소,사무실,예약
2026-08-05T23:04:48,인천 남동구 사무실 이사청소 추천,seo-incheon-namdong-gu-office-moving-cleaning-recommend,https://clever-griffin-93819d.netlify.app/seo-incheon-namdong-gu-office-moving-cleaning-recommend/,인천 남동구,이사청소,사무실,추천
2026-08-05T23:04:48,인천 남동구 사무실 이사청소 후기,seo-incheon-namdong-gu-office-moving-cleaning-review,https://clever-griffin-93819d.netlify.app/seo-incheon-namdong-gu-office-moving-cleaning-review/,인천 남동구,이사청소,사무실,후기
2026-08-05T23:04:48,인천 남동구 사무실 이사청소 잘하는곳,seo-incheon-namdong-gu-office-moving-cleaning-best,https://clever-griffin-93819d.netlify.app/seo-incheon-namdong-gu-office-moving-cleaning-best/,인천 남동구,이사청소,사무실,잘하는곳
2026-08-05T23:04:48,인천 남동구 사무실 이사청소 업체,seo-incheon-namdong-gu-office-moving-cleaning-service,https://clever-griffin-93819d.netlify.app/seo-incheon-namdong-gu-office-moving-cleaning-service/,인천 남동구,이사청소,사무실,업체
2026-08-05T23:04:48,인천 남동구 사무실 이사청소 당일상담,seo-incheon-namdong-gu-office-moving-cleaning-same-day-consult,https://clever-griffin-93819d.netlify.app/seo-incheon-namdong-gu-office-moving-cleaning-same-day-consult/,인천 남동구,이사청소,사무실,당일상담
2026-08-05T23:04:48,인천 남동구 사무실 이사청소 주말예약,seo-incheon-namdong-gu-office-moving-cleaning-weekend-booking,https://clever-griffin-93819d.netlify.app/seo-incheon-namdong-gu-office-moving-cleaning-weekend-booking/,인천 남동구,이사청소,사무실,주말예약
2026-08-05T23:04:48,인천 남동구 사무실 이사청소 청소범위,seo-incheon-namdong-gu-office-moving-cleaning-scope,https://clever-griffin-93819d.netlify.app/seo-incheon-namdong-gu-office-moving-cleaning-scope/,인천 남동구,이사청소,사무실,청소범위
2026-08-05T23:04:48,인천 남동구 아파트 거주청소 전문업체,seo-incheon-namdong-gu-apartment-residential-cleaning-company,https://clever-griffin-93819d.netlify.app/seo-incheon-namdong-gu-apartment-residential-cleaning-company/,인천 남동구,거주청소,아파트,전문업체
2026-08-05T23:04:48,인천 남동구 아파트 거주청소 비용,seo-incheon-namdong-gu-apartment-residential-cleaning-cost,https://clever-griffin-93819d.netlify.app/seo-incheon-namdong-gu-apartment-residential-cleaning-cost/,인천 남동구,거주청소,아파트,비용
2026-08-05T23:04:48,인천 남동구 아파트 거주청소 가격,seo-incheon-namdong-gu-apartment-residential-cleaning-price,https://clever-griffin-93819d.netlify.app/seo-incheon-namdong-gu-apartment-residential-cleaning-price/,인천 남동구,거주청소,아파트,가격
2026-08-05T23:04:48,인천 남동구 아파트 거주청소 견적,seo-incheon-namdong-gu-apartment-residential-cleaning-estimate,https://clever-griffin-93819d.netlify.app/seo-incheon-namdong-gu-apartment-residential-cleaning-estimate/,인천 남동구,거주청소,아파트,견적
2026-08-05T23:04:48,인천 남동구 아파트 거주청소 예약,seo-incheon-namdong-gu-apartment-residential-cleaning-booking,https://clever-griffin-93819d.netlify.app/seo-incheon-namdong-gu-apartment-residential-cleaning-booking/,인천 남동구,거주청소,아파트,예약
2026-08-05T23:04:48,인천 남동구 아파트 거주청소 추천,seo-incheon-namdong-gu-apartment-residential-cleaning-recommend,https://clever-griffin-93819d.netlify.app/seo-incheon-namdong-gu-apartment-residential-cleaning-recommend/,인천 남동구,거주청소,아파트,추천
2026-08-05T23:04:48,인천 남동구 아파트 거주청소 후기,seo-incheon-namdong-gu-apartment-residential-cleaning-review,https://clever-griffin-93819d.netlify.app/seo-incheon-namdong-gu-apartment-residential-cleaning-review/,인천 남동구,거주청소,아파트,후기
2026-08-05T23:04:48,인천 남동구 아파트 거주청소 잘하는곳,seo-incheon-namdong-gu-apartment-residential-cleaning-best,https://clever-griffin-93819d.netlify.app/seo-incheon-namdong-gu-apartment-residential-cleaning-best/,인천 남동구,거주청소,아파트,잘하는곳
2026-08-05T23:04:48,인천 남동구 아파트 거주청소 업체,seo-incheon-namdong-gu-apartment-residential-cleaning-service,https://clever-griffin-93819d.netlify.app/seo-incheon-namdong-gu-apartment-residential-cleaning-service/,인천 남동구,거주청소,아파트,업체
2026-08-05T23:04:48,인천 남동구 아파트 거주청소 당일상담,seo-incheon-namdong-gu-apartment-residential-cleaning-same-day-consult,https://clever-griffin-93819d.netlify.app/seo-incheon-namdong-gu-apartment-residential-cleaning-same-day-consult/,인천 남동구,거주청소,아파트,당일상담
2026-08-05T23:04:48,인천 남동구 아파트 거주청소 주말예약,seo-incheon-namdong-gu-apartment-residential-cleaning-weekend-booking,https://clever-griffin-93819d.netlify.app/seo-incheon-namdong-gu-apartment-residential-cleaning-weekend-booking/,인천 남동구,거주청소,아파트,주말예약
2026-08-05T23:04:48,인천 남동구 아파트 거주청소 청소범위,seo-incheon-namdong-gu-apartment-residential-cleaning-scope,https://clever-griffin-93819d.netlify.app/seo-incheon-namdong-gu-apartment-residential-cleaning-scope/,인천 남동구,거주청소,아파트,청소범위
2026-08-05T23:04:48,인천 남동구 원룸 거주청소 전문업체,seo-incheon-namdong-gu-one-room-residential-cleaning-company,https://clever-griffin-93819d.netlify.app/seo-incheon-namdong-gu-one-room-residential-cleaning-company/,인천 남동구,거주청소,원룸,전문업체
2026-08-05T23:04:48,인천 남동구 원룸 거주청소 비용,seo-incheon-namdong-gu-one-room-residential-cleaning-cost,https://clever-griffin-93819d.netlify.app/seo-incheon-namdong-gu-one-room-residential-cleaning-cost/,인천 남동구,거주청소,원룸,비용
2026-08-05T23:04:48,인천 남동구 원룸 거주청소 가격,seo-incheon-namdong-gu-one-room-residential-cleaning-price,https://clever-griffin-93819d.netlify.app/seo-incheon-namdong-gu-one-room-residential-cleaning-price/,인천 남동구,거주청소,원룸,가격
2026-08-05T23:04:48,인천 남동구 원룸 거주청소 견적,seo-incheon-namdong-gu-one-room-residential-cleaning-estimate,https://clever-griffin-93819d.netlify.app/seo-incheon-namdong-gu-one-room-residential-cleaning-estimate/,인천 남동구,거주청소,원룸,견적
2026-08-05T23:04:48,인천 남동구 원룸 거주청소 예약,seo-incheon-namdong-gu-one-room-residential-cleaning-booking,https://clever-griffin-93819d.netlify.app/seo-incheon-namdong-gu-one-room-residential-cleaning-booking/,인천 남동구,거주청소,원룸,예약
2026-08-05T23:04:48,인천 남동구 원룸 거주청소 추천,seo-incheon-namdong-gu-one-room-residential-cleaning-recommend,https://clever-griffin-93819d.netlify.app/seo-incheon-namdong-gu-one-room-residential-cleaning-recommend/,인천 남동구,거주청소,원룸,추천
2026-08-05T23:04:48,인천 남동구 원룸 거주청소 후기,seo-incheon-namdong-gu-one-room-residential-cleaning-review,https://clever-griffin-93819d.netlify.app/seo-incheon-namdong-gu-one-room-residential-cleaning-review/,인천 남동구,거주청소,원룸,후기
2026-08-05T23:04:48,인천 남동구 원룸 거주청소 잘하는곳,seo-incheon-namdong-gu-one-room-residential-cleaning-best,https://clever-griffin-93819d.netlify.app/seo-incheon-namdong-gu-one-room-residential-cleaning-best/,인천 남동구,거주청소,원룸,잘하는곳
2026-08-05T23:04:48,인천 남동구 원룸 거주청소 업체,seo-incheon-namdong-gu-one-room-residential-cleaning-service,https://clever-griffin-93819d.netlify.app/seo-incheon-namdong-gu-one-room-residential-cleaning-service/,인천 남동구,거주청소,원룸,업체
2026-08-05T23:04:48,인천 남동구 원룸 거주청소 당일상담,seo-incheon-namdong-gu-one-room-residential-cleaning-same-day-consult,https://clever-griffin-93819d.netlify.app/seo-incheon-namdong-gu-one-room-residential-cleaning-same-day-consult/,인천 남동구,거주청소,원룸,당일상담
2026-08-05T23:04:48,인천 남동구 원룸 거주청소 주말예약,seo-incheon-namdong-gu-one-room-residential-cleaning-weekend-booking,https://clever-griffin-93819d.netlify.app/seo-incheon-namdong-gu-one-room-residential-cleaning-weekend-booking/,인천 남동구,거주청소,원룸,주말예약
2026-08-05T23:04:48,인천 남동구 원룸 거주청소 청소범위,seo-incheon-namdong-gu-one-room-residential-cleaning-scope,https://clever-griffin-93819d.netlify.app/seo-incheon-namdong-gu-one-room-residential-cleaning-scope/,인천 남동구,거주청소,원룸,청소범위
2026-08-05T23:04:48,인천 남동구 빌라 거주청소 전문업체,seo-incheon-namdong-gu-villa-residential-cleaning-company,https://clever-griffin-93819d.netlify.app/seo-incheon-namdong-gu-villa-residential-cleaning-company/,인천 남동구,거주청소,빌라,전문업체
2026-08-05T23:04:48,인천 남동구 빌라 거주청소 비용,seo-incheon-namdong-gu-villa-residential-cleaning-cost,https://clever-griffin-93819d.netlify.app/seo-incheon-namdong-gu-villa-residential-cleaning-cost/,인천 남동구,거주청소,빌라,비용
2026-08-05T23:04:48,인천 남동구 빌라 거주청소 가격,seo-incheon-namdong-gu-villa-residential-cleaning-price,https://clever-griffin-93819d.netlify.app/seo-incheon-namdong-gu-villa-residential-cleaning-price/,인천 남동구,거주청소,빌라,가격
2026-08-05T23:04:48,인천 남동구 빌라 거주청소 견적,seo-incheon-namdong-gu-villa-residential-cleaning-estimate,https://clever-griffin-93819d.netlify.app/seo-incheon-namdong-gu-villa-residential-cleaning-estimate/,인천 남동구,거주청소,빌라,견적
2026-08-05T23:04:48,인천 남동구 빌라 거주청소 예약,seo-incheon-namdong-gu-villa-residential-cleaning-booking,https://clever-griffin-93819d.netlify.app/seo-incheon-namdong-gu-villa-residential-cleaning-booking/,인천 남동구,거주청소,빌라,예약
2026-08-05T23:04:48,인천 남동구 빌라 거주청소 추천,seo-incheon-namdong-gu-villa-residential-cleaning-recommend,https://clever-griffin-93819d.netlify.app/seo-incheon-namdong-gu-villa-residential-cleaning-recommend/,인천 남동구,거주청소,빌라,추천
2026-08-05T23:04:48,인천 남동구 빌라 거주청소 후기,seo-incheon-namdong-gu-villa-residential-cleaning-review,https://clever-griffin-93819d.netlify.app/seo-incheon-namdong-gu-villa-residential-cleaning-review/,인천 남동구,거주청소,빌라,후기
2026-08-05T23:04:48,인천 남동구 빌라 거주청소 잘하는곳,seo-incheon-namdong-gu-villa-residential-cleaning-best,https://clever-griffin-93819d.netlify.app/seo-incheon-namdong-gu-villa-residential-cleaning-best/,인천 남동구,거주청소,빌라,잘하는곳
2026-08-05T23:04:48,인천 남동구 빌라 거주청소 업체,seo-incheon-namdong-gu-villa-residential-cleaning-service,https://clever-griffin-93819d.netlify.app/seo-incheon-namdong-gu-villa-residential-cleaning-service/,인천 남동구,거주청소,빌라,업체
2026-08-05T23:04:48,인천 남동구 빌라 거주청소 당일상담,seo-incheon-namdong-gu-villa-residential-cleaning-same-day-consult,https://clever-griffin-93819d.netlify.app/seo-incheon-namdong-gu-villa-residential-cleaning-same-day-consult/,인천 남동구,거주청소,빌라,당일상담
2026-08-05T23:04:48,인천 남동구 빌라 거주청소 주말예약,seo-incheon-namdong-gu-villa-residential-cleaning-weekend-booking,https://clever-griffin-93819d.netlify.app/seo-incheon-namdong-gu-villa-residential-cleaning-weekend-booking/,인천 남동구,거주청소,빌라,주말예약
2026-08-05T23:04:48,인천 남동구 빌라 거주청소 청소범위,seo-incheon-namdong-gu-villa-residential-cleaning-scope,https://clever-griffin-93819d.netlify.app/seo-incheon-namdong-gu-villa-residential-cleaning-scope/,인천 남동구,거주청소,빌라,청소범위
2026-08-05T23:04:48,인천 남동구 오피스텔 거주청소 전문업체,seo-incheon-namdong-gu-officetel-residential-cleaning-company,https://clever-griffin-93819d.netlify.app/seo-incheon-namdong-gu-officetel-residential-cleaning-company/,인천 남동구,거주청소,오피스텔,전문업체
2026-08-05T23:04:48,인천 남동구 오피스텔 거주청소 비용,seo-incheon-namdong-gu-officetel-residential-cleaning-cost,https://clever-griffin-93819d.netlify.app/seo-incheon-namdong-gu-officetel-residential-cleaning-cost/,인천 남동구,거주청소,오피스텔,비용
2026-08-05T23:04:48,인천 남동구 오피스텔 거주청소 가격,seo-incheon-namdong-gu-officetel-residential-cleaning-price,https://clever-griffin-93819d.netlify.app/seo-incheon-namdong-gu-officetel-residential-cleaning-price/,인천 남동구,거주청소,오피스텔,가격
2026-08-05T23:04:48,인천 남동구 오피스텔 거주청소 견적,seo-incheon-namdong-gu-officetel-residential-cleaning-estimate,https://clever-griffin-93819d.netlify.app/seo-incheon-namdong-gu-officetel-residential-cleaning-estimate/,인천 남동구,거주청소,오피스텔,견적
2026-08-05T23:04:48,인천 남동구 오피스텔 거주청소 예약,seo-incheon-namdong-gu-officetel-residential-cleaning-booking,https://clever-griffin-93819d.netlify.app/seo-incheon-namdong-gu-officetel-residential-cleaning-booking/,인천 남동구,거주청소,오피스텔,예약
2026-08-05T23:04:48,인천 남동구 오피스텔 거주청소 추천,seo-incheon-namdong-gu-officetel-residential-cleaning-recommend,https://clever-griffin-93819d.netlify.app/seo-incheon-namdong-gu-officetel-residential-cleaning-recommend/,인천 남동구,거주청소,오피스텔,추천
2026-08-05T23:04:48,인천 남동구 오피스텔 거주청소 후기,seo-incheon-namdong-gu-officetel-residential-cleaning-review,https://clever-griffin-93819d.netlify.app/seo-incheon-namdong-gu-officetel-residential-cleaning-review/,인천 남동구,거주청소,오피스텔,후기
2026-08-05T23:04:48,인천 남동구 오피스텔 거주청소 잘하는곳,seo-incheon-namdong-gu-officetel-residential-cleaning-best,https://clever-griffin-93819d.netlify.app/seo-incheon-namdong-gu-officetel-residential-cleaning-best/,인천 남동구,거주청소,오피스텔,잘하는곳
2026-08-05T23:04:48,인천 남동구 오피스텔 거주청소 업체,seo-incheon-namdong-gu-officetel-residential-cleaning-service,https://clever-griffin-93819d.netlify.app/seo-incheon-namdong-gu-officetel-residential-cleaning-service/,인천 남동구,거주청소,오피스텔,업체
2026-08-05T23:04:48,인천 남동구 오피스텔 거주청소 당일상담,seo-incheon-namdong-gu-officetel-residential-cleaning-same-day-consult,https://clever-griffin-93819d.netlify.app/seo-incheon-namdong-gu-officetel-residential-cleaning-same-day-consult/,인천 남동구,거주청소,오피스텔,당일상담
2026-08-05T23:04:48,인천 남동구 오피스텔 거주청소 주말예약,seo-incheon-namdong-gu-officetel-residential-cleaning-weekend-booking,https://clever-griffin-93819d.netlify.app/seo-incheon-namdong-gu-officetel-residential-cleaning-weekend-booking/,인천 남동구,거주청소,오피스텔,주말예약
2026-08-05T23:04:48,인천 남동구 오피스텔 거주청소 청소범위,seo-incheon-namdong-gu-officetel-residential-cleaning-scope,https://clever-griffin-93819d.netlify.app/seo-incheon-namdong-gu-officetel-residential-cleaning-scope/,인천 남동구,거주청소,오피스텔,청소범위
2026-08-05T23:04:48,인천 남동구 상가 거주청소 전문업체,seo-incheon-namdong-gu-store-residential-cleaning-company,https://clever-griffin-93819d.netlify.app/seo-incheon-namdong-gu-store-residential-cleaning-company/,인천 남동구,거주청소,상가,전문업체
2026-08-05T23:04:48,인천 남동구 상가 거주청소 비용,seo-incheon-namdong-gu-store-residential-cleaning-cost,https://clever-griffin-93819d.netlify.app/seo-incheon-namdong-gu-store-residential-cleaning-cost/,인천 남동구,거주청소,상가,비용
2026-08-05T23:04:48,인천 남동구 상가 거주청소 가격,seo-incheon-namdong-gu-store-residential-cleaning-price,https://clever-griffin-93819d.netlify.app/seo-incheon-namdong-gu-store-residential-cleaning-price/,인천 남동구,거주청소,상가,가격
2026-08-05T23:04:48,인천 남동구 상가 거주청소 견적,seo-incheon-namdong-gu-store-residential-cleaning-estimate,https://clever-griffin-93819d.netlify.app/seo-incheon-namdong-gu-store-residential-cleaning-estimate/,인천 남동구,거주청소,상가,견적
2026-08-05T23:04:48,인천 남동구 상가 거주청소 예약,seo-incheon-namdong-gu-store-residential-cleaning-booking,https://clever-griffin-93819d.netlify.app/seo-incheon-namdong-gu-store-residential-cleaning-booking/,인천 남동구,거주청소,상가,예약
2026-08-05T23:04:48,인천 남동구 상가 거주청소 추천,seo-incheon-namdong-gu-store-residential-cleaning-recommend,https://clever-griffin-93819d.netlify.app/seo-incheon-namdong-gu-store-residential-cleaning-recommend/,인천 남동구,거주청소,상가,추천
2026-08-05T23:04:48,인천 남동구 상가 거주청소 후기,seo-incheon-namdong-gu-store-residential-cleaning-review,https://clever-griffin-93819d.netlify.app/seo-incheon-namdong-gu-store-residential-cleaning-review/,인천 남동구,거주청소,상가,후기
2026-08-05T23:04:48,인천 남동구 상가 거주청소 잘하는곳,seo-incheon-namdong-gu-store-residential-cleaning-best,https://clever-griffin-93819d.netlify.app/seo-incheon-namdong-gu-store-residential-cleaning-best/,인천 남동구,거주청소,상가,잘하는곳
2026-08-05T23:04:48,인천 남동구 상가 거주청소 업체,seo-incheon-namdong-gu-store-residential-cleaning-service,https://clever-griffin-93819d.netlify.app/seo-incheon-namdong-gu-store-residential-cleaning-service/,인천 남동구,거주청소,상가,업체
2026-08-05T23:04:48,인천 남동구 상가 거주청소 당일상담,seo-incheon-namdong-gu-store-residential-cleaning-same-day-consult,https://clever-griffin-93819d.netlify.app/seo-incheon-namdong-gu-store-residential-cleaning-same-day-consult/,인천 남동구,거주청소,상가,당일상담
2026-08-05T23:04:48,인천 남동구 상가 거주청소 주말예약,seo-incheon-namdong-gu-store-residential-cleaning-weekend-booking,https://clever-griffin-93819d.netlify.app/seo-incheon-namdong-gu-store-residential-cleaning-weekend-booking/,인천 남동구,거주청소,상가,주말예약
2026-08-05T23:04:48,인천 남동구 상가 거주청소 청소범위,seo-incheon-namdong-gu-store-residential-cleaning-scope,https://clever-griffin-93819d.netlify.app/seo-incheon-namdong-gu-store-residential-cleaning-scope/,인천 남동구,거주청소,상가,청소범위
2026-08-05T23:04:48,인천 남동구 사무실 거주청소 전문업체,seo-incheon-namdong-gu-office-residential-cleaning-company,https://clever-griffin-93819d.netlify.app/seo-incheon-namdong-gu-office-residential-cleaning-company/,인천 남동구,거주청소,사무실,전문업체
2026-08-05T23:04:48,인천 남동구 사무실 거주청소 비용,seo-incheon-namdong-gu-office-residential-cleaning-cost,https://clever-griffin-93819d.netlify.app/seo-incheon-namdong-gu-office-residential-cleaning-cost/,인천 남동구,거주청소,사무실,비용
2026-08-05T23:04:48,인천 남동구 사무실 거주청소 가격,seo-incheon-namdong-gu-office-residential-cleaning-price,https://clever-griffin-93819d.netlify.app/seo-incheon-namdong-gu-office-residential-cleaning-price/,인천 남동구,거주청소,사무실,가격
2026-08-05T23:04:48,인천 남동구 사무실 거주청소 견적,seo-incheon-namdong-gu-office-residential-cleaning-estimate,https://clever-griffin-93819d.netlify.app/seo-incheon-namdong-gu-office-residential-cleaning-estimate/,인천 남동구,거주청소,사무실,견적
2026-08-05T23:04:48,인천 남동구 사무실 거주청소 예약,seo-incheon-namdong-gu-office-residential-cleaning-booking,https://clever-griffin-93819d.netlify.app/seo-incheon-namdong-gu-office-residential-cleaning-booking/,인천 남동구,거주청소,사무실,예약
2026-08-05T23:04:48,인천 남동구 사무실 거주청소 추천,seo-incheon-namdong-gu-office-residential-cleaning-recommend,https://clever-griffin-93819d.netlify.app/seo-incheon-namdong-gu-office-residential-cleaning-recommend/,인천 남동구,거주청소,사무실,추천
2026-08-05T23:04:48,인천 남동구 사무실 거주청소 후기,seo-incheon-namdong-gu-office-residential-cleaning-review,https://clever-griffin-93819d.netlify.app/seo-incheon-namdong-gu-office-residential-cleaning-review/,인천 남동구,거주청소,사무실,후기
2026-08-05T23:04:48,인천 남동구 사무실 거주청소 잘하는곳,seo-incheon-namdong-gu-office-residential-cleaning-best,https://clever-griffin-93819d.netlify.app/seo-incheon-namdong-gu-office-residential-cleaning-best/,인천 남동구,거주청소,사무실,잘하는곳
2026-08-05T23:04:48,인천 남동구 사무실 거주청소 업체,seo-incheon-namdong-gu-office-residential-cleaning-service,https://clever-griffin-93819d.netlify.app/seo-incheon-namdong-gu-office-residential-cleaning-service/,인천 남동구,거주청소,사무실,업체
2026-08-05T23:04:48,인천 남동구 사무실 거주청소 당일상담,seo-incheon-namdong-gu-office-residential-cleaning-same-day-consult,https://clever-griffin-93819d.netlify.app/seo-incheon-namdong-gu-office-residential-cleaning-same-day-consult/,인천 남동구,거주청소,사무실,당일상담
2026-08-05T23:04:48,인천 남동구 사무실 거주청소 주말예약,seo-incheon-namdong-gu-office-residential-cleaning-weekend-booking,https://clever-griffin-93819d.netlify.app/seo-incheon-namdong-gu-office-residential-cleaning-weekend-booking/,인천 남동구,거주청소,사무실,주말예약
2026-08-05T23:04:48,인천 남동구 사무실 거주청소 청소범위,seo-incheon-namdong-gu-office-residential-cleaning-scope,https://clever-griffin-93819d.netlify.app/seo-incheon-namdong-gu-office-residential-cleaning-scope/,인천 남동구,거주청소,사무실,청소범위
2026-08-05T23:04:48,인천 남동구 상가청소 전문업체,seo-incheon-namdong-gu-store-cleaning-company,https://clever-griffin-93819d.netlify.app/seo-incheon-namdong-gu-store-cleaning-company/,인천 남동구,상가청소,상가,전문업체
2026-08-05T23:04:48,인천 남동구 상가청소 비용,seo-incheon-namdong-gu-store-cleaning-cost,https://clever-griffin-93819d.netlify.app/seo-incheon-namdong-gu-store-cleaning-cost/,인천 남동구,상가청소,상가,비용
2026-08-05T23:04:48,인천 남동구 상가청소 가격,seo-incheon-namdong-gu-store-cleaning-price,https://clever-griffin-93819d.netlify.app/seo-incheon-namdong-gu-store-cleaning-price/,인천 남동구,상가청소,상가,가격
2026-08-05T23:04:48,인천 남동구 상가청소 견적,seo-incheon-namdong-gu-store-cleaning-estimate,https://clever-griffin-93819d.netlify.app/seo-incheon-namdong-gu-store-cleaning-estimate/,인천 남동구,상가청소,상가,견적
2026-08-05T23:04:48,인천 남동구 상가청소 예약,seo-incheon-namdong-gu-store-cleaning-booking,https://clever-griffin-93819d.netlify.app/seo-incheon-namdong-gu-store-cleaning-booking/,인천 남동구,상가청소,상가,예약
2026-08-05T23:04:48,인천 남동구 상가청소 추천,seo-incheon-namdong-gu-store-cleaning-recommend,https://clever-griffin-93819d.netlify.app/seo-incheon-namdong-gu-store-cleaning-recommend/,인천 남동구,상가청소,상가,추천
2026-08-05T23:04:48,인천 남동구 상가청소 후기,seo-incheon-namdong-gu-store-cleaning-review,https://clever-griffin-93819d.netlify.app/seo-incheon-namdong-gu-store-cleaning-review/,인천 남동구,상가청소,상가,후기
2026-08-05T23:04:48,인천 남동구 상가청소 잘하는곳,seo-incheon-namdong-gu-store-cleaning-best,https://clever-griffin-93819d.netlify.app/seo-incheon-namdong-gu-store-cleaning-best/,인천 남동구,상가청소,상가,잘하는곳
2026-08-05T23:04:48,인천 남동구 상가청소 업체,seo-incheon-namdong-gu-store-cleaning-service,https://clever-griffin-93819d.netlify.app/seo-incheon-namdong-gu-store-cleaning-service/,인천 남동구,상가청소,상가,업체
2026-08-05T23:04:48,인천 남동구 상가청소 당일상담,seo-incheon-namdong-gu-store-cleaning-same-day-consult,https://clever-griffin-93819d.netlify.app/seo-incheon-namdong-gu-store-cleaning-same-day-consult/,인천 남동구,상가청소,상가,당일상담
2026-08-05T23:04:48,인천 남동구 상가청소 주말예약,seo-incheon-namdong-gu-store-cleaning-weekend-booking,https://clever-griffin-93819d.netlify.app/seo-incheon-namdong-gu-store-cleaning-weekend-booking/,인천 남동구,상가청소,상가,주말예약
2026-08-05T23:04:48,인천 남동구 상가청소 청소범위,seo-incheon-namdong-gu-store-cleaning-scope,https://clever-griffin-93819d.netlify.app/seo-incheon-namdong-gu-store-cleaning-scope/,인천 남동구,상가청소,상가,청소범위
2026-08-05T23:04:48,인천 남동구 사무실청소 전문업체,seo-incheon-namdong-gu-office-cleaning-company,https://clever-griffin-93819d.netlify.app/seo-incheon-namdong-gu-office-cleaning-company/,인천 남동구,사무실청소,사무실,전문업체
2026-08-05T23:04:48,인천 남동구 사무실청소 비용,seo-incheon-namdong-gu-office-cleaning-cost,https://clever-griffin-93819d.netlify.app/seo-incheon-namdong-gu-office-cleaning-cost/,인천 남동구,사무실청소,사무실,비용
2026-08-05T23:04:48,인천 남동구 사무실청소 가격,seo-incheon-namdong-gu-office-cleaning-price,https://clever-griffin-93819d.netlify.app/seo-incheon-namdong-gu-office-cleaning-price/,인천 남동구,사무실청소,사무실,가격
2026-08-05T23:04:48,인천 남동구 사무실청소 견적,seo-incheon-namdong-gu-office-cleaning-estimate,https://clever-griffin-93819d.netlify.app/seo-incheon-namdong-gu-office-cleaning-estimate/,인천 남동구,사무실청소,사무실,견적
2026-08-05T23:04:48,인천 남동구 사무실청소 예약,seo-incheon-namdong-gu-office-cleaning-booking,https://clever-griffin-93819d.netlify.app/seo-incheon-namdong-gu-office-cleaning-booking/,인천 남동구,사무실청소,사무실,예약
2026-08-05T23:04:48,인천 남동구 사무실청소 추천,seo-incheon-namdong-gu-office-cleaning-recommend,https://clever-griffin-93819d.netlify.app/seo-incheon-namdong-gu-office-cleaning-recommend/,인천 남동구,사무실청소,사무실,추천
2026-08-05T23:04:48,인천 남동구 사무실청소 후기,seo-incheon-namdong-gu-office-cleaning-review,https://clever-griffin-93819d.netlify.app/seo-incheon-namdong-gu-office-cleaning-review/,인천 남동구,사무실청소,사무실,후기
2026-08-05T23:04:48,인천 남동구 사무실청소 잘하는곳,seo-incheon-namdong-gu-office-cleaning-best,https://clever-griffin-93819d.netlify.app/seo-incheon-namdong-gu-office-cleaning-best/,인천 남동구,사무실청소,사무실,잘하는곳
2026-08-05T23:04:48,인천 남동구 사무실청소 업체,seo-incheon-namdong-gu-office-cleaning-service,https://clever-griffin-93819d.netlify.app/seo-incheon-namdong-gu-office-cleaning-service/,인천 남동구,사무실청소,사무실,업체
2026-08-05T23:04:48,인천 남동구 사무실청소 당일상담,seo-incheon-namdong-gu-office-cleaning-same-day-consult,https://clever-griffin-93819d.netlify.app/seo-incheon-namdong-gu-office-cleaning-same-day-consult/,인천 남동구,사무실청소,사무실,당일상담
2026-08-05T23:04:48,인천 남동구 사무실청소 주말예약,seo-incheon-namdong-gu-office-cleaning-weekend-booking,https://clever-griffin-93819d.netlify.app/seo-incheon-namdong-gu-office-cleaning-weekend-booking/,인천 남동구,사무실청소,사무실,주말예약
2026-08-05T23:04:48,인천 남동구 사무실청소 청소범위,seo-incheon-namdong-gu-office-cleaning-scope,https://clever-griffin-93819d.netlify.app/seo-incheon-namdong-gu-office-cleaning-scope/,인천 남동구,사무실청소,사무실,청소범위
2026-08-05T23:04:48,인천 남동구 원룸청소 전문업체,seo-incheon-namdong-gu-one-room-cleaning-company,https://clever-griffin-93819d.netlify.app/seo-incheon-namdong-gu-one-room-cleaning-company/,인천 남동구,원룸청소,원룸,전문업체
2026-08-05T23:04:48,인천 남동구 원룸청소 비용,seo-incheon-namdong-gu-one-room-cleaning-cost,https://clever-griffin-93819d.netlify.app/seo-incheon-namdong-gu-one-room-cleaning-cost/,인천 남동구,원룸청소,원룸,비용
2026-08-05T23:04:48,인천 남동구 원룸청소 가격,seo-incheon-namdong-gu-one-room-cleaning-price,https://clever-griffin-93819d.netlify.app/seo-incheon-namdong-gu-one-room-cleaning-price/,인천 남동구,원룸청소,원룸,가격
2026-08-05T23:04:48,인천 남동구 원룸청소 견적,seo-incheon-namdong-gu-one-room-cleaning-estimate,https://clever-griffin-93819d.netlify.app/seo-incheon-namdong-gu-one-room-cleaning-estimate/,인천 남동구,원룸청소,원룸,견적
2026-08-05T23:04:48,인천 남동구 원룸청소 예약,seo-incheon-namdong-gu-one-room-cleaning-booking,https://clever-griffin-93819d.netlify.app/seo-incheon-namdong-gu-one-room-cleaning-booking/,인천 남동구,원룸청소,원룸,예약
2026-08-05T23:04:48,인천 남동구 원룸청소 추천,seo-incheon-namdong-gu-one-room-cleaning-recommend,https://clever-griffin-93819d.netlify.app/seo-incheon-namdong-gu-one-room-cleaning-recommend/,인천 남동구,원룸청소,원룸,추천
2026-08-05T23:04:48,인천 남동구 원룸청소 후기,seo-incheon-namdong-gu-one-room-cleaning-review,https://clever-griffin-93819d.netlify.app/seo-incheon-namdong-gu-one-room-cleaning-review/,인천 남동구,원룸청소,원룸,후기
2026-08-05T23:04:48,인천 남동구 원룸청소 잘하는곳,seo-incheon-namdong-gu-one-room-cleaning-best,https://clever-griffin-93819d.netlify.app/seo-incheon-namdong-gu-one-room-cleaning-best/,인천 남동구,원룸청소,원룸,잘하는곳
2026-08-05T23:04:48,인천 남동구 원룸청소 업체,seo-incheon-namdong-gu-one-room-cleaning-service,https://clever-griffin-93819d.netlify.app/seo-incheon-namdong-gu-one-room-cleaning-service/,인천 남동구,원룸청소,원룸,업체
2026-08-05T23:04:48,인천 남동구 원룸청소 당일상담,seo-incheon-namdong-gu-one-room-cleaning-same-day-consult,https://clever-griffin-93819d.netlify.app/seo-incheon-namdong-gu-one-room-cleaning-same-day-consult/,인천 남동구,원룸청소,원룸,당일상담
2026-08-05T23:04:48,인천 남동구 원룸청소 주말예약,seo-incheon-namdong-gu-one-room-cleaning-weekend-booking,https://clever-griffin-93819d.netlify.app/seo-incheon-namdong-gu-one-room-cleaning-weekend-booking/,인천 남동구,원룸청소,원룸,주말예약
2026-08-05T23:04:48,인천 남동구 원룸청소 청소범위,seo-incheon-namdong-gu-one-room-cleaning-scope,https://clever-griffin-93819d.netlify.app/seo-incheon-namdong-gu-one-room-cleaning-scope/,인천 남동구,원룸청소,원룸,청소범위
2026-08-05T23:04:48,인천 남동구 빌라청소 전문업체,seo-incheon-namdong-gu-villa-cleaning-company,https://clever-griffin-93819d.netlify.app/seo-incheon-namdong-gu-villa-cleaning-company/,인천 남동구,빌라청소,빌라,전문업체
2026-08-05T23:04:48,인천 남동구 빌라청소 비용,seo-incheon-namdong-gu-villa-cleaning-cost,https://clever-griffin-93819d.netlify.app/seo-incheon-namdong-gu-villa-cleaning-cost/,인천 남동구,빌라청소,빌라,비용
2026-08-05T23:04:48,인천 남동구 빌라청소 가격,seo-incheon-namdong-gu-villa-cleaning-price,https://clever-griffin-93819d.netlify.app/seo-incheon-namdong-gu-villa-cleaning-price/,인천 남동구,빌라청소,빌라,가격
2026-08-05T23:04:48,인천 남동구 빌라청소 견적,seo-incheon-namdong-gu-villa-cleaning-estimate,https://clever-griffin-93819d.netlify.app/seo-incheon-namdong-gu-villa-cleaning-estimate/,인천 남동구,빌라청소,빌라,견적
2026-08-05T23:04:48,인천 남동구 빌라청소 예약,seo-incheon-namdong-gu-villa-cleaning-booking,https://clever-griffin-93819d.netlify.app/seo-incheon-namdong-gu-villa-cleaning-booking/,인천 남동구,빌라청소,빌라,예약
2026-08-05T23:04:48,인천 남동구 빌라청소 추천,seo-incheon-namdong-gu-villa-cleaning-recommend,https://clever-griffin-93819d.netlify.app/seo-incheon-namdong-gu-villa-cleaning-recommend/,인천 남동구,빌라청소,빌라,추천
2026-08-05T23:04:48,인천 남동구 빌라청소 후기,seo-incheon-namdong-gu-villa-cleaning-review,https://clever-griffin-93819d.netlify.app/seo-incheon-namdong-gu-villa-cleaning-review/,인천 남동구,빌라청소,빌라,후기
2026-08-05T23:04:48,인천 남동구 빌라청소 잘하는곳,seo-incheon-namdong-gu-villa-cleaning-best,https://clever-griffin-93819d.netlify.app/seo-incheon-namdong-gu-villa-cleaning-best/,인천 남동구,빌라청소,빌라,잘하는곳
2026-08-05T23:04:48,인천 남동구 빌라청소 업체,seo-incheon-namdong-gu-villa-cleaning-service,https://clever-griffin-93819d.netlify.app/seo-incheon-namdong-gu-villa-cleaning-service/,인천 남동구,빌라청소,빌라,업체
2026-08-05T23:04:48,인천 남동구 빌라청소 당일상담,seo-incheon-namdong-gu-villa-cleaning-same-day-consult,https://clever-griffin-93819d.netlify.app/seo-incheon-namdong-gu-villa-cleaning-same-day-consult/,인천 남동구,빌라청소,빌라,당일상담
2026-08-05T23:04:48,인천 남동구 빌라청소 주말예약,seo-incheon-namdong-gu-villa-cleaning-weekend-booking,https://clever-griffin-93819d.netlify.app/seo-incheon-namdong-gu-villa-cleaning-weekend-booking/,인천 남동구,빌라청소,빌라,주말예약
2026-08-05T23:04:48,인천 남동구 빌라청소 청소범위,seo-incheon-namdong-gu-villa-cleaning-scope,https://clever-griffin-93819d.netlify.app/seo-incheon-namdong-gu-villa-cleaning-scope/,인천 남동구,빌라청소,빌라,청소범위
2026-08-05T23:04:48,인천 남동구 오피스텔청소 전문업체,seo-incheon-namdong-gu-officetel-cleaning-company,https://clever-griffin-93819d.netlify.app/seo-incheon-namdong-gu-officetel-cleaning-company/,인천 남동구,오피스텔청소,오피스텔,전문업체
2026-08-05T23:04:48,인천 남동구 오피스텔청소 비용,seo-incheon-namdong-gu-officetel-cleaning-cost,https://clever-griffin-93819d.netlify.app/seo-incheon-namdong-gu-officetel-cleaning-cost/,인천 남동구,오피스텔청소,오피스텔,비용
2026-08-05T23:04:48,인천 남동구 오피스텔청소 가격,seo-incheon-namdong-gu-officetel-cleaning-price,https://clever-griffin-93819d.netlify.app/seo-incheon-namdong-gu-officetel-cleaning-price/,인천 남동구,오피스텔청소,오피스텔,가격
2026-08-05T23:04:48,인천 남동구 오피스텔청소 견적,seo-incheon-namdong-gu-officetel-cleaning-estimate,https://clever-griffin-93819d.netlify.app/seo-incheon-namdong-gu-officetel-cleaning-estimate/,인천 남동구,오피스텔청소,오피스텔,견적
2026-08-05T23:04:48,인천 남동구 오피스텔청소 예약,seo-incheon-namdong-gu-officetel-cleaning-booking,https://clever-griffin-93819d.netlify.app/seo-incheon-namdong-gu-officetel-cleaning-booking/,인천 남동구,오피스텔청소,오피스텔,예약
2026-08-05T23:04:48,인천 남동구 오피스텔청소 추천,seo-incheon-namdong-gu-officetel-cleaning-recommend,https://clever-griffin-93819d.netlify.app/seo-incheon-namdong-gu-officetel-cleaning-recommend/,인천 남동구,오피스텔청소,오피스텔,추천
2026-08-05T23:04:48,인천 남동구 오피스텔청소 후기,seo-incheon-namdong-gu-officetel-cleaning-review,https://clever-griffin-93819d.netlify.app/seo-incheon-namdong-gu-officetel-cleaning-review/,인천 남동구,오피스텔청소,오피스텔,후기
2026-08-05T23:04:48,인천 남동구 오피스텔청소 잘하는곳,seo-incheon-namdong-gu-officetel-cleaning-best,https://clever-griffin-93819d.netlify.app/seo-incheon-namdong-gu-officetel-cleaning-best/,인천 남동구,오피스텔청소,오피스텔,잘하는곳
2026-08-05T23:04:48,인천 남동구 오피스텔청소 업체,seo-incheon-namdong-gu-officetel-cleaning-service,https://clever-griffin-93819d.netlify.app/seo-incheon-namdong-gu-officetel-cleaning-service/,인천 남동구,오피스텔청소,오피스텔,업체
2026-08-05T23:04:48,인천 남동구 오피스텔청소 당일상담,seo-incheon-namdong-gu-officetel-cleaning-same-day-consult,https://clever-griffin-93819d.netlify.app/seo-incheon-namdong-gu-officetel-cleaning-same-day-consult/,인천 남동구,오피스텔청소,오피스텔,당일상담
2026-08-05T23:04:48,인천 남동구 오피스텔청소 주말예약,seo-incheon-namdong-gu-officetel-cleaning-weekend-booking,https://clever-griffin-93819d.netlify.app/seo-incheon-namdong-gu-officetel-cleaning-weekend-booking/,인천 남동구,오피스텔청소,오피스텔,주말예약
2026-08-05T23:04:48,인천 남동구 오피스텔청소 청소범위,seo-incheon-namdong-gu-officetel-cleaning-scope,https://clever-griffin-93819d.netlify.app/seo-incheon-namdong-gu-officetel-cleaning-scope/,인천 남동구,오피스텔청소,오피스텔,청소범위
2026-08-05T23:04:48,인천 남동구 원룸 폐기물청소 전문업체,seo-incheon-namdong-gu-one-room-waste-cleaning-company,https://clever-griffin-93819d.netlify.app/seo-incheon-namdong-gu-one-room-waste-cleaning-company/,인천 남동구,폐기물청소,원룸,전문업체
2026-08-05T23:04:48,인천 남동구 원룸 폐기물청소 비용,seo-incheon-namdong-gu-one-room-waste-cleaning-cost,https://clever-griffin-93819d.netlify.app/seo-incheon-namdong-gu-one-room-waste-cleaning-cost/,인천 남동구,폐기물청소,원룸,비용
2026-08-05T23:04:48,인천 남동구 원룸 폐기물청소 가격,seo-incheon-namdong-gu-one-room-waste-cleaning-price,https://clever-griffin-93819d.netlify.app/seo-incheon-namdong-gu-one-room-waste-cleaning-price/,인천 남동구,폐기물청소,원룸,가격
2026-08-05T23:04:48,인천 남동구 원룸 폐기물청소 견적,seo-incheon-namdong-gu-one-room-waste-cleaning-estimate,https://clever-griffin-93819d.netlify.app/seo-incheon-namdong-gu-one-room-waste-cleaning-estimate/,인천 남동구,폐기물청소,원룸,견적
2026-08-05T23:04:48,인천 남동구 원룸 폐기물청소 예약,seo-incheon-namdong-gu-one-room-waste-cleaning-booking,https://clever-griffin-93819d.netlify.app/seo-incheon-namdong-gu-one-room-waste-cleaning-booking/,인천 남동구,폐기물청소,원룸,예약
2026-08-05T23:04:48,인천 남동구 원룸 폐기물청소 추천,seo-incheon-namdong-gu-one-room-waste-cleaning-recommend,https://clever-griffin-93819d.netlify.app/seo-incheon-namdong-gu-one-room-waste-cleaning-recommend/,인천 남동구,폐기물청소,원룸,추천
2026-08-05T23:04:48,인천 남동구 원룸 폐기물청소 후기,seo-incheon-namdong-gu-one-room-waste-cleaning-review,https://clever-griffin-93819d.netlify.app/seo-incheon-namdong-gu-one-room-waste-cleaning-review/,인천 남동구,폐기물청소,원룸,후기
2026-08-05T23:04:48,인천 남동구 원룸 폐기물청소 잘하는곳,seo-incheon-namdong-gu-one-room-waste-cleaning-best,https://clever-griffin-93819d.netlify.app/seo-incheon-namdong-gu-one-room-waste-cleaning-best/,인천 남동구,폐기물청소,원룸,잘하는곳
2026-08-05T23:04:48,인천 남동구 원룸 폐기물청소 업체,seo-incheon-namdong-gu-one-room-waste-cleaning-service,https://clever-griffin-93819d.netlify.app/seo-incheon-namdong-gu-one-room-waste-cleaning-service/,인천 남동구,폐기물청소,원룸,업체
2026-08-05T23:04:48,인천 남동구 원룸 폐기물청소 당일상담,seo-incheon-namdong-gu-one-room-waste-cleaning-same-day-consult,https://clever-griffin-93819d.netlify.app/seo-incheon-namdong-gu-one-room-waste-cleaning-same-day-consult/,인천 남동구,폐기물청소,원룸,당일상담
2026-08-05T23:04:48,인천 남동구 원룸 폐기물청소 주말예약,seo-incheon-namdong-gu-one-room-waste-cleaning-weekend-booking,https://clever-griffin-93819d.netlify.app/seo-incheon-namdong-gu-one-room-waste-cleaning-weekend-booking/,인천 남동구,폐기물청소,원룸,주말예약
2026-08-05T23:04:48,인천 남동구 원룸 폐기물청소 청소범위,seo-incheon-namdong-gu-one-room-waste-cleaning-scope,https://clever-griffin-93819d.netlify.app/seo-incheon-namdong-gu-one-room-waste-cleaning-scope/,인천 남동구,폐기물청소,원룸,청소범위
2026-08-05T23:04:48,인천 남동구 빌라 폐기물청소 전문업체,seo-incheon-namdong-gu-villa-waste-cleaning-company,https://clever-griffin-93819d.netlify.app/seo-incheon-namdong-gu-villa-waste-cleaning-company/,인천 남동구,폐기물청소,빌라,전문업체
2026-08-05T23:04:48,인천 남동구 빌라 폐기물청소 비용,seo-incheon-namdong-gu-villa-waste-cleaning-cost,https://clever-griffin-93819d.netlify.app/seo-incheon-namdong-gu-villa-waste-cleaning-cost/,인천 남동구,폐기물청소,빌라,비용
2026-08-05T23:04:48,인천 남동구 빌라 폐기물청소 가격,seo-incheon-namdong-gu-villa-waste-cleaning-price,https://clever-griffin-93819d.netlify.app/seo-incheon-namdong-gu-villa-waste-cleaning-price/,인천 남동구,폐기물청소,빌라,가격
2026-08-05T23:04:48,인천 남동구 빌라 폐기물청소 견적,seo-incheon-namdong-gu-villa-waste-cleaning-estimate,https://clever-griffin-93819d.netlify.app/seo-incheon-namdong-gu-villa-waste-cleaning-estimate/,인천 남동구,폐기물청소,빌라,견적
2026-08-05T23:04:48,인천 남동구 빌라 폐기물청소 예약,seo-incheon-namdong-gu-villa-waste-cleaning-booking,https://clever-griffin-93819d.netlify.app/seo-incheon-namdong-gu-villa-waste-cleaning-booking/,인천 남동구,폐기물청소,빌라,예약
2026-08-05T23:04:48,인천 남동구 빌라 폐기물청소 추천,seo-incheon-namdong-gu-villa-waste-cleaning-recommend,https://clever-griffin-93819d.netlify.app/seo-incheon-namdong-gu-villa-waste-cleaning-recommend/,인천 남동구,폐기물청소,빌라,추천
2026-08-05T23:04:48,인천 남동구 빌라 폐기물청소 후기,seo-incheon-namdong-gu-villa-waste-cleaning-review,https://clever-griffin-93819d.netlify.app/seo-incheon-namdong-gu-villa-waste-cleaning-review/,인천 남동구,폐기물청소,빌라,후기
2026-08-05T23:04:48,인천 남동구 빌라 폐기물청소 잘하는곳,seo-incheon-namdong-gu-villa-waste-cleaning-best,https://clever-griffin-93819d.netlify.app/seo-incheon-namdong-gu-villa-waste-cleaning-best/,인천 남동구,폐기물청소,빌라,잘하는곳
2026-08-05T23:04:48,인천 남동구 빌라 폐기물청소 업체,seo-incheon-namdong-gu-villa-waste-cleaning-service,https://clever-griffin-93819d.netlify.app/seo-incheon-namdong-gu-villa-waste-cleaning-service/,인천 남동구,폐기물청소,빌라,업체
2026-08-05T23:04:48,인천 남동구 빌라 폐기물청소 당일상담,seo-incheon-namdong-gu-villa-waste-cleaning-same-day-consult,https://clever-griffin-93819d.netlify.app/seo-incheon-namdong-gu-villa-waste-cleaning-same-day-consult/,인천 남동구,폐기물청소,빌라,당일상담
2026-08-05T23:04:48,인천 남동구 빌라 폐기물청소 주말예약,seo-incheon-namdong-gu-villa-waste-cleaning-weekend-booking,https://clever-griffin-93819d.netlify.app/seo-incheon-namdong-gu-villa-waste-cleaning-weekend-booking/,인천 남동구,폐기물청소,빌라,주말예약
2026-08-05T23:04:48,인천 남동구 빌라 폐기물청소 청소범위,seo-incheon-namdong-gu-villa-waste-cleaning-scope,https://clever-griffin-93819d.netlify.app/seo-incheon-namdong-gu-villa-waste-cleaning-scope/,인천 남동구,폐기물청소,빌라,청소범위
2026-08-05T23:04:48,인천 남동구 오피스텔 폐기물청소 전문업체,seo-incheon-namdong-gu-officetel-waste-cleaning-company,https://clever-griffin-93819d.netlify.app/seo-incheon-namdong-gu-officetel-waste-cleaning-company/,인천 남동구,폐기물청소,오피스텔,전문업체
2026-08-05T23:04:48,인천 남동구 오피스텔 폐기물청소 비용,seo-incheon-namdong-gu-officetel-waste-cleaning-cost,https://clever-griffin-93819d.netlify.app/seo-incheon-namdong-gu-officetel-waste-cleaning-cost/,인천 남동구,폐기물청소,오피스텔,비용
2026-08-05T23:04:48,인천 남동구 오피스텔 폐기물청소 가격,seo-incheon-namdong-gu-officetel-waste-cleaning-price,https://clever-griffin-93819d.netlify.app/seo-incheon-namdong-gu-officetel-waste-cleaning-price/,인천 남동구,폐기물청소,오피스텔,가격
2026-08-05T23:04:48,인천 남동구 오피스텔 폐기물청소 견적,seo-incheon-namdong-gu-officetel-waste-cleaning-estimate,https://clever-griffin-93819d.netlify.app/seo-incheon-namdong-gu-officetel-waste-cleaning-estimate/,인천 남동구,폐기물청소,오피스텔,견적
2026-08-05T23:04:48,인천 남동구 오피스텔 폐기물청소 예약,seo-incheon-namdong-gu-officetel-waste-cleaning-booking,https://clever-griffin-93819d.netlify.app/seo-incheon-namdong-gu-officetel-waste-cleaning-booking/,인천 남동구,폐기물청소,오피스텔,예약
2026-08-05T23:04:48,인천 남동구 오피스텔 폐기물청소 추천,seo-incheon-namdong-gu-officetel-waste-cleaning-recommend,https://clever-griffin-93819d.netlify.app/seo-incheon-namdong-gu-officetel-waste-cleaning-recommend/,인천 남동구,폐기물청소,오피스텔,추천
2026-08-05T23:04:48,인천 남동구 오피스텔 폐기물청소 후기,seo-incheon-namdong-gu-officetel-waste-cleaning-review,https://clever-griffin-93819d.netlify.app/seo-incheon-namdong-gu-officetel-waste-cleaning-review/,인천 남동구,폐기물청소,오피스텔,후기
2026-08-05T23:04:48,인천 남동구 오피스텔 폐기물청소 잘하는곳,seo-incheon-namdong-gu-officetel-waste-cleaning-best,https://clever-griffin-93819d.netlify.app/seo-incheon-namdong-gu-officetel-waste-cleaning-best/,인천 남동구,폐기물청소,오피스텔,잘하는곳
2026-08-05T23:04:48,인천 남동구 오피스텔 폐기물청소 업체,seo-incheon-namdong-gu-officetel-waste-cleaning-service,https://clever-griffin-93819d.netlify.app/seo-incheon-namdong-gu-officetel-waste-cleaning-service/,인천 남동구,폐기물청소,오피스텔,업체
2026-08-05T23:04:48,인천 남동구 오피스텔 폐기물청소 당일상담,seo-incheon-namdong-gu-officetel-waste-cleaning-same-day-consult,https://clever-griffin-93819d.netlify.app/seo-incheon-namdong-gu-officetel-waste-cleaning-same-day-consult/,인천 남동구,폐기물청소,오피스텔,당일상담
2026-08-05T23:04:48,인천 남동구 오피스텔 폐기물청소 주말예약,seo-incheon-namdong-gu-officetel-waste-cleaning-weekend-booking,https://clever-griffin-93819d.netlify.app/seo-incheon-namdong-gu-officetel-waste-cleaning-weekend-booking/,인천 남동구,폐기물청소,오피스텔,주말예약
2026-08-05T23:04:48,인천 남동구 오피스텔 폐기물청소 청소범위,seo-incheon-namdong-gu-officetel-waste-cleaning-scope,https://clever-griffin-93819d.netlify.app/seo-incheon-namdong-gu-officetel-waste-cleaning-scope/,인천 남동구,폐기물청소,오피스텔,청소범위
2026-08-05T23:04:48,인천 남동구 상가 폐기물청소 전문업체,seo-incheon-namdong-gu-store-waste-cleaning-company,https://clever-griffin-93819d.netlify.app/seo-incheon-namdong-gu-store-waste-cleaning-company/,인천 남동구,폐기물청소,상가,전문업체
2026-08-05T23:04:48,인천 남동구 상가 폐기물청소 비용,seo-incheon-namdong-gu-store-waste-cleaning-cost,https://clever-griffin-93819d.netlify.app/seo-incheon-namdong-gu-store-waste-cleaning-cost/,인천 남동구,폐기물청소,상가,비용
2026-08-05T23:04:48,인천 남동구 상가 폐기물청소 가격,seo-incheon-namdong-gu-store-waste-cleaning-price,https://clever-griffin-93819d.netlify.app/seo-incheon-namdong-gu-store-waste-cleaning-price/,인천 남동구,폐기물청소,상가,가격
2026-08-05T23:04:48,인천 남동구 상가 폐기물청소 견적,seo-incheon-namdong-gu-store-waste-cleaning-estimate,https://clever-griffin-93819d.netlify.app/seo-incheon-namdong-gu-store-waste-cleaning-estimate/,인천 남동구,폐기물청소,상가,견적
2026-08-05T23:04:48,인천 남동구 상가 폐기물청소 예약,seo-incheon-namdong-gu-store-waste-cleaning-booking,https://clever-griffin-93819d.netlify.app/seo-incheon-namdong-gu-store-waste-cleaning-booking/,인천 남동구,폐기물청소,상가,예약
2026-08-05T23:04:48,인천 남동구 상가 폐기물청소 추천,seo-incheon-namdong-gu-store-waste-cleaning-recommend,https://clever-griffin-93819d.netlify.app/seo-incheon-namdong-gu-store-waste-cleaning-recommend/,인천 남동구,폐기물청소,상가,추천
2026-08-05T23:04:48,인천 남동구 상가 폐기물청소 후기,seo-incheon-namdong-gu-store-waste-cleaning-review,https://clever-griffin-93819d.netlify.app/seo-incheon-namdong-gu-store-waste-cleaning-review/,인천 남동구,폐기물청소,상가,후기
2026-08-05T23:04:48,인천 남동구 상가 폐기물청소 잘하는곳,seo-incheon-namdong-gu-store-waste-cleaning-best,https://clever-griffin-93819d.netlify.app/seo-incheon-namdong-gu-store-waste-cleaning-best/,인천 남동구,폐기물청소,상가,잘하는곳
2026-08-05T23:04:48,인천 남동구 상가 폐기물청소 업체,seo-incheon-namdong-gu-store-waste-cleaning-service,https://clever-griffin-93819d.netlify.app/seo-incheon-namdong-gu-store-waste-cleaning-service/,인천 남동구,폐기물청소,상가,업체
2026-08-05T23:04:48,인천 남동구 상가 폐기물청소 당일상담,seo-incheon-namdong-gu-store-waste-cleaning-same-day-consult,https://clever-griffin-93819d.netlify.app/seo-incheon-namdong-gu-store-waste-cleaning-same-day-consult/,인천 남동구,폐기물청소,상가,당일상담
2026-08-05T23:04:48,인천 남동구 상가 폐기물청소 주말예약,seo-incheon-namdong-gu-store-waste-cleaning-weekend-booking,https://clever-griffin-93819d.netlify.app/seo-incheon-namdong-gu-store-waste-cleaning-weekend-booking/,인천 남동구,폐기물청소,상가,주말예약
2026-08-05T23:04:48,인천 남동구 상가 폐기물청소 청소범위,seo-incheon-namdong-gu-store-waste-cleaning-scope,https://clever-griffin-93819d.netlify.app/seo-incheon-namdong-gu-store-waste-cleaning-scope/,인천 남동구,폐기물청소,상가,청소범위
2026-08-05T23:04:48,인천 남동구 사무실 폐기물청소 전문업체,seo-incheon-namdong-gu-office-waste-cleaning-company,https://clever-griffin-93819d.netlify.app/seo-incheon-namdong-gu-office-waste-cleaning-company/,인천 남동구,폐기물청소,사무실,전문업체
2026-08-05T23:04:48,인천 남동구 사무실 폐기물청소 비용,seo-incheon-namdong-gu-office-waste-cleaning-cost,https://clever-griffin-93819d.netlify.app/seo-incheon-namdong-gu-office-waste-cleaning-cost/,인천 남동구,폐기물청소,사무실,비용
2026-08-05T23:04:48,인천 남동구 사무실 폐기물청소 가격,seo-incheon-namdong-gu-office-waste-cleaning-price,https://clever-griffin-93819d.netlify.app/seo-incheon-namdong-gu-office-waste-cleaning-price/,인천 남동구,폐기물청소,사무실,가격
2026-08-05T23:04:48,인천 남동구 사무실 폐기물청소 견적,seo-incheon-namdong-gu-office-waste-cleaning-estimate,https://clever-griffin-93819d.netlify.app/seo-incheon-namdong-gu-office-waste-cleaning-estimate/,인천 남동구,폐기물청소,사무실,견적
2026-08-05T23:04:48,인천 남동구 사무실 폐기물청소 예약,seo-incheon-namdong-gu-office-waste-cleaning-booking,https://clever-griffin-93819d.netlify.app/seo-incheon-namdong-gu-office-waste-cleaning-booking/,인천 남동구,폐기물청소,사무실,예약
2026-08-05T23:04:48,인천 남동구 사무실 폐기물청소 추천,seo-incheon-namdong-gu-office-waste-cleaning-recommend,https://clever-griffin-93819d.netlify.app/seo-incheon-namdong-gu-office-waste-cleaning-recommend/,인천 남동구,폐기물청소,사무실,추천
2026-08-05T23:04:48,인천 남동구 사무실 폐기물청소 후기,seo-incheon-namdong-gu-office-waste-cleaning-review,https://clever-griffin-93819d.netlify.app/seo-incheon-namdong-gu-office-waste-cleaning-review/,인천 남동구,폐기물청소,사무실,후기
2026-08-05T23:04:48,인천 남동구 사무실 폐기물청소 잘하는곳,seo-incheon-namdong-gu-office-waste-cleaning-best,https://clever-griffin-93819d.netlify.app/seo-incheon-namdong-gu-office-waste-cleaning-best/,인천 남동구,폐기물청소,사무실,잘하는곳
2026-08-05T23:04:48,인천 남동구 사무실 폐기물청소 업체,seo-incheon-namdong-gu-office-waste-cleaning-service,https://clever-griffin-93819d.netlify.app/seo-incheon-namdong-gu-office-waste-cleaning-service/,인천 남동구,폐기물청소,사무실,업체
2026-08-05T23:04:48,인천 남동구 사무실 폐기물청소 당일상담,seo-incheon-namdong-gu-office-waste-cleaning-same-day-consult,https://clever-griffin-93819d.netlify.app/seo-incheon-namdong-gu-office-waste-cleaning-same-day-consult/,인천 남동구,폐기물청소,사무실,당일상담
2026-08-05T23:04:48,인천 남동구 사무실 폐기물청소 주말예약,seo-incheon-namdong-gu-office-waste-cleaning-weekend-booking,https://clever-griffin-93819d.netlify.app/seo-incheon-namdong-gu-office-waste-cleaning-weekend-booking/,인천 남동구,폐기물청소,사무실,주말예약
2026-08-05T23:04:48,인천 남동구 사무실 폐기물청소 청소범위,seo-incheon-namdong-gu-office-waste-cleaning-scope,https://clever-griffin-93819d.netlify.app/seo-incheon-namdong-gu-office-waste-cleaning-scope/,인천 남동구,폐기물청소,사무실,청소범위
2026-08-05T23:04:48,인천 부평구 아파트 입주청소 전문업체,seo-incheon-bupyeong-gu-apartment-move-in-cleaning-company,https://clever-griffin-93819d.netlify.app/seo-incheon-bupyeong-gu-apartment-move-in-cleaning-company/,인천 부평구,입주청소,아파트,전문업체
2026-08-05T23:04:48,인천 부평구 아파트 입주청소 비용,seo-incheon-bupyeong-gu-apartment-move-in-cleaning-cost,https://clever-griffin-93819d.netlify.app/seo-incheon-bupyeong-gu-apartment-move-in-cleaning-cost/,인천 부평구,입주청소,아파트,비용
2026-08-05T23:04:48,인천 부평구 아파트 입주청소 가격,seo-incheon-bupyeong-gu-apartment-move-in-cleaning-price,https://clever-griffin-93819d.netlify.app/seo-incheon-bupyeong-gu-apartment-move-in-cleaning-price/,인천 부평구,입주청소,아파트,가격
2026-08-05T23:04:48,인천 부평구 아파트 입주청소 견적,seo-incheon-bupyeong-gu-apartment-move-in-cleaning-estimate,https://clever-griffin-93819d.netlify.app/seo-incheon-bupyeong-gu-apartment-move-in-cleaning-estimate/,인천 부평구,입주청소,아파트,견적
2026-08-05T23:04:48,인천 부평구 아파트 입주청소 예약,seo-incheon-bupyeong-gu-apartment-move-in-cleaning-booking,https://clever-griffin-93819d.netlify.app/seo-incheon-bupyeong-gu-apartment-move-in-cleaning-booking/,인천 부평구,입주청소,아파트,예약
2026-08-05T23:04:48,인천 부평구 아파트 입주청소 추천,seo-incheon-bupyeong-gu-apartment-move-in-cleaning-recommend,https://clever-griffin-93819d.netlify.app/seo-incheon-bupyeong-gu-apartment-move-in-cleaning-recommend/,인천 부평구,입주청소,아파트,추천
2026-08-05T23:04:48,인천 부평구 아파트 입주청소 후기,seo-incheon-bupyeong-gu-apartment-move-in-cleaning-review,https://clever-griffin-93819d.netlify.app/seo-incheon-bupyeong-gu-apartment-move-in-cleaning-review/,인천 부평구,입주청소,아파트,후기
2026-08-05T23:04:48,인천 부평구 아파트 입주청소 잘하는곳,seo-incheon-bupyeong-gu-apartment-move-in-cleaning-best,https://clever-griffin-93819d.netlify.app/seo-incheon-bupyeong-gu-apartment-move-in-cleaning-best/,인천 부평구,입주청소,아파트,잘하는곳
2026-08-05T23:04:48,인천 부평구 아파트 입주청소 업체,seo-incheon-bupyeong-gu-apartment-move-in-cleaning-service,https://clever-griffin-93819d.netlify.app/seo-incheon-bupyeong-gu-apartment-move-in-cleaning-service/,인천 부평구,입주청소,아파트,업체
2026-08-05T23:04:48,인천 부평구 아파트 입주청소 당일상담,seo-incheon-bupyeong-gu-apartment-move-in-cleaning-same-day-consult,https://clever-griffin-93819d.netlify.app/seo-incheon-bupyeong-gu-apartment-move-in-cleaning-same-day-consult/,인천 부평구,입주청소,아파트,당일상담
2026-08-05T23:04:48,인천 부평구 아파트 입주청소 주말예약,seo-incheon-bupyeong-gu-apartment-move-in-cleaning-weekend-booking,https://clever-griffin-93819d.netlify.app/seo-incheon-bupyeong-gu-apartment-move-in-cleaning-weekend-booking/,인천 부평구,입주청소,아파트,주말예약
2026-08-05T23:04:48,인천 부평구 아파트 입주청소 청소범위,seo-incheon-bupyeong-gu-apartment-move-in-cleaning-scope,https://clever-griffin-93819d.netlify.app/seo-incheon-bupyeong-gu-apartment-move-in-cleaning-scope/,인천 부평구,입주청소,아파트,청소범위
2026-08-05T23:04:48,인천 부평구 원룸 입주청소 전문업체,seo-incheon-bupyeong-gu-one-room-move-in-cleaning-company,https://clever-griffin-93819d.netlify.app/seo-incheon-bupyeong-gu-one-room-move-in-cleaning-company/,인천 부평구,입주청소,원룸,전문업체
2026-08-05T23:04:48,인천 부평구 원룸 입주청소 비용,seo-incheon-bupyeong-gu-one-room-move-in-cleaning-cost,https://clever-griffin-93819d.netlify.app/seo-incheon-bupyeong-gu-one-room-move-in-cleaning-cost/,인천 부평구,입주청소,원룸,비용
2026-08-05T23:04:48,인천 부평구 원룸 입주청소 가격,seo-incheon-bupyeong-gu-one-room-move-in-cleaning-price,https://clever-griffin-93819d.netlify.app/seo-incheon-bupyeong-gu-one-room-move-in-cleaning-price/,인천 부평구,입주청소,원룸,가격
2026-08-05T23:04:48,인천 부평구 원룸 입주청소 견적,seo-incheon-bupyeong-gu-one-room-move-in-cleaning-estimate,https://clever-griffin-93819d.netlify.app/seo-incheon-bupyeong-gu-one-room-move-in-cleaning-estimate/,인천 부평구,입주청소,원룸,견적
2026-08-05T23:04:48,인천 부평구 원룸 입주청소 예약,seo-incheon-bupyeong-gu-one-room-move-in-cleaning-booking,https://clever-griffin-93819d.netlify.app/seo-incheon-bupyeong-gu-one-room-move-in-cleaning-booking/,인천 부평구,입주청소,원룸,예약
2026-08-05T23:04:48,인천 부평구 원룸 입주청소 추천,seo-incheon-bupyeong-gu-one-room-move-in-cleaning-recommend,https://clever-griffin-93819d.netlify.app/seo-incheon-bupyeong-gu-one-room-move-in-cleaning-recommend/,인천 부평구,입주청소,원룸,추천
2026-08-05T23:04:48,인천 부평구 원룸 입주청소 후기,seo-incheon-bupyeong-gu-one-room-move-in-cleaning-review,https://clever-griffin-93819d.netlify.app/seo-incheon-bupyeong-gu-one-room-move-in-cleaning-review/,인천 부평구,입주청소,원룸,후기
2026-08-05T23:04:48,인천 부평구 원룸 입주청소 잘하는곳,seo-incheon-bupyeong-gu-one-room-move-in-cleaning-best,https://clever-griffin-93819d.netlify.app/seo-incheon-bupyeong-gu-one-room-move-in-cleaning-best/,인천 부평구,입주청소,원룸,잘하는곳
2026-08-05T23:04:48,인천 부평구 원룸 입주청소 업체,seo-incheon-bupyeong-gu-one-room-move-in-cleaning-service,https://clever-griffin-93819d.netlify.app/seo-incheon-bupyeong-gu-one-room-move-in-cleaning-service/,인천 부평구,입주청소,원룸,업체
2026-08-05T23:04:48,인천 부평구 원룸 입주청소 당일상담,seo-incheon-bupyeong-gu-one-room-move-in-cleaning-same-day-consult,https://clever-griffin-93819d.netlify.app/seo-incheon-bupyeong-gu-one-room-move-in-cleaning-same-day-consult/,인천 부평구,입주청소,원룸,당일상담
2026-08-05T23:04:48,인천 부평구 원룸 입주청소 주말예약,seo-incheon-bupyeong-gu-one-room-move-in-cleaning-weekend-booking,https://clever-griffin-93819d.netlify.app/seo-incheon-bupyeong-gu-one-room-move-in-cleaning-weekend-booking/,인천 부평구,입주청소,원룸,주말예약
2026-08-05T23:04:48,인천 부평구 원룸 입주청소 청소범위,seo-incheon-bupyeong-gu-one-room-move-in-cleaning-scope,https://clever-griffin-93819d.netlify.app/seo-incheon-bupyeong-gu-one-room-move-in-cleaning-scope/,인천 부평구,입주청소,원룸,청소범위
2026-08-05T23:04:48,인천 부평구 빌라 입주청소 전문업체,seo-incheon-bupyeong-gu-villa-move-in-cleaning-company,https://clever-griffin-93819d.netlify.app/seo-incheon-bupyeong-gu-villa-move-in-cleaning-company/,인천 부평구,입주청소,빌라,전문업체
2026-08-05T23:04:48,인천 부평구 빌라 입주청소 비용,seo-incheon-bupyeong-gu-villa-move-in-cleaning-cost,https://clever-griffin-93819d.netlify.app/seo-incheon-bupyeong-gu-villa-move-in-cleaning-cost/,인천 부평구,입주청소,빌라,비용
2026-08-05T23:04:48,인천 부평구 빌라 입주청소 가격,seo-incheon-bupyeong-gu-villa-move-in-cleaning-price,https://clever-griffin-93819d.netlify.app/seo-incheon-bupyeong-gu-villa-move-in-cleaning-price/,인천 부평구,입주청소,빌라,가격
2026-08-05T23:04:48,인천 부평구 빌라 입주청소 견적,seo-incheon-bupyeong-gu-villa-move-in-cleaning-estimate,https://clever-griffin-93819d.netlify.app/seo-incheon-bupyeong-gu-villa-move-in-cleaning-estimate/,인천 부평구,입주청소,빌라,견적
2026-08-05T23:04:48,인천 부평구 빌라 입주청소 예약,seo-incheon-bupyeong-gu-villa-move-in-cleaning-booking,https://clever-griffin-93819d.netlify.app/seo-incheon-bupyeong-gu-villa-move-in-cleaning-booking/,인천 부평구,입주청소,빌라,예약
2026-08-05T23:04:48,인천 부평구 빌라 입주청소 추천,seo-incheon-bupyeong-gu-villa-move-in-cleaning-recommend,https://clever-griffin-93819d.netlify.app/seo-incheon-bupyeong-gu-villa-move-in-cleaning-recommend/,인천 부평구,입주청소,빌라,추천
2026-08-05T23:04:48,인천 부평구 빌라 입주청소 후기,seo-incheon-bupyeong-gu-villa-move-in-cleaning-review,https://clever-griffin-93819d.netlify.app/seo-incheon-bupyeong-gu-villa-move-in-cleaning-review/,인천 부평구,입주청소,빌라,후기
2026-08-05T23:04:48,인천 부평구 빌라 입주청소 잘하는곳,seo-incheon-bupyeong-gu-villa-move-in-cleaning-best,https://clever-griffin-93819d.netlify.app/seo-incheon-bupyeong-gu-villa-move-in-cleaning-best/,인천 부평구,입주청소,빌라,잘하는곳
2026-08-05T23:04:48,인천 부평구 빌라 입주청소 업체,seo-incheon-bupyeong-gu-villa-move-in-cleaning-service,https://clever-griffin-93819d.netlify.app/seo-incheon-bupyeong-gu-villa-move-in-cleaning-service/,인천 부평구,입주청소,빌라,업체
2026-08-05T23:04:48,인천 부평구 빌라 입주청소 당일상담,seo-incheon-bupyeong-gu-villa-move-in-cleaning-same-day-consult,https://clever-griffin-93819d.netlify.app/seo-incheon-bupyeong-gu-villa-move-in-cleaning-same-day-consult/,인천 부평구,입주청소,빌라,당일상담
2026-08-05T23:04:48,인천 부평구 빌라 입주청소 주말예약,seo-incheon-bupyeong-gu-villa-move-in-cleaning-weekend-booking,https://clever-griffin-93819d.netlify.app/seo-incheon-bupyeong-gu-villa-move-in-cleaning-weekend-booking/,인천 부평구,입주청소,빌라,주말예약
2026-08-05T23:04:48,인천 부평구 빌라 입주청소 청소범위,seo-incheon-bupyeong-gu-villa-move-in-cleaning-scope,https://clever-griffin-93819d.netlify.app/seo-incheon-bupyeong-gu-villa-move-in-cleaning-scope/,인천 부평구,입주청소,빌라,청소범위
2026-08-05T23:04:48,인천 부평구 오피스텔 입주청소 전문업체,seo-incheon-bupyeong-gu-officetel-move-in-cleaning-company,https://clever-griffin-93819d.netlify.app/seo-incheon-bupyeong-gu-officetel-move-in-cleaning-company/,인천 부평구,입주청소,오피스텔,전문업체
2026-08-05T23:04:48,인천 부평구 오피스텔 입주청소 비용,seo-incheon-bupyeong-gu-officetel-move-in-cleaning-cost,https://clever-griffin-93819d.netlify.app/seo-incheon-bupyeong-gu-officetel-move-in-cleaning-cost/,인천 부평구,입주청소,오피스텔,비용
2026-08-05T23:04:48,인천 부평구 오피스텔 입주청소 가격,seo-incheon-bupyeong-gu-officetel-move-in-cleaning-price,https://clever-griffin-93819d.netlify.app/seo-incheon-bupyeong-gu-officetel-move-in-cleaning-price/,인천 부평구,입주청소,오피스텔,가격
2026-08-05T23:04:48,인천 부평구 오피스텔 입주청소 견적,seo-incheon-bupyeong-gu-officetel-move-in-cleaning-estimate,https://clever-griffin-93819d.netlify.app/seo-incheon-bupyeong-gu-officetel-move-in-cleaning-estimate/,인천 부평구,입주청소,오피스텔,견적
2026-08-05T23:04:48,인천 부평구 오피스텔 입주청소 예약,seo-incheon-bupyeong-gu-officetel-move-in-cleaning-booking,https://clever-griffin-93819d.netlify.app/seo-incheon-bupyeong-gu-officetel-move-in-cleaning-booking/,인천 부평구,입주청소,오피스텔,예약
2026-08-05T23:04:48,인천 부평구 오피스텔 입주청소 추천,seo-incheon-bupyeong-gu-officetel-move-in-cleaning-recommend,https://clever-griffin-93819d.netlify.app/seo-incheon-bupyeong-gu-officetel-move-in-cleaning-recommend/,인천 부평구,입주청소,오피스텔,추천
2026-08-05T23:04:48,인천 부평구 오피스텔 입주청소 후기,seo-incheon-bupyeong-gu-officetel-move-in-cleaning-review,https://clever-griffin-93819d.netlify.app/seo-incheon-bupyeong-gu-officetel-move-in-cleaning-review/,인천 부평구,입주청소,오피스텔,후기
2026-08-05T23:04:48,인천 부평구 오피스텔 입주청소 잘하는곳,seo-incheon-bupyeong-gu-officetel-move-in-cleaning-best,https://clever-griffin-93819d.netlify.app/seo-incheon-bupyeong-gu-officetel-move-in-cleaning-best/,인천 부평구,입주청소,오피스텔,잘하는곳
2026-08-05T23:04:48,인천 부평구 오피스텔 입주청소 업체,seo-incheon-bupyeong-gu-officetel-move-in-cleaning-service,https://clever-griffin-93819d.netlify.app/seo-incheon-bupyeong-gu-officetel-move-in-cleaning-service/,인천 부평구,입주청소,오피스텔,업체
2026-08-05T23:04:48,인천 부평구 오피스텔 입주청소 당일상담,seo-incheon-bupyeong-gu-officetel-move-in-cleaning-same-day-consult,https://clever-griffin-93819d.netlify.app/seo-incheon-bupyeong-gu-officetel-move-in-cleaning-same-day-consult/,인천 부평구,입주청소,오피스텔,당일상담
2026-08-05T23:04:48,인천 부평구 오피스텔 입주청소 주말예약,seo-incheon-bupyeong-gu-officetel-move-in-cleaning-weekend-booking,https://clever-griffin-93819d.netlify.app/seo-incheon-bupyeong-gu-officetel-move-in-cleaning-weekend-booking/,인천 부평구,입주청소,오피스텔,주말예약
2026-08-05T23:04:48,인천 부평구 오피스텔 입주청소 청소범위,seo-incheon-bupyeong-gu-officetel-move-in-cleaning-scope,https://clever-griffin-93819d.netlify.app/seo-incheon-bupyeong-gu-officetel-move-in-cleaning-scope/,인천 부평구,입주청소,오피스텔,청소범위
2026-08-05T23:04:48,인천 부평구 상가 입주청소 전문업체,seo-incheon-bupyeong-gu-store-move-in-cleaning-company,https://clever-griffin-93819d.netlify.app/seo-incheon-bupyeong-gu-store-move-in-cleaning-company/,인천 부평구,입주청소,상가,전문업체
2026-08-05T23:04:48,인천 부평구 상가 입주청소 비용,seo-incheon-bupyeong-gu-store-move-in-cleaning-cost,https://clever-griffin-93819d.netlify.app/seo-incheon-bupyeong-gu-store-move-in-cleaning-cost/,인천 부평구,입주청소,상가,비용
2026-08-05T23:04:48,인천 부평구 상가 입주청소 가격,seo-incheon-bupyeong-gu-store-move-in-cleaning-price,https://clever-griffin-93819d.netlify.app/seo-incheon-bupyeong-gu-store-move-in-cleaning-price/,인천 부평구,입주청소,상가,가격
2026-08-05T23:04:48,인천 부평구 상가 입주청소 견적,seo-incheon-bupyeong-gu-store-move-in-cleaning-estimate,https://clever-griffin-93819d.netlify.app/seo-incheon-bupyeong-gu-store-move-in-cleaning-estimate/,인천 부평구,입주청소,상가,견적
2026-08-05T23:04:48,인천 부평구 상가 입주청소 예약,seo-incheon-bupyeong-gu-store-move-in-cleaning-booking,https://clever-griffin-93819d.netlify.app/seo-incheon-bupyeong-gu-store-move-in-cleaning-booking/,인천 부평구,입주청소,상가,예약
2026-08-05T23:04:48,인천 부평구 상가 입주청소 추천,seo-incheon-bupyeong-gu-store-move-in-cleaning-recommend,https://clever-griffin-93819d.netlify.app/seo-incheon-bupyeong-gu-store-move-in-cleaning-recommend/,인천 부평구,입주청소,상가,추천
2026-08-05T23:04:48,인천 부평구 상가 입주청소 후기,seo-incheon-bupyeong-gu-store-move-in-cleaning-review,https://clever-griffin-93819d.netlify.app/seo-incheon-bupyeong-gu-store-move-in-cleaning-review/,인천 부평구,입주청소,상가,후기
2026-08-05T23:04:48,인천 부평구 상가 입주청소 잘하는곳,seo-incheon-bupyeong-gu-store-move-in-cleaning-best,https://clever-griffin-93819d.netlify.app/seo-incheon-bupyeong-gu-store-move-in-cleaning-best/,인천 부평구,입주청소,상가,잘하는곳
2026-08-05T23:04:48,인천 부평구 상가 입주청소 업체,seo-incheon-bupyeong-gu-store-move-in-cleaning-service,https://clever-griffin-93819d.netlify.app/seo-incheon-bupyeong-gu-store-move-in-cleaning-service/,인천 부평구,입주청소,상가,업체
2026-08-05T23:04:48,인천 부평구 상가 입주청소 당일상담,seo-incheon-bupyeong-gu-store-move-in-cleaning-same-day-consult,https://clever-griffin-93819d.netlify.app/seo-incheon-bupyeong-gu-store-move-in-cleaning-same-day-consult/,인천 부평구,입주청소,상가,당일상담
2026-08-05T23:04:48,인천 부평구 상가 입주청소 주말예약,seo-incheon-bupyeong-gu-store-move-in-cleaning-weekend-booking,https://clever-griffin-93819d.netlify.app/seo-incheon-bupyeong-gu-store-move-in-cleaning-weekend-booking/,인천 부평구,입주청소,상가,주말예약
2026-08-05T23:04:48,인천 부평구 상가 입주청소 청소범위,seo-incheon-bupyeong-gu-store-move-in-cleaning-scope,https://clever-griffin-93819d.netlify.app/seo-incheon-bupyeong-gu-store-move-in-cleaning-scope/,인천 부평구,입주청소,상가,청소범위
2026-08-05T23:04:48,인천 부평구 사무실 입주청소 전문업체,seo-incheon-bupyeong-gu-office-move-in-cleaning-company,https://clever-griffin-93819d.netlify.app/seo-incheon-bupyeong-gu-office-move-in-cleaning-company/,인천 부평구,입주청소,사무실,전문업체
2026-08-05T23:04:48,인천 부평구 사무실 입주청소 비용,seo-incheon-bupyeong-gu-office-move-in-cleaning-cost,https://clever-griffin-93819d.netlify.app/seo-incheon-bupyeong-gu-office-move-in-cleaning-cost/,인천 부평구,입주청소,사무실,비용
2026-08-05T23:04:48,인천 부평구 사무실 입주청소 가격,seo-incheon-bupyeong-gu-office-move-in-cleaning-price,https://clever-griffin-93819d.netlify.app/seo-incheon-bupyeong-gu-office-move-in-cleaning-price/,인천 부평구,입주청소,사무실,가격
2026-08-05T23:04:48,인천 부평구 사무실 입주청소 견적,seo-incheon-bupyeong-gu-office-move-in-cleaning-estimate,https://clever-griffin-93819d.netlify.app/seo-incheon-bupyeong-gu-office-move-in-cleaning-estimate/,인천 부평구,입주청소,사무실,견적
2026-08-05T23:04:48,인천 부평구 사무실 입주청소 예약,seo-incheon-bupyeong-gu-office-move-in-cleaning-booking,https://clever-griffin-93819d.netlify.app/seo-incheon-bupyeong-gu-office-move-in-cleaning-booking/,인천 부평구,입주청소,사무실,예약
2026-08-05T23:04:48,인천 부평구 사무실 입주청소 추천,seo-incheon-bupyeong-gu-office-move-in-cleaning-recommend,https://clever-griffin-93819d.netlify.app/seo-incheon-bupyeong-gu-office-move-in-cleaning-recommend/,인천 부평구,입주청소,사무실,추천
2026-08-05T23:04:48,인천 부평구 사무실 입주청소 후기,seo-incheon-bupyeong-gu-office-move-in-cleaning-review,https://clever-griffin-93819d.netlify.app/seo-incheon-bupyeong-gu-office-move-in-cleaning-review/,인천 부평구,입주청소,사무실,후기
2026-08-05T23:04:48,인천 부평구 사무실 입주청소 잘하는곳,seo-incheon-bupyeong-gu-office-move-in-cleaning-best,https://clever-griffin-93819d.netlify.app/seo-incheon-bupyeong-gu-office-move-in-cleaning-best/,인천 부평구,입주청소,사무실,잘하는곳
2026-08-05T23:04:48,인천 부평구 사무실 입주청소 업체,seo-incheon-bupyeong-gu-office-move-in-cleaning-service,https://clever-griffin-93819d.netlify.app/seo-incheon-bupyeong-gu-office-move-in-cleaning-service/,인천 부평구,입주청소,사무실,업체
2026-08-05T23:04:48,인천 부평구 사무실 입주청소 당일상담,seo-incheon-bupyeong-gu-office-move-in-cleaning-same-day-consult,https://clever-griffin-93819d.netlify.app/seo-incheon-bupyeong-gu-office-move-in-cleaning-same-day-consult/,인천 부평구,입주청소,사무실,당일상담
2026-08-05T23:04:48,인천 부평구 사무실 입주청소 주말예약,seo-incheon-bupyeong-gu-office-move-in-cleaning-weekend-booking,https://clever-griffin-93819d.netlify.app/seo-incheon-bupyeong-gu-office-move-in-cleaning-weekend-booking/,인천 부평구,입주청소,사무실,주말예약
2026-08-05T23:04:48,인천 부평구 사무실 입주청소 청소범위,seo-incheon-bupyeong-gu-office-move-in-cleaning-scope,https://clever-griffin-93819d.netlify.app/seo-incheon-bupyeong-gu-office-move-in-cleaning-scope/,인천 부평구,입주청소,사무실,청소범위
2026-08-05T23:04:48,인천 부평구 아파트 이사청소 전문업체,seo-incheon-bupyeong-gu-apartment-moving-cleaning-company,https://clever-griffin-93819d.netlify.app/seo-incheon-bupyeong-gu-apartment-moving-cleaning-company/,인천 부평구,이사청소,아파트,전문업체
2026-08-05T23:04:48,인천 부평구 아파트 이사청소 비용,seo-incheon-bupyeong-gu-apartment-moving-cleaning-cost,https://clever-griffin-93819d.netlify.app/seo-incheon-bupyeong-gu-apartment-moving-cleaning-cost/,인천 부평구,이사청소,아파트,비용
2026-08-05T23:04:48,인천 부평구 아파트 이사청소 가격,seo-incheon-bupyeong-gu-apartment-moving-cleaning-price,https://clever-griffin-93819d.netlify.app/seo-incheon-bupyeong-gu-apartment-moving-cleaning-price/,인천 부평구,이사청소,아파트,가격
2026-08-05T23:04:48,인천 부평구 아파트 이사청소 견적,seo-incheon-bupyeong-gu-apartment-moving-cleaning-estimate,https://clever-griffin-93819d.netlify.app/seo-incheon-bupyeong-gu-apartment-moving-cleaning-estimate/,인천 부평구,이사청소,아파트,견적
2026-08-05T23:04:48,인천 부평구 아파트 이사청소 예약,seo-incheon-bupyeong-gu-apartment-moving-cleaning-booking,https://clever-griffin-93819d.netlify.app/seo-incheon-bupyeong-gu-apartment-moving-cleaning-booking/,인천 부평구,이사청소,아파트,예약
2026-08-05T23:04:48,인천 부평구 아파트 이사청소 추천,seo-incheon-bupyeong-gu-apartment-moving-cleaning-recommend,https://clever-griffin-93819d.netlify.app/seo-incheon-bupyeong-gu-apartment-moving-cleaning-recommend/,인천 부평구,이사청소,아파트,추천
2026-08-05T23:04:48,인천 부평구 아파트 이사청소 후기,seo-incheon-bupyeong-gu-apartment-moving-cleaning-review,https://clever-griffin-93819d.netlify.app/seo-incheon-bupyeong-gu-apartment-moving-cleaning-review/,인천 부평구,이사청소,아파트,후기
2026-08-05T23:04:48,인천 부평구 아파트 이사청소 잘하는곳,seo-incheon-bupyeong-gu-apartment-moving-cleaning-best,https://clever-griffin-93819d.netlify.app/seo-incheon-bupyeong-gu-apartment-moving-cleaning-best/,인천 부평구,이사청소,아파트,잘하는곳
2026-08-05T23:04:48,인천 부평구 아파트 이사청소 업체,seo-incheon-bupyeong-gu-apartment-moving-cleaning-service,https://clever-griffin-93819d.netlify.app/seo-incheon-bupyeong-gu-apartment-moving-cleaning-service/,인천 부평구,이사청소,아파트,업체
2026-08-05T23:04:48,인천 부평구 아파트 이사청소 당일상담,seo-incheon-bupyeong-gu-apartment-moving-cleaning-same-day-consult,https://clever-griffin-93819d.netlify.app/seo-incheon-bupyeong-gu-apartment-moving-cleaning-same-day-consult/,인천 부평구,이사청소,아파트,당일상담
2026-08-05T23:04:48,인천 부평구 아파트 이사청소 주말예약,seo-incheon-bupyeong-gu-apartment-moving-cleaning-weekend-booking,https://clever-griffin-93819d.netlify.app/seo-incheon-bupyeong-gu-apartment-moving-cleaning-weekend-booking/,인천 부평구,이사청소,아파트,주말예약
2026-08-05T23:04:48,인천 부평구 아파트 이사청소 청소범위,seo-incheon-bupyeong-gu-apartment-moving-cleaning-scope,https://clever-griffin-93819d.netlify.app/seo-incheon-bupyeong-gu-apartment-moving-cleaning-scope/,인천 부평구,이사청소,아파트,청소범위
2026-08-05T23:04:48,인천 부평구 원룸 이사청소 전문업체,seo-incheon-bupyeong-gu-one-room-moving-cleaning-company,https://clever-griffin-93819d.netlify.app/seo-incheon-bupyeong-gu-one-room-moving-cleaning-company/,인천 부평구,이사청소,원룸,전문업체
2026-08-05T23:04:48,인천 부평구 원룸 이사청소 비용,seo-incheon-bupyeong-gu-one-room-moving-cleaning-cost,https://clever-griffin-93819d.netlify.app/seo-incheon-bupyeong-gu-one-room-moving-cleaning-cost/,인천 부평구,이사청소,원룸,비용
2026-08-05T23:04:48,인천 부평구 원룸 이사청소 가격,seo-incheon-bupyeong-gu-one-room-moving-cleaning-price,https://clever-griffin-93819d.netlify.app/seo-incheon-bupyeong-gu-one-room-moving-cleaning-price/,인천 부평구,이사청소,원룸,가격
2026-08-05T23:04:48,인천 부평구 원룸 이사청소 견적,seo-incheon-bupyeong-gu-one-room-moving-cleaning-estimate,https://clever-griffin-93819d.netlify.app/seo-incheon-bupyeong-gu-one-room-moving-cleaning-estimate/,인천 부평구,이사청소,원룸,견적
2026-08-05T23:04:48,인천 부평구 원룸 이사청소 예약,seo-incheon-bupyeong-gu-one-room-moving-cleaning-booking,https://clever-griffin-93819d.netlify.app/seo-incheon-bupyeong-gu-one-room-moving-cleaning-booking/,인천 부평구,이사청소,원룸,예약
2026-08-05T23:04:48,인천 부평구 원룸 이사청소 추천,seo-incheon-bupyeong-gu-one-room-moving-cleaning-recommend,https://clever-griffin-93819d.netlify.app/seo-incheon-bupyeong-gu-one-room-moving-cleaning-recommend/,인천 부평구,이사청소,원룸,추천
2026-08-05T23:04:48,인천 부평구 원룸 이사청소 후기,seo-incheon-bupyeong-gu-one-room-moving-cleaning-review,https://clever-griffin-93819d.netlify.app/seo-incheon-bupyeong-gu-one-room-moving-cleaning-review/,인천 부평구,이사청소,원룸,후기
2026-08-05T23:04:48,인천 부평구 원룸 이사청소 잘하는곳,seo-incheon-bupyeong-gu-one-room-moving-cleaning-best,https://clever-griffin-93819d.netlify.app/seo-incheon-bupyeong-gu-one-room-moving-cleaning-best/,인천 부평구,이사청소,원룸,잘하는곳
2026-08-05T23:04:48,인천 부평구 원룸 이사청소 업체,seo-incheon-bupyeong-gu-one-room-moving-cleaning-service,https://clever-griffin-93819d.netlify.app/seo-incheon-bupyeong-gu-one-room-moving-cleaning-service/,인천 부평구,이사청소,원룸,업체
2026-08-05T23:04:48,인천 부평구 원룸 이사청소 당일상담,seo-incheon-bupyeong-gu-one-room-moving-cleaning-same-day-consult,https://clever-griffin-93819d.netlify.app/seo-incheon-bupyeong-gu-one-room-moving-cleaning-same-day-consult/,인천 부평구,이사청소,원룸,당일상담
2026-08-05T23:04:48,인천 부평구 원룸 이사청소 주말예약,seo-incheon-bupyeong-gu-one-room-moving-cleaning-weekend-booking,https://clever-griffin-93819d.netlify.app/seo-incheon-bupyeong-gu-one-room-moving-cleaning-weekend-booking/,인천 부평구,이사청소,원룸,주말예약
2026-08-05T23:04:48,인천 부평구 원룸 이사청소 청소범위,seo-incheon-bupyeong-gu-one-room-moving-cleaning-scope,https://clever-griffin-93819d.netlify.app/seo-incheon-bupyeong-gu-one-room-moving-cleaning-scope/,인천 부평구,이사청소,원룸,청소범위
2026-08-05T23:04:48,인천 부평구 빌라 이사청소 전문업체,seo-incheon-bupyeong-gu-villa-moving-cleaning-company,https://clever-griffin-93819d.netlify.app/seo-incheon-bupyeong-gu-villa-moving-cleaning-company/,인천 부평구,이사청소,빌라,전문업체
2026-08-05T23:04:48,인천 부평구 빌라 이사청소 비용,seo-incheon-bupyeong-gu-villa-moving-cleaning-cost,https://clever-griffin-93819d.netlify.app/seo-incheon-bupyeong-gu-villa-moving-cleaning-cost/,인천 부평구,이사청소,빌라,비용
2026-08-05T23:04:48,인천 부평구 빌라 이사청소 가격,seo-incheon-bupyeong-gu-villa-moving-cleaning-price,https://clever-griffin-93819d.netlify.app/seo-incheon-bupyeong-gu-villa-moving-cleaning-price/,인천 부평구,이사청소,빌라,가격
2026-08-05T23:04:48,인천 부평구 빌라 이사청소 견적,seo-incheon-bupyeong-gu-villa-moving-cleaning-estimate,https://clever-griffin-93819d.netlify.app/seo-incheon-bupyeong-gu-villa-moving-cleaning-estimate/,인천 부평구,이사청소,빌라,견적
2026-08-05T23:04:48,인천 부평구 빌라 이사청소 예약,seo-incheon-bupyeong-gu-villa-moving-cleaning-booking,https://clever-griffin-93819d.netlify.app/seo-incheon-bupyeong-gu-villa-moving-cleaning-booking/,인천 부평구,이사청소,빌라,예약
2026-08-05T23:04:48,인천 부평구 빌라 이사청소 추천,seo-incheon-bupyeong-gu-villa-moving-cleaning-recommend,https://clever-griffin-93819d.netlify.app/seo-incheon-bupyeong-gu-villa-moving-cleaning-recommend/,인천 부평구,이사청소,빌라,추천
2026-08-05T23:04:48,인천 부평구 빌라 이사청소 후기,seo-incheon-bupyeong-gu-villa-moving-cleaning-review,https://clever-griffin-93819d.netlify.app/seo-incheon-bupyeong-gu-villa-moving-cleaning-review/,인천 부평구,이사청소,빌라,후기
2026-08-05T23:04:48,인천 부평구 빌라 이사청소 잘하는곳,seo-incheon-bupyeong-gu-villa-moving-cleaning-best,https://clever-griffin-93819d.netlify.app/seo-incheon-bupyeong-gu-villa-moving-cleaning-best/,인천 부평구,이사청소,빌라,잘하는곳
2026-08-05T23:04:48,인천 부평구 빌라 이사청소 업체,seo-incheon-bupyeong-gu-villa-moving-cleaning-service,https://clever-griffin-93819d.netlify.app/seo-incheon-bupyeong-gu-villa-moving-cleaning-service/,인천 부평구,이사청소,빌라,업체
2026-08-05T23:04:48,인천 부평구 빌라 이사청소 당일상담,seo-incheon-bupyeong-gu-villa-moving-cleaning-same-day-consult,https://clever-griffin-93819d.netlify.app/seo-incheon-bupyeong-gu-villa-moving-cleaning-same-day-consult/,인천 부평구,이사청소,빌라,당일상담
2026-08-05T23:04:48,인천 부평구 빌라 이사청소 주말예약,seo-incheon-bupyeong-gu-villa-moving-cleaning-weekend-booking,https://clever-griffin-93819d.netlify.app/seo-incheon-bupyeong-gu-villa-moving-cleaning-weekend-booking/,인천 부평구,이사청소,빌라,주말예약
2026-08-05T23:04:48,인천 부평구 빌라 이사청소 청소범위,seo-incheon-bupyeong-gu-villa-moving-cleaning-scope,https://clever-griffin-93819d.netlify.app/seo-incheon-bupyeong-gu-villa-moving-cleaning-scope/,인천 부평구,이사청소,빌라,청소범위
2026-08-05T23:04:48,인천 부평구 오피스텔 이사청소 전문업체,seo-incheon-bupyeong-gu-officetel-moving-cleaning-company,https://clever-griffin-93819d.netlify.app/seo-incheon-bupyeong-gu-officetel-moving-cleaning-company/,인천 부평구,이사청소,오피스텔,전문업체
2026-08-05T23:04:48,인천 부평구 오피스텔 이사청소 비용,seo-incheon-bupyeong-gu-officetel-moving-cleaning-cost,https://clever-griffin-93819d.netlify.app/seo-incheon-bupyeong-gu-officetel-moving-cleaning-cost/,인천 부평구,이사청소,오피스텔,비용
2026-08-05T23:04:48,인천 부평구 오피스텔 이사청소 가격,seo-incheon-bupyeong-gu-officetel-moving-cleaning-price,https://clever-griffin-93819d.netlify.app/seo-incheon-bupyeong-gu-officetel-moving-cleaning-price/,인천 부평구,이사청소,오피스텔,가격
2026-08-05T23:04:48,인천 부평구 오피스텔 이사청소 견적,seo-incheon-bupyeong-gu-officetel-moving-cleaning-estimate,https://clever-griffin-93819d.netlify.app/seo-incheon-bupyeong-gu-officetel-moving-cleaning-estimate/,인천 부평구,이사청소,오피스텔,견적
2026-08-05T23:04:48,인천 부평구 오피스텔 이사청소 예약,seo-incheon-bupyeong-gu-officetel-moving-cleaning-booking,https://clever-griffin-93819d.netlify.app/seo-incheon-bupyeong-gu-officetel-moving-cleaning-booking/,인천 부평구,이사청소,오피스텔,예약
2026-08-05T23:04:48,인천 부평구 오피스텔 이사청소 추천,seo-incheon-bupyeong-gu-officetel-moving-cleaning-recommend,https://clever-griffin-93819d.netlify.app/seo-incheon-bupyeong-gu-officetel-moving-cleaning-recommend/,인천 부평구,이사청소,오피스텔,추천
2026-08-05T23:04:48,인천 부평구 오피스텔 이사청소 후기,seo-incheon-bupyeong-gu-officetel-moving-cleaning-review,https://clever-griffin-93819d.netlify.app/seo-incheon-bupyeong-gu-officetel-moving-cleaning-review/,인천 부평구,이사청소,오피스텔,후기
2026-08-05T23:04:48,인천 부평구 오피스텔 이사청소 잘하는곳,seo-incheon-bupyeong-gu-officetel-moving-cleaning-best,https://clever-griffin-93819d.netlify.app/seo-incheon-bupyeong-gu-officetel-moving-cleaning-best/,인천 부평구,이사청소,오피스텔,잘하는곳
2026-08-05T23:04:48,인천 부평구 오피스텔 이사청소 업체,seo-incheon-bupyeong-gu-officetel-moving-cleaning-service,https://clever-griffin-93819d.netlify.app/seo-incheon-bupyeong-gu-officetel-moving-cleaning-service/,인천 부평구,이사청소,오피스텔,업체
2026-08-05T23:04:48,인천 부평구 오피스텔 이사청소 당일상담,seo-incheon-bupyeong-gu-officetel-moving-cleaning-same-day-consult,https://clever-griffin-93819d.netlify.app/seo-incheon-bupyeong-gu-officetel-moving-cleaning-same-day-consult/,인천 부평구,이사청소,오피스텔,당일상담
2026-08-05T23:04:48,인천 부평구 오피스텔 이사청소 주말예약,seo-incheon-bupyeong-gu-officetel-moving-cleaning-weekend-booking,https://clever-griffin-93819d.netlify.app/seo-incheon-bupyeong-gu-officetel-moving-cleaning-weekend-booking/,인천 부평구,이사청소,오피스텔,주말예약
2026-08-05T23:04:48,인천 부평구 오피스텔 이사청소 청소범위,seo-incheon-bupyeong-gu-officetel-moving-cleaning-scope,https://clever-griffin-93819d.netlify.app/seo-incheon-bupyeong-gu-officetel-moving-cleaning-scope/,인천 부평구,이사청소,오피스텔,청소범위
2026-08-05T23:04:48,인천 부평구 상가 이사청소 전문업체,seo-incheon-bupyeong-gu-store-moving-cleaning-company,https://clever-griffin-93819d.netlify.app/seo-incheon-bupyeong-gu-store-moving-cleaning-company/,인천 부평구,이사청소,상가,전문업체
2026-08-05T23:04:48,인천 부평구 상가 이사청소 비용,seo-incheon-bupyeong-gu-store-moving-cleaning-cost,https://clever-griffin-93819d.netlify.app/seo-incheon-bupyeong-gu-store-moving-cleaning-cost/,인천 부평구,이사청소,상가,비용
2026-08-05T23:04:48,인천 부평구 상가 이사청소 가격,seo-incheon-bupyeong-gu-store-moving-cleaning-price,https://clever-griffin-93819d.netlify.app/seo-incheon-bupyeong-gu-store-moving-cleaning-price/,인천 부평구,이사청소,상가,가격
2026-08-05T23:04:48,인천 부평구 상가 이사청소 견적,seo-incheon-bupyeong-gu-store-moving-cleaning-estimate,https://clever-griffin-93819d.netlify.app/seo-incheon-bupyeong-gu-store-moving-cleaning-estimate/,인천 부평구,이사청소,상가,견적
2026-08-05T23:04:48,인천 부평구 상가 이사청소 예약,seo-incheon-bupyeong-gu-store-moving-cleaning-booking,https://clever-griffin-93819d.netlify.app/seo-incheon-bupyeong-gu-store-moving-cleaning-booking/,인천 부평구,이사청소,상가,예약
2026-08-05T23:04:48,인천 부평구 상가 이사청소 추천,seo-incheon-bupyeong-gu-store-moving-cleaning-recommend,https://clever-griffin-93819d.netlify.app/seo-incheon-bupyeong-gu-store-moving-cleaning-recommend/,인천 부평구,이사청소,상가,추천
2026-08-05T23:04:48,인천 부평구 상가 이사청소 후기,seo-incheon-bupyeong-gu-store-moving-cleaning-review,https://clever-griffin-93819d.netlify.app/seo-incheon-bupyeong-gu-store-moving-cleaning-review/,인천 부평구,이사청소,상가,후기
2026-08-05T23:04:48,인천 부평구 상가 이사청소 잘하는곳,seo-incheon-bupyeong-gu-store-moving-cleaning-best,https://clever-griffin-93819d.netlify.app/seo-incheon-bupyeong-gu-store-moving-cleaning-best/,인천 부평구,이사청소,상가,잘하는곳
2026-08-05T23:04:48,인천 부평구 상가 이사청소 업체,seo-incheon-bupyeong-gu-store-moving-cleaning-service,https://clever-griffin-93819d.netlify.app/seo-incheon-bupyeong-gu-store-moving-cleaning-service/,인천 부평구,이사청소,상가,업체
2026-08-05T23:04:48,인천 부평구 상가 이사청소 당일상담,seo-incheon-bupyeong-gu-store-moving-cleaning-same-day-consult,https://clever-griffin-93819d.netlify.app/seo-incheon-bupyeong-gu-store-moving-cleaning-same-day-consult/,인천 부평구,이사청소,상가,당일상담
2026-08-05T23:04:48,인천 부평구 상가 이사청소 주말예약,seo-incheon-bupyeong-gu-store-moving-cleaning-weekend-booking,https://clever-griffin-93819d.netlify.app/seo-incheon-bupyeong-gu-store-moving-cleaning-weekend-booking/,인천 부평구,이사청소,상가,주말예약
2026-08-05T23:04:48,인천 부평구 상가 이사청소 청소범위,seo-incheon-bupyeong-gu-store-moving-cleaning-scope,https://clever-griffin-93819d.netlify.app/seo-incheon-bupyeong-gu-store-moving-cleaning-scope/,인천 부평구,이사청소,상가,청소범위
2026-08-05T23:04:48,인천 부평구 사무실 이사청소 전문업체,seo-incheon-bupyeong-gu-office-moving-cleaning-company,https://clever-griffin-93819d.netlify.app/seo-incheon-bupyeong-gu-office-moving-cleaning-company/,인천 부평구,이사청소,사무실,전문업체
2026-08-05T23:04:48,인천 부평구 사무실 이사청소 비용,seo-incheon-bupyeong-gu-office-moving-cleaning-cost,https://clever-griffin-93819d.netlify.app/seo-incheon-bupyeong-gu-office-moving-cleaning-cost/,인천 부평구,이사청소,사무실,비용
2026-08-05T23:04:48,인천 부평구 사무실 이사청소 가격,seo-incheon-bupyeong-gu-office-moving-cleaning-price,https://clever-griffin-93819d.netlify.app/seo-incheon-bupyeong-gu-office-moving-cleaning-price/,인천 부평구,이사청소,사무실,가격
2026-08-05T23:04:48,인천 부평구 사무실 이사청소 견적,seo-incheon-bupyeong-gu-office-moving-cleaning-estimate,https://clever-griffin-93819d.netlify.app/seo-incheon-bupyeong-gu-office-moving-cleaning-estimate/,인천 부평구,이사청소,사무실,견적
2026-08-05T23:04:48,인천 부평구 사무실 이사청소 예약,seo-incheon-bupyeong-gu-office-moving-cleaning-booking,https://clever-griffin-93819d.netlify.app/seo-incheon-bupyeong-gu-office-moving-cleaning-booking/,인천 부평구,이사청소,사무실,예약
2026-08-05T23:04:48,인천 부평구 사무실 이사청소 추천,seo-incheon-bupyeong-gu-office-moving-cleaning-recommend,https://clever-griffin-93819d.netlify.app/seo-incheon-bupyeong-gu-office-moving-cleaning-recommend/,인천 부평구,이사청소,사무실,추천
2026-08-05T23:04:48,인천 부평구 사무실 이사청소 후기,seo-incheon-bupyeong-gu-office-moving-cleaning-review,https://clever-griffin-93819d.netlify.app/seo-incheon-bupyeong-gu-office-moving-cleaning-review/,인천 부평구,이사청소,사무실,후기
2026-08-05T23:04:48,인천 부평구 사무실 이사청소 잘하는곳,seo-incheon-bupyeong-gu-office-moving-cleaning-best,https://clever-griffin-93819d.netlify.app/seo-incheon-bupyeong-gu-office-moving-cleaning-best/,인천 부평구,이사청소,사무실,잘하는곳
2026-08-05T23:04:48,인천 부평구 사무실 이사청소 업체,seo-incheon-bupyeong-gu-office-moving-cleaning-service,https://clever-griffin-93819d.netlify.app/seo-incheon-bupyeong-gu-office-moving-cleaning-service/,인천 부평구,이사청소,사무실,업체
2026-08-05T23:04:48,인천 부평구 사무실 이사청소 당일상담,seo-incheon-bupyeong-gu-office-moving-cleaning-same-day-consult,https://clever-griffin-93819d.netlify.app/seo-incheon-bupyeong-gu-office-moving-cleaning-same-day-consult/,인천 부평구,이사청소,사무실,당일상담
2026-08-05T23:04:48,인천 부평구 사무실 이사청소 주말예약,seo-incheon-bupyeong-gu-office-moving-cleaning-weekend-booking,https://clever-griffin-93819d.netlify.app/seo-incheon-bupyeong-gu-office-moving-cleaning-weekend-booking/,인천 부평구,이사청소,사무실,주말예약
2026-08-05T23:04:48,인천 부평구 사무실 이사청소 청소범위,seo-incheon-bupyeong-gu-office-moving-cleaning-scope,https://clever-griffin-93819d.netlify.app/seo-incheon-bupyeong-gu-office-moving-cleaning-scope/,인천 부평구,이사청소,사무실,청소범위
2026-08-05T23:04:48,인천 부평구 아파트 거주청소 전문업체,seo-incheon-bupyeong-gu-apartment-residential-cleaning-company,https://clever-griffin-93819d.netlify.app/seo-incheon-bupyeong-gu-apartment-residential-cleaning-company/,인천 부평구,거주청소,아파트,전문업체
2026-08-05T23:04:48,인천 부평구 아파트 거주청소 비용,seo-incheon-bupyeong-gu-apartment-residential-cleaning-cost,https://clever-griffin-93819d.netlify.app/seo-incheon-bupyeong-gu-apartment-residential-cleaning-cost/,인천 부평구,거주청소,아파트,비용
2026-08-05T23:04:48,인천 부평구 아파트 거주청소 가격,seo-incheon-bupyeong-gu-apartment-residential-cleaning-price,https://clever-griffin-93819d.netlify.app/seo-incheon-bupyeong-gu-apartment-residential-cleaning-price/,인천 부평구,거주청소,아파트,가격
2026-08-05T23:04:48,인천 부평구 아파트 거주청소 견적,seo-incheon-bupyeong-gu-apartment-residential-cleaning-estimate,https://clever-griffin-93819d.netlify.app/seo-incheon-bupyeong-gu-apartment-residential-cleaning-estimate/,인천 부평구,거주청소,아파트,견적
2026-08-05T23:04:48,인천 부평구 아파트 거주청소 예약,seo-incheon-bupyeong-gu-apartment-residential-cleaning-booking,https://clever-griffin-93819d.netlify.app/seo-incheon-bupyeong-gu-apartment-residential-cleaning-booking/,인천 부평구,거주청소,아파트,예약
2026-08-05T23:04:48,인천 부평구 아파트 거주청소 추천,seo-incheon-bupyeong-gu-apartment-residential-cleaning-recommend,https://clever-griffin-93819d.netlify.app/seo-incheon-bupyeong-gu-apartment-residential-cleaning-recommend/,인천 부평구,거주청소,아파트,추천
2026-08-05T23:04:48,인천 부평구 아파트 거주청소 후기,seo-incheon-bupyeong-gu-apartment-residential-cleaning-review,https://clever-griffin-93819d.netlify.app/seo-incheon-bupyeong-gu-apartment-residential-cleaning-review/,인천 부평구,거주청소,아파트,후기
2026-08-05T23:04:48,인천 부평구 아파트 거주청소 잘하는곳,seo-incheon-bupyeong-gu-apartment-residential-cleaning-best,https://clever-griffin-93819d.netlify.app/seo-incheon-bupyeong-gu-apartment-residential-cleaning-best/,인천 부평구,거주청소,아파트,잘하는곳
2026-08-05T23:04:48,인천 부평구 아파트 거주청소 업체,seo-incheon-bupyeong-gu-apartment-residential-cleaning-service,https://clever-griffin-93819d.netlify.app/seo-incheon-bupyeong-gu-apartment-residential-cleaning-service/,인천 부평구,거주청소,아파트,업체
2026-08-05T23:04:48,인천 부평구 아파트 거주청소 당일상담,seo-incheon-bupyeong-gu-apartment-residential-cleaning-same-day-consult,https://clever-griffin-93819d.netlify.app/seo-incheon-bupyeong-gu-apartment-residential-cleaning-same-day-consult/,인천 부평구,거주청소,아파트,당일상담
2026-08-05T23:04:48,인천 부평구 아파트 거주청소 주말예약,seo-incheon-bupyeong-gu-apartment-residential-cleaning-weekend-booking,https://clever-griffin-93819d.netlify.app/seo-incheon-bupyeong-gu-apartment-residential-cleaning-weekend-booking/,인천 부평구,거주청소,아파트,주말예약
2026-08-05T23:04:48,인천 부평구 아파트 거주청소 청소범위,seo-incheon-bupyeong-gu-apartment-residential-cleaning-scope,https://clever-griffin-93819d.netlify.app/seo-incheon-bupyeong-gu-apartment-residential-cleaning-scope/,인천 부평구,거주청소,아파트,청소범위
2026-08-05T23:04:48,인천 부평구 원룸 거주청소 전문업체,seo-incheon-bupyeong-gu-one-room-residential-cleaning-company,https://clever-griffin-93819d.netlify.app/seo-incheon-bupyeong-gu-one-room-residential-cleaning-company/,인천 부평구,거주청소,원룸,전문업체
2026-08-05T23:04:48,인천 부평구 원룸 거주청소 비용,seo-incheon-bupyeong-gu-one-room-residential-cleaning-cost,https://clever-griffin-93819d.netlify.app/seo-incheon-bupyeong-gu-one-room-residential-cleaning-cost/,인천 부평구,거주청소,원룸,비용
2026-08-05T23:04:48,인천 부평구 원룸 거주청소 가격,seo-incheon-bupyeong-gu-one-room-residential-cleaning-price,https://clever-griffin-93819d.netlify.app/seo-incheon-bupyeong-gu-one-room-residential-cleaning-price/,인천 부평구,거주청소,원룸,가격
2026-08-05T23:04:48,인천 부평구 원룸 거주청소 견적,seo-incheon-bupyeong-gu-one-room-residential-cleaning-estimate,https://clever-griffin-93819d.netlify.app/seo-incheon-bupyeong-gu-one-room-residential-cleaning-estimate/,인천 부평구,거주청소,원룸,견적
2026-08-05T23:04:48,인천 부평구 원룸 거주청소 예약,seo-incheon-bupyeong-gu-one-room-residential-cleaning-booking,https://clever-griffin-93819d.netlify.app/seo-incheon-bupyeong-gu-one-room-residential-cleaning-booking/,인천 부평구,거주청소,원룸,예약
2026-08-05T23:04:48,인천 부평구 원룸 거주청소 추천,seo-incheon-bupyeong-gu-one-room-residential-cleaning-recommend,https://clever-griffin-93819d.netlify.app/seo-incheon-bupyeong-gu-one-room-residential-cleaning-recommend/,인천 부평구,거주청소,원룸,추천
2026-08-05T23:04:48,인천 부평구 원룸 거주청소 후기,seo-incheon-bupyeong-gu-one-room-residential-cleaning-review,https://clever-griffin-93819d.netlify.app/seo-incheon-bupyeong-gu-one-room-residential-cleaning-review/,인천 부평구,거주청소,원룸,후기
2026-08-05T23:04:48,인천 부평구 원룸 거주청소 잘하는곳,seo-incheon-bupyeong-gu-one-room-residential-cleaning-best,https://clever-griffin-93819d.netlify.app/seo-incheon-bupyeong-gu-one-room-residential-cleaning-best/,인천 부평구,거주청소,원룸,잘하는곳
2026-08-05T23:04:48,인천 부평구 원룸 거주청소 업체,seo-incheon-bupyeong-gu-one-room-residential-cleaning-service,https://clever-griffin-93819d.netlify.app/seo-incheon-bupyeong-gu-one-room-residential-cleaning-service/,인천 부평구,거주청소,원룸,업체
2026-08-05T23:04:48,인천 부평구 원룸 거주청소 당일상담,seo-incheon-bupyeong-gu-one-room-residential-cleaning-same-day-consult,https://clever-griffin-93819d.netlify.app/seo-incheon-bupyeong-gu-one-room-residential-cleaning-same-day-consult/,인천 부평구,거주청소,원룸,당일상담
2026-08-05T23:04:48,인천 부평구 원룸 거주청소 주말예약,seo-incheon-bupyeong-gu-one-room-residential-cleaning-weekend-booking,https://clever-griffin-93819d.netlify.app/seo-incheon-bupyeong-gu-one-room-residential-cleaning-weekend-booking/,인천 부평구,거주청소,원룸,주말예약
2026-08-05T23:04:48,인천 부평구 원룸 거주청소 청소범위,seo-incheon-bupyeong-gu-one-room-residential-cleaning-scope,https://clever-griffin-93819d.netlify.app/seo-incheon-bupyeong-gu-one-room-residential-cleaning-scope/,인천 부평구,거주청소,원룸,청소범위
2026-08-05T23:04:48,인천 부평구 빌라 거주청소 전문업체,seo-incheon-bupyeong-gu-villa-residential-cleaning-company,https://clever-griffin-93819d.netlify.app/seo-incheon-bupyeong-gu-villa-residential-cleaning-company/,인천 부평구,거주청소,빌라,전문업체
2026-08-05T23:04:48,인천 부평구 빌라 거주청소 비용,seo-incheon-bupyeong-gu-villa-residential-cleaning-cost,https://clever-griffin-93819d.netlify.app/seo-incheon-bupyeong-gu-villa-residential-cleaning-cost/,인천 부평구,거주청소,빌라,비용
2026-08-05T23:04:48,인천 부평구 빌라 거주청소 가격,seo-incheon-bupyeong-gu-villa-residential-cleaning-price,https://clever-griffin-93819d.netlify.app/seo-incheon-bupyeong-gu-villa-residential-cleaning-price/,인천 부평구,거주청소,빌라,가격
2026-08-05T23:04:48,인천 부평구 빌라 거주청소 견적,seo-incheon-bupyeong-gu-villa-residential-cleaning-estimate,https://clever-griffin-93819d.netlify.app/seo-incheon-bupyeong-gu-villa-residential-cleaning-estimate/,인천 부평구,거주청소,빌라,견적
2026-08-05T23:04:48,인천 부평구 빌라 거주청소 예약,seo-incheon-bupyeong-gu-villa-residential-cleaning-booking,https://clever-griffin-93819d.netlify.app/seo-incheon-bupyeong-gu-villa-residential-cleaning-booking/,인천 부평구,거주청소,빌라,예약
2026-08-05T23:04:48,인천 부평구 빌라 거주청소 추천,seo-incheon-bupyeong-gu-villa-residential-cleaning-recommend,https://clever-griffin-93819d.netlify.app/seo-incheon-bupyeong-gu-villa-residential-cleaning-recommend/,인천 부평구,거주청소,빌라,추천
2026-08-05T23:04:48,인천 부평구 빌라 거주청소 후기,seo-incheon-bupyeong-gu-villa-residential-cleaning-review,https://clever-griffin-93819d.netlify.app/seo-incheon-bupyeong-gu-villa-residential-cleaning-review/,인천 부평구,거주청소,빌라,후기
2026-08-05T23:04:48,인천 부평구 빌라 거주청소 잘하는곳,seo-incheon-bupyeong-gu-villa-residential-cleaning-best,https://clever-griffin-93819d.netlify.app/seo-incheon-bupyeong-gu-villa-residential-cleaning-best/,인천 부평구,거주청소,빌라,잘하는곳
2026-08-05T23:04:48,인천 부평구 빌라 거주청소 업체,seo-incheon-bupyeong-gu-villa-residential-cleaning-service,https://clever-griffin-93819d.netlify.app/seo-incheon-bupyeong-gu-villa-residential-cleaning-service/,인천 부평구,거주청소,빌라,업체
2026-08-05T23:04:48,인천 부평구 빌라 거주청소 당일상담,seo-incheon-bupyeong-gu-villa-residential-cleaning-same-day-consult,https://clever-griffin-93819d.netlify.app/seo-incheon-bupyeong-gu-villa-residential-cleaning-same-day-consult/,인천 부평구,거주청소,빌라,당일상담
2026-08-05T23:04:48,인천 부평구 빌라 거주청소 주말예약,seo-incheon-bupyeong-gu-villa-residential-cleaning-weekend-booking,https://clever-griffin-93819d.netlify.app/seo-incheon-bupyeong-gu-villa-residential-cleaning-weekend-booking/,인천 부평구,거주청소,빌라,주말예약
2026-08-05T23:04:48,인천 부평구 빌라 거주청소 청소범위,seo-incheon-bupyeong-gu-villa-residential-cleaning-scope,https://clever-griffin-93819d.netlify.app/seo-incheon-bupyeong-gu-villa-residential-cleaning-scope/,인천 부평구,거주청소,빌라,청소범위
2026-08-05T23:04:48,인천 부평구 오피스텔 거주청소 전문업체,seo-incheon-bupyeong-gu-officetel-residential-cleaning-company,https://clever-griffin-93819d.netlify.app/seo-incheon-bupyeong-gu-officetel-residential-cleaning-company/,인천 부평구,거주청소,오피스텔,전문업체
2026-08-05T23:04:48,인천 부평구 오피스텔 거주청소 비용,seo-incheon-bupyeong-gu-officetel-residential-cleaning-cost,https://clever-griffin-93819d.netlify.app/seo-incheon-bupyeong-gu-officetel-residential-cleaning-cost/,인천 부평구,거주청소,오피스텔,비용
2026-08-05T23:04:48,인천 부평구 오피스텔 거주청소 가격,seo-incheon-bupyeong-gu-officetel-residential-cleaning-price,https://clever-griffin-93819d.netlify.app/seo-incheon-bupyeong-gu-officetel-residential-cleaning-price/,인천 부평구,거주청소,오피스텔,가격
2026-08-05T23:04:48,인천 부평구 오피스텔 거주청소 견적,seo-incheon-bupyeong-gu-officetel-residential-cleaning-estimate,https://clever-griffin-93819d.netlify.app/seo-incheon-bupyeong-gu-officetel-residential-cleaning-estimate/,인천 부평구,거주청소,오피스텔,견적
2026-08-05T23:04:48,인천 부평구 오피스텔 거주청소 예약,seo-incheon-bupyeong-gu-officetel-residential-cleaning-booking,https://clever-griffin-93819d.netlify.app/seo-incheon-bupyeong-gu-officetel-residential-cleaning-booking/,인천 부평구,거주청소,오피스텔,예약
2026-08-05T23:04:48,인천 부평구 오피스텔 거주청소 추천,seo-incheon-bupyeong-gu-officetel-residential-cleaning-recommend,https://clever-griffin-93819d.netlify.app/seo-incheon-bupyeong-gu-officetel-residential-cleaning-recommend/,인천 부평구,거주청소,오피스텔,추천
2026-08-05T23:04:48,인천 부평구 오피스텔 거주청소 후기,seo-incheon-bupyeong-gu-officetel-residential-cleaning-review,https://clever-griffin-93819d.netlify.app/seo-incheon-bupyeong-gu-officetel-residential-cleaning-review/,인천 부평구,거주청소,오피스텔,후기
2026-08-05T23:04:48,인천 부평구 오피스텔 거주청소 잘하는곳,seo-incheon-bupyeong-gu-officetel-residential-cleaning-best,https://clever-griffin-93819d.netlify.app/seo-incheon-bupyeong-gu-officetel-residential-cleaning-best/,인천 부평구,거주청소,오피스텔,잘하는곳
2026-08-05T23:04:48,인천 부평구 오피스텔 거주청소 업체,seo-incheon-bupyeong-gu-officetel-residential-cleaning-service,https://clever-griffin-93819d.netlify.app/seo-incheon-bupyeong-gu-officetel-residential-cleaning-service/,인천 부평구,거주청소,오피스텔,업체
2026-08-05T23:04:48,인천 부평구 오피스텔 거주청소 당일상담,seo-incheon-bupyeong-gu-officetel-residential-cleaning-same-day-consult,https://clever-griffin-93819d.netlify.app/seo-incheon-bupyeong-gu-officetel-residential-cleaning-same-day-consult/,인천 부평구,거주청소,오피스텔,당일상담
2026-08-05T23:04:48,인천 부평구 오피스텔 거주청소 주말예약,seo-incheon-bupyeong-gu-officetel-residential-cleaning-weekend-booking,https://clever-griffin-93819d.netlify.app/seo-incheon-bupyeong-gu-officetel-residential-cleaning-weekend-booking/,인천 부평구,거주청소,오피스텔,주말예약
2026-08-05T23:04:48,인천 부평구 오피스텔 거주청소 청소범위,seo-incheon-bupyeong-gu-officetel-residential-cleaning-scope,https://clever-griffin-93819d.netlify.app/seo-incheon-bupyeong-gu-officetel-residential-cleaning-scope/,인천 부평구,거주청소,오피스텔,청소범위
2026-08-05T23:04:48,인천 부평구 상가 거주청소 전문업체,seo-incheon-bupyeong-gu-store-residential-cleaning-company,https://clever-griffin-93819d.netlify.app/seo-incheon-bupyeong-gu-store-residential-cleaning-company/,인천 부평구,거주청소,상가,전문업체
2026-08-05T23:04:48,인천 부평구 상가 거주청소 비용,seo-incheon-bupyeong-gu-store-residential-cleaning-cost,https://clever-griffin-93819d.netlify.app/seo-incheon-bupyeong-gu-store-residential-cleaning-cost/,인천 부평구,거주청소,상가,비용
2026-08-05T23:04:48,인천 부평구 상가 거주청소 가격,seo-incheon-bupyeong-gu-store-residential-cleaning-price,https://clever-griffin-93819d.netlify.app/seo-incheon-bupyeong-gu-store-residential-cleaning-price/,인천 부평구,거주청소,상가,가격
2026-08-05T23:04:48,인천 부평구 상가 거주청소 견적,seo-incheon-bupyeong-gu-store-residential-cleaning-estimate,https://clever-griffin-93819d.netlify.app/seo-incheon-bupyeong-gu-store-residential-cleaning-estimate/,인천 부평구,거주청소,상가,견적
2026-08-05T23:04:48,인천 부평구 상가 거주청소 예약,seo-incheon-bupyeong-gu-store-residential-cleaning-booking,https://clever-griffin-93819d.netlify.app/seo-incheon-bupyeong-gu-store-residential-cleaning-booking/,인천 부평구,거주청소,상가,예약
2026-08-05T23:04:48,인천 부평구 상가 거주청소 추천,seo-incheon-bupyeong-gu-store-residential-cleaning-recommend,https://clever-griffin-93819d.netlify.app/seo-incheon-bupyeong-gu-store-residential-cleaning-recommend/,인천 부평구,거주청소,상가,추천
2026-08-05T23:04:48,인천 부평구 상가 거주청소 후기,seo-incheon-bupyeong-gu-store-residential-cleaning-review,https://clever-griffin-93819d.netlify.app/seo-incheon-bupyeong-gu-store-residential-cleaning-review/,인천 부평구,거주청소,상가,후기
2026-08-05T23:04:48,인천 부평구 상가 거주청소 잘하는곳,seo-incheon-bupyeong-gu-store-residential-cleaning-best,https://clever-griffin-93819d.netlify.app/seo-incheon-bupyeong-gu-store-residential-cleaning-best/,인천 부평구,거주청소,상가,잘하는곳
2026-08-05T23:04:48,인천 부평구 상가 거주청소 업체,seo-incheon-bupyeong-gu-store-residential-cleaning-service,https://clever-griffin-93819d.netlify.app/seo-incheon-bupyeong-gu-store-residential-cleaning-service/,인천 부평구,거주청소,상가,업체
2026-08-05T23:04:48,인천 부평구 상가 거주청소 당일상담,seo-incheon-bupyeong-gu-store-residential-cleaning-same-day-consult,https://clever-griffin-93819d.netlify.app/seo-incheon-bupyeong-gu-store-residential-cleaning-same-day-consult/,인천 부평구,거주청소,상가,당일상담
2026-08-05T23:04:48,인천 부평구 상가 거주청소 주말예약,seo-incheon-bupyeong-gu-store-residential-cleaning-weekend-booking,https://clever-griffin-93819d.netlify.app/seo-incheon-bupyeong-gu-store-residential-cleaning-weekend-booking/,인천 부평구,거주청소,상가,주말예약
2026-08-05T23:04:48,인천 부평구 상가 거주청소 청소범위,seo-incheon-bupyeong-gu-store-residential-cleaning-scope,https://clever-griffin-93819d.netlify.app/seo-incheon-bupyeong-gu-store-residential-cleaning-scope/,인천 부평구,거주청소,상가,청소범위
2026-08-05T23:04:48,인천 부평구 사무실 거주청소 전문업체,seo-incheon-bupyeong-gu-office-residential-cleaning-company,https://clever-griffin-93819d.netlify.app/seo-incheon-bupyeong-gu-office-residential-cleaning-company/,인천 부평구,거주청소,사무실,전문업체
2026-08-05T23:04:48,인천 부평구 사무실 거주청소 비용,seo-incheon-bupyeong-gu-office-residential-cleaning-cost,https://clever-griffin-93819d.netlify.app/seo-incheon-bupyeong-gu-office-residential-cleaning-cost/,인천 부평구,거주청소,사무실,비용
2026-08-05T23:04:48,인천 부평구 사무실 거주청소 가격,seo-incheon-bupyeong-gu-office-residential-cleaning-price,https://clever-griffin-93819d.netlify.app/seo-incheon-bupyeong-gu-office-residential-cleaning-price/,인천 부평구,거주청소,사무실,가격
2026-08-05T23:04:48,인천 부평구 사무실 거주청소 견적,seo-incheon-bupyeong-gu-office-residential-cleaning-estimate,https://clever-griffin-93819d.netlify.app/seo-incheon-bupyeong-gu-office-residential-cleaning-estimate/,인천 부평구,거주청소,사무실,견적
2026-08-05T23:04:48,인천 부평구 사무실 거주청소 예약,seo-incheon-bupyeong-gu-office-residential-cleaning-booking,https://clever-griffin-93819d.netlify.app/seo-incheon-bupyeong-gu-office-residential-cleaning-booking/,인천 부평구,거주청소,사무실,예약
2026-08-05T23:04:48,인천 부평구 사무실 거주청소 추천,seo-incheon-bupyeong-gu-office-residential-cleaning-recommend,https://clever-griffin-93819d.netlify.app/seo-incheon-bupyeong-gu-office-residential-cleaning-recommend/,인천 부평구,거주청소,사무실,추천
2026-08-05T23:04:48,인천 부평구 사무실 거주청소 후기,seo-incheon-bupyeong-gu-office-residential-cleaning-review,https://clever-griffin-93819d.netlify.app/seo-incheon-bupyeong-gu-office-residential-cleaning-review/,인천 부평구,거주청소,사무실,후기
2026-08-05T23:04:48,인천 부평구 사무실 거주청소 잘하는곳,seo-incheon-bupyeong-gu-office-residential-cleaning-best,https://clever-griffin-93819d.netlify.app/seo-incheon-bupyeong-gu-office-residential-cleaning-best/,인천 부평구,거주청소,사무실,잘하는곳
2026-08-05T23:04:48,인천 부평구 사무실 거주청소 업체,seo-incheon-bupyeong-gu-office-residential-cleaning-service,https://clever-griffin-93819d.netlify.app/seo-incheon-bupyeong-gu-office-residential-cleaning-service/,인천 부평구,거주청소,사무실,업체
2026-08-05T23:04:48,인천 부평구 사무실 거주청소 당일상담,seo-incheon-bupyeong-gu-office-residential-cleaning-same-day-consult,https://clever-griffin-93819d.netlify.app/seo-incheon-bupyeong-gu-office-residential-cleaning-same-day-consult/,인천 부평구,거주청소,사무실,당일상담
2026-08-05T23:04:48,인천 부평구 사무실 거주청소 주말예약,seo-incheon-bupyeong-gu-office-residential-cleaning-weekend-booking,https://clever-griffin-93819d.netlify.app/seo-incheon-bupyeong-gu-office-residential-cleaning-weekend-booking/,인천 부평구,거주청소,사무실,주말예약
2026-08-05T23:04:48,인천 부평구 사무실 거주청소 청소범위,seo-incheon-bupyeong-gu-office-residential-cleaning-scope,https://clever-griffin-93819d.netlify.app/seo-incheon-bupyeong-gu-office-residential-cleaning-scope/,인천 부평구,거주청소,사무실,청소범위
2026-08-05T23:04:48,인천 부평구 상가청소 전문업체,seo-incheon-bupyeong-gu-store-cleaning-company,https://clever-griffin-93819d.netlify.app/seo-incheon-bupyeong-gu-store-cleaning-company/,인천 부평구,상가청소,상가,전문업체
2026-08-05T23:04:48,인천 부평구 상가청소 비용,seo-incheon-bupyeong-gu-store-cleaning-cost,https://clever-griffin-93819d.netlify.app/seo-incheon-bupyeong-gu-store-cleaning-cost/,인천 부평구,상가청소,상가,비용
2026-08-05T23:04:48,인천 부평구 상가청소 가격,seo-incheon-bupyeong-gu-store-cleaning-price,https://clever-griffin-93819d.netlify.app/seo-incheon-bupyeong-gu-store-cleaning-price/,인천 부평구,상가청소,상가,가격
2026-08-05T23:04:48,인천 부평구 상가청소 견적,seo-incheon-bupyeong-gu-store-cleaning-estimate,https://clever-griffin-93819d.netlify.app/seo-incheon-bupyeong-gu-store-cleaning-estimate/,인천 부평구,상가청소,상가,견적
2026-08-05T23:04:48,인천 부평구 상가청소 예약,seo-incheon-bupyeong-gu-store-cleaning-booking,https://clever-griffin-93819d.netlify.app/seo-incheon-bupyeong-gu-store-cleaning-booking/,인천 부평구,상가청소,상가,예약
2026-08-05T23:04:48,인천 부평구 상가청소 추천,seo-incheon-bupyeong-gu-store-cleaning-recommend,https://clever-griffin-93819d.netlify.app/seo-incheon-bupyeong-gu-store-cleaning-recommend/,인천 부평구,상가청소,상가,추천
2026-08-05T23:04:48,인천 부평구 상가청소 후기,seo-incheon-bupyeong-gu-store-cleaning-review,https://clever-griffin-93819d.netlify.app/seo-incheon-bupyeong-gu-store-cleaning-review/,인천 부평구,상가청소,상가,후기
2026-08-05T23:04:48,인천 부평구 상가청소 잘하는곳,seo-incheon-bupyeong-gu-store-cleaning-best,https://clever-griffin-93819d.netlify.app/seo-incheon-bupyeong-gu-store-cleaning-best/,인천 부평구,상가청소,상가,잘하는곳
2026-08-05T23:04:48,인천 부평구 상가청소 업체,seo-incheon-bupyeong-gu-store-cleaning-service,https://clever-griffin-93819d.netlify.app/seo-incheon-bupyeong-gu-store-cleaning-service/,인천 부평구,상가청소,상가,업체
2026-08-05T23:04:48,인천 부평구 상가청소 당일상담,seo-incheon-bupyeong-gu-store-cleaning-same-day-consult,https://clever-griffin-93819d.netlify.app/seo-incheon-bupyeong-gu-store-cleaning-same-day-consult/,인천 부평구,상가청소,상가,당일상담
2026-08-05T23:04:48,인천 부평구 상가청소 주말예약,seo-incheon-bupyeong-gu-store-cleaning-weekend-booking,https://clever-griffin-93819d.netlify.app/seo-incheon-bupyeong-gu-store-cleaning-weekend-booking/,인천 부평구,상가청소,상가,주말예약
2026-08-05T23:04:48,인천 부평구 상가청소 청소범위,seo-incheon-bupyeong-gu-store-cleaning-scope,https://clever-griffin-93819d.netlify.app/seo-incheon-bupyeong-gu-store-cleaning-scope/,인천 부평구,상가청소,상가,청소범위
2026-08-05T23:04:48,인천 부평구 사무실청소 전문업체,seo-incheon-bupyeong-gu-office-cleaning-company,https://clever-griffin-93819d.netlify.app/seo-incheon-bupyeong-gu-office-cleaning-company/,인천 부평구,사무실청소,사무실,전문업체
2026-08-05T23:04:48,인천 부평구 사무실청소 비용,seo-incheon-bupyeong-gu-office-cleaning-cost,https://clever-griffin-93819d.netlify.app/seo-incheon-bupyeong-gu-office-cleaning-cost/,인천 부평구,사무실청소,사무실,비용
2026-08-05T23:04:48,인천 부평구 사무실청소 가격,seo-incheon-bupyeong-gu-office-cleaning-price,https://clever-griffin-93819d.netlify.app/seo-incheon-bupyeong-gu-office-cleaning-price/,인천 부평구,사무실청소,사무실,가격
2026-08-05T23:04:48,인천 부평구 사무실청소 견적,seo-incheon-bupyeong-gu-office-cleaning-estimate,https://clever-griffin-93819d.netlify.app/seo-incheon-bupyeong-gu-office-cleaning-estimate/,인천 부평구,사무실청소,사무실,견적
2026-08-05T23:04:48,인천 부평구 사무실청소 예약,seo-incheon-bupyeong-gu-office-cleaning-booking,https://clever-griffin-93819d.netlify.app/seo-incheon-bupyeong-gu-office-cleaning-booking/,인천 부평구,사무실청소,사무실,예약
2026-08-05T23:04:48,인천 부평구 사무실청소 추천,seo-incheon-bupyeong-gu-office-cleaning-recommend,https://clever-griffin-93819d.netlify.app/seo-incheon-bupyeong-gu-office-cleaning-recommend/,인천 부평구,사무실청소,사무실,추천
2026-08-05T23:04:48,인천 부평구 사무실청소 후기,seo-incheon-bupyeong-gu-office-cleaning-review,https://clever-griffin-93819d.netlify.app/seo-incheon-bupyeong-gu-office-cleaning-review/,인천 부평구,사무실청소,사무실,후기
2026-08-05T23:04:48,인천 부평구 사무실청소 잘하는곳,seo-incheon-bupyeong-gu-office-cleaning-best,https://clever-griffin-93819d.netlify.app/seo-incheon-bupyeong-gu-office-cleaning-best/,인천 부평구,사무실청소,사무실,잘하는곳
2026-08-05T23:04:48,인천 부평구 사무실청소 업체,seo-incheon-bupyeong-gu-office-cleaning-service,https://clever-griffin-93819d.netlify.app/seo-incheon-bupyeong-gu-office-cleaning-service/,인천 부평구,사무실청소,사무실,업체
2026-08-05T23:04:48,인천 부평구 사무실청소 당일상담,seo-incheon-bupyeong-gu-office-cleaning-same-day-consult,https://clever-griffin-93819d.netlify.app/seo-incheon-bupyeong-gu-office-cleaning-same-day-consult/,인천 부평구,사무실청소,사무실,당일상담
2026-08-05T23:04:48,인천 부평구 사무실청소 주말예약,seo-incheon-bupyeong-gu-office-cleaning-weekend-booking,https://clever-griffin-93819d.netlify.app/seo-incheon-bupyeong-gu-office-cleaning-weekend-booking/,인천 부평구,사무실청소,사무실,주말예약
2026-08-05T23:04:48,인천 부평구 사무실청소 청소범위,seo-incheon-bupyeong-gu-office-cleaning-scope,https://clever-griffin-93819d.netlify.app/seo-incheon-bupyeong-gu-office-cleaning-scope/,인천 부평구,사무실청소,사무실,청소범위
2026-08-05T23:04:48,인천 부평구 원룸청소 전문업체,seo-incheon-bupyeong-gu-one-room-cleaning-company,https://clever-griffin-93819d.netlify.app/seo-incheon-bupyeong-gu-one-room-cleaning-company/,인천 부평구,원룸청소,원룸,전문업체
2026-08-05T23:04:48,인천 부평구 원룸청소 비용,seo-incheon-bupyeong-gu-one-room-cleaning-cost,https://clever-griffin-93819d.netlify.app/seo-incheon-bupyeong-gu-one-room-cleaning-cost/,인천 부평구,원룸청소,원룸,비용
2026-08-05T23:04:48,인천 부평구 원룸청소 가격,seo-incheon-bupyeong-gu-one-room-cleaning-price,https://clever-griffin-93819d.netlify.app/seo-incheon-bupyeong-gu-one-room-cleaning-price/,인천 부평구,원룸청소,원룸,가격
2026-08-05T23:04:48,인천 부평구 원룸청소 견적,seo-incheon-bupyeong-gu-one-room-cleaning-estimate,https://clever-griffin-93819d.netlify.app/seo-incheon-bupyeong-gu-one-room-cleaning-estimate/,인천 부평구,원룸청소,원룸,견적
2026-08-05T23:04:48,인천 부평구 원룸청소 예약,seo-incheon-bupyeong-gu-one-room-cleaning-booking,https://clever-griffin-93819d.netlify.app/seo-incheon-bupyeong-gu-one-room-cleaning-booking/,인천 부평구,원룸청소,원룸,예약
2026-08-05T23:04:48,인천 부평구 원룸청소 추천,seo-incheon-bupyeong-gu-one-room-cleaning-recommend,https://clever-griffin-93819d.netlify.app/seo-incheon-bupyeong-gu-one-room-cleaning-recommend/,인천 부평구,원룸청소,원룸,추천
2026-08-05T23:04:48,인천 부평구 원룸청소 후기,seo-incheon-bupyeong-gu-one-room-cleaning-review,https://clever-griffin-93819d.netlify.app/seo-incheon-bupyeong-gu-one-room-cleaning-review/,인천 부평구,원룸청소,원룸,후기
2026-08-05T23:04:48,인천 부평구 원룸청소 잘하는곳,seo-incheon-bupyeong-gu-one-room-cleaning-best,https://clever-griffin-93819d.netlify.app/seo-incheon-bupyeong-gu-one-room-cleaning-best/,인천 부평구,원룸청소,원룸,잘하는곳
2026-08-05T23:04:48,인천 부평구 원룸청소 업체,seo-incheon-bupyeong-gu-one-room-cleaning-service,https://clever-griffin-93819d.netlify.app/seo-incheon-bupyeong-gu-one-room-cleaning-service/,인천 부평구,원룸청소,원룸,업체
2026-08-05T23:04:48,인천 부평구 원룸청소 당일상담,seo-incheon-bupyeong-gu-one-room-cleaning-same-day-consult,https://clever-griffin-93819d.netlify.app/seo-incheon-bupyeong-gu-one-room-cleaning-same-day-consult/,인천 부평구,원룸청소,원룸,당일상담
2026-08-05T23:04:48,인천 부평구 원룸청소 주말예약,seo-incheon-bupyeong-gu-one-room-cleaning-weekend-booking,https://clever-griffin-93819d.netlify.app/seo-incheon-bupyeong-gu-one-room-cleaning-weekend-booking/,인천 부평구,원룸청소,원룸,주말예약
2026-08-05T23:04:48,인천 부평구 원룸청소 청소범위,seo-incheon-bupyeong-gu-one-room-cleaning-scope,https://clever-griffin-93819d.netlify.app/seo-incheon-bupyeong-gu-one-room-cleaning-scope/,인천 부평구,원룸청소,원룸,청소범위
2026-08-05T23:04:48,인천 부평구 빌라청소 전문업체,seo-incheon-bupyeong-gu-villa-cleaning-company,https://clever-griffin-93819d.netlify.app/seo-incheon-bupyeong-gu-villa-cleaning-company/,인천 부평구,빌라청소,빌라,전문업체
2026-08-05T23:04:48,인천 부평구 빌라청소 비용,seo-incheon-bupyeong-gu-villa-cleaning-cost,https://clever-griffin-93819d.netlify.app/seo-incheon-bupyeong-gu-villa-cleaning-cost/,인천 부평구,빌라청소,빌라,비용
2026-08-05T23:04:48,인천 부평구 빌라청소 가격,seo-incheon-bupyeong-gu-villa-cleaning-price,https://clever-griffin-93819d.netlify.app/seo-incheon-bupyeong-gu-villa-cleaning-price/,인천 부평구,빌라청소,빌라,가격
2026-08-05T23:04:48,인천 부평구 빌라청소 견적,seo-incheon-bupyeong-gu-villa-cleaning-estimate,https://clever-griffin-93819d.netlify.app/seo-incheon-bupyeong-gu-villa-cleaning-estimate/,인천 부평구,빌라청소,빌라,견적
2026-08-05T23:04:48,인천 부평구 빌라청소 예약,seo-incheon-bupyeong-gu-villa-cleaning-booking,https://clever-griffin-93819d.netlify.app/seo-incheon-bupyeong-gu-villa-cleaning-booking/,인천 부평구,빌라청소,빌라,예약
2026-08-05T23:04:48,인천 부평구 빌라청소 추천,seo-incheon-bupyeong-gu-villa-cleaning-recommend,https://clever-griffin-93819d.netlify.app/seo-incheon-bupyeong-gu-villa-cleaning-recommend/,인천 부평구,빌라청소,빌라,추천
2026-08-05T23:04:48,인천 부평구 빌라청소 후기,seo-incheon-bupyeong-gu-villa-cleaning-review,https://clever-griffin-93819d.netlify.app/seo-incheon-bupyeong-gu-villa-cleaning-review/,인천 부평구,빌라청소,빌라,후기
2026-08-05T23:04:48,인천 부평구 빌라청소 잘하는곳,seo-incheon-bupyeong-gu-villa-cleaning-best,https://clever-griffin-93819d.netlify.app/seo-incheon-bupyeong-gu-villa-cleaning-best/,인천 부평구,빌라청소,빌라,잘하는곳
2026-08-05T23:04:48,인천 부평구 빌라청소 업체,seo-incheon-bupyeong-gu-villa-cleaning-service,https://clever-griffin-93819d.netlify.app/seo-incheon-bupyeong-gu-villa-cleaning-service/,인천 부평구,빌라청소,빌라,업체
2026-08-05T23:04:48,인천 부평구 빌라청소 당일상담,seo-incheon-bupyeong-gu-villa-cleaning-same-day-consult,https://clever-griffin-93819d.netlify.app/seo-incheon-bupyeong-gu-villa-cleaning-same-day-consult/,인천 부평구,빌라청소,빌라,당일상담
2026-08-05T23:04:48,인천 부평구 빌라청소 주말예약,seo-incheon-bupyeong-gu-villa-cleaning-weekend-booking,https://clever-griffin-93819d.netlify.app/seo-incheon-bupyeong-gu-villa-cleaning-weekend-booking/,인천 부평구,빌라청소,빌라,주말예약
2026-08-05T23:04:48,인천 부평구 빌라청소 청소범위,seo-incheon-bupyeong-gu-villa-cleaning-scope,https://clever-griffin-93819d.netlify.app/seo-incheon-bupyeong-gu-villa-cleaning-scope/,인천 부평구,빌라청소,빌라,청소범위
2026-08-05T23:04:48,인천 부평구 오피스텔청소 전문업체,seo-incheon-bupyeong-gu-officetel-cleaning-company,https://clever-griffin-93819d.netlify.app/seo-incheon-bupyeong-gu-officetel-cleaning-company/,인천 부평구,오피스텔청소,오피스텔,전문업체
2026-08-05T23:04:48,인천 부평구 오피스텔청소 비용,seo-incheon-bupyeong-gu-officetel-cleaning-cost,https://clever-griffin-93819d.netlify.app/seo-incheon-bupyeong-gu-officetel-cleaning-cost/,인천 부평구,오피스텔청소,오피스텔,비용
2026-08-05T23:04:48,인천 부평구 오피스텔청소 가격,seo-incheon-bupyeong-gu-officetel-cleaning-price,https://clever-griffin-93819d.netlify.app/seo-incheon-bupyeong-gu-officetel-cleaning-price/,인천 부평구,오피스텔청소,오피스텔,가격
2026-08-05T23:04:48,인천 부평구 오피스텔청소 견적,seo-incheon-bupyeong-gu-officetel-cleaning-estimate,https://clever-griffin-93819d.netlify.app/seo-incheon-bupyeong-gu-officetel-cleaning-estimate/,인천 부평구,오피스텔청소,오피스텔,견적
2026-08-05T23:04:48,인천 부평구 오피스텔청소 예약,seo-incheon-bupyeong-gu-officetel-cleaning-booking,https://clever-griffin-93819d.netlify.app/seo-incheon-bupyeong-gu-officetel-cleaning-booking/,인천 부평구,오피스텔청소,오피스텔,예약
2026-08-05T23:04:48,인천 부평구 오피스텔청소 추천,seo-incheon-bupyeong-gu-officetel-cleaning-recommend,https://clever-griffin-93819d.netlify.app/seo-incheon-bupyeong-gu-officetel-cleaning-recommend/,인천 부평구,오피스텔청소,오피스텔,추천
2026-08-05T23:04:48,인천 부평구 오피스텔청소 후기,seo-incheon-bupyeong-gu-officetel-cleaning-review,https://clever-griffin-93819d.netlify.app/seo-incheon-bupyeong-gu-officetel-cleaning-review/,인천 부평구,오피스텔청소,오피스텔,후기
2026-08-05T23:04:48,인천 부평구 오피스텔청소 잘하는곳,seo-incheon-bupyeong-gu-officetel-cleaning-best,https://clever-griffin-93819d.netlify.app/seo-incheon-bupyeong-gu-officetel-cleaning-best/,인천 부평구,오피스텔청소,오피스텔,잘하는곳
2026-08-05T23:04:48,인천 부평구 오피스텔청소 업체,seo-incheon-bupyeong-gu-officetel-cleaning-service,https://clever-griffin-93819d.netlify.app/seo-incheon-bupyeong-gu-officetel-cleaning-service/,인천 부평구,오피스텔청소,오피스텔,업체
2026-08-05T23:04:48,인천 부평구 오피스텔청소 당일상담,seo-incheon-bupyeong-gu-officetel-cleaning-same-day-consult,https://clever-griffin-93819d.netlify.app/seo-incheon-bupyeong-gu-officetel-cleaning-same-day-consult/,인천 부평구,오피스텔청소,오피스텔,당일상담
2026-08-05T23:04:48,인천 부평구 오피스텔청소 주말예약,seo-incheon-bupyeong-gu-officetel-cleaning-weekend-booking,https://clever-griffin-93819d.netlify.app/seo-incheon-bupyeong-gu-officetel-cleaning-weekend-booking/,인천 부평구,오피스텔청소,오피스텔,주말예약
2026-08-05T23:04:48,인천 부평구 오피스텔청소 청소범위,seo-incheon-bupyeong-gu-officetel-cleaning-scope,https://clever-griffin-93819d.netlify.app/seo-incheon-bupyeong-gu-officetel-cleaning-scope/,인천 부평구,오피스텔청소,오피스텔,청소범위
2026-08-05T23:04:48,인천 부평구 원룸 폐기물청소 전문업체,seo-incheon-bupyeong-gu-one-room-waste-cleaning-company,https://clever-griffin-93819d.netlify.app/seo-incheon-bupyeong-gu-one-room-waste-cleaning-company/,인천 부평구,폐기물청소,원룸,전문업체
2026-08-05T23:04:48,인천 부평구 원룸 폐기물청소 비용,seo-incheon-bupyeong-gu-one-room-waste-cleaning-cost,https://clever-griffin-93819d.netlify.app/seo-incheon-bupyeong-gu-one-room-waste-cleaning-cost/,인천 부평구,폐기물청소,원룸,비용
2026-08-05T23:04:48,인천 부평구 원룸 폐기물청소 가격,seo-incheon-bupyeong-gu-one-room-waste-cleaning-price,https://clever-griffin-93819d.netlify.app/seo-incheon-bupyeong-gu-one-room-waste-cleaning-price/,인천 부평구,폐기물청소,원룸,가격
2026-08-05T23:04:48,인천 부평구 원룸 폐기물청소 견적,seo-incheon-bupyeong-gu-one-room-waste-cleaning-estimate,https://clever-griffin-93819d.netlify.app/seo-incheon-bupyeong-gu-one-room-waste-cleaning-estimate/,인천 부평구,폐기물청소,원룸,견적
2026-08-05T23:04:48,인천 부평구 원룸 폐기물청소 예약,seo-incheon-bupyeong-gu-one-room-waste-cleaning-booking,https://clever-griffin-93819d.netlify.app/seo-incheon-bupyeong-gu-one-room-waste-cleaning-booking/,인천 부평구,폐기물청소,원룸,예약
2026-08-05T23:04:48,인천 부평구 원룸 폐기물청소 추천,seo-incheon-bupyeong-gu-one-room-waste-cleaning-recommend,https://clever-griffin-93819d.netlify.app/seo-incheon-bupyeong-gu-one-room-waste-cleaning-recommend/,인천 부평구,폐기물청소,원룸,추천
2026-08-05T23:04:48,인천 부평구 원룸 폐기물청소 후기,seo-incheon-bupyeong-gu-one-room-waste-cleaning-review,https://clever-griffin-93819d.netlify.app/seo-incheon-bupyeong-gu-one-room-waste-cleaning-review/,인천 부평구,폐기물청소,원룸,후기
2026-08-05T23:04:48,인천 부평구 원룸 폐기물청소 잘하는곳,seo-incheon-bupyeong-gu-one-room-waste-cleaning-best,https://clever-griffin-93819d.netlify.app/seo-incheon-bupyeong-gu-one-room-waste-cleaning-best/,인천 부평구,폐기물청소,원룸,잘하는곳
2026-08-05T23:04:48,인천 부평구 원룸 폐기물청소 업체,seo-incheon-bupyeong-gu-one-room-waste-cleaning-service,https://clever-griffin-93819d.netlify.app/seo-incheon-bupyeong-gu-one-room-waste-cleaning-service/,인천 부평구,폐기물청소,원룸,업체
2026-08-05T23:04:48,인천 부평구 원룸 폐기물청소 당일상담,seo-incheon-bupyeong-gu-one-room-waste-cleaning-same-day-consult,https://clever-griffin-93819d.netlify.app/seo-incheon-bupyeong-gu-one-room-waste-cleaning-same-day-consult/,인천 부평구,폐기물청소,원룸,당일상담
2026-08-05T23:04:48,인천 부평구 원룸 폐기물청소 주말예약,seo-incheon-bupyeong-gu-one-room-waste-cleaning-weekend-booking,https://clever-griffin-93819d.netlify.app/seo-incheon-bupyeong-gu-one-room-waste-cleaning-weekend-booking/,인천 부평구,폐기물청소,원룸,주말예약
2026-08-05T23:04:48,인천 부평구 원룸 폐기물청소 청소범위,seo-incheon-bupyeong-gu-one-room-waste-cleaning-scope,https://clever-griffin-93819d.netlify.app/seo-incheon-bupyeong-gu-one-room-waste-cleaning-scope/,인천 부평구,폐기물청소,원룸,청소범위
2026-08-05T23:04:48,인천 부평구 빌라 폐기물청소 전문업체,seo-incheon-bupyeong-gu-villa-waste-cleaning-company,https://clever-griffin-93819d.netlify.app/seo-incheon-bupyeong-gu-villa-waste-cleaning-company/,인천 부평구,폐기물청소,빌라,전문업체
2026-08-05T23:04:48,인천 부평구 빌라 폐기물청소 비용,seo-incheon-bupyeong-gu-villa-waste-cleaning-cost,https://clever-griffin-93819d.netlify.app/seo-incheon-bupyeong-gu-villa-waste-cleaning-cost/,인천 부평구,폐기물청소,빌라,비용
2026-08-05T23:04:48,인천 부평구 빌라 폐기물청소 가격,seo-incheon-bupyeong-gu-villa-waste-cleaning-price,https://clever-griffin-93819d.netlify.app/seo-incheon-bupyeong-gu-villa-waste-cleaning-price/,인천 부평구,폐기물청소,빌라,가격
2026-08-05T23:04:48,인천 부평구 빌라 폐기물청소 견적,seo-incheon-bupyeong-gu-villa-waste-cleaning-estimate,https://clever-griffin-93819d.netlify.app/seo-incheon-bupyeong-gu-villa-waste-cleaning-estimate/,인천 부평구,폐기물청소,빌라,견적
2026-08-05T23:04:48,인천 부평구 빌라 폐기물청소 예약,seo-incheon-bupyeong-gu-villa-waste-cleaning-booking,https://clever-griffin-93819d.netlify.app/seo-incheon-bupyeong-gu-villa-waste-cleaning-booking/,인천 부평구,폐기물청소,빌라,예약
2026-08-05T23:04:48,인천 부평구 빌라 폐기물청소 추천,seo-incheon-bupyeong-gu-villa-waste-cleaning-recommend,https://clever-griffin-93819d.netlify.app/seo-incheon-bupyeong-gu-villa-waste-cleaning-recommend/,인천 부평구,폐기물청소,빌라,추천
2026-08-05T23:04:48,인천 부평구 빌라 폐기물청소 후기,seo-incheon-bupyeong-gu-villa-waste-cleaning-review,https://clever-griffin-93819d.netlify.app/seo-incheon-bupyeong-gu-villa-waste-cleaning-review/,인천 부평구,폐기물청소,빌라,후기
2026-08-05T23:04:48,인천 부평구 빌라 폐기물청소 잘하는곳,seo-incheon-bupyeong-gu-villa-waste-cleaning-best,https://clever-griffin-93819d.netlify.app/seo-incheon-bupyeong-gu-villa-waste-cleaning-best/,인천 부평구,폐기물청소,빌라,잘하는곳
2026-08-05T23:04:48,인천 부평구 빌라 폐기물청소 업체,seo-incheon-bupyeong-gu-villa-waste-cleaning-service,https://clever-griffin-93819d.netlify.app/seo-incheon-bupyeong-gu-villa-waste-cleaning-service/,인천 부평구,폐기물청소,빌라,업체
2026-08-05T23:04:48,인천 부평구 빌라 폐기물청소 당일상담,seo-incheon-bupyeong-gu-villa-waste-cleaning-same-day-consult,https://clever-griffin-93819d.netlify.app/seo-incheon-bupyeong-gu-villa-waste-cleaning-same-day-consult/,인천 부평구,폐기물청소,빌라,당일상담
2026-08-05T23:04:48,인천 부평구 빌라 폐기물청소 주말예약,seo-incheon-bupyeong-gu-villa-waste-cleaning-weekend-booking,https://clever-griffin-93819d.netlify.app/seo-incheon-bupyeong-gu-villa-waste-cleaning-weekend-booking/,인천 부평구,폐기물청소,빌라,주말예약
2026-08-05T23:04:48,인천 부평구 빌라 폐기물청소 청소범위,seo-incheon-bupyeong-gu-villa-waste-cleaning-scope,https://clever-griffin-93819d.netlify.app/seo-incheon-bupyeong-gu-villa-waste-cleaning-scope/,인천 부평구,폐기물청소,빌라,청소범위
2026-08-05T23:04:48,인천 부평구 오피스텔 폐기물청소 전문업체,seo-incheon-bupyeong-gu-officetel-waste-cleaning-company,https://clever-griffin-93819d.netlify.app/seo-incheon-bupyeong-gu-officetel-waste-cleaning-company/,인천 부평구,폐기물청소,오피스텔,전문업체
2026-08-05T23:04:48,인천 부평구 오피스텔 폐기물청소 비용,seo-incheon-bupyeong-gu-officetel-waste-cleaning-cost,https://clever-griffin-93819d.netlify.app/seo-incheon-bupyeong-gu-officetel-waste-cleaning-cost/,인천 부평구,폐기물청소,오피스텔,비용
2026-08-05T23:04:48,인천 부평구 오피스텔 폐기물청소 가격,seo-incheon-bupyeong-gu-officetel-waste-cleaning-price,https://clever-griffin-93819d.netlify.app/seo-incheon-bupyeong-gu-officetel-waste-cleaning-price/,인천 부평구,폐기물청소,오피스텔,가격
2026-08-05T23:04:48,인천 부평구 오피스텔 폐기물청소 견적,seo-incheon-bupyeong-gu-officetel-waste-cleaning-estimate,https://clever-griffin-93819d.netlify.app/seo-incheon-bupyeong-gu-officetel-waste-cleaning-estimate/,인천 부평구,폐기물청소,오피스텔,견적
2026-08-05T23:04:48,인천 부평구 오피스텔 폐기물청소 예약,seo-incheon-bupyeong-gu-officetel-waste-cleaning-booking,https://clever-griffin-93819d.netlify.app/seo-incheon-bupyeong-gu-officetel-waste-cleaning-booking/,인천 부평구,폐기물청소,오피스텔,예약
2026-08-05T23:04:48,인천 부평구 오피스텔 폐기물청소 추천,seo-incheon-bupyeong-gu-officetel-waste-cleaning-recommend,https://clever-griffin-93819d.netlify.app/seo-incheon-bupyeong-gu-officetel-waste-cleaning-recommend/,인천 부평구,폐기물청소,오피스텔,추천
2026-08-05T23:04:48,인천 부평구 오피스텔 폐기물청소 후기,seo-incheon-bupyeong-gu-officetel-waste-cleaning-review,https://clever-griffin-93819d.netlify.app/seo-incheon-bupyeong-gu-officetel-waste-cleaning-review/,인천 부평구,폐기물청소,오피스텔,후기
2026-08-05T23:04:48,인천 부평구 오피스텔 폐기물청소 잘하는곳,seo-incheon-bupyeong-gu-officetel-waste-cleaning-best,https://clever-griffin-93819d.netlify.app/seo-incheon-bupyeong-gu-officetel-waste-cleaning-best/,인천 부평구,폐기물청소,오피스텔,잘하는곳
2026-08-05T23:04:48,인천 부평구 오피스텔 폐기물청소 업체,seo-incheon-bupyeong-gu-officetel-waste-cleaning-service,https://clever-griffin-93819d.netlify.app/seo-incheon-bupyeong-gu-officetel-waste-cleaning-service/,인천 부평구,폐기물청소,오피스텔,업체
2026-08-05T23:04:48,인천 부평구 오피스텔 폐기물청소 당일상담,seo-incheon-bupyeong-gu-officetel-waste-cleaning-same-day-consult,https://clever-griffin-93819d.netlify.app/seo-incheon-bupyeong-gu-officetel-waste-cleaning-same-day-consult/,인천 부평구,폐기물청소,오피스텔,당일상담
2026-08-05T23:04:48,인천 부평구 오피스텔 폐기물청소 주말예약,seo-incheon-bupyeong-gu-officetel-waste-cleaning-weekend-booking,https://clever-griffin-93819d.netlify.app/seo-incheon-bupyeong-gu-officetel-waste-cleaning-weekend-booking/,인천 부평구,폐기물청소,오피스텔,주말예약
2026-08-05T23:04:48,인천 부평구 오피스텔 폐기물청소 청소범위,seo-incheon-bupyeong-gu-officetel-waste-cleaning-scope,https://clever-griffin-93819d.netlify.app/seo-incheon-bupyeong-gu-officetel-waste-cleaning-scope/,인천 부평구,폐기물청소,오피스텔,청소범위
2026-08-05T23:04:48,인천 부평구 상가 폐기물청소 전문업체,seo-incheon-bupyeong-gu-store-waste-cleaning-company,https://clever-griffin-93819d.netlify.app/seo-incheon-bupyeong-gu-store-waste-cleaning-company/,인천 부평구,폐기물청소,상가,전문업체
2026-08-05T23:04:48,인천 부평구 상가 폐기물청소 비용,seo-incheon-bupyeong-gu-store-waste-cleaning-cost,https://clever-griffin-93819d.netlify.app/seo-incheon-bupyeong-gu-store-waste-cleaning-cost/,인천 부평구,폐기물청소,상가,비용
2026-08-05T23:04:48,인천 부평구 상가 폐기물청소 가격,seo-incheon-bupyeong-gu-store-waste-cleaning-price,https://clever-griffin-93819d.netlify.app/seo-incheon-bupyeong-gu-store-waste-cleaning-price/,인천 부평구,폐기물청소,상가,가격
2026-08-05T23:04:48,인천 부평구 상가 폐기물청소 견적,seo-incheon-bupyeong-gu-store-waste-cleaning-estimate,https://clever-griffin-93819d.netlify.app/seo-incheon-bupyeong-gu-store-waste-cleaning-estimate/,인천 부평구,폐기물청소,상가,견적
2026-08-05T23:04:48,인천 부평구 상가 폐기물청소 예약,seo-incheon-bupyeong-gu-store-waste-cleaning-booking,https://clever-griffin-93819d.netlify.app/seo-incheon-bupyeong-gu-store-waste-cleaning-booking/,인천 부평구,폐기물청소,상가,예약
2026-08-05T23:04:48,인천 부평구 상가 폐기물청소 추천,seo-incheon-bupyeong-gu-store-waste-cleaning-recommend,https://clever-griffin-93819d.netlify.app/seo-incheon-bupyeong-gu-store-waste-cleaning-recommend/,인천 부평구,폐기물청소,상가,추천
2026-08-05T23:04:48,인천 부평구 상가 폐기물청소 후기,seo-incheon-bupyeong-gu-store-waste-cleaning-review,https://clever-griffin-93819d.netlify.app/seo-incheon-bupyeong-gu-store-waste-cleaning-review/,인천 부평구,폐기물청소,상가,후기
2026-08-05T23:04:48,인천 부평구 상가 폐기물청소 잘하는곳,seo-incheon-bupyeong-gu-store-waste-cleaning-best,https://clever-griffin-93819d.netlify.app/seo-incheon-bupyeong-gu-store-waste-cleaning-best/,인천 부평구,폐기물청소,상가,잘하는곳
2026-08-05T23:04:48,인천 부평구 상가 폐기물청소 업체,seo-incheon-bupyeong-gu-store-waste-cleaning-service,https://clever-griffin-93819d.netlify.app/seo-incheon-bupyeong-gu-store-waste-cleaning-service/,인천 부평구,폐기물청소,상가,업체
2026-08-05T23:04:48,인천 부평구 상가 폐기물청소 당일상담,seo-incheon-bupyeong-gu-store-waste-cleaning-same-day-consult,https://clever-griffin-93819d.netlify.app/seo-incheon-bupyeong-gu-store-waste-cleaning-same-day-consult/,인천 부평구,폐기물청소,상가,당일상담
2026-08-05T23:04:48,인천 부평구 상가 폐기물청소 주말예약,seo-incheon-bupyeong-gu-store-waste-cleaning-weekend-booking,https://clever-griffin-93819d.netlify.app/seo-incheon-bupyeong-gu-store-waste-cleaning-weekend-booking/,인천 부평구,폐기물청소,상가,주말예약
2026-08-05T23:04:48,인천 부평구 상가 폐기물청소 청소범위,seo-incheon-bupyeong-gu-store-waste-cleaning-scope,https://clever-griffin-93819d.netlify.app/seo-incheon-bupyeong-gu-store-waste-cleaning-scope/,인천 부평구,폐기물청소,상가,청소범위
2026-08-05T23:04:48,인천 부평구 사무실 폐기물청소 전문업체,seo-incheon-bupyeong-gu-office-waste-cleaning-company,https://clever-griffin-93819d.netlify.app/seo-incheon-bupyeong-gu-office-waste-cleaning-company/,인천 부평구,폐기물청소,사무실,전문업체
2026-08-05T23:04:48,인천 부평구 사무실 폐기물청소 비용,seo-incheon-bupyeong-gu-office-waste-cleaning-cost,https://clever-griffin-93819d.netlify.app/seo-incheon-bupyeong-gu-office-waste-cleaning-cost/,인천 부평구,폐기물청소,사무실,비용
2026-08-05T23:04:48,인천 부평구 사무실 폐기물청소 가격,seo-incheon-bupyeong-gu-office-waste-cleaning-price,https://clever-griffin-93819d.netlify.app/seo-incheon-bupyeong-gu-office-waste-cleaning-price/,인천 부평구,폐기물청소,사무실,가격
2026-08-05T23:04:48,인천 부평구 사무실 폐기물청소 견적,seo-incheon-bupyeong-gu-office-waste-cleaning-estimate,https://clever-griffin-93819d.netlify.app/seo-incheon-bupyeong-gu-office-waste-cleaning-estimate/,인천 부평구,폐기물청소,사무실,견적
2026-08-05T23:04:48,인천 부평구 사무실 폐기물청소 예약,seo-incheon-bupyeong-gu-office-waste-cleaning-booking,https://clever-griffin-93819d.netlify.app/seo-incheon-bupyeong-gu-office-waste-cleaning-booking/,인천 부평구,폐기물청소,사무실,예약
2026-08-05T23:04:48,인천 부평구 사무실 폐기물청소 추천,seo-incheon-bupyeong-gu-office-waste-cleaning-recommend,https://clever-griffin-93819d.netlify.app/seo-incheon-bupyeong-gu-office-waste-cleaning-recommend/,인천 부평구,폐기물청소,사무실,추천
2026-08-05T23:04:48,인천 부평구 사무실 폐기물청소 후기,seo-incheon-bupyeong-gu-office-waste-cleaning-review,https://clever-griffin-93819d.netlify.app/seo-incheon-bupyeong-gu-office-waste-cleaning-review/,인천 부평구,폐기물청소,사무실,후기
2026-08-05T23:04:48,인천 부평구 사무실 폐기물청소 잘하는곳,seo-incheon-bupyeong-gu-office-waste-cleaning-best,https://clever-griffin-93819d.netlify.app/seo-incheon-bupyeong-gu-office-waste-cleaning-best/,인천 부평구,폐기물청소,사무실,잘하는곳
2026-08-05T23:04:48,인천 부평구 사무실 폐기물청소 업체,seo-incheon-bupyeong-gu-office-waste-cleaning-service,https://clever-griffin-93819d.netlify.app/seo-incheon-bupyeong-gu-office-waste-cleaning-service/,인천 부평구,폐기물청소,사무실,업체
2026-08-05T23:04:48,인천 부평구 사무실 폐기물청소 당일상담,seo-incheon-bupyeong-gu-office-waste-cleaning-same-day-consult,https://clever-griffin-93819d.netlify.app/seo-incheon-bupyeong-gu-office-waste-cleaning-same-day-consult/,인천 부평구,폐기물청소,사무실,당일상담
2026-08-05T23:04:48,인천 부평구 사무실 폐기물청소 주말예약,seo-incheon-bupyeong-gu-office-waste-cleaning-weekend-booking,https://clever-griffin-93819d.netlify.app/seo-incheon-bupyeong-gu-office-waste-cleaning-weekend-booking/,인천 부평구,폐기물청소,사무실,주말예약
2026-08-05T23:04:48,인천 부평구 사무실 폐기물청소 청소범위,seo-incheon-bupyeong-gu-office-waste-cleaning-scope,https://clever-griffin-93819d.netlify.app/seo-incheon-bupyeong-gu-office-waste-cleaning-scope/,인천 부평구,폐기물청소,사무실,청소범위
2026-08-05T23:04:48,인천 계양구 아파트 입주청소 전문업체,seo-incheon-gyeyang-gu-apartment-move-in-cleaning-company,https://clever-griffin-93819d.netlify.app/seo-incheon-gyeyang-gu-apartment-move-in-cleaning-company/,인천 계양구,입주청소,아파트,전문업체
2026-08-05T23:04:48,인천 계양구 아파트 입주청소 비용,seo-incheon-gyeyang-gu-apartment-move-in-cleaning-cost,https://clever-griffin-93819d.netlify.app/seo-incheon-gyeyang-gu-apartment-move-in-cleaning-cost/,인천 계양구,입주청소,아파트,비용
2026-08-05T23:04:48,인천 계양구 아파트 입주청소 가격,seo-incheon-gyeyang-gu-apartment-move-in-cleaning-price,https://clever-griffin-93819d.netlify.app/seo-incheon-gyeyang-gu-apartment-move-in-cleaning-price/,인천 계양구,입주청소,아파트,가격
2026-08-05T23:04:48,인천 계양구 아파트 입주청소 견적,seo-incheon-gyeyang-gu-apartment-move-in-cleaning-estimate,https://clever-griffin-93819d.netlify.app/seo-incheon-gyeyang-gu-apartment-move-in-cleaning-estimate/,인천 계양구,입주청소,아파트,견적
2026-08-05T23:04:48,인천 계양구 아파트 입주청소 예약,seo-incheon-gyeyang-gu-apartment-move-in-cleaning-booking,https://clever-griffin-93819d.netlify.app/seo-incheon-gyeyang-gu-apartment-move-in-cleaning-booking/,인천 계양구,입주청소,아파트,예약
2026-08-05T23:04:48,인천 계양구 아파트 입주청소 추천,seo-incheon-gyeyang-gu-apartment-move-in-cleaning-recommend,https://clever-griffin-93819d.netlify.app/seo-incheon-gyeyang-gu-apartment-move-in-cleaning-recommend/,인천 계양구,입주청소,아파트,추천
2026-08-05T23:04:48,인천 계양구 아파트 입주청소 후기,seo-incheon-gyeyang-gu-apartment-move-in-cleaning-review,https://clever-griffin-93819d.netlify.app/seo-incheon-gyeyang-gu-apartment-move-in-cleaning-review/,인천 계양구,입주청소,아파트,후기
2026-08-05T23:04:48,인천 계양구 아파트 입주청소 잘하는곳,seo-incheon-gyeyang-gu-apartment-move-in-cleaning-best,https://clever-griffin-93819d.netlify.app/seo-incheon-gyeyang-gu-apartment-move-in-cleaning-best/,인천 계양구,입주청소,아파트,잘하는곳
2026-08-05T23:04:48,인천 계양구 아파트 입주청소 업체,seo-incheon-gyeyang-gu-apartment-move-in-cleaning-service,https://clever-griffin-93819d.netlify.app/seo-incheon-gyeyang-gu-apartment-move-in-cleaning-service/,인천 계양구,입주청소,아파트,업체
2026-08-05T23:04:48,인천 계양구 아파트 입주청소 당일상담,seo-incheon-gyeyang-gu-apartment-move-in-cleaning-same-day-consult,https://clever-griffin-93819d.netlify.app/seo-incheon-gyeyang-gu-apartment-move-in-cleaning-same-day-consult/,인천 계양구,입주청소,아파트,당일상담
2026-08-05T23:04:48,인천 계양구 아파트 입주청소 주말예약,seo-incheon-gyeyang-gu-apartment-move-in-cleaning-weekend-booking,https://clever-griffin-93819d.netlify.app/seo-incheon-gyeyang-gu-apartment-move-in-cleaning-weekend-booking/,인천 계양구,입주청소,아파트,주말예약
2026-08-05T23:04:48,인천 계양구 아파트 입주청소 청소범위,seo-incheon-gyeyang-gu-apartment-move-in-cleaning-scope,https://clever-griffin-93819d.netlify.app/seo-incheon-gyeyang-gu-apartment-move-in-cleaning-scope/,인천 계양구,입주청소,아파트,청소범위
2026-08-05T23:04:48,인천 계양구 원룸 입주청소 전문업체,seo-incheon-gyeyang-gu-one-room-move-in-cleaning-company,https://clever-griffin-93819d.netlify.app/seo-incheon-gyeyang-gu-one-room-move-in-cleaning-company/,인천 계양구,입주청소,원룸,전문업체
2026-08-05T23:04:48,인천 계양구 원룸 입주청소 비용,seo-incheon-gyeyang-gu-one-room-move-in-cleaning-cost,https://clever-griffin-93819d.netlify.app/seo-incheon-gyeyang-gu-one-room-move-in-cleaning-cost/,인천 계양구,입주청소,원룸,비용
2026-08-05T23:04:48,인천 계양구 원룸 입주청소 가격,seo-incheon-gyeyang-gu-one-room-move-in-cleaning-price,https://clever-griffin-93819d.netlify.app/seo-incheon-gyeyang-gu-one-room-move-in-cleaning-price/,인천 계양구,입주청소,원룸,가격
2026-08-05T23:04:48,인천 계양구 원룸 입주청소 견적,seo-incheon-gyeyang-gu-one-room-move-in-cleaning-estimate,https://clever-griffin-93819d.netlify.app/seo-incheon-gyeyang-gu-one-room-move-in-cleaning-estimate/,인천 계양구,입주청소,원룸,견적
2026-08-05T23:04:48,인천 계양구 원룸 입주청소 예약,seo-incheon-gyeyang-gu-one-room-move-in-cleaning-booking,https://clever-griffin-93819d.netlify.app/seo-incheon-gyeyang-gu-one-room-move-in-cleaning-booking/,인천 계양구,입주청소,원룸,예약
2026-08-05T23:04:48,인천 계양구 원룸 입주청소 추천,seo-incheon-gyeyang-gu-one-room-move-in-cleaning-recommend,https://clever-griffin-93819d.netlify.app/seo-incheon-gyeyang-gu-one-room-move-in-cleaning-recommend/,인천 계양구,입주청소,원룸,추천
2026-08-05T23:04:48,인천 계양구 원룸 입주청소 후기,seo-incheon-gyeyang-gu-one-room-move-in-cleaning-review,https://clever-griffin-93819d.netlify.app/seo-incheon-gyeyang-gu-one-room-move-in-cleaning-review/,인천 계양구,입주청소,원룸,후기
2026-08-05T23:04:48,인천 계양구 원룸 입주청소 잘하는곳,seo-incheon-gyeyang-gu-one-room-move-in-cleaning-best,https://clever-griffin-93819d.netlify.app/seo-incheon-gyeyang-gu-one-room-move-in-cleaning-best/,인천 계양구,입주청소,원룸,잘하는곳
2026-08-05T23:04:48,인천 계양구 원룸 입주청소 업체,seo-incheon-gyeyang-gu-one-room-move-in-cleaning-service,https://clever-griffin-93819d.netlify.app/seo-incheon-gyeyang-gu-one-room-move-in-cleaning-service/,인천 계양구,입주청소,원룸,업체
2026-08-05T23:04:48,인천 계양구 원룸 입주청소 당일상담,seo-incheon-gyeyang-gu-one-room-move-in-cleaning-same-day-consult,https://clever-griffin-93819d.netlify.app/seo-incheon-gyeyang-gu-one-room-move-in-cleaning-same-day-consult/,인천 계양구,입주청소,원룸,당일상담
2026-08-05T23:04:48,인천 계양구 원룸 입주청소 주말예약,seo-incheon-gyeyang-gu-one-room-move-in-cleaning-weekend-booking,https://clever-griffin-93819d.netlify.app/seo-incheon-gyeyang-gu-one-room-move-in-cleaning-weekend-booking/,인천 계양구,입주청소,원룸,주말예약
2026-08-05T23:04:48,인천 계양구 원룸 입주청소 청소범위,seo-incheon-gyeyang-gu-one-room-move-in-cleaning-scope,https://clever-griffin-93819d.netlify.app/seo-incheon-gyeyang-gu-one-room-move-in-cleaning-scope/,인천 계양구,입주청소,원룸,청소범위
2026-08-05T23:04:48,인천 계양구 빌라 입주청소 전문업체,seo-incheon-gyeyang-gu-villa-move-in-cleaning-company,https://clever-griffin-93819d.netlify.app/seo-incheon-gyeyang-gu-villa-move-in-cleaning-company/,인천 계양구,입주청소,빌라,전문업체
2026-08-05T23:04:48,인천 계양구 빌라 입주청소 비용,seo-incheon-gyeyang-gu-villa-move-in-cleaning-cost,https://clever-griffin-93819d.netlify.app/seo-incheon-gyeyang-gu-villa-move-in-cleaning-cost/,인천 계양구,입주청소,빌라,비용
2026-08-05T23:04:48,인천 계양구 빌라 입주청소 가격,seo-incheon-gyeyang-gu-villa-move-in-cleaning-price,https://clever-griffin-93819d.netlify.app/seo-incheon-gyeyang-gu-villa-move-in-cleaning-price/,인천 계양구,입주청소,빌라,가격
2026-08-05T23:04:48,인천 계양구 빌라 입주청소 견적,seo-incheon-gyeyang-gu-villa-move-in-cleaning-estimate,https://clever-griffin-93819d.netlify.app/seo-incheon-gyeyang-gu-villa-move-in-cleaning-estimate/,인천 계양구,입주청소,빌라,견적
2026-08-05T23:04:48,인천 계양구 빌라 입주청소 예약,seo-incheon-gyeyang-gu-villa-move-in-cleaning-booking,https://clever-griffin-93819d.netlify.app/seo-incheon-gyeyang-gu-villa-move-in-cleaning-booking/,인천 계양구,입주청소,빌라,예약
2026-08-05T23:04:48,인천 계양구 빌라 입주청소 추천,seo-incheon-gyeyang-gu-villa-move-in-cleaning-recommend,https://clever-griffin-93819d.netlify.app/seo-incheon-gyeyang-gu-villa-move-in-cleaning-recommend/,인천 계양구,입주청소,빌라,추천
2026-08-05T23:04:48,인천 계양구 빌라 입주청소 후기,seo-incheon-gyeyang-gu-villa-move-in-cleaning-review,https://clever-griffin-93819d.netlify.app/seo-incheon-gyeyang-gu-villa-move-in-cleaning-review/,인천 계양구,입주청소,빌라,후기
2026-08-05T23:04:48,인천 계양구 빌라 입주청소 잘하는곳,seo-incheon-gyeyang-gu-villa-move-in-cleaning-best,https://clever-griffin-93819d.netlify.app/seo-incheon-gyeyang-gu-villa-move-in-cleaning-best/,인천 계양구,입주청소,빌라,잘하는곳
2026-08-05T23:04:48,인천 계양구 빌라 입주청소 업체,seo-incheon-gyeyang-gu-villa-move-in-cleaning-service,https://clever-griffin-93819d.netlify.app/seo-incheon-gyeyang-gu-villa-move-in-cleaning-service/,인천 계양구,입주청소,빌라,업체
2026-08-05T23:04:48,인천 계양구 빌라 입주청소 당일상담,seo-incheon-gyeyang-gu-villa-move-in-cleaning-same-day-consult,https://clever-griffin-93819d.netlify.app/seo-incheon-gyeyang-gu-villa-move-in-cleaning-same-day-consult/,인천 계양구,입주청소,빌라,당일상담
2026-08-05T23:04:48,인천 계양구 빌라 입주청소 주말예약,seo-incheon-gyeyang-gu-villa-move-in-cleaning-weekend-booking,https://clever-griffin-93819d.netlify.app/seo-incheon-gyeyang-gu-villa-move-in-cleaning-weekend-booking/,인천 계양구,입주청소,빌라,주말예약
2026-08-05T23:04:48,인천 계양구 빌라 입주청소 청소범위,seo-incheon-gyeyang-gu-villa-move-in-cleaning-scope,https://clever-griffin-93819d.netlify.app/seo-incheon-gyeyang-gu-villa-move-in-cleaning-scope/,인천 계양구,입주청소,빌라,청소범위
2026-08-05T23:04:48,인천 계양구 오피스텔 입주청소 전문업체,seo-incheon-gyeyang-gu-officetel-move-in-cleaning-company,https://clever-griffin-93819d.netlify.app/seo-incheon-gyeyang-gu-officetel-move-in-cleaning-company/,인천 계양구,입주청소,오피스텔,전문업체
2026-08-05T23:04:48,인천 계양구 오피스텔 입주청소 비용,seo-incheon-gyeyang-gu-officetel-move-in-cleaning-cost,https://clever-griffin-93819d.netlify.app/seo-incheon-gyeyang-gu-officetel-move-in-cleaning-cost/,인천 계양구,입주청소,오피스텔,비용
2026-08-05T23:04:48,인천 계양구 오피스텔 입주청소 가격,seo-incheon-gyeyang-gu-officetel-move-in-cleaning-price,https://clever-griffin-93819d.netlify.app/seo-incheon-gyeyang-gu-officetel-move-in-cleaning-price/,인천 계양구,입주청소,오피스텔,가격
2026-08-05T23:04:48,인천 계양구 오피스텔 입주청소 견적,seo-incheon-gyeyang-gu-officetel-move-in-cleaning-estimate,https://clever-griffin-93819d.netlify.app/seo-incheon-gyeyang-gu-officetel-move-in-cleaning-estimate/,인천 계양구,입주청소,오피스텔,견적
2026-08-05T23:04:48,인천 계양구 오피스텔 입주청소 예약,seo-incheon-gyeyang-gu-officetel-move-in-cleaning-booking,https://clever-griffin-93819d.netlify.app/seo-incheon-gyeyang-gu-officetel-move-in-cleaning-booking/,인천 계양구,입주청소,오피스텔,예약
2026-08-05T23:04:48,인천 계양구 오피스텔 입주청소 추천,seo-incheon-gyeyang-gu-officetel-move-in-cleaning-recommend,https://clever-griffin-93819d.netlify.app/seo-incheon-gyeyang-gu-officetel-move-in-cleaning-recommend/,인천 계양구,입주청소,오피스텔,추천
2026-08-05T23:04:48,인천 계양구 오피스텔 입주청소 후기,seo-incheon-gyeyang-gu-officetel-move-in-cleaning-review,https://clever-griffin-93819d.netlify.app/seo-incheon-gyeyang-gu-officetel-move-in-cleaning-review/,인천 계양구,입주청소,오피스텔,후기
2026-08-05T23:04:48,인천 계양구 오피스텔 입주청소 잘하는곳,seo-incheon-gyeyang-gu-officetel-move-in-cleaning-best,https://clever-griffin-93819d.netlify.app/seo-incheon-gyeyang-gu-officetel-move-in-cleaning-best/,인천 계양구,입주청소,오피스텔,잘하는곳
2026-08-05T23:04:48,인천 계양구 오피스텔 입주청소 업체,seo-incheon-gyeyang-gu-officetel-move-in-cleaning-service,https://clever-griffin-93819d.netlify.app/seo-incheon-gyeyang-gu-officetel-move-in-cleaning-service/,인천 계양구,입주청소,오피스텔,업체
2026-08-05T23:04:48,인천 계양구 오피스텔 입주청소 당일상담,seo-incheon-gyeyang-gu-officetel-move-in-cleaning-same-day-consult,https://clever-griffin-93819d.netlify.app/seo-incheon-gyeyang-gu-officetel-move-in-cleaning-same-day-consult/,인천 계양구,입주청소,오피스텔,당일상담
2026-08-05T23:04:48,인천 계양구 오피스텔 입주청소 주말예약,seo-incheon-gyeyang-gu-officetel-move-in-cleaning-weekend-booking,https://clever-griffin-93819d.netlify.app/seo-incheon-gyeyang-gu-officetel-move-in-cleaning-weekend-booking/,인천 계양구,입주청소,오피스텔,주말예약
2026-08-05T23:04:48,인천 계양구 오피스텔 입주청소 청소범위,seo-incheon-gyeyang-gu-officetel-move-in-cleaning-scope,https://clever-griffin-93819d.netlify.app/seo-incheon-gyeyang-gu-officetel-move-in-cleaning-scope/,인천 계양구,입주청소,오피스텔,청소범위
2026-08-05T23:04:48,인천 계양구 상가 입주청소 전문업체,seo-incheon-gyeyang-gu-store-move-in-cleaning-company,https://clever-griffin-93819d.netlify.app/seo-incheon-gyeyang-gu-store-move-in-cleaning-company/,인천 계양구,입주청소,상가,전문업체
2026-08-05T23:04:48,인천 계양구 상가 입주청소 비용,seo-incheon-gyeyang-gu-store-move-in-cleaning-cost,https://clever-griffin-93819d.netlify.app/seo-incheon-gyeyang-gu-store-move-in-cleaning-cost/,인천 계양구,입주청소,상가,비용
2026-08-05T23:04:48,인천 계양구 상가 입주청소 가격,seo-incheon-gyeyang-gu-store-move-in-cleaning-price,https://clever-griffin-93819d.netlify.app/seo-incheon-gyeyang-gu-store-move-in-cleaning-price/,인천 계양구,입주청소,상가,가격
2026-08-05T23:04:48,인천 계양구 상가 입주청소 견적,seo-incheon-gyeyang-gu-store-move-in-cleaning-estimate,https://clever-griffin-93819d.netlify.app/seo-incheon-gyeyang-gu-store-move-in-cleaning-estimate/,인천 계양구,입주청소,상가,견적
2026-08-05T23:04:48,인천 계양구 상가 입주청소 예약,seo-incheon-gyeyang-gu-store-move-in-cleaning-booking,https://clever-griffin-93819d.netlify.app/seo-incheon-gyeyang-gu-store-move-in-cleaning-booking/,인천 계양구,입주청소,상가,예약
2026-08-05T23:04:48,인천 계양구 상가 입주청소 추천,seo-incheon-gyeyang-gu-store-move-in-cleaning-recommend,https://clever-griffin-93819d.netlify.app/seo-incheon-gyeyang-gu-store-move-in-cleaning-recommend/,인천 계양구,입주청소,상가,추천
2026-08-05T23:04:48,인천 계양구 상가 입주청소 후기,seo-incheon-gyeyang-gu-store-move-in-cleaning-review,https://clever-griffin-93819d.netlify.app/seo-incheon-gyeyang-gu-store-move-in-cleaning-review/,인천 계양구,입주청소,상가,후기
2026-08-05T23:04:48,인천 계양구 상가 입주청소 잘하는곳,seo-incheon-gyeyang-gu-store-move-in-cleaning-best,https://clever-griffin-93819d.netlify.app/seo-incheon-gyeyang-gu-store-move-in-cleaning-best/,인천 계양구,입주청소,상가,잘하는곳
2026-08-05T23:04:48,인천 계양구 상가 입주청소 업체,seo-incheon-gyeyang-gu-store-move-in-cleaning-service,https://clever-griffin-93819d.netlify.app/seo-incheon-gyeyang-gu-store-move-in-cleaning-service/,인천 계양구,입주청소,상가,업체
2026-08-05T23:04:48,인천 계양구 상가 입주청소 당일상담,seo-incheon-gyeyang-gu-store-move-in-cleaning-same-day-consult,https://clever-griffin-93819d.netlify.app/seo-incheon-gyeyang-gu-store-move-in-cleaning-same-day-consult/,인천 계양구,입주청소,상가,당일상담
2026-08-05T23:04:48,인천 계양구 상가 입주청소 주말예약,seo-incheon-gyeyang-gu-store-move-in-cleaning-weekend-booking,https://clever-griffin-93819d.netlify.app/seo-incheon-gyeyang-gu-store-move-in-cleaning-weekend-booking/,인천 계양구,입주청소,상가,주말예약
2026-08-05T23:04:48,인천 계양구 상가 입주청소 청소범위,seo-incheon-gyeyang-gu-store-move-in-cleaning-scope,https://clever-griffin-93819d.netlify.app/seo-incheon-gyeyang-gu-store-move-in-cleaning-scope/,인천 계양구,입주청소,상가,청소범위
2026-08-05T23:04:48,인천 계양구 사무실 입주청소 전문업체,seo-incheon-gyeyang-gu-office-move-in-cleaning-company,https://clever-griffin-93819d.netlify.app/seo-incheon-gyeyang-gu-office-move-in-cleaning-company/,인천 계양구,입주청소,사무실,전문업체
2026-08-05T23:04:48,인천 계양구 사무실 입주청소 비용,seo-incheon-gyeyang-gu-office-move-in-cleaning-cost,https://clever-griffin-93819d.netlify.app/seo-incheon-gyeyang-gu-office-move-in-cleaning-cost/,인천 계양구,입주청소,사무실,비용
2026-08-05T23:04:48,인천 계양구 사무실 입주청소 가격,seo-incheon-gyeyang-gu-office-move-in-cleaning-price,https://clever-griffin-93819d.netlify.app/seo-incheon-gyeyang-gu-office-move-in-cleaning-price/,인천 계양구,입주청소,사무실,가격
2026-08-05T23:04:48,인천 계양구 사무실 입주청소 견적,seo-incheon-gyeyang-gu-office-move-in-cleaning-estimate,https://clever-griffin-93819d.netlify.app/seo-incheon-gyeyang-gu-office-move-in-cleaning-estimate/,인천 계양구,입주청소,사무실,견적
2026-08-05T23:04:48,인천 계양구 사무실 입주청소 예약,seo-incheon-gyeyang-gu-office-move-in-cleaning-booking,https://clever-griffin-93819d.netlify.app/seo-incheon-gyeyang-gu-office-move-in-cleaning-booking/,인천 계양구,입주청소,사무실,예약
2026-08-05T23:04:48,인천 계양구 사무실 입주청소 추천,seo-incheon-gyeyang-gu-office-move-in-cleaning-recommend,https://clever-griffin-93819d.netlify.app/seo-incheon-gyeyang-gu-office-move-in-cleaning-recommend/,인천 계양구,입주청소,사무실,추천
2026-08-05T23:04:48,인천 계양구 사무실 입주청소 후기,seo-incheon-gyeyang-gu-office-move-in-cleaning-review,https://clever-griffin-93819d.netlify.app/seo-incheon-gyeyang-gu-office-move-in-cleaning-review/,인천 계양구,입주청소,사무실,후기
2026-08-05T23:04:48,인천 계양구 사무실 입주청소 잘하는곳,seo-incheon-gyeyang-gu-office-move-in-cleaning-best,https://clever-griffin-93819d.netlify.app/seo-incheon-gyeyang-gu-office-move-in-cleaning-best/,인천 계양구,입주청소,사무실,잘하는곳
2026-08-05T23:04:48,인천 계양구 사무실 입주청소 업체,seo-incheon-gyeyang-gu-office-move-in-cleaning-service,https://clever-griffin-93819d.netlify.app/seo-incheon-gyeyang-gu-office-move-in-cleaning-service/,인천 계양구,입주청소,사무실,업체
2026-08-05T23:04:48,인천 계양구 사무실 입주청소 당일상담,seo-incheon-gyeyang-gu-office-move-in-cleaning-same-day-consult,https://clever-griffin-93819d.netlify.app/seo-incheon-gyeyang-gu-office-move-in-cleaning-same-day-consult/,인천 계양구,입주청소,사무실,당일상담
2026-08-05T23:04:48,인천 계양구 사무실 입주청소 주말예약,seo-incheon-gyeyang-gu-office-move-in-cleaning-weekend-booking,https://clever-griffin-93819d.netlify.app/seo-incheon-gyeyang-gu-office-move-in-cleaning-weekend-booking/,인천 계양구,입주청소,사무실,주말예약
2026-08-05T23:04:48,인천 계양구 사무실 입주청소 청소범위,seo-incheon-gyeyang-gu-office-move-in-cleaning-scope,https://clever-griffin-93819d.netlify.app/seo-incheon-gyeyang-gu-office-move-in-cleaning-scope/,인천 계양구,입주청소,사무실,청소범위
2026-08-05T23:04:48,인천 계양구 아파트 이사청소 전문업체,seo-incheon-gyeyang-gu-apartment-moving-cleaning-company,https://clever-griffin-93819d.netlify.app/seo-incheon-gyeyang-gu-apartment-moving-cleaning-company/,인천 계양구,이사청소,아파트,전문업체
2026-08-05T23:04:48,인천 계양구 아파트 이사청소 비용,seo-incheon-gyeyang-gu-apartment-moving-cleaning-cost,https://clever-griffin-93819d.netlify.app/seo-incheon-gyeyang-gu-apartment-moving-cleaning-cost/,인천 계양구,이사청소,아파트,비용
2026-08-05T23:04:48,인천 계양구 아파트 이사청소 가격,seo-incheon-gyeyang-gu-apartment-moving-cleaning-price,https://clever-griffin-93819d.netlify.app/seo-incheon-gyeyang-gu-apartment-moving-cleaning-price/,인천 계양구,이사청소,아파트,가격
2026-08-05T23:04:48,인천 계양구 아파트 이사청소 견적,seo-incheon-gyeyang-gu-apartment-moving-cleaning-estimate,https://clever-griffin-93819d.netlify.app/seo-incheon-gyeyang-gu-apartment-moving-cleaning-estimate/,인천 계양구,이사청소,아파트,견적
2026-08-05T23:04:48,인천 계양구 아파트 이사청소 예약,seo-incheon-gyeyang-gu-apartment-moving-cleaning-booking,https://clever-griffin-93819d.netlify.app/seo-incheon-gyeyang-gu-apartment-moving-cleaning-booking/,인천 계양구,이사청소,아파트,예약
2026-08-05T23:04:48,인천 계양구 아파트 이사청소 추천,seo-incheon-gyeyang-gu-apartment-moving-cleaning-recommend,https://clever-griffin-93819d.netlify.app/seo-incheon-gyeyang-gu-apartment-moving-cleaning-recommend/,인천 계양구,이사청소,아파트,추천
2026-08-05T23:04:48,인천 계양구 아파트 이사청소 후기,seo-incheon-gyeyang-gu-apartment-moving-cleaning-review,https://clever-griffin-93819d.netlify.app/seo-incheon-gyeyang-gu-apartment-moving-cleaning-review/,인천 계양구,이사청소,아파트,후기
2026-08-05T23:04:48,인천 계양구 아파트 이사청소 잘하는곳,seo-incheon-gyeyang-gu-apartment-moving-cleaning-best,https://clever-griffin-93819d.netlify.app/seo-incheon-gyeyang-gu-apartment-moving-cleaning-best/,인천 계양구,이사청소,아파트,잘하는곳
2026-08-05T23:04:48,인천 계양구 아파트 이사청소 업체,seo-incheon-gyeyang-gu-apartment-moving-cleaning-service,https://clever-griffin-93819d.netlify.app/seo-incheon-gyeyang-gu-apartment-moving-cleaning-service/,인천 계양구,이사청소,아파트,업체
2026-08-05T23:04:48,인천 계양구 아파트 이사청소 당일상담,seo-incheon-gyeyang-gu-apartment-moving-cleaning-same-day-consult,https://clever-griffin-93819d.netlify.app/seo-incheon-gyeyang-gu-apartment-moving-cleaning-same-day-consult/,인천 계양구,이사청소,아파트,당일상담
2026-08-05T23:04:48,인천 계양구 아파트 이사청소 주말예약,seo-incheon-gyeyang-gu-apartment-moving-cleaning-weekend-booking,https://clever-griffin-93819d.netlify.app/seo-incheon-gyeyang-gu-apartment-moving-cleaning-weekend-booking/,인천 계양구,이사청소,아파트,주말예약
2026-08-05T23:04:48,인천 계양구 아파트 이사청소 청소범위,seo-incheon-gyeyang-gu-apartment-moving-cleaning-scope,https://clever-griffin-93819d.netlify.app/seo-incheon-gyeyang-gu-apartment-moving-cleaning-scope/,인천 계양구,이사청소,아파트,청소범위
2026-08-05T23:04:48,인천 계양구 원룸 이사청소 전문업체,seo-incheon-gyeyang-gu-one-room-moving-cleaning-company,https://clever-griffin-93819d.netlify.app/seo-incheon-gyeyang-gu-one-room-moving-cleaning-company/,인천 계양구,이사청소,원룸,전문업체
2026-08-05T23:04:48,인천 계양구 원룸 이사청소 비용,seo-incheon-gyeyang-gu-one-room-moving-cleaning-cost,https://clever-griffin-93819d.netlify.app/seo-incheon-gyeyang-gu-one-room-moving-cleaning-cost/,인천 계양구,이사청소,원룸,비용
2026-08-05T23:04:48,인천 계양구 원룸 이사청소 가격,seo-incheon-gyeyang-gu-one-room-moving-cleaning-price,https://clever-griffin-93819d.netlify.app/seo-incheon-gyeyang-gu-one-room-moving-cleaning-price/,인천 계양구,이사청소,원룸,가격
2026-08-05T23:04:48,인천 계양구 원룸 이사청소 견적,seo-incheon-gyeyang-gu-one-room-moving-cleaning-estimate,https://clever-griffin-93819d.netlify.app/seo-incheon-gyeyang-gu-one-room-moving-cleaning-estimate/,인천 계양구,이사청소,원룸,견적
2026-08-05T23:04:48,인천 계양구 원룸 이사청소 예약,seo-incheon-gyeyang-gu-one-room-moving-cleaning-booking,https://clever-griffin-93819d.netlify.app/seo-incheon-gyeyang-gu-one-room-moving-cleaning-booking/,인천 계양구,이사청소,원룸,예약
2026-08-05T23:04:48,인천 계양구 원룸 이사청소 추천,seo-incheon-gyeyang-gu-one-room-moving-cleaning-recommend,https://clever-griffin-93819d.netlify.app/seo-incheon-gyeyang-gu-one-room-moving-cleaning-recommend/,인천 계양구,이사청소,원룸,추천
2026-08-05T23:04:48,인천 계양구 원룸 이사청소 후기,seo-incheon-gyeyang-gu-one-room-moving-cleaning-review,https://clever-griffin-93819d.netlify.app/seo-incheon-gyeyang-gu-one-room-moving-cleaning-review/,인천 계양구,이사청소,원룸,후기
2026-08-05T23:04:48,인천 계양구 원룸 이사청소 잘하는곳,seo-incheon-gyeyang-gu-one-room-moving-cleaning-best,https://clever-griffin-93819d.netlify.app/seo-incheon-gyeyang-gu-one-room-moving-cleaning-best/,인천 계양구,이사청소,원룸,잘하는곳
2026-08-05T23:04:48,인천 계양구 원룸 이사청소 업체,seo-incheon-gyeyang-gu-one-room-moving-cleaning-service,https://clever-griffin-93819d.netlify.app/seo-incheon-gyeyang-gu-one-room-moving-cleaning-service/,인천 계양구,이사청소,원룸,업체
2026-08-05T23:04:48,인천 계양구 원룸 이사청소 당일상담,seo-incheon-gyeyang-gu-one-room-moving-cleaning-same-day-consult,https://clever-griffin-93819d.netlify.app/seo-incheon-gyeyang-gu-one-room-moving-cleaning-same-day-consult/,인천 계양구,이사청소,원룸,당일상담
2026-08-05T23:04:48,인천 계양구 원룸 이사청소 주말예약,seo-incheon-gyeyang-gu-one-room-moving-cleaning-weekend-booking,https://clever-griffin-93819d.netlify.app/seo-incheon-gyeyang-gu-one-room-moving-cleaning-weekend-booking/,인천 계양구,이사청소,원룸,주말예약
2026-08-05T23:04:48,인천 계양구 원룸 이사청소 청소범위,seo-incheon-gyeyang-gu-one-room-moving-cleaning-scope,https://clever-griffin-93819d.netlify.app/seo-incheon-gyeyang-gu-one-room-moving-cleaning-scope/,인천 계양구,이사청소,원룸,청소범위
2026-08-05T23:04:48,인천 계양구 빌라 이사청소 전문업체,seo-incheon-gyeyang-gu-villa-moving-cleaning-company,https://clever-griffin-93819d.netlify.app/seo-incheon-gyeyang-gu-villa-moving-cleaning-company/,인천 계양구,이사청소,빌라,전문업체
2026-08-05T23:04:48,인천 계양구 빌라 이사청소 비용,seo-incheon-gyeyang-gu-villa-moving-cleaning-cost,https://clever-griffin-93819d.netlify.app/seo-incheon-gyeyang-gu-villa-moving-cleaning-cost/,인천 계양구,이사청소,빌라,비용
2026-08-05T23:04:48,인천 계양구 빌라 이사청소 가격,seo-incheon-gyeyang-gu-villa-moving-cleaning-price,https://clever-griffin-93819d.netlify.app/seo-incheon-gyeyang-gu-villa-moving-cleaning-price/,인천 계양구,이사청소,빌라,가격
2026-08-05T23:04:48,인천 계양구 빌라 이사청소 견적,seo-incheon-gyeyang-gu-villa-moving-cleaning-estimate,https://clever-griffin-93819d.netlify.app/seo-incheon-gyeyang-gu-villa-moving-cleaning-estimate/,인천 계양구,이사청소,빌라,견적
2026-08-05T23:04:48,인천 계양구 빌라 이사청소 예약,seo-incheon-gyeyang-gu-villa-moving-cleaning-booking,https://clever-griffin-93819d.netlify.app/seo-incheon-gyeyang-gu-villa-moving-cleaning-booking/,인천 계양구,이사청소,빌라,예약
2026-08-05T23:04:48,인천 계양구 빌라 이사청소 추천,seo-incheon-gyeyang-gu-villa-moving-cleaning-recommend,https://clever-griffin-93819d.netlify.app/seo-incheon-gyeyang-gu-villa-moving-cleaning-recommend/,인천 계양구,이사청소,빌라,추천
2026-08-05T23:04:48,인천 계양구 빌라 이사청소 후기,seo-incheon-gyeyang-gu-villa-moving-cleaning-review,https://clever-griffin-93819d.netlify.app/seo-incheon-gyeyang-gu-villa-moving-cleaning-review/,인천 계양구,이사청소,빌라,후기
2026-08-05T23:04:48,인천 계양구 빌라 이사청소 잘하는곳,seo-incheon-gyeyang-gu-villa-moving-cleaning-best,https://clever-griffin-93819d.netlify.app/seo-incheon-gyeyang-gu-villa-moving-cleaning-best/,인천 계양구,이사청소,빌라,잘하는곳
2026-08-05T23:04:48,인천 계양구 빌라 이사청소 업체,seo-incheon-gyeyang-gu-villa-moving-cleaning-service,https://clever-griffin-93819d.netlify.app/seo-incheon-gyeyang-gu-villa-moving-cleaning-service/,인천 계양구,이사청소,빌라,업체
2026-08-05T23:04:48,인천 계양구 빌라 이사청소 당일상담,seo-incheon-gyeyang-gu-villa-moving-cleaning-same-day-consult,https://clever-griffin-93819d.netlify.app/seo-incheon-gyeyang-gu-villa-moving-cleaning-same-day-consult/,인천 계양구,이사청소,빌라,당일상담
2026-08-05T23:04:48,인천 계양구 빌라 이사청소 주말예약,seo-incheon-gyeyang-gu-villa-moving-cleaning-weekend-booking,https://clever-griffin-93819d.netlify.app/seo-incheon-gyeyang-gu-villa-moving-cleaning-weekend-booking/,인천 계양구,이사청소,빌라,주말예약
2026-08-05T23:04:48,인천 계양구 빌라 이사청소 청소범위,seo-incheon-gyeyang-gu-villa-moving-cleaning-scope,https://clever-griffin-93819d.netlify.app/seo-incheon-gyeyang-gu-villa-moving-cleaning-scope/,인천 계양구,이사청소,빌라,청소범위
2026-08-05T23:04:48,인천 계양구 오피스텔 이사청소 전문업체,seo-incheon-gyeyang-gu-officetel-moving-cleaning-company,https://clever-griffin-93819d.netlify.app/seo-incheon-gyeyang-gu-officetel-moving-cleaning-company/,인천 계양구,이사청소,오피스텔,전문업체
2026-08-05T23:04:48,인천 계양구 오피스텔 이사청소 비용,seo-incheon-gyeyang-gu-officetel-moving-cleaning-cost,https://clever-griffin-93819d.netlify.app/seo-incheon-gyeyang-gu-officetel-moving-cleaning-cost/,인천 계양구,이사청소,오피스텔,비용
2026-08-05T23:04:48,인천 계양구 오피스텔 이사청소 가격,seo-incheon-gyeyang-gu-officetel-moving-cleaning-price,https://clever-griffin-93819d.netlify.app/seo-incheon-gyeyang-gu-officetel-moving-cleaning-price/,인천 계양구,이사청소,오피스텔,가격
2026-08-05T23:04:48,인천 계양구 오피스텔 이사청소 견적,seo-incheon-gyeyang-gu-officetel-moving-cleaning-estimate,https://clever-griffin-93819d.netlify.app/seo-incheon-gyeyang-gu-officetel-moving-cleaning-estimate/,인천 계양구,이사청소,오피스텔,견적
2026-08-05T23:04:48,인천 계양구 오피스텔 이사청소 예약,seo-incheon-gyeyang-gu-officetel-moving-cleaning-booking,https://clever-griffin-93819d.netlify.app/seo-incheon-gyeyang-gu-officetel-moving-cleaning-booking/,인천 계양구,이사청소,오피스텔,예약
2026-08-05T23:04:48,인천 계양구 오피스텔 이사청소 추천,seo-incheon-gyeyang-gu-officetel-moving-cleaning-recommend,https://clever-griffin-93819d.netlify.app/seo-incheon-gyeyang-gu-officetel-moving-cleaning-recommend/,인천 계양구,이사청소,오피스텔,추천
2026-08-05T23:04:48,인천 계양구 오피스텔 이사청소 후기,seo-incheon-gyeyang-gu-officetel-moving-cleaning-review,https://clever-griffin-93819d.netlify.app/seo-incheon-gyeyang-gu-officetel-moving-cleaning-review/,인천 계양구,이사청소,오피스텔,후기
2026-08-05T23:04:48,인천 계양구 오피스텔 이사청소 잘하는곳,seo-incheon-gyeyang-gu-officetel-moving-cleaning-best,https://clever-griffin-93819d.netlify.app/seo-incheon-gyeyang-gu-officetel-moving-cleaning-best/,인천 계양구,이사청소,오피스텔,잘하는곳
2026-08-05T23:04:48,인천 계양구 오피스텔 이사청소 업체,seo-incheon-gyeyang-gu-officetel-moving-cleaning-service,https://clever-griffin-93819d.netlify.app/seo-incheon-gyeyang-gu-officetel-moving-cleaning-service/,인천 계양구,이사청소,오피스텔,업체
2026-08-05T23:04:48,인천 계양구 오피스텔 이사청소 당일상담,seo-incheon-gyeyang-gu-officetel-moving-cleaning-same-day-consult,https://clever-griffin-93819d.netlify.app/seo-incheon-gyeyang-gu-officetel-moving-cleaning-same-day-consult/,인천 계양구,이사청소,오피스텔,당일상담
2026-08-05T23:04:48,인천 계양구 오피스텔 이사청소 주말예약,seo-incheon-gyeyang-gu-officetel-moving-cleaning-weekend-booking,https://clever-griffin-93819d.netlify.app/seo-incheon-gyeyang-gu-officetel-moving-cleaning-weekend-booking/,인천 계양구,이사청소,오피스텔,주말예약
2026-08-05T23:04:48,인천 계양구 오피스텔 이사청소 청소범위,seo-incheon-gyeyang-gu-officetel-moving-cleaning-scope,https://clever-griffin-93819d.netlify.app/seo-incheon-gyeyang-gu-officetel-moving-cleaning-scope/,인천 계양구,이사청소,오피스텔,청소범위
2026-08-05T23:04:48,인천 계양구 상가 이사청소 전문업체,seo-incheon-gyeyang-gu-store-moving-cleaning-company,https://clever-griffin-93819d.netlify.app/seo-incheon-gyeyang-gu-store-moving-cleaning-company/,인천 계양구,이사청소,상가,전문업체
2026-08-05T23:04:48,인천 계양구 상가 이사청소 비용,seo-incheon-gyeyang-gu-store-moving-cleaning-cost,https://clever-griffin-93819d.netlify.app/seo-incheon-gyeyang-gu-store-moving-cleaning-cost/,인천 계양구,이사청소,상가,비용
2026-08-05T23:04:48,인천 계양구 상가 이사청소 가격,seo-incheon-gyeyang-gu-store-moving-cleaning-price,https://clever-griffin-93819d.netlify.app/seo-incheon-gyeyang-gu-store-moving-cleaning-price/,인천 계양구,이사청소,상가,가격
2026-08-05T23:04:48,인천 계양구 상가 이사청소 견적,seo-incheon-gyeyang-gu-store-moving-cleaning-estimate,https://clever-griffin-93819d.netlify.app/seo-incheon-gyeyang-gu-store-moving-cleaning-estimate/,인천 계양구,이사청소,상가,견적
2026-08-05T23:04:48,인천 계양구 상가 이사청소 예약,seo-incheon-gyeyang-gu-store-moving-cleaning-booking,https://clever-griffin-93819d.netlify.app/seo-incheon-gyeyang-gu-store-moving-cleaning-booking/,인천 계양구,이사청소,상가,예약
2026-08-05T23:04:48,인천 계양구 상가 이사청소 추천,seo-incheon-gyeyang-gu-store-moving-cleaning-recommend,https://clever-griffin-93819d.netlify.app/seo-incheon-gyeyang-gu-store-moving-cleaning-recommend/,인천 계양구,이사청소,상가,추천
2026-08-05T23:04:48,인천 계양구 상가 이사청소 후기,seo-incheon-gyeyang-gu-store-moving-cleaning-review,https://clever-griffin-93819d.netlify.app/seo-incheon-gyeyang-gu-store-moving-cleaning-review/,인천 계양구,이사청소,상가,후기
2026-08-05T23:04:48,인천 계양구 상가 이사청소 잘하는곳,seo-incheon-gyeyang-gu-store-moving-cleaning-best,https://clever-griffin-93819d.netlify.app/seo-incheon-gyeyang-gu-store-moving-cleaning-best/,인천 계양구,이사청소,상가,잘하는곳
2026-08-05T23:04:48,인천 계양구 상가 이사청소 업체,seo-incheon-gyeyang-gu-store-moving-cleaning-service,https://clever-griffin-93819d.netlify.app/seo-incheon-gyeyang-gu-store-moving-cleaning-service/,인천 계양구,이사청소,상가,업체
2026-08-05T23:04:48,인천 계양구 상가 이사청소 당일상담,seo-incheon-gyeyang-gu-store-moving-cleaning-same-day-consult,https://clever-griffin-93819d.netlify.app/seo-incheon-gyeyang-gu-store-moving-cleaning-same-day-consult/,인천 계양구,이사청소,상가,당일상담
2026-08-05T23:04:48,인천 계양구 상가 이사청소 주말예약,seo-incheon-gyeyang-gu-store-moving-cleaning-weekend-booking,https://clever-griffin-93819d.netlify.app/seo-incheon-gyeyang-gu-store-moving-cleaning-weekend-booking/,인천 계양구,이사청소,상가,주말예약
2026-08-05T23:04:48,인천 계양구 상가 이사청소 청소범위,seo-incheon-gyeyang-gu-store-moving-cleaning-scope,https://clever-griffin-93819d.netlify.app/seo-incheon-gyeyang-gu-store-moving-cleaning-scope/,인천 계양구,이사청소,상가,청소범위
2026-08-05T23:04:48,인천 계양구 사무실 이사청소 전문업체,seo-incheon-gyeyang-gu-office-moving-cleaning-company,https://clever-griffin-93819d.netlify.app/seo-incheon-gyeyang-gu-office-moving-cleaning-company/,인천 계양구,이사청소,사무실,전문업체
2026-08-05T23:04:48,인천 계양구 사무실 이사청소 비용,seo-incheon-gyeyang-gu-office-moving-cleaning-cost,https://clever-griffin-93819d.netlify.app/seo-incheon-gyeyang-gu-office-moving-cleaning-cost/,인천 계양구,이사청소,사무실,비용
2026-08-05T23:04:48,인천 계양구 사무실 이사청소 가격,seo-incheon-gyeyang-gu-office-moving-cleaning-price,https://clever-griffin-93819d.netlify.app/seo-incheon-gyeyang-gu-office-moving-cleaning-price/,인천 계양구,이사청소,사무실,가격
2026-08-05T23:04:48,인천 계양구 사무실 이사청소 견적,seo-incheon-gyeyang-gu-office-moving-cleaning-estimate,https://clever-griffin-93819d.netlify.app/seo-incheon-gyeyang-gu-office-moving-cleaning-estimate/,인천 계양구,이사청소,사무실,견적
2026-08-05T23:04:48,인천 계양구 사무실 이사청소 예약,seo-incheon-gyeyang-gu-office-moving-cleaning-booking,https://clever-griffin-93819d.netlify.app/seo-incheon-gyeyang-gu-office-moving-cleaning-booking/,인천 계양구,이사청소,사무실,예약
2026-08-05T23:04:48,인천 계양구 사무실 이사청소 추천,seo-incheon-gyeyang-gu-office-moving-cleaning-recommend,https://clever-griffin-93819d.netlify.app/seo-incheon-gyeyang-gu-office-moving-cleaning-recommend/,인천 계양구,이사청소,사무실,추천
2026-08-05T23:04:48,인천 계양구 사무실 이사청소 후기,seo-incheon-gyeyang-gu-office-moving-cleaning-review,https://clever-griffin-93819d.netlify.app/seo-incheon-gyeyang-gu-office-moving-cleaning-review/,인천 계양구,이사청소,사무실,후기
2026-08-05T23:04:48,인천 계양구 사무실 이사청소 잘하는곳,seo-incheon-gyeyang-gu-office-moving-cleaning-best,https://clever-griffin-93819d.netlify.app/seo-incheon-gyeyang-gu-office-moving-cleaning-best/,인천 계양구,이사청소,사무실,잘하는곳
2026-08-05T23:04:48,인천 계양구 사무실 이사청소 업체,seo-incheon-gyeyang-gu-office-moving-cleaning-service,https://clever-griffin-93819d.netlify.app/seo-incheon-gyeyang-gu-office-moving-cleaning-service/,인천 계양구,이사청소,사무실,업체
2026-08-05T23:04:48,인천 계양구 사무실 이사청소 당일상담,seo-incheon-gyeyang-gu-office-moving-cleaning-same-day-consult,https://clever-griffin-93819d.netlify.app/seo-incheon-gyeyang-gu-office-moving-cleaning-same-day-consult/,인천 계양구,이사청소,사무실,당일상담
2026-08-05T23:04:48,인천 계양구 사무실 이사청소 주말예약,seo-incheon-gyeyang-gu-office-moving-cleaning-weekend-booking,https://clever-griffin-93819d.netlify.app/seo-incheon-gyeyang-gu-office-moving-cleaning-weekend-booking/,인천 계양구,이사청소,사무실,주말예약
2026-08-05T23:04:48,인천 계양구 사무실 이사청소 청소범위,seo-incheon-gyeyang-gu-office-moving-cleaning-scope,https://clever-griffin-93819d.netlify.app/seo-incheon-gyeyang-gu-office-moving-cleaning-scope/,인천 계양구,이사청소,사무실,청소범위
2026-08-05T23:04:48,인천 계양구 아파트 거주청소 전문업체,seo-incheon-gyeyang-gu-apartment-residential-cleaning-company,https://clever-griffin-93819d.netlify.app/seo-incheon-gyeyang-gu-apartment-residential-cleaning-company/,인천 계양구,거주청소,아파트,전문업체
2026-08-05T23:04:48,인천 계양구 아파트 거주청소 비용,seo-incheon-gyeyang-gu-apartment-residential-cleaning-cost,https://clever-griffin-93819d.netlify.app/seo-incheon-gyeyang-gu-apartment-residential-cleaning-cost/,인천 계양구,거주청소,아파트,비용
2026-08-05T23:04:48,인천 계양구 아파트 거주청소 가격,seo-incheon-gyeyang-gu-apartment-residential-cleaning-price,https://clever-griffin-93819d.netlify.app/seo-incheon-gyeyang-gu-apartment-residential-cleaning-price/,인천 계양구,거주청소,아파트,가격
2026-08-05T23:04:48,인천 계양구 아파트 거주청소 견적,seo-incheon-gyeyang-gu-apartment-residential-cleaning-estimate,https://clever-griffin-93819d.netlify.app/seo-incheon-gyeyang-gu-apartment-residential-cleaning-estimate/,인천 계양구,거주청소,아파트,견적
2026-08-05T23:04:48,인천 계양구 아파트 거주청소 예약,seo-incheon-gyeyang-gu-apartment-residential-cleaning-booking,https://clever-griffin-93819d.netlify.app/seo-incheon-gyeyang-gu-apartment-residential-cleaning-booking/,인천 계양구,거주청소,아파트,예약
2026-08-05T23:04:48,인천 계양구 아파트 거주청소 추천,seo-incheon-gyeyang-gu-apartment-residential-cleaning-recommend,https://clever-griffin-93819d.netlify.app/seo-incheon-gyeyang-gu-apartment-residential-cleaning-recommend/,인천 계양구,거주청소,아파트,추천
2026-08-05T23:04:48,인천 계양구 아파트 거주청소 후기,seo-incheon-gyeyang-gu-apartment-residential-cleaning-review,https://clever-griffin-93819d.netlify.app/seo-incheon-gyeyang-gu-apartment-residential-cleaning-review/,인천 계양구,거주청소,아파트,후기
2026-08-05T23:04:48,인천 계양구 아파트 거주청소 잘하는곳,seo-incheon-gyeyang-gu-apartment-residential-cleaning-best,https://clever-griffin-93819d.netlify.app/seo-incheon-gyeyang-gu-apartment-residential-cleaning-best/,인천 계양구,거주청소,아파트,잘하는곳
2026-08-05T23:04:48,인천 계양구 아파트 거주청소 업체,seo-incheon-gyeyang-gu-apartment-residential-cleaning-service,https://clever-griffin-93819d.netlify.app/seo-incheon-gyeyang-gu-apartment-residential-cleaning-service/,인천 계양구,거주청소,아파트,업체
2026-08-05T23:04:48,인천 계양구 아파트 거주청소 당일상담,seo-incheon-gyeyang-gu-apartment-residential-cleaning-same-day-consult,https://clever-griffin-93819d.netlify.app/seo-incheon-gyeyang-gu-apartment-residential-cleaning-same-day-consult/,인천 계양구,거주청소,아파트,당일상담
2026-08-05T23:04:48,인천 계양구 아파트 거주청소 주말예약,seo-incheon-gyeyang-gu-apartment-residential-cleaning-weekend-booking,https://clever-griffin-93819d.netlify.app/seo-incheon-gyeyang-gu-apartment-residential-cleaning-weekend-booking/,인천 계양구,거주청소,아파트,주말예약
2026-08-05T23:04:48,인천 계양구 아파트 거주청소 청소범위,seo-incheon-gyeyang-gu-apartment-residential-cleaning-scope,https://clever-griffin-93819d.netlify.app/seo-incheon-gyeyang-gu-apartment-residential-cleaning-scope/,인천 계양구,거주청소,아파트,청소범위
2026-08-05T23:04:48,인천 계양구 원룸 거주청소 전문업체,seo-incheon-gyeyang-gu-one-room-residential-cleaning-company,https://clever-griffin-93819d.netlify.app/seo-incheon-gyeyang-gu-one-room-residential-cleaning-company/,인천 계양구,거주청소,원룸,전문업체
2026-08-05T23:04:48,인천 계양구 원룸 거주청소 비용,seo-incheon-gyeyang-gu-one-room-residential-cleaning-cost,https://clever-griffin-93819d.netlify.app/seo-incheon-gyeyang-gu-one-room-residential-cleaning-cost/,인천 계양구,거주청소,원룸,비용
2026-08-05T23:04:48,인천 계양구 원룸 거주청소 가격,seo-incheon-gyeyang-gu-one-room-residential-cleaning-price,https://clever-griffin-93819d.netlify.app/seo-incheon-gyeyang-gu-one-room-residential-cleaning-price/,인천 계양구,거주청소,원룸,가격
2026-08-05T23:04:48,인천 계양구 원룸 거주청소 견적,seo-incheon-gyeyang-gu-one-room-residential-cleaning-estimate,https://clever-griffin-93819d.netlify.app/seo-incheon-gyeyang-gu-one-room-residential-cleaning-estimate/,인천 계양구,거주청소,원룸,견적
2026-08-05T23:04:48,인천 계양구 원룸 거주청소 예약,seo-incheon-gyeyang-gu-one-room-residential-cleaning-booking,https://clever-griffin-93819d.netlify.app/seo-incheon-gyeyang-gu-one-room-residential-cleaning-booking/,인천 계양구,거주청소,원룸,예약
2026-08-05T23:04:48,인천 계양구 원룸 거주청소 추천,seo-incheon-gyeyang-gu-one-room-residential-cleaning-recommend,https://clever-griffin-93819d.netlify.app/seo-incheon-gyeyang-gu-one-room-residential-cleaning-recommend/,인천 계양구,거주청소,원룸,추천
2026-08-05T23:04:48,인천 계양구 원룸 거주청소 후기,seo-incheon-gyeyang-gu-one-room-residential-cleaning-review,https://clever-griffin-93819d.netlify.app/seo-incheon-gyeyang-gu-one-room-residential-cleaning-review/,인천 계양구,거주청소,원룸,후기
2026-08-05T23:04:48,인천 계양구 원룸 거주청소 잘하는곳,seo-incheon-gyeyang-gu-one-room-residential-cleaning-best,https://clever-griffin-93819d.netlify.app/seo-incheon-gyeyang-gu-one-room-residential-cleaning-best/,인천 계양구,거주청소,원룸,잘하는곳
2026-08-05T23:04:48,인천 계양구 원룸 거주청소 업체,seo-incheon-gyeyang-gu-one-room-residential-cleaning-service,https://clever-griffin-93819d.netlify.app/seo-incheon-gyeyang-gu-one-room-residential-cleaning-service/,인천 계양구,거주청소,원룸,업체
2026-08-05T23:04:48,인천 계양구 원룸 거주청소 당일상담,seo-incheon-gyeyang-gu-one-room-residential-cleaning-same-day-consult,https://clever-griffin-93819d.netlify.app/seo-incheon-gyeyang-gu-one-room-residential-cleaning-same-day-consult/,인천 계양구,거주청소,원룸,당일상담
2026-08-05T23:04:48,인천 계양구 원룸 거주청소 주말예약,seo-incheon-gyeyang-gu-one-room-residential-cleaning-weekend-booking,https://clever-griffin-93819d.netlify.app/seo-incheon-gyeyang-gu-one-room-residential-cleaning-weekend-booking/,인천 계양구,거주청소,원룸,주말예약
2026-08-05T23:04:48,인천 계양구 원룸 거주청소 청소범위,seo-incheon-gyeyang-gu-one-room-residential-cleaning-scope,https://clever-griffin-93819d.netlify.app/seo-incheon-gyeyang-gu-one-room-residential-cleaning-scope/,인천 계양구,거주청소,원룸,청소범위
2026-08-05T23:04:48,인천 계양구 빌라 거주청소 전문업체,seo-incheon-gyeyang-gu-villa-residential-cleaning-company,https://clever-griffin-93819d.netlify.app/seo-incheon-gyeyang-gu-villa-residential-cleaning-company/,인천 계양구,거주청소,빌라,전문업체
2026-08-05T23:04:48,인천 계양구 빌라 거주청소 비용,seo-incheon-gyeyang-gu-villa-residential-cleaning-cost,https://clever-griffin-93819d.netlify.app/seo-incheon-gyeyang-gu-villa-residential-cleaning-cost/,인천 계양구,거주청소,빌라,비용
2026-08-05T23:04:48,인천 계양구 빌라 거주청소 가격,seo-incheon-gyeyang-gu-villa-residential-cleaning-price,https://clever-griffin-93819d.netlify.app/seo-incheon-gyeyang-gu-villa-residential-cleaning-price/,인천 계양구,거주청소,빌라,가격
2026-08-05T23:04:48,인천 계양구 빌라 거주청소 견적,seo-incheon-gyeyang-gu-villa-residential-cleaning-estimate,https://clever-griffin-93819d.netlify.app/seo-incheon-gyeyang-gu-villa-residential-cleaning-estimate/,인천 계양구,거주청소,빌라,견적
2026-08-05T23:04:48,인천 계양구 빌라 거주청소 예약,seo-incheon-gyeyang-gu-villa-residential-cleaning-booking,https://clever-griffin-93819d.netlify.app/seo-incheon-gyeyang-gu-villa-residential-cleaning-booking/,인천 계양구,거주청소,빌라,예약
2026-08-05T23:04:48,인천 계양구 빌라 거주청소 추천,seo-incheon-gyeyang-gu-villa-residential-cleaning-recommend,https://clever-griffin-93819d.netlify.app/seo-incheon-gyeyang-gu-villa-residential-cleaning-recommend/,인천 계양구,거주청소,빌라,추천
2026-08-05T23:04:48,인천 계양구 빌라 거주청소 후기,seo-incheon-gyeyang-gu-villa-residential-cleaning-review,https://clever-griffin-93819d.netlify.app/seo-incheon-gyeyang-gu-villa-residential-cleaning-review/,인천 계양구,거주청소,빌라,후기
2026-08-05T23:04:48,인천 계양구 빌라 거주청소 잘하는곳,seo-incheon-gyeyang-gu-villa-residential-cleaning-best,https://clever-griffin-93819d.netlify.app/seo-incheon-gyeyang-gu-villa-residential-cleaning-best/,인천 계양구,거주청소,빌라,잘하는곳
2026-08-05T23:04:48,인천 계양구 빌라 거주청소 업체,seo-incheon-gyeyang-gu-villa-residential-cleaning-service,https://clever-griffin-93819d.netlify.app/seo-incheon-gyeyang-gu-villa-residential-cleaning-service/,인천 계양구,거주청소,빌라,업체
2026-08-05T23:04:48,인천 계양구 빌라 거주청소 당일상담,seo-incheon-gyeyang-gu-villa-residential-cleaning-same-day-consult,https://clever-griffin-93819d.netlify.app/seo-incheon-gyeyang-gu-villa-residential-cleaning-same-day-consult/,인천 계양구,거주청소,빌라,당일상담
2026-08-05T23:04:48,인천 계양구 빌라 거주청소 주말예약,seo-incheon-gyeyang-gu-villa-residential-cleaning-weekend-booking,https://clever-griffin-93819d.netlify.app/seo-incheon-gyeyang-gu-villa-residential-cleaning-weekend-booking/,인천 계양구,거주청소,빌라,주말예약
2026-08-05T23:04:48,인천 계양구 빌라 거주청소 청소범위,seo-incheon-gyeyang-gu-villa-residential-cleaning-scope,https://clever-griffin-93819d.netlify.app/seo-incheon-gyeyang-gu-villa-residential-cleaning-scope/,인천 계양구,거주청소,빌라,청소범위
2026-08-05T23:04:48,인천 계양구 오피스텔 거주청소 전문업체,seo-incheon-gyeyang-gu-officetel-residential-cleaning-company,https://clever-griffin-93819d.netlify.app/seo-incheon-gyeyang-gu-officetel-residential-cleaning-company/,인천 계양구,거주청소,오피스텔,전문업체
2026-08-05T23:04:48,인천 계양구 오피스텔 거주청소 비용,seo-incheon-gyeyang-gu-officetel-residential-cleaning-cost,https://clever-griffin-93819d.netlify.app/seo-incheon-gyeyang-gu-officetel-residential-cleaning-cost/,인천 계양구,거주청소,오피스텔,비용
2026-08-05T23:04:48,인천 계양구 오피스텔 거주청소 가격,seo-incheon-gyeyang-gu-officetel-residential-cleaning-price,https://clever-griffin-93819d.netlify.app/seo-incheon-gyeyang-gu-officetel-residential-cleaning-price/,인천 계양구,거주청소,오피스텔,가격
2026-08-05T23:04:48,인천 계양구 오피스텔 거주청소 견적,seo-incheon-gyeyang-gu-officetel-residential-cleaning-estimate,https://clever-griffin-93819d.netlify.app/seo-incheon-gyeyang-gu-officetel-residential-cleaning-estimate/,인천 계양구,거주청소,오피스텔,견적
2026-08-05T23:04:48,인천 계양구 오피스텔 거주청소 예약,seo-incheon-gyeyang-gu-officetel-residential-cleaning-booking,https://clever-griffin-93819d.netlify.app/seo-incheon-gyeyang-gu-officetel-residential-cleaning-booking/,인천 계양구,거주청소,오피스텔,예약
2026-08-05T23:04:48,인천 계양구 오피스텔 거주청소 추천,seo-incheon-gyeyang-gu-officetel-residential-cleaning-recommend,https://clever-griffin-93819d.netlify.app/seo-incheon-gyeyang-gu-officetel-residential-cleaning-recommend/,인천 계양구,거주청소,오피스텔,추천
2026-08-05T23:04:48,인천 계양구 오피스텔 거주청소 후기,seo-incheon-gyeyang-gu-officetel-residential-cleaning-review,https://clever-griffin-93819d.netlify.app/seo-incheon-gyeyang-gu-officetel-residential-cleaning-review/,인천 계양구,거주청소,오피스텔,후기
2026-08-05T23:04:48,인천 계양구 오피스텔 거주청소 잘하는곳,seo-incheon-gyeyang-gu-officetel-residential-cleaning-best,https://clever-griffin-93819d.netlify.app/seo-incheon-gyeyang-gu-officetel-residential-cleaning-best/,인천 계양구,거주청소,오피스텔,잘하는곳
2026-08-05T23:04:48,인천 계양구 오피스텔 거주청소 업체,seo-incheon-gyeyang-gu-officetel-residential-cleaning-service,https://clever-griffin-93819d.netlify.app/seo-incheon-gyeyang-gu-officetel-residential-cleaning-service/,인천 계양구,거주청소,오피스텔,업체
2026-08-05T23:04:48,인천 계양구 오피스텔 거주청소 당일상담,seo-incheon-gyeyang-gu-officetel-residential-cleaning-same-day-consult,https://clever-griffin-93819d.netlify.app/seo-incheon-gyeyang-gu-officetel-residential-cleaning-same-day-consult/,인천 계양구,거주청소,오피스텔,당일상담
2026-08-05T23:04:48,인천 계양구 오피스텔 거주청소 주말예약,seo-incheon-gyeyang-gu-officetel-residential-cleaning-weekend-booking,https://clever-griffin-93819d.netlify.app/seo-incheon-gyeyang-gu-officetel-residential-cleaning-weekend-booking/,인천 계양구,거주청소,오피스텔,주말예약
2026-08-05T23:04:48,인천 계양구 오피스텔 거주청소 청소범위,seo-incheon-gyeyang-gu-officetel-residential-cleaning-scope,https://clever-griffin-93819d.netlify.app/seo-incheon-gyeyang-gu-officetel-residential-cleaning-scope/,인천 계양구,거주청소,오피스텔,청소범위
2026-08-05T23:04:48,인천 계양구 상가 거주청소 전문업체,seo-incheon-gyeyang-gu-store-residential-cleaning-company,https://clever-griffin-93819d.netlify.app/seo-incheon-gyeyang-gu-store-residential-cleaning-company/,인천 계양구,거주청소,상가,전문업체
2026-08-05T23:04:48,인천 계양구 상가 거주청소 비용,seo-incheon-gyeyang-gu-store-residential-cleaning-cost,https://clever-griffin-93819d.netlify.app/seo-incheon-gyeyang-gu-store-residential-cleaning-cost/,인천 계양구,거주청소,상가,비용
2026-08-05T23:04:48,인천 계양구 상가 거주청소 가격,seo-incheon-gyeyang-gu-store-residential-cleaning-price,https://clever-griffin-93819d.netlify.app/seo-incheon-gyeyang-gu-store-residential-cleaning-price/,인천 계양구,거주청소,상가,가격
2026-08-05T23:04:48,인천 계양구 상가 거주청소 견적,seo-incheon-gyeyang-gu-store-residential-cleaning-estimate,https://clever-griffin-93819d.netlify.app/seo-incheon-gyeyang-gu-store-residential-cleaning-estimate/,인천 계양구,거주청소,상가,견적
2026-08-05T23:04:48,인천 계양구 상가 거주청소 예약,seo-incheon-gyeyang-gu-store-residential-cleaning-booking,https://clever-griffin-93819d.netlify.app/seo-incheon-gyeyang-gu-store-residential-cleaning-booking/,인천 계양구,거주청소,상가,예약
2026-08-05T23:04:48,인천 계양구 상가 거주청소 추천,seo-incheon-gyeyang-gu-store-residential-cleaning-recommend,https://clever-griffin-93819d.netlify.app/seo-incheon-gyeyang-gu-store-residential-cleaning-recommend/,인천 계양구,거주청소,상가,추천
2026-08-05T23:04:48,인천 계양구 상가 거주청소 후기,seo-incheon-gyeyang-gu-store-residential-cleaning-review,https://clever-griffin-93819d.netlify.app/seo-incheon-gyeyang-gu-store-residential-cleaning-review/,인천 계양구,거주청소,상가,후기
2026-08-05T23:04:48,인천 계양구 상가 거주청소 잘하는곳,seo-incheon-gyeyang-gu-store-residential-cleaning-best,https://clever-griffin-93819d.netlify.app/seo-incheon-gyeyang-gu-store-residential-cleaning-best/,인천 계양구,거주청소,상가,잘하는곳
2026-08-05T23:04:48,인천 계양구 상가 거주청소 업체,seo-incheon-gyeyang-gu-store-residential-cleaning-service,https://clever-griffin-93819d.netlify.app/seo-incheon-gyeyang-gu-store-residential-cleaning-service/,인천 계양구,거주청소,상가,업체
2026-08-05T23:04:48,인천 계양구 상가 거주청소 당일상담,seo-incheon-gyeyang-gu-store-residential-cleaning-same-day-consult,https://clever-griffin-93819d.netlify.app/seo-incheon-gyeyang-gu-store-residential-cleaning-same-day-consult/,인천 계양구,거주청소,상가,당일상담
2026-08-05T23:04:48,인천 계양구 상가 거주청소 주말예약,seo-incheon-gyeyang-gu-store-residential-cleaning-weekend-booking,https://clever-griffin-93819d.netlify.app/seo-incheon-gyeyang-gu-store-residential-cleaning-weekend-booking/,인천 계양구,거주청소,상가,주말예약
2026-08-05T23:04:48,인천 계양구 상가 거주청소 청소범위,seo-incheon-gyeyang-gu-store-residential-cleaning-scope,https://clever-griffin-93819d.netlify.app/seo-incheon-gyeyang-gu-store-residential-cleaning-scope/,인천 계양구,거주청소,상가,청소범위
2026-08-05T23:04:48,인천 계양구 사무실 거주청소 전문업체,seo-incheon-gyeyang-gu-office-residential-cleaning-company,https://clever-griffin-93819d.netlify.app/seo-incheon-gyeyang-gu-office-residential-cleaning-company/,인천 계양구,거주청소,사무실,전문업체
2026-08-05T23:04:48,인천 계양구 사무실 거주청소 비용,seo-incheon-gyeyang-gu-office-residential-cleaning-cost,https://clever-griffin-93819d.netlify.app/seo-incheon-gyeyang-gu-office-residential-cleaning-cost/,인천 계양구,거주청소,사무실,비용
2026-08-05T23:04:48,인천 계양구 사무실 거주청소 가격,seo-incheon-gyeyang-gu-office-residential-cleaning-price,https://clever-griffin-93819d.netlify.app/seo-incheon-gyeyang-gu-office-residential-cleaning-price/,인천 계양구,거주청소,사무실,가격
2026-08-05T23:04:48,인천 계양구 사무실 거주청소 견적,seo-incheon-gyeyang-gu-office-residential-cleaning-estimate,https://clever-griffin-93819d.netlify.app/seo-incheon-gyeyang-gu-office-residential-cleaning-estimate/,인천 계양구,거주청소,사무실,견적
2026-08-05T23:04:48,인천 계양구 사무실 거주청소 예약,seo-incheon-gyeyang-gu-office-residential-cleaning-booking,https://clever-griffin-93819d.netlify.app/seo-incheon-gyeyang-gu-office-residential-cleaning-booking/,인천 계양구,거주청소,사무실,예약
2026-08-05T23:04:48,인천 계양구 사무실 거주청소 추천,seo-incheon-gyeyang-gu-office-residential-cleaning-recommend,https://clever-griffin-93819d.netlify.app/seo-incheon-gyeyang-gu-office-residential-cleaning-recommend/,인천 계양구,거주청소,사무실,추천
2026-08-05T23:04:48,인천 계양구 사무실 거주청소 후기,seo-incheon-gyeyang-gu-office-residential-cleaning-review,https://clever-griffin-93819d.netlify.app/seo-incheon-gyeyang-gu-office-residential-cleaning-review/,인천 계양구,거주청소,사무실,후기
2026-08-05T23:04:48,인천 계양구 사무실 거주청소 잘하는곳,seo-incheon-gyeyang-gu-office-residential-cleaning-best,https://clever-griffin-93819d.netlify.app/seo-incheon-gyeyang-gu-office-residential-cleaning-best/,인천 계양구,거주청소,사무실,잘하는곳
2026-08-05T23:04:48,인천 계양구 사무실 거주청소 업체,seo-incheon-gyeyang-gu-office-residential-cleaning-service,https://clever-griffin-93819d.netlify.app/seo-incheon-gyeyang-gu-office-residential-cleaning-service/,인천 계양구,거주청소,사무실,업체
2026-08-05T23:04:48,인천 계양구 사무실 거주청소 당일상담,seo-incheon-gyeyang-gu-office-residential-cleaning-same-day-consult,https://clever-griffin-93819d.netlify.app/seo-incheon-gyeyang-gu-office-residential-cleaning-same-day-consult/,인천 계양구,거주청소,사무실,당일상담
2026-08-05T23:04:48,인천 계양구 사무실 거주청소 주말예약,seo-incheon-gyeyang-gu-office-residential-cleaning-weekend-booking,https://clever-griffin-93819d.netlify.app/seo-incheon-gyeyang-gu-office-residential-cleaning-weekend-booking/,인천 계양구,거주청소,사무실,주말예약
2026-08-05T23:04:48,인천 계양구 사무실 거주청소 청소범위,seo-incheon-gyeyang-gu-office-residential-cleaning-scope,https://clever-griffin-93819d.netlify.app/seo-incheon-gyeyang-gu-office-residential-cleaning-scope/,인천 계양구,거주청소,사무실,청소범위
2026-08-05T23:04:48,인천 계양구 상가청소 전문업체,seo-incheon-gyeyang-gu-store-cleaning-company,https://clever-griffin-93819d.netlify.app/seo-incheon-gyeyang-gu-store-cleaning-company/,인천 계양구,상가청소,상가,전문업체
2026-08-05T23:04:48,인천 계양구 상가청소 비용,seo-incheon-gyeyang-gu-store-cleaning-cost,https://clever-griffin-93819d.netlify.app/seo-incheon-gyeyang-gu-store-cleaning-cost/,인천 계양구,상가청소,상가,비용
2026-08-05T23:04:48,인천 계양구 상가청소 가격,seo-incheon-gyeyang-gu-store-cleaning-price,https://clever-griffin-93819d.netlify.app/seo-incheon-gyeyang-gu-store-cleaning-price/,인천 계양구,상가청소,상가,가격
2026-08-05T23:04:48,인천 계양구 상가청소 견적,seo-incheon-gyeyang-gu-store-cleaning-estimate,https://clever-griffin-93819d.netlify.app/seo-incheon-gyeyang-gu-store-cleaning-estimate/,인천 계양구,상가청소,상가,견적
2026-08-05T23:04:48,인천 계양구 상가청소 예약,seo-incheon-gyeyang-gu-store-cleaning-booking,https://clever-griffin-93819d.netlify.app/seo-incheon-gyeyang-gu-store-cleaning-booking/,인천 계양구,상가청소,상가,예약
2026-08-05T23:04:48,인천 계양구 상가청소 추천,seo-incheon-gyeyang-gu-store-cleaning-recommend,https://clever-griffin-93819d.netlify.app/seo-incheon-gyeyang-gu-store-cleaning-recommend/,인천 계양구,상가청소,상가,추천
2026-08-05T23:04:48,인천 계양구 상가청소 후기,seo-incheon-gyeyang-gu-store-cleaning-review,https://clever-griffin-93819d.netlify.app/seo-incheon-gyeyang-gu-store-cleaning-review/,인천 계양구,상가청소,상가,후기
2026-08-05T23:04:48,인천 계양구 상가청소 잘하는곳,seo-incheon-gyeyang-gu-store-cleaning-best,https://clever-griffin-93819d.netlify.app/seo-incheon-gyeyang-gu-store-cleaning-best/,인천 계양구,상가청소,상가,잘하는곳
2026-08-05T23:04:48,인천 계양구 상가청소 업체,seo-incheon-gyeyang-gu-store-cleaning-service,https://clever-griffin-93819d.netlify.app/seo-incheon-gyeyang-gu-store-cleaning-service/,인천 계양구,상가청소,상가,업체
2026-08-05T23:04:48,인천 계양구 상가청소 당일상담,seo-incheon-gyeyang-gu-store-cleaning-same-day-consult,https://clever-griffin-93819d.netlify.app/seo-incheon-gyeyang-gu-store-cleaning-same-day-consult/,인천 계양구,상가청소,상가,당일상담
2026-08-05T23:04:48,인천 계양구 상가청소 주말예약,seo-incheon-gyeyang-gu-store-cleaning-weekend-booking,https://clever-griffin-93819d.netlify.app/seo-incheon-gyeyang-gu-store-cleaning-weekend-booking/,인천 계양구,상가청소,상가,주말예약
2026-08-05T23:04:48,인천 계양구 상가청소 청소범위,seo-incheon-gyeyang-gu-store-cleaning-scope,https://clever-griffin-93819d.netlify.app/seo-incheon-gyeyang-gu-store-cleaning-scope/,인천 계양구,상가청소,상가,청소범위
2026-08-05T23:04:48,인천 계양구 사무실청소 전문업체,seo-incheon-gyeyang-gu-office-cleaning-company,https://clever-griffin-93819d.netlify.app/seo-incheon-gyeyang-gu-office-cleaning-company/,인천 계양구,사무실청소,사무실,전문업체
2026-08-05T23:04:48,인천 계양구 사무실청소 비용,seo-incheon-gyeyang-gu-office-cleaning-cost,https://clever-griffin-93819d.netlify.app/seo-incheon-gyeyang-gu-office-cleaning-cost/,인천 계양구,사무실청소,사무실,비용
2026-08-05T23:04:48,인천 계양구 사무실청소 가격,seo-incheon-gyeyang-gu-office-cleaning-price,https://clever-griffin-93819d.netlify.app/seo-incheon-gyeyang-gu-office-cleaning-price/,인천 계양구,사무실청소,사무실,가격
2026-08-05T23:04:48,인천 계양구 사무실청소 견적,seo-incheon-gyeyang-gu-office-cleaning-estimate,https://clever-griffin-93819d.netlify.app/seo-incheon-gyeyang-gu-office-cleaning-estimate/,인천 계양구,사무실청소,사무실,견적
2026-08-05T23:04:48,인천 계양구 사무실청소 예약,seo-incheon-gyeyang-gu-office-cleaning-booking,https://clever-griffin-93819d.netlify.app/seo-incheon-gyeyang-gu-office-cleaning-booking/,인천 계양구,사무실청소,사무실,예약
2026-08-05T23:04:48,인천 계양구 사무실청소 추천,seo-incheon-gyeyang-gu-office-cleaning-recommend,https://clever-griffin-93819d.netlify.app/seo-incheon-gyeyang-gu-office-cleaning-recommend/,인천 계양구,사무실청소,사무실,추천
2026-08-05T23:04:48,인천 계양구 사무실청소 후기,seo-incheon-gyeyang-gu-office-cleaning-review,https://clever-griffin-93819d.netlify.app/seo-incheon-gyeyang-gu-office-cleaning-review/,인천 계양구,사무실청소,사무실,후기
2026-08-05T23:04:48,인천 계양구 사무실청소 잘하는곳,seo-incheon-gyeyang-gu-office-cleaning-best,https://clever-griffin-93819d.netlify.app/seo-incheon-gyeyang-gu-office-cleaning-best/,인천 계양구,사무실청소,사무실,잘하는곳
2026-08-05T23:04:48,인천 계양구 사무실청소 업체,seo-incheon-gyeyang-gu-office-cleaning-service,https://clever-griffin-93819d.netlify.app/seo-incheon-gyeyang-gu-office-cleaning-service/,인천 계양구,사무실청소,사무실,업체
2026-08-05T23:04:48,인천 계양구 사무실청소 당일상담,seo-incheon-gyeyang-gu-office-cleaning-same-day-consult,https://clever-griffin-93819d.netlify.app/seo-incheon-gyeyang-gu-office-cleaning-same-day-consult/,인천 계양구,사무실청소,사무실,당일상담
2026-08-05T23:04:48,인천 계양구 사무실청소 주말예약,seo-incheon-gyeyang-gu-office-cleaning-weekend-booking,https://clever-griffin-93819d.netlify.app/seo-incheon-gyeyang-gu-office-cleaning-weekend-booking/,인천 계양구,사무실청소,사무실,주말예약
2026-08-05T23:04:48,인천 계양구 사무실청소 청소범위,seo-incheon-gyeyang-gu-office-cleaning-scope,https://clever-griffin-93819d.netlify.app/seo-incheon-gyeyang-gu-office-cleaning-scope/,인천 계양구,사무실청소,사무실,청소범위
2026-08-05T23:04:48,인천 계양구 원룸청소 전문업체,seo-incheon-gyeyang-gu-one-room-cleaning-company,https://clever-griffin-93819d.netlify.app/seo-incheon-gyeyang-gu-one-room-cleaning-company/,인천 계양구,원룸청소,원룸,전문업체
2026-08-05T23:04:48,인천 계양구 원룸청소 비용,seo-incheon-gyeyang-gu-one-room-cleaning-cost,https://clever-griffin-93819d.netlify.app/seo-incheon-gyeyang-gu-one-room-cleaning-cost/,인천 계양구,원룸청소,원룸,비용
2026-08-05T23:04:48,인천 계양구 원룸청소 가격,seo-incheon-gyeyang-gu-one-room-cleaning-price,https://clever-griffin-93819d.netlify.app/seo-incheon-gyeyang-gu-one-room-cleaning-price/,인천 계양구,원룸청소,원룸,가격
2026-08-05T23:04:48,인천 계양구 원룸청소 견적,seo-incheon-gyeyang-gu-one-room-cleaning-estimate,https://clever-griffin-93819d.netlify.app/seo-incheon-gyeyang-gu-one-room-cleaning-estimate/,인천 계양구,원룸청소,원룸,견적
2026-08-05T23:04:48,인천 계양구 원룸청소 예약,seo-incheon-gyeyang-gu-one-room-cleaning-booking,https://clever-griffin-93819d.netlify.app/seo-incheon-gyeyang-gu-one-room-cleaning-booking/,인천 계양구,원룸청소,원룸,예약
2026-08-05T23:04:48,인천 계양구 원룸청소 추천,seo-incheon-gyeyang-gu-one-room-cleaning-recommend,https://clever-griffin-93819d.netlify.app/seo-incheon-gyeyang-gu-one-room-cleaning-recommend/,인천 계양구,원룸청소,원룸,추천
2026-08-05T23:04:48,인천 계양구 원룸청소 후기,seo-incheon-gyeyang-gu-one-room-cleaning-review,https://clever-griffin-93819d.netlify.app/seo-incheon-gyeyang-gu-one-room-cleaning-review/,인천 계양구,원룸청소,원룸,후기
2026-08-05T23:04:48,인천 계양구 원룸청소 잘하는곳,seo-incheon-gyeyang-gu-one-room-cleaning-best,https://clever-griffin-93819d.netlify.app/seo-incheon-gyeyang-gu-one-room-cleaning-best/,인천 계양구,원룸청소,원룸,잘하는곳
2026-08-05T23:04:48,인천 계양구 원룸청소 업체,seo-incheon-gyeyang-gu-one-room-cleaning-service,https://clever-griffin-93819d.netlify.app/seo-incheon-gyeyang-gu-one-room-cleaning-service/,인천 계양구,원룸청소,원룸,업체
2026-08-05T23:04:48,인천 계양구 원룸청소 당일상담,seo-incheon-gyeyang-gu-one-room-cleaning-same-day-consult,https://clever-griffin-93819d.netlify.app/seo-incheon-gyeyang-gu-one-room-cleaning-same-day-consult/,인천 계양구,원룸청소,원룸,당일상담
2026-08-05T23:04:48,인천 계양구 원룸청소 주말예약,seo-incheon-gyeyang-gu-one-room-cleaning-weekend-booking,https://clever-griffin-93819d.netlify.app/seo-incheon-gyeyang-gu-one-room-cleaning-weekend-booking/,인천 계양구,원룸청소,원룸,주말예약
2026-08-05T23:04:48,인천 계양구 원룸청소 청소범위,seo-incheon-gyeyang-gu-one-room-cleaning-scope,https://clever-griffin-93819d.netlify.app/seo-incheon-gyeyang-gu-one-room-cleaning-scope/,인천 계양구,원룸청소,원룸,청소범위
2026-08-05T23:04:48,인천 계양구 빌라청소 전문업체,seo-incheon-gyeyang-gu-villa-cleaning-company,https://clever-griffin-93819d.netlify.app/seo-incheon-gyeyang-gu-villa-cleaning-company/,인천 계양구,빌라청소,빌라,전문업체
2026-08-05T23:04:48,인천 계양구 빌라청소 비용,seo-incheon-gyeyang-gu-villa-cleaning-cost,https://clever-griffin-93819d.netlify.app/seo-incheon-gyeyang-gu-villa-cleaning-cost/,인천 계양구,빌라청소,빌라,비용
2026-08-05T23:04:48,인천 계양구 빌라청소 가격,seo-incheon-gyeyang-gu-villa-cleaning-price,https://clever-griffin-93819d.netlify.app/seo-incheon-gyeyang-gu-villa-cleaning-price/,인천 계양구,빌라청소,빌라,가격
2026-08-05T23:04:48,인천 계양구 빌라청소 견적,seo-incheon-gyeyang-gu-villa-cleaning-estimate,https://clever-griffin-93819d.netlify.app/seo-incheon-gyeyang-gu-villa-cleaning-estimate/,인천 계양구,빌라청소,빌라,견적
2026-08-05T23:04:48,인천 계양구 빌라청소 예약,seo-incheon-gyeyang-gu-villa-cleaning-booking,https://clever-griffin-93819d.netlify.app/seo-incheon-gyeyang-gu-villa-cleaning-booking/,인천 계양구,빌라청소,빌라,예약
2026-08-05T23:04:48,인천 계양구 빌라청소 추천,seo-incheon-gyeyang-gu-villa-cleaning-recommend,https://clever-griffin-93819d.netlify.app/seo-incheon-gyeyang-gu-villa-cleaning-recommend/,인천 계양구,빌라청소,빌라,추천
2026-08-05T23:04:48,인천 계양구 빌라청소 후기,seo-incheon-gyeyang-gu-villa-cleaning-review,https://clever-griffin-93819d.netlify.app/seo-incheon-gyeyang-gu-villa-cleaning-review/,인천 계양구,빌라청소,빌라,후기
2026-08-05T23:04:48,인천 계양구 빌라청소 잘하는곳,seo-incheon-gyeyang-gu-villa-cleaning-best,https://clever-griffin-93819d.netlify.app/seo-incheon-gyeyang-gu-villa-cleaning-best/,인천 계양구,빌라청소,빌라,잘하는곳
2026-08-05T23:04:48,인천 계양구 빌라청소 업체,seo-incheon-gyeyang-gu-villa-cleaning-service,https://clever-griffin-93819d.netlify.app/seo-incheon-gyeyang-gu-villa-cleaning-service/,인천 계양구,빌라청소,빌라,업체
2026-08-05T23:04:48,인천 계양구 빌라청소 당일상담,seo-incheon-gyeyang-gu-villa-cleaning-same-day-consult,https://clever-griffin-93819d.netlify.app/seo-incheon-gyeyang-gu-villa-cleaning-same-day-consult/,인천 계양구,빌라청소,빌라,당일상담
2026-08-05T23:04:48,인천 계양구 빌라청소 주말예약,seo-incheon-gyeyang-gu-villa-cleaning-weekend-booking,https://clever-griffin-93819d.netlify.app/seo-incheon-gyeyang-gu-villa-cleaning-weekend-booking/,인천 계양구,빌라청소,빌라,주말예약
2026-08-05T23:04:48,인천 계양구 빌라청소 청소범위,seo-incheon-gyeyang-gu-villa-cleaning-scope,https://clever-griffin-93819d.netlify.app/seo-incheon-gyeyang-gu-villa-cleaning-scope/,인천 계양구,빌라청소,빌라,청소범위
2026-08-05T23:04:48,인천 계양구 오피스텔청소 전문업체,seo-incheon-gyeyang-gu-officetel-cleaning-company,https://clever-griffin-93819d.netlify.app/seo-incheon-gyeyang-gu-officetel-cleaning-company/,인천 계양구,오피스텔청소,오피스텔,전문업체
2026-08-05T23:04:48,인천 계양구 오피스텔청소 비용,seo-incheon-gyeyang-gu-officetel-cleaning-cost,https://clever-griffin-93819d.netlify.app/seo-incheon-gyeyang-gu-officetel-cleaning-cost/,인천 계양구,오피스텔청소,오피스텔,비용
2026-08-05T23:04:48,인천 계양구 오피스텔청소 가격,seo-incheon-gyeyang-gu-officetel-cleaning-price,https://clever-griffin-93819d.netlify.app/seo-incheon-gyeyang-gu-officetel-cleaning-price/,인천 계양구,오피스텔청소,오피스텔,가격
2026-08-05T23:04:48,인천 계양구 오피스텔청소 견적,seo-incheon-gyeyang-gu-officetel-cleaning-estimate,https://clever-griffin-93819d.netlify.app/seo-incheon-gyeyang-gu-officetel-cleaning-estimate/,인천 계양구,오피스텔청소,오피스텔,견적
2026-08-05T23:04:48,인천 계양구 오피스텔청소 예약,seo-incheon-gyeyang-gu-officetel-cleaning-booking,https://clever-griffin-93819d.netlify.app/seo-incheon-gyeyang-gu-officetel-cleaning-booking/,인천 계양구,오피스텔청소,오피스텔,예약
2026-08-05T23:04:48,인천 계양구 오피스텔청소 추천,seo-incheon-gyeyang-gu-officetel-cleaning-recommend,https://clever-griffin-93819d.netlify.app/seo-incheon-gyeyang-gu-officetel-cleaning-recommend/,인천 계양구,오피스텔청소,오피스텔,추천
2026-08-05T23:04:48,인천 계양구 오피스텔청소 후기,seo-incheon-gyeyang-gu-officetel-cleaning-review,https://clever-griffin-93819d.netlify.app/seo-incheon-gyeyang-gu-officetel-cleaning-review/,인천 계양구,오피스텔청소,오피스텔,후기
2026-08-05T23:04:48,인천 계양구 오피스텔청소 잘하는곳,seo-incheon-gyeyang-gu-officetel-cleaning-best,https://clever-griffin-93819d.netlify.app/seo-incheon-gyeyang-gu-officetel-cleaning-best/,인천 계양구,오피스텔청소,오피스텔,잘하는곳
2026-08-05T23:04:48,인천 계양구 오피스텔청소 업체,seo-incheon-gyeyang-gu-officetel-cleaning-service,https://clever-griffin-93819d.netlify.app/seo-incheon-gyeyang-gu-officetel-cleaning-service/,인천 계양구,오피스텔청소,오피스텔,업체
2026-08-05T23:04:48,인천 계양구 오피스텔청소 당일상담,seo-incheon-gyeyang-gu-officetel-cleaning-same-day-consult,https://clever-griffin-93819d.netlify.app/seo-incheon-gyeyang-gu-officetel-cleaning-same-day-consult/,인천 계양구,오피스텔청소,오피스텔,당일상담
2026-08-05T23:04:48,인천 계양구 오피스텔청소 주말예약,seo-incheon-gyeyang-gu-officetel-cleaning-weekend-booking,https://clever-griffin-93819d.netlify.app/seo-incheon-gyeyang-gu-officetel-cleaning-weekend-booking/,인천 계양구,오피스텔청소,오피스텔,주말예약
2026-08-05T23:04:48,인천 계양구 오피스텔청소 청소범위,seo-incheon-gyeyang-gu-officetel-cleaning-scope,https://clever-griffin-93819d.netlify.app/seo-incheon-gyeyang-gu-officetel-cleaning-scope/,인천 계양구,오피스텔청소,오피스텔,청소범위
2026-08-05T23:04:48,인천 계양구 원룸 폐기물청소 전문업체,seo-incheon-gyeyang-gu-one-room-waste-cleaning-company,https://clever-griffin-93819d.netlify.app/seo-incheon-gyeyang-gu-one-room-waste-cleaning-company/,인천 계양구,폐기물청소,원룸,전문업체
2026-08-05T23:04:48,인천 계양구 원룸 폐기물청소 비용,seo-incheon-gyeyang-gu-one-room-waste-cleaning-cost,https://clever-griffin-93819d.netlify.app/seo-incheon-gyeyang-gu-one-room-waste-cleaning-cost/,인천 계양구,폐기물청소,원룸,비용
2026-08-05T23:04:48,인천 계양구 원룸 폐기물청소 가격,seo-incheon-gyeyang-gu-one-room-waste-cleaning-price,https://clever-griffin-93819d.netlify.app/seo-incheon-gyeyang-gu-one-room-waste-cleaning-price/,인천 계양구,폐기물청소,원룸,가격
2026-08-05T23:04:48,인천 계양구 원룸 폐기물청소 견적,seo-incheon-gyeyang-gu-one-room-waste-cleaning-estimate,https://clever-griffin-93819d.netlify.app/seo-incheon-gyeyang-gu-one-room-waste-cleaning-estimate/,인천 계양구,폐기물청소,원룸,견적
2026-08-05T23:04:48,인천 계양구 원룸 폐기물청소 예약,seo-incheon-gyeyang-gu-one-room-waste-cleaning-booking,https://clever-griffin-93819d.netlify.app/seo-incheon-gyeyang-gu-one-room-waste-cleaning-booking/,인천 계양구,폐기물청소,원룸,예약
2026-08-05T23:04:48,인천 계양구 원룸 폐기물청소 추천,seo-incheon-gyeyang-gu-one-room-waste-cleaning-recommend,https://clever-griffin-93819d.netlify.app/seo-incheon-gyeyang-gu-one-room-waste-cleaning-recommend/,인천 계양구,폐기물청소,원룸,추천
2026-08-05T23:04:48,인천 계양구 원룸 폐기물청소 후기,seo-incheon-gyeyang-gu-one-room-waste-cleaning-review,https://clever-griffin-93819d.netlify.app/seo-incheon-gyeyang-gu-one-room-waste-cleaning-review/,인천 계양구,폐기물청소,원룸,후기
2026-08-05T23:04:48,인천 계양구 원룸 폐기물청소 잘하는곳,seo-incheon-gyeyang-gu-one-room-waste-cleaning-best,https://clever-griffin-93819d.netlify.app/seo-incheon-gyeyang-gu-one-room-waste-cleaning-best/,인천 계양구,폐기물청소,원룸,잘하는곳
2026-08-05T23:04:48,인천 계양구 원룸 폐기물청소 업체,seo-incheon-gyeyang-gu-one-room-waste-cleaning-service,https://clever-griffin-93819d.netlify.app/seo-incheon-gyeyang-gu-one-room-waste-cleaning-service/,인천 계양구,폐기물청소,원룸,업체
2026-08-05T23:04:48,인천 계양구 원룸 폐기물청소 당일상담,seo-incheon-gyeyang-gu-one-room-waste-cleaning-same-day-consult,https://clever-griffin-93819d.netlify.app/seo-incheon-gyeyang-gu-one-room-waste-cleaning-same-day-consult/,인천 계양구,폐기물청소,원룸,당일상담
2026-08-05T23:04:48,인천 계양구 원룸 폐기물청소 주말예약,seo-incheon-gyeyang-gu-one-room-waste-cleaning-weekend-booking,https://clever-griffin-93819d.netlify.app/seo-incheon-gyeyang-gu-one-room-waste-cleaning-weekend-booking/,인천 계양구,폐기물청소,원룸,주말예약
2026-08-05T23:04:48,인천 계양구 원룸 폐기물청소 청소범위,seo-incheon-gyeyang-gu-one-room-waste-cleaning-scope,https://clever-griffin-93819d.netlify.app/seo-incheon-gyeyang-gu-one-room-waste-cleaning-scope/,인천 계양구,폐기물청소,원룸,청소범위
2026-08-05T23:04:48,인천 계양구 빌라 폐기물청소 전문업체,seo-incheon-gyeyang-gu-villa-waste-cleaning-company,https://clever-griffin-93819d.netlify.app/seo-incheon-gyeyang-gu-villa-waste-cleaning-company/,인천 계양구,폐기물청소,빌라,전문업체
2026-08-05T23:04:48,인천 계양구 빌라 폐기물청소 비용,seo-incheon-gyeyang-gu-villa-waste-cleaning-cost,https://clever-griffin-93819d.netlify.app/seo-incheon-gyeyang-gu-villa-waste-cleaning-cost/,인천 계양구,폐기물청소,빌라,비용
2026-08-05T23:04:48,인천 계양구 빌라 폐기물청소 가격,seo-incheon-gyeyang-gu-villa-waste-cleaning-price,https://clever-griffin-93819d.netlify.app/seo-incheon-gyeyang-gu-villa-waste-cleaning-price/,인천 계양구,폐기물청소,빌라,가격
2026-08-05T23:04:48,인천 계양구 빌라 폐기물청소 견적,seo-incheon-gyeyang-gu-villa-waste-cleaning-estimate,https://clever-griffin-93819d.netlify.app/seo-incheon-gyeyang-gu-villa-waste-cleaning-estimate/,인천 계양구,폐기물청소,빌라,견적
2026-08-05T23:04:48,인천 계양구 빌라 폐기물청소 예약,seo-incheon-gyeyang-gu-villa-waste-cleaning-booking,https://clever-griffin-93819d.netlify.app/seo-incheon-gyeyang-gu-villa-waste-cleaning-booking/,인천 계양구,폐기물청소,빌라,예약
2026-08-05T23:04:48,인천 계양구 빌라 폐기물청소 추천,seo-incheon-gyeyang-gu-villa-waste-cleaning-recommend,https://clever-griffin-93819d.netlify.app/seo-incheon-gyeyang-gu-villa-waste-cleaning-recommend/,인천 계양구,폐기물청소,빌라,추천
2026-08-05T23:04:48,인천 계양구 빌라 폐기물청소 후기,seo-incheon-gyeyang-gu-villa-waste-cleaning-review,https://clever-griffin-93819d.netlify.app/seo-incheon-gyeyang-gu-villa-waste-cleaning-review/,인천 계양구,폐기물청소,빌라,후기
2026-08-05T23:04:48,인천 계양구 빌라 폐기물청소 잘하는곳,seo-incheon-gyeyang-gu-villa-waste-cleaning-best,https://clever-griffin-93819d.netlify.app/seo-incheon-gyeyang-gu-villa-waste-cleaning-best/,인천 계양구,폐기물청소,빌라,잘하는곳
2026-08-05T23:04:48,인천 계양구 빌라 폐기물청소 업체,seo-incheon-gyeyang-gu-villa-waste-cleaning-service,https://clever-griffin-93819d.netlify.app/seo-incheon-gyeyang-gu-villa-waste-cleaning-service/,인천 계양구,폐기물청소,빌라,업체
2026-08-05T23:04:48,인천 계양구 빌라 폐기물청소 당일상담,seo-incheon-gyeyang-gu-villa-waste-cleaning-same-day-consult,https://clever-griffin-93819d.netlify.app/seo-incheon-gyeyang-gu-villa-waste-cleaning-same-day-consult/,인천 계양구,폐기물청소,빌라,당일상담
2026-08-05T23:04:48,인천 계양구 빌라 폐기물청소 주말예약,seo-incheon-gyeyang-gu-villa-waste-cleaning-weekend-booking,https://clever-griffin-93819d.netlify.app/seo-incheon-gyeyang-gu-villa-waste-cleaning-weekend-booking/,인천 계양구,폐기물청소,빌라,주말예약
2026-08-05T23:04:48,인천 계양구 빌라 폐기물청소 청소범위,seo-incheon-gyeyang-gu-villa-waste-cleaning-scope,https://clever-griffin-93819d.netlify.app/seo-incheon-gyeyang-gu-villa-waste-cleaning-scope/,인천 계양구,폐기물청소,빌라,청소범위
2026-08-05T23:04:48,인천 계양구 오피스텔 폐기물청소 전문업체,seo-incheon-gyeyang-gu-officetel-waste-cleaning-company,https://clever-griffin-93819d.netlify.app/seo-incheon-gyeyang-gu-officetel-waste-cleaning-company/,인천 계양구,폐기물청소,오피스텔,전문업체
2026-08-05T23:04:48,인천 계양구 오피스텔 폐기물청소 비용,seo-incheon-gyeyang-gu-officetel-waste-cleaning-cost,https://clever-griffin-93819d.netlify.app/seo-incheon-gyeyang-gu-officetel-waste-cleaning-cost/,인천 계양구,폐기물청소,오피스텔,비용
2026-08-05T23:04:48,인천 계양구 오피스텔 폐기물청소 가격,seo-incheon-gyeyang-gu-officetel-waste-cleaning-price,https://clever-griffin-93819d.netlify.app/seo-incheon-gyeyang-gu-officetel-waste-cleaning-price/,인천 계양구,폐기물청소,오피스텔,가격
2026-08-05T23:04:48,인천 계양구 오피스텔 폐기물청소 견적,seo-incheon-gyeyang-gu-officetel-waste-cleaning-estimate,https://clever-griffin-93819d.netlify.app/seo-incheon-gyeyang-gu-officetel-waste-cleaning-estimate/,인천 계양구,폐기물청소,오피스텔,견적
2026-08-05T23:04:48,인천 계양구 오피스텔 폐기물청소 예약,seo-incheon-gyeyang-gu-officetel-waste-cleaning-booking,https://clever-griffin-93819d.netlify.app/seo-incheon-gyeyang-gu-officetel-waste-cleaning-booking/,인천 계양구,폐기물청소,오피스텔,예약
2026-08-05T23:04:48,인천 계양구 오피스텔 폐기물청소 추천,seo-incheon-gyeyang-gu-officetel-waste-cleaning-recommend,https://clever-griffin-93819d.netlify.app/seo-incheon-gyeyang-gu-officetel-waste-cleaning-recommend/,인천 계양구,폐기물청소,오피스텔,추천
2026-08-05T23:04:48,인천 계양구 오피스텔 폐기물청소 후기,seo-incheon-gyeyang-gu-officetel-waste-cleaning-review,https://clever-griffin-93819d.netlify.app/seo-incheon-gyeyang-gu-officetel-waste-cleaning-review/,인천 계양구,폐기물청소,오피스텔,후기
2026-08-05T23:04:48,인천 계양구 오피스텔 폐기물청소 잘하는곳,seo-incheon-gyeyang-gu-officetel-waste-cleaning-best,https://clever-griffin-93819d.netlify.app/seo-incheon-gyeyang-gu-officetel-waste-cleaning-best/,인천 계양구,폐기물청소,오피스텔,잘하는곳
2026-08-05T23:04:48,인천 계양구 오피스텔 폐기물청소 업체,seo-incheon-gyeyang-gu-officetel-waste-cleaning-service,https://clever-griffin-93819d.netlify.app/seo-incheon-gyeyang-gu-officetel-waste-cleaning-service/,인천 계양구,폐기물청소,오피스텔,업체
2026-08-05T23:04:48,인천 계양구 오피스텔 폐기물청소 당일상담,seo-incheon-gyeyang-gu-officetel-waste-cleaning-same-day-consult,https://clever-griffin-93819d.netlify.app/seo-incheon-gyeyang-gu-officetel-waste-cleaning-same-day-consult/,인천 계양구,폐기물청소,오피스텔,당일상담
2026-08-05T23:04:48,인천 계양구 오피스텔 폐기물청소 주말예약,seo-incheon-gyeyang-gu-officetel-waste-cleaning-weekend-booking,https://clever-griffin-93819d.netlify.app/seo-incheon-gyeyang-gu-officetel-waste-cleaning-weekend-booking/,인천 계양구,폐기물청소,오피스텔,주말예약
2026-08-05T23:04:48,인천 계양구 오피스텔 폐기물청소 청소범위,seo-incheon-gyeyang-gu-officetel-waste-cleaning-scope,https://clever-griffin-93819d.netlify.app/seo-incheon-gyeyang-gu-officetel-waste-cleaning-scope/,인천 계양구,폐기물청소,오피스텔,청소범위
2026-08-05T23:04:48,인천 계양구 상가 폐기물청소 전문업체,seo-incheon-gyeyang-gu-store-waste-cleaning-company,https://clever-griffin-93819d.netlify.app/seo-incheon-gyeyang-gu-store-waste-cleaning-company/,인천 계양구,폐기물청소,상가,전문업체
2026-08-05T23:04:48,인천 계양구 상가 폐기물청소 비용,seo-incheon-gyeyang-gu-store-waste-cleaning-cost,https://clever-griffin-93819d.netlify.app/seo-incheon-gyeyang-gu-store-waste-cleaning-cost/,인천 계양구,폐기물청소,상가,비용
2026-08-05T23:04:48,인천 계양구 상가 폐기물청소 가격,seo-incheon-gyeyang-gu-store-waste-cleaning-price,https://clever-griffin-93819d.netlify.app/seo-incheon-gyeyang-gu-store-waste-cleaning-price/,인천 계양구,폐기물청소,상가,가격
2026-08-05T23:04:48,인천 계양구 상가 폐기물청소 견적,seo-incheon-gyeyang-gu-store-waste-cleaning-estimate,https://clever-griffin-93819d.netlify.app/seo-incheon-gyeyang-gu-store-waste-cleaning-estimate/,인천 계양구,폐기물청소,상가,견적
2026-08-05T23:04:48,인천 계양구 상가 폐기물청소 예약,seo-incheon-gyeyang-gu-store-waste-cleaning-booking,https://clever-griffin-93819d.netlify.app/seo-incheon-gyeyang-gu-store-waste-cleaning-booking/,인천 계양구,폐기물청소,상가,예약
2026-08-05T23:04:48,인천 계양구 상가 폐기물청소 추천,seo-incheon-gyeyang-gu-store-waste-cleaning-recommend,https://clever-griffin-93819d.netlify.app/seo-incheon-gyeyang-gu-store-waste-cleaning-recommend/,인천 계양구,폐기물청소,상가,추천
2026-08-05T23:04:48,인천 계양구 상가 폐기물청소 후기,seo-incheon-gyeyang-gu-store-waste-cleaning-review,https://clever-griffin-93819d.netlify.app/seo-incheon-gyeyang-gu-store-waste-cleaning-review/,인천 계양구,폐기물청소,상가,후기
2026-08-05T23:04:48,인천 계양구 상가 폐기물청소 잘하는곳,seo-incheon-gyeyang-gu-store-waste-cleaning-best,https://clever-griffin-93819d.netlify.app/seo-incheon-gyeyang-gu-store-waste-cleaning-best/,인천 계양구,폐기물청소,상가,잘하는곳
2026-08-05T23:04:48,인천 계양구 상가 폐기물청소 업체,seo-incheon-gyeyang-gu-store-waste-cleaning-service,https://clever-griffin-93819d.netlify.app/seo-incheon-gyeyang-gu-store-waste-cleaning-service/,인천 계양구,폐기물청소,상가,업체
2026-08-05T23:04:48,인천 계양구 상가 폐기물청소 당일상담,seo-incheon-gyeyang-gu-store-waste-cleaning-same-day-consult,https://clever-griffin-93819d.netlify.app/seo-incheon-gyeyang-gu-store-waste-cleaning-same-day-consult/,인천 계양구,폐기물청소,상가,당일상담
2026-08-05T23:04:48,인천 계양구 상가 폐기물청소 주말예약,seo-incheon-gyeyang-gu-store-waste-cleaning-weekend-booking,https://clever-griffin-93819d.netlify.app/seo-incheon-gyeyang-gu-store-waste-cleaning-weekend-booking/,인천 계양구,폐기물청소,상가,주말예약
2026-08-05T23:04:48,인천 계양구 상가 폐기물청소 청소범위,seo-incheon-gyeyang-gu-store-waste-cleaning-scope,https://clever-griffin-93819d.netlify.app/seo-incheon-gyeyang-gu-store-waste-cleaning-scope/,인천 계양구,폐기물청소,상가,청소범위
2026-08-05T23:04:48,인천 계양구 사무실 폐기물청소 전문업체,seo-incheon-gyeyang-gu-office-waste-cleaning-company,https://clever-griffin-93819d.netlify.app/seo-incheon-gyeyang-gu-office-waste-cleaning-company/,인천 계양구,폐기물청소,사무실,전문업체
2026-08-05T23:04:48,인천 계양구 사무실 폐기물청소 비용,seo-incheon-gyeyang-gu-office-waste-cleaning-cost,https://clever-griffin-93819d.netlify.app/seo-incheon-gyeyang-gu-office-waste-cleaning-cost/,인천 계양구,폐기물청소,사무실,비용
2026-08-05T23:04:48,인천 계양구 사무실 폐기물청소 가격,seo-incheon-gyeyang-gu-office-waste-cleaning-price,https://clever-griffin-93819d.netlify.app/seo-incheon-gyeyang-gu-office-waste-cleaning-price/,인천 계양구,폐기물청소,사무실,가격
2026-08-05T23:04:48,인천 계양구 사무실 폐기물청소 견적,seo-incheon-gyeyang-gu-office-waste-cleaning-estimate,https://clever-griffin-93819d.netlify.app/seo-incheon-gyeyang-gu-office-waste-cleaning-estimate/,인천 계양구,폐기물청소,사무실,견적
2026-08-05T23:04:48,인천 계양구 사무실 폐기물청소 예약,seo-incheon-gyeyang-gu-office-waste-cleaning-booking,https://clever-griffin-93819d.netlify.app/seo-incheon-gyeyang-gu-office-waste-cleaning-booking/,인천 계양구,폐기물청소,사무실,예약
2026-08-05T23:04:48,인천 계양구 사무실 폐기물청소 추천,seo-incheon-gyeyang-gu-office-waste-cleaning-recommend,https://clever-griffin-93819d.netlify.app/seo-incheon-gyeyang-gu-office-waste-cleaning-recommend/,인천 계양구,폐기물청소,사무실,추천
2026-08-05T23:04:48,인천 계양구 사무실 폐기물청소 후기,seo-incheon-gyeyang-gu-office-waste-cleaning-review,https://clever-griffin-93819d.netlify.app/seo-incheon-gyeyang-gu-office-waste-cleaning-review/,인천 계양구,폐기물청소,사무실,후기
2026-08-05T23:04:48,인천 계양구 사무실 폐기물청소 잘하는곳,seo-incheon-gyeyang-gu-office-waste-cleaning-best,https://clever-griffin-93819d.netlify.app/seo-incheon-gyeyang-gu-office-waste-cleaning-best/,인천 계양구,폐기물청소,사무실,잘하는곳
2026-08-05T23:04:48,인천 계양구 사무실 폐기물청소 업체,seo-incheon-gyeyang-gu-office-waste-cleaning-service,https://clever-griffin-93819d.netlify.app/seo-incheon-gyeyang-gu-office-waste-cleaning-service/,인천 계양구,폐기물청소,사무실,업체
2026-08-05T23:04:48,인천 계양구 사무실 폐기물청소 당일상담,seo-incheon-gyeyang-gu-office-waste-cleaning-same-day-consult,https://clever-griffin-93819d.netlify.app/seo-incheon-gyeyang-gu-office-waste-cleaning-same-day-consult/,인천 계양구,폐기물청소,사무실,당일상담
2026-08-05T23:04:48,인천 계양구 사무실 폐기물청소 주말예약,seo-incheon-gyeyang-gu-office-waste-cleaning-weekend-booking,https://clever-griffin-93819d.netlify.app/seo-incheon-gyeyang-gu-office-waste-cleaning-weekend-booking/,인천 계양구,폐기물청소,사무실,주말예약
2026-08-05T23:04:48,인천 계양구 사무실 폐기물청소 청소범위,seo-incheon-gyeyang-gu-office-waste-cleaning-scope,https://clever-griffin-93819d.netlify.app/seo-incheon-gyeyang-gu-office-waste-cleaning-scope/,인천 계양구,폐기물청소,사무실,청소범위
2026-08-05T23:04:48,인천 서구 아파트 입주청소 전문업체,seo-incheon-seo-gu-apartment-move-in-cleaning-company,https://clever-griffin-93819d.netlify.app/seo-incheon-seo-gu-apartment-move-in-cleaning-company/,인천 서구,입주청소,아파트,전문업체
2026-08-05T23:04:48,인천 서구 아파트 입주청소 비용,seo-incheon-seo-gu-apartment-move-in-cleaning-cost,https://clever-griffin-93819d.netlify.app/seo-incheon-seo-gu-apartment-move-in-cleaning-cost/,인천 서구,입주청소,아파트,비용
2026-08-05T23:04:48,인천 서구 아파트 입주청소 가격,seo-incheon-seo-gu-apartment-move-in-cleaning-price,https://clever-griffin-93819d.netlify.app/seo-incheon-seo-gu-apartment-move-in-cleaning-price/,인천 서구,입주청소,아파트,가격
2026-08-05T23:04:48,인천 서구 아파트 입주청소 견적,seo-incheon-seo-gu-apartment-move-in-cleaning-estimate,https://clever-griffin-93819d.netlify.app/seo-incheon-seo-gu-apartment-move-in-cleaning-estimate/,인천 서구,입주청소,아파트,견적
2026-08-05T23:04:48,인천 서구 아파트 입주청소 예약,seo-incheon-seo-gu-apartment-move-in-cleaning-booking,https://clever-griffin-93819d.netlify.app/seo-incheon-seo-gu-apartment-move-in-cleaning-booking/,인천 서구,입주청소,아파트,예약
2026-08-05T23:04:48,인천 서구 아파트 입주청소 추천,seo-incheon-seo-gu-apartment-move-in-cleaning-recommend,https://clever-griffin-93819d.netlify.app/seo-incheon-seo-gu-apartment-move-in-cleaning-recommend/,인천 서구,입주청소,아파트,추천
2026-08-05T23:04:48,인천 서구 아파트 입주청소 후기,seo-incheon-seo-gu-apartment-move-in-cleaning-review,https://clever-griffin-93819d.netlify.app/seo-incheon-seo-gu-apartment-move-in-cleaning-review/,인천 서구,입주청소,아파트,후기
2026-08-05T23:04:48,인천 서구 아파트 입주청소 잘하는곳,seo-incheon-seo-gu-apartment-move-in-cleaning-best,https://clever-griffin-93819d.netlify.app/seo-incheon-seo-gu-apartment-move-in-cleaning-best/,인천 서구,입주청소,아파트,잘하는곳
2026-08-05T23:04:48,인천 서구 아파트 입주청소 업체,seo-incheon-seo-gu-apartment-move-in-cleaning-service,https://clever-griffin-93819d.netlify.app/seo-incheon-seo-gu-apartment-move-in-cleaning-service/,인천 서구,입주청소,아파트,업체
2026-08-05T23:04:48,인천 서구 아파트 입주청소 당일상담,seo-incheon-seo-gu-apartment-move-in-cleaning-same-day-consult,https://clever-griffin-93819d.netlify.app/seo-incheon-seo-gu-apartment-move-in-cleaning-same-day-consult/,인천 서구,입주청소,아파트,당일상담
2026-08-05T23:04:48,인천 서구 아파트 입주청소 주말예약,seo-incheon-seo-gu-apartment-move-in-cleaning-weekend-booking,https://clever-griffin-93819d.netlify.app/seo-incheon-seo-gu-apartment-move-in-cleaning-weekend-booking/,인천 서구,입주청소,아파트,주말예약
2026-08-05T23:04:48,인천 서구 아파트 입주청소 청소범위,seo-incheon-seo-gu-apartment-move-in-cleaning-scope,https://clever-griffin-93819d.netlify.app/seo-incheon-seo-gu-apartment-move-in-cleaning-scope/,인천 서구,입주청소,아파트,청소범위
2026-08-05T23:04:48,인천 서구 원룸 입주청소 전문업체,seo-incheon-seo-gu-one-room-move-in-cleaning-company,https://clever-griffin-93819d.netlify.app/seo-incheon-seo-gu-one-room-move-in-cleaning-company/,인천 서구,입주청소,원룸,전문업체
2026-08-05T23:04:48,인천 서구 원룸 입주청소 비용,seo-incheon-seo-gu-one-room-move-in-cleaning-cost,https://clever-griffin-93819d.netlify.app/seo-incheon-seo-gu-one-room-move-in-cleaning-cost/,인천 서구,입주청소,원룸,비용
2026-08-05T23:04:48,인천 서구 원룸 입주청소 가격,seo-incheon-seo-gu-one-room-move-in-cleaning-price,https://clever-griffin-93819d.netlify.app/seo-incheon-seo-gu-one-room-move-in-cleaning-price/,인천 서구,입주청소,원룸,가격
2026-08-05T23:04:48,인천 서구 원룸 입주청소 견적,seo-incheon-seo-gu-one-room-move-in-cleaning-estimate,https://clever-griffin-93819d.netlify.app/seo-incheon-seo-gu-one-room-move-in-cleaning-estimate/,인천 서구,입주청소,원룸,견적
2026-08-05T23:04:48,인천 서구 원룸 입주청소 예약,seo-incheon-seo-gu-one-room-move-in-cleaning-booking,https://clever-griffin-93819d.netlify.app/seo-incheon-seo-gu-one-room-move-in-cleaning-booking/,인천 서구,입주청소,원룸,예약
2026-08-05T23:04:48,인천 서구 원룸 입주청소 추천,seo-incheon-seo-gu-one-room-move-in-cleaning-recommend,https://clever-griffin-93819d.netlify.app/seo-incheon-seo-gu-one-room-move-in-cleaning-recommend/,인천 서구,입주청소,원룸,추천
2026-08-05T23:04:48,인천 서구 원룸 입주청소 후기,seo-incheon-seo-gu-one-room-move-in-cleaning-review,https://clever-griffin-93819d.netlify.app/seo-incheon-seo-gu-one-room-move-in-cleaning-review/,인천 서구,입주청소,원룸,후기
2026-08-05T23:04:48,인천 서구 원룸 입주청소 잘하는곳,seo-incheon-seo-gu-one-room-move-in-cleaning-best,https://clever-griffin-93819d.netlify.app/seo-incheon-seo-gu-one-room-move-in-cleaning-best/,인천 서구,입주청소,원룸,잘하는곳
2026-08-05T23:04:48,인천 서구 원룸 입주청소 업체,seo-incheon-seo-gu-one-room-move-in-cleaning-service,https://clever-griffin-93819d.netlify.app/seo-incheon-seo-gu-one-room-move-in-cleaning-service/,인천 서구,입주청소,원룸,업체
2026-08-05T23:04:48,인천 서구 원룸 입주청소 당일상담,seo-incheon-seo-gu-one-room-move-in-cleaning-same-day-consult,https://clever-griffin-93819d.netlify.app/seo-incheon-seo-gu-one-room-move-in-cleaning-same-day-consult/,인천 서구,입주청소,원룸,당일상담
2026-08-05T23:04:48,인천 서구 원룸 입주청소 주말예약,seo-incheon-seo-gu-one-room-move-in-cleaning-weekend-booking,https://clever-griffin-93819d.netlify.app/seo-incheon-seo-gu-one-room-move-in-cleaning-weekend-booking/,인천 서구,입주청소,원룸,주말예약
2026-08-05T23:04:48,인천 서구 원룸 입주청소 청소범위,seo-incheon-seo-gu-one-room-move-in-cleaning-scope,https://clever-griffin-93819d.netlify.app/seo-incheon-seo-gu-one-room-move-in-cleaning-scope/,인천 서구,입주청소,원룸,청소범위
2026-08-05T23:04:48,인천 서구 빌라 입주청소 전문업체,seo-incheon-seo-gu-villa-move-in-cleaning-company,https://clever-griffin-93819d.netlify.app/seo-incheon-seo-gu-villa-move-in-cleaning-company/,인천 서구,입주청소,빌라,전문업체
2026-08-05T23:04:48,인천 서구 빌라 입주청소 비용,seo-incheon-seo-gu-villa-move-in-cleaning-cost,https://clever-griffin-93819d.netlify.app/seo-incheon-seo-gu-villa-move-in-cleaning-cost/,인천 서구,입주청소,빌라,비용
2026-08-05T23:04:48,인천 서구 빌라 입주청소 가격,seo-incheon-seo-gu-villa-move-in-cleaning-price,https://clever-griffin-93819d.netlify.app/seo-incheon-seo-gu-villa-move-in-cleaning-price/,인천 서구,입주청소,빌라,가격
2026-08-05T23:04:48,인천 서구 빌라 입주청소 견적,seo-incheon-seo-gu-villa-move-in-cleaning-estimate,https://clever-griffin-93819d.netlify.app/seo-incheon-seo-gu-villa-move-in-cleaning-estimate/,인천 서구,입주청소,빌라,견적
2026-08-05T23:04:48,인천 서구 빌라 입주청소 예약,seo-incheon-seo-gu-villa-move-in-cleaning-booking,https://clever-griffin-93819d.netlify.app/seo-incheon-seo-gu-villa-move-in-cleaning-booking/,인천 서구,입주청소,빌라,예약
2026-08-05T23:04:48,인천 서구 빌라 입주청소 추천,seo-incheon-seo-gu-villa-move-in-cleaning-recommend,https://clever-griffin-93819d.netlify.app/seo-incheon-seo-gu-villa-move-in-cleaning-recommend/,인천 서구,입주청소,빌라,추천
2026-08-05T23:04:48,인천 서구 빌라 입주청소 후기,seo-incheon-seo-gu-villa-move-in-cleaning-review,https://clever-griffin-93819d.netlify.app/seo-incheon-seo-gu-villa-move-in-cleaning-review/,인천 서구,입주청소,빌라,후기
2026-08-05T23:04:48,인천 서구 빌라 입주청소 잘하는곳,seo-incheon-seo-gu-villa-move-in-cleaning-best,https://clever-griffin-93819d.netlify.app/seo-incheon-seo-gu-villa-move-in-cleaning-best/,인천 서구,입주청소,빌라,잘하는곳
2026-08-05T23:04:48,인천 서구 빌라 입주청소 업체,seo-incheon-seo-gu-villa-move-in-cleaning-service,https://clever-griffin-93819d.netlify.app/seo-incheon-seo-gu-villa-move-in-cleaning-service/,인천 서구,입주청소,빌라,업체
2026-08-05T23:04:48,인천 서구 빌라 입주청소 당일상담,seo-incheon-seo-gu-villa-move-in-cleaning-same-day-consult,https://clever-griffin-93819d.netlify.app/seo-incheon-seo-gu-villa-move-in-cleaning-same-day-consult/,인천 서구,입주청소,빌라,당일상담
2026-08-05T23:04:48,인천 서구 빌라 입주청소 주말예약,seo-incheon-seo-gu-villa-move-in-cleaning-weekend-booking,https://clever-griffin-93819d.netlify.app/seo-incheon-seo-gu-villa-move-in-cleaning-weekend-booking/,인천 서구,입주청소,빌라,주말예약
2026-08-05T23:04:48,인천 서구 빌라 입주청소 청소범위,seo-incheon-seo-gu-villa-move-in-cleaning-scope,https://clever-griffin-93819d.netlify.app/seo-incheon-seo-gu-villa-move-in-cleaning-scope/,인천 서구,입주청소,빌라,청소범위
2026-08-05T23:04:48,인천 서구 오피스텔 입주청소 전문업체,seo-incheon-seo-gu-officetel-move-in-cleaning-company,https://clever-griffin-93819d.netlify.app/seo-incheon-seo-gu-officetel-move-in-cleaning-company/,인천 서구,입주청소,오피스텔,전문업체
2026-08-05T23:04:48,인천 서구 오피스텔 입주청소 비용,seo-incheon-seo-gu-officetel-move-in-cleaning-cost,https://clever-griffin-93819d.netlify.app/seo-incheon-seo-gu-officetel-move-in-cleaning-cost/,인천 서구,입주청소,오피스텔,비용
2026-08-05T23:04:48,인천 서구 오피스텔 입주청소 가격,seo-incheon-seo-gu-officetel-move-in-cleaning-price,https://clever-griffin-93819d.netlify.app/seo-incheon-seo-gu-officetel-move-in-cleaning-price/,인천 서구,입주청소,오피스텔,가격
2026-08-05T23:04:48,인천 서구 오피스텔 입주청소 견적,seo-incheon-seo-gu-officetel-move-in-cleaning-estimate,https://clever-griffin-93819d.netlify.app/seo-incheon-seo-gu-officetel-move-in-cleaning-estimate/,인천 서구,입주청소,오피스텔,견적
2026-08-05T23:04:48,인천 서구 오피스텔 입주청소 예약,seo-incheon-seo-gu-officetel-move-in-cleaning-booking,https://clever-griffin-93819d.netlify.app/seo-incheon-seo-gu-officetel-move-in-cleaning-booking/,인천 서구,입주청소,오피스텔,예약
2026-08-05T23:04:48,인천 서구 오피스텔 입주청소 추천,seo-incheon-seo-gu-officetel-move-in-cleaning-recommend,https://clever-griffin-93819d.netlify.app/seo-incheon-seo-gu-officetel-move-in-cleaning-recommend/,인천 서구,입주청소,오피스텔,추천
2026-08-05T23:04:48,인천 서구 오피스텔 입주청소 후기,seo-incheon-seo-gu-officetel-move-in-cleaning-review,https://clever-griffin-93819d.netlify.app/seo-incheon-seo-gu-officetel-move-in-cleaning-review/,인천 서구,입주청소,오피스텔,후기
2026-08-05T23:04:48,인천 서구 오피스텔 입주청소 잘하는곳,seo-incheon-seo-gu-officetel-move-in-cleaning-best,https://clever-griffin-93819d.netlify.app/seo-incheon-seo-gu-officetel-move-in-cleaning-best/,인천 서구,입주청소,오피스텔,잘하는곳
2026-08-05T23:04:48,인천 서구 오피스텔 입주청소 업체,seo-incheon-seo-gu-officetel-move-in-cleaning-service,https://clever-griffin-93819d.netlify.app/seo-incheon-seo-gu-officetel-move-in-cleaning-service/,인천 서구,입주청소,오피스텔,업체
2026-08-05T23:04:48,인천 서구 오피스텔 입주청소 당일상담,seo-incheon-seo-gu-officetel-move-in-cleaning-same-day-consult,https://clever-griffin-93819d.netlify.app/seo-incheon-seo-gu-officetel-move-in-cleaning-same-day-consult/,인천 서구,입주청소,오피스텔,당일상담
2026-08-05T23:04:48,인천 서구 오피스텔 입주청소 주말예약,seo-incheon-seo-gu-officetel-move-in-cleaning-weekend-booking,https://clever-griffin-93819d.netlify.app/seo-incheon-seo-gu-officetel-move-in-cleaning-weekend-booking/,인천 서구,입주청소,오피스텔,주말예약
2026-08-05T23:04:48,인천 서구 오피스텔 입주청소 청소범위,seo-incheon-seo-gu-officetel-move-in-cleaning-scope,https://clever-griffin-93819d.netlify.app/seo-incheon-seo-gu-officetel-move-in-cleaning-scope/,인천 서구,입주청소,오피스텔,청소범위
2026-08-05T23:04:48,인천 서구 상가 입주청소 전문업체,seo-incheon-seo-gu-store-move-in-cleaning-company,https://clever-griffin-93819d.netlify.app/seo-incheon-seo-gu-store-move-in-cleaning-company/,인천 서구,입주청소,상가,전문업체
2026-08-05T23:04:48,인천 서구 상가 입주청소 비용,seo-incheon-seo-gu-store-move-in-cleaning-cost,https://clever-griffin-93819d.netlify.app/seo-incheon-seo-gu-store-move-in-cleaning-cost/,인천 서구,입주청소,상가,비용
2026-08-05T23:04:48,인천 서구 상가 입주청소 가격,seo-incheon-seo-gu-store-move-in-cleaning-price,https://clever-griffin-93819d.netlify.app/seo-incheon-seo-gu-store-move-in-cleaning-price/,인천 서구,입주청소,상가,가격
2026-08-05T23:04:48,인천 서구 상가 입주청소 견적,seo-incheon-seo-gu-store-move-in-cleaning-estimate,https://clever-griffin-93819d.netlify.app/seo-incheon-seo-gu-store-move-in-cleaning-estimate/,인천 서구,입주청소,상가,견적
2026-08-05T23:04:48,인천 서구 상가 입주청소 예약,seo-incheon-seo-gu-store-move-in-cleaning-booking,https://clever-griffin-93819d.netlify.app/seo-incheon-seo-gu-store-move-in-cleaning-booking/,인천 서구,입주청소,상가,예약
2026-08-05T23:04:48,인천 서구 상가 입주청소 추천,seo-incheon-seo-gu-store-move-in-cleaning-recommend,https://clever-griffin-93819d.netlify.app/seo-incheon-seo-gu-store-move-in-cleaning-recommend/,인천 서구,입주청소,상가,추천
2026-08-05T23:04:48,인천 서구 상가 입주청소 후기,seo-incheon-seo-gu-store-move-in-cleaning-review,https://clever-griffin-93819d.netlify.app/seo-incheon-seo-gu-store-move-in-cleaning-review/,인천 서구,입주청소,상가,후기
2026-08-05T23:04:48,인천 서구 상가 입주청소 잘하는곳,seo-incheon-seo-gu-store-move-in-cleaning-best,https://clever-griffin-93819d.netlify.app/seo-incheon-seo-gu-store-move-in-cleaning-best/,인천 서구,입주청소,상가,잘하는곳
2026-08-05T23:04:48,인천 서구 상가 입주청소 업체,seo-incheon-seo-gu-store-move-in-cleaning-service,https://clever-griffin-93819d.netlify.app/seo-incheon-seo-gu-store-move-in-cleaning-service/,인천 서구,입주청소,상가,업체
2026-08-05T23:04:48,인천 서구 상가 입주청소 당일상담,seo-incheon-seo-gu-store-move-in-cleaning-same-day-consult,https://clever-griffin-93819d.netlify.app/seo-incheon-seo-gu-store-move-in-cleaning-same-day-consult/,인천 서구,입주청소,상가,당일상담
2026-08-05T23:04:48,인천 서구 상가 입주청소 주말예약,seo-incheon-seo-gu-store-move-in-cleaning-weekend-booking,https://clever-griffin-93819d.netlify.app/seo-incheon-seo-gu-store-move-in-cleaning-weekend-booking/,인천 서구,입주청소,상가,주말예약
2026-08-05T23:04:48,인천 서구 상가 입주청소 청소범위,seo-incheon-seo-gu-store-move-in-cleaning-scope,https://clever-griffin-93819d.netlify.app/seo-incheon-seo-gu-store-move-in-cleaning-scope/,인천 서구,입주청소,상가,청소범위
2026-08-05T23:04:48,인천 서구 사무실 입주청소 전문업체,seo-incheon-seo-gu-office-move-in-cleaning-company,https://clever-griffin-93819d.netlify.app/seo-incheon-seo-gu-office-move-in-cleaning-company/,인천 서구,입주청소,사무실,전문업체
2026-08-05T23:04:48,인천 서구 사무실 입주청소 비용,seo-incheon-seo-gu-office-move-in-cleaning-cost,https://clever-griffin-93819d.netlify.app/seo-incheon-seo-gu-office-move-in-cleaning-cost/,인천 서구,입주청소,사무실,비용
2026-08-05T23:04:48,인천 서구 사무실 입주청소 가격,seo-incheon-seo-gu-office-move-in-cleaning-price,https://clever-griffin-93819d.netlify.app/seo-incheon-seo-gu-office-move-in-cleaning-price/,인천 서구,입주청소,사무실,가격
2026-08-05T23:04:48,인천 서구 사무실 입주청소 견적,seo-incheon-seo-gu-office-move-in-cleaning-estimate,https://clever-griffin-93819d.netlify.app/seo-incheon-seo-gu-office-move-in-cleaning-estimate/,인천 서구,입주청소,사무실,견적
2026-08-05T23:04:48,인천 서구 사무실 입주청소 예약,seo-incheon-seo-gu-office-move-in-cleaning-booking,https://clever-griffin-93819d.netlify.app/seo-incheon-seo-gu-office-move-in-cleaning-booking/,인천 서구,입주청소,사무실,예약
2026-08-05T23:04:48,인천 서구 사무실 입주청소 추천,seo-incheon-seo-gu-office-move-in-cleaning-recommend,https://clever-griffin-93819d.netlify.app/seo-incheon-seo-gu-office-move-in-cleaning-recommend/,인천 서구,입주청소,사무실,추천
2026-08-05T23:04:48,인천 서구 사무실 입주청소 후기,seo-incheon-seo-gu-office-move-in-cleaning-review,https://clever-griffin-93819d.netlify.app/seo-incheon-seo-gu-office-move-in-cleaning-review/,인천 서구,입주청소,사무실,후기
2026-08-05T23:04:48,인천 서구 사무실 입주청소 잘하는곳,seo-incheon-seo-gu-office-move-in-cleaning-best,https://clever-griffin-93819d.netlify.app/seo-incheon-seo-gu-office-move-in-cleaning-best/,인천 서구,입주청소,사무실,잘하는곳
2026-08-05T23:04:48,인천 서구 사무실 입주청소 업체,seo-incheon-seo-gu-office-move-in-cleaning-service,https://clever-griffin-93819d.netlify.app/seo-incheon-seo-gu-office-move-in-cleaning-service/,인천 서구,입주청소,사무실,업체
2026-08-05T23:04:48,인천 서구 사무실 입주청소 당일상담,seo-incheon-seo-gu-office-move-in-cleaning-same-day-consult,https://clever-griffin-93819d.netlify.app/seo-incheon-seo-gu-office-move-in-cleaning-same-day-consult/,인천 서구,입주청소,사무실,당일상담
2026-08-05T23:04:48,인천 서구 사무실 입주청소 주말예약,seo-incheon-seo-gu-office-move-in-cleaning-weekend-booking,https://clever-griffin-93819d.netlify.app/seo-incheon-seo-gu-office-move-in-cleaning-weekend-booking/,인천 서구,입주청소,사무실,주말예약
2026-08-05T23:04:48,인천 서구 사무실 입주청소 청소범위,seo-incheon-seo-gu-office-move-in-cleaning-scope,https://clever-griffin-93819d.netlify.app/seo-incheon-seo-gu-office-move-in-cleaning-scope/,인천 서구,입주청소,사무실,청소범위
2026-08-05T23:04:48,인천 서구 아파트 이사청소 전문업체,seo-incheon-seo-gu-apartment-moving-cleaning-company,https://clever-griffin-93819d.netlify.app/seo-incheon-seo-gu-apartment-moving-cleaning-company/,인천 서구,이사청소,아파트,전문업체
2026-08-05T23:04:48,인천 서구 아파트 이사청소 비용,seo-incheon-seo-gu-apartment-moving-cleaning-cost,https://clever-griffin-93819d.netlify.app/seo-incheon-seo-gu-apartment-moving-cleaning-cost/,인천 서구,이사청소,아파트,비용
2026-08-05T23:04:48,인천 서구 아파트 이사청소 가격,seo-incheon-seo-gu-apartment-moving-cleaning-price,https://clever-griffin-93819d.netlify.app/seo-incheon-seo-gu-apartment-moving-cleaning-price/,인천 서구,이사청소,아파트,가격
2026-08-05T23:04:48,인천 서구 아파트 이사청소 견적,seo-incheon-seo-gu-apartment-moving-cleaning-estimate,https://clever-griffin-93819d.netlify.app/seo-incheon-seo-gu-apartment-moving-cleaning-estimate/,인천 서구,이사청소,아파트,견적
2026-08-05T23:04:48,인천 서구 아파트 이사청소 예약,seo-incheon-seo-gu-apartment-moving-cleaning-booking,https://clever-griffin-93819d.netlify.app/seo-incheon-seo-gu-apartment-moving-cleaning-booking/,인천 서구,이사청소,아파트,예약
2026-08-05T23:04:48,인천 서구 아파트 이사청소 추천,seo-incheon-seo-gu-apartment-moving-cleaning-recommend,https://clever-griffin-93819d.netlify.app/seo-incheon-seo-gu-apartment-moving-cleaning-recommend/,인천 서구,이사청소,아파트,추천
2026-08-05T23:04:48,인천 서구 아파트 이사청소 후기,seo-incheon-seo-gu-apartment-moving-cleaning-review,https://clever-griffin-93819d.netlify.app/seo-incheon-seo-gu-apartment-moving-cleaning-review/,인천 서구,이사청소,아파트,후기
2026-08-05T23:04:48,인천 서구 아파트 이사청소 잘하는곳,seo-incheon-seo-gu-apartment-moving-cleaning-best,https://clever-griffin-93819d.netlify.app/seo-incheon-seo-gu-apartment-moving-cleaning-best/,인천 서구,이사청소,아파트,잘하는곳
2026-08-05T23:04:48,인천 서구 아파트 이사청소 업체,seo-incheon-seo-gu-apartment-moving-cleaning-service,https://clever-griffin-93819d.netlify.app/seo-incheon-seo-gu-apartment-moving-cleaning-service/,인천 서구,이사청소,아파트,업체
2026-08-05T23:04:48,인천 서구 아파트 이사청소 당일상담,seo-incheon-seo-gu-apartment-moving-cleaning-same-day-consult,https://clever-griffin-93819d.netlify.app/seo-incheon-seo-gu-apartment-moving-cleaning-same-day-consult/,인천 서구,이사청소,아파트,당일상담
2026-08-05T23:04:48,인천 서구 아파트 이사청소 주말예약,seo-incheon-seo-gu-apartment-moving-cleaning-weekend-booking,https://clever-griffin-93819d.netlify.app/seo-incheon-seo-gu-apartment-moving-cleaning-weekend-booking/,인천 서구,이사청소,아파트,주말예약
2026-08-05T23:04:48,인천 서구 아파트 이사청소 청소범위,seo-incheon-seo-gu-apartment-moving-cleaning-scope,https://clever-griffin-93819d.netlify.app/seo-incheon-seo-gu-apartment-moving-cleaning-scope/,인천 서구,이사청소,아파트,청소범위
2026-08-05T23:04:48,인천 서구 원룸 이사청소 전문업체,seo-incheon-seo-gu-one-room-moving-cleaning-company,https://clever-griffin-93819d.netlify.app/seo-incheon-seo-gu-one-room-moving-cleaning-company/,인천 서구,이사청소,원룸,전문업체
2026-08-05T23:04:48,인천 서구 원룸 이사청소 비용,seo-incheon-seo-gu-one-room-moving-cleaning-cost,https://clever-griffin-93819d.netlify.app/seo-incheon-seo-gu-one-room-moving-cleaning-cost/,인천 서구,이사청소,원룸,비용
2026-08-05T23:04:48,인천 서구 원룸 이사청소 가격,seo-incheon-seo-gu-one-room-moving-cleaning-price,https://clever-griffin-93819d.netlify.app/seo-incheon-seo-gu-one-room-moving-cleaning-price/,인천 서구,이사청소,원룸,가격
2026-08-05T23:04:48,인천 서구 원룸 이사청소 견적,seo-incheon-seo-gu-one-room-moving-cleaning-estimate,https://clever-griffin-93819d.netlify.app/seo-incheon-seo-gu-one-room-moving-cleaning-estimate/,인천 서구,이사청소,원룸,견적
2026-08-05T23:04:48,인천 서구 원룸 이사청소 예약,seo-incheon-seo-gu-one-room-moving-cleaning-booking,https://clever-griffin-93819d.netlify.app/seo-incheon-seo-gu-one-room-moving-cleaning-booking/,인천 서구,이사청소,원룸,예약
2026-08-05T23:04:48,인천 서구 원룸 이사청소 추천,seo-incheon-seo-gu-one-room-moving-cleaning-recommend,https://clever-griffin-93819d.netlify.app/seo-incheon-seo-gu-one-room-moving-cleaning-recommend/,인천 서구,이사청소,원룸,추천
2026-08-05T23:04:48,인천 서구 원룸 이사청소 후기,seo-incheon-seo-gu-one-room-moving-cleaning-review,https://clever-griffin-93819d.netlify.app/seo-incheon-seo-gu-one-room-moving-cleaning-review/,인천 서구,이사청소,원룸,후기
2026-08-05T23:04:48,인천 서구 원룸 이사청소 잘하는곳,seo-incheon-seo-gu-one-room-moving-cleaning-best,https://clever-griffin-93819d.netlify.app/seo-incheon-seo-gu-one-room-moving-cleaning-best/,인천 서구,이사청소,원룸,잘하는곳
2026-08-05T23:04:48,인천 서구 원룸 이사청소 업체,seo-incheon-seo-gu-one-room-moving-cleaning-service,https://clever-griffin-93819d.netlify.app/seo-incheon-seo-gu-one-room-moving-cleaning-service/,인천 서구,이사청소,원룸,업체
2026-08-05T23:04:48,인천 서구 원룸 이사청소 당일상담,seo-incheon-seo-gu-one-room-moving-cleaning-same-day-consult,https://clever-griffin-93819d.netlify.app/seo-incheon-seo-gu-one-room-moving-cleaning-same-day-consult/,인천 서구,이사청소,원룸,당일상담
2026-08-05T23:04:48,인천 서구 원룸 이사청소 주말예약,seo-incheon-seo-gu-one-room-moving-cleaning-weekend-booking,https://clever-griffin-93819d.netlify.app/seo-incheon-seo-gu-one-room-moving-cleaning-weekend-booking/,인천 서구,이사청소,원룸,주말예약
2026-08-05T23:04:48,인천 서구 원룸 이사청소 청소범위,seo-incheon-seo-gu-one-room-moving-cleaning-scope,https://clever-griffin-93819d.netlify.app/seo-incheon-seo-gu-one-room-moving-cleaning-scope/,인천 서구,이사청소,원룸,청소범위
2026-08-05T23:04:48,인천 서구 빌라 이사청소 전문업체,seo-incheon-seo-gu-villa-moving-cleaning-company,https://clever-griffin-93819d.netlify.app/seo-incheon-seo-gu-villa-moving-cleaning-company/,인천 서구,이사청소,빌라,전문업체
2026-08-05T23:04:48,인천 서구 빌라 이사청소 비용,seo-incheon-seo-gu-villa-moving-cleaning-cost,https://clever-griffin-93819d.netlify.app/seo-incheon-seo-gu-villa-moving-cleaning-cost/,인천 서구,이사청소,빌라,비용
2026-08-05T23:04:48,인천 서구 빌라 이사청소 가격,seo-incheon-seo-gu-villa-moving-cleaning-price,https://clever-griffin-93819d.netlify.app/seo-incheon-seo-gu-villa-moving-cleaning-price/,인천 서구,이사청소,빌라,가격
2026-08-05T23:04:48,인천 서구 빌라 이사청소 견적,seo-incheon-seo-gu-villa-moving-cleaning-estimate,https://clever-griffin-93819d.netlify.app/seo-incheon-seo-gu-villa-moving-cleaning-estimate/,인천 서구,이사청소,빌라,견적
2026-08-05T23:04:48,인천 서구 빌라 이사청소 예약,seo-incheon-seo-gu-villa-moving-cleaning-booking,https://clever-griffin-93819d.netlify.app/seo-incheon-seo-gu-villa-moving-cleaning-booking/,인천 서구,이사청소,빌라,예약
2026-08-05T23:04:48,인천 서구 빌라 이사청소 추천,seo-incheon-seo-gu-villa-moving-cleaning-recommend,https://clever-griffin-93819d.netlify.app/seo-incheon-seo-gu-villa-moving-cleaning-recommend/,인천 서구,이사청소,빌라,추천
2026-08-05T23:04:48,인천 서구 빌라 이사청소 후기,seo-incheon-seo-gu-villa-moving-cleaning-review,https://clever-griffin-93819d.netlify.app/seo-incheon-seo-gu-villa-moving-cleaning-review/,인천 서구,이사청소,빌라,후기
2026-08-05T23:04:48,인천 서구 빌라 이사청소 잘하는곳,seo-incheon-seo-gu-villa-moving-cleaning-best,https://clever-griffin-93819d.netlify.app/seo-incheon-seo-gu-villa-moving-cleaning-best/,인천 서구,이사청소,빌라,잘하는곳
2026-08-05T23:04:48,인천 서구 빌라 이사청소 업체,seo-incheon-seo-gu-villa-moving-cleaning-service,https://clever-griffin-93819d.netlify.app/seo-incheon-seo-gu-villa-moving-cleaning-service/,인천 서구,이사청소,빌라,업체
2026-08-05T23:04:48,인천 서구 빌라 이사청소 당일상담,seo-incheon-seo-gu-villa-moving-cleaning-same-day-consult,https://clever-griffin-93819d.netlify.app/seo-incheon-seo-gu-villa-moving-cleaning-same-day-consult/,인천 서구,이사청소,빌라,당일상담
2026-08-05T23:04:48,인천 서구 빌라 이사청소 주말예약,seo-incheon-seo-gu-villa-moving-cleaning-weekend-booking,https://clever-griffin-93819d.netlify.app/seo-incheon-seo-gu-villa-moving-cleaning-weekend-booking/,인천 서구,이사청소,빌라,주말예약
2026-08-05T23:04:48,인천 서구 빌라 이사청소 청소범위,seo-incheon-seo-gu-villa-moving-cleaning-scope,https://clever-griffin-93819d.netlify.app/seo-incheon-seo-gu-villa-moving-cleaning-scope/,인천 서구,이사청소,빌라,청소범위
2026-08-05T23:04:48,인천 서구 오피스텔 이사청소 전문업체,seo-incheon-seo-gu-officetel-moving-cleaning-company,https://clever-griffin-93819d.netlify.app/seo-incheon-seo-gu-officetel-moving-cleaning-company/,인천 서구,이사청소,오피스텔,전문업체
2026-08-05T23:04:48,인천 서구 오피스텔 이사청소 비용,seo-incheon-seo-gu-officetel-moving-cleaning-cost,https://clever-griffin-93819d.netlify.app/seo-incheon-seo-gu-officetel-moving-cleaning-cost/,인천 서구,이사청소,오피스텔,비용
2026-08-05T23:04:48,인천 서구 오피스텔 이사청소 가격,seo-incheon-seo-gu-officetel-moving-cleaning-price,https://clever-griffin-93819d.netlify.app/seo-incheon-seo-gu-officetel-moving-cleaning-price/,인천 서구,이사청소,오피스텔,가격
2026-08-05T23:04:48,인천 서구 오피스텔 이사청소 견적,seo-incheon-seo-gu-officetel-moving-cleaning-estimate,https://clever-griffin-93819d.netlify.app/seo-incheon-seo-gu-officetel-moving-cleaning-estimate/,인천 서구,이사청소,오피스텔,견적
2026-08-05T23:04:48,인천 서구 오피스텔 이사청소 예약,seo-incheon-seo-gu-officetel-moving-cleaning-booking,https://clever-griffin-93819d.netlify.app/seo-incheon-seo-gu-officetel-moving-cleaning-booking/,인천 서구,이사청소,오피스텔,예약
2026-08-05T23:04:48,인천 서구 오피스텔 이사청소 추천,seo-incheon-seo-gu-officetel-moving-cleaning-recommend,https://clever-griffin-93819d.netlify.app/seo-incheon-seo-gu-officetel-moving-cleaning-recommend/,인천 서구,이사청소,오피스텔,추천
2026-08-05T23:04:48,인천 서구 오피스텔 이사청소 후기,seo-incheon-seo-gu-officetel-moving-cleaning-review,https://clever-griffin-93819d.netlify.app/seo-incheon-seo-gu-officetel-moving-cleaning-review/,인천 서구,이사청소,오피스텔,후기
2026-08-05T23:04:48,인천 서구 오피스텔 이사청소 잘하는곳,seo-incheon-seo-gu-officetel-moving-cleaning-best,https://clever-griffin-93819d.netlify.app/seo-incheon-seo-gu-officetel-moving-cleaning-best/,인천 서구,이사청소,오피스텔,잘하는곳
2026-08-05T23:04:48,인천 서구 오피스텔 이사청소 업체,seo-incheon-seo-gu-officetel-moving-cleaning-service,https://clever-griffin-93819d.netlify.app/seo-incheon-seo-gu-officetel-moving-cleaning-service/,인천 서구,이사청소,오피스텔,업체
2026-08-05T23:04:48,인천 서구 오피스텔 이사청소 당일상담,seo-incheon-seo-gu-officetel-moving-cleaning-same-day-consult,https://clever-griffin-93819d.netlify.app/seo-incheon-seo-gu-officetel-moving-cleaning-same-day-consult/,인천 서구,이사청소,오피스텔,당일상담
2026-08-05T23:04:48,인천 서구 오피스텔 이사청소 주말예약,seo-incheon-seo-gu-officetel-moving-cleaning-weekend-booking,https://clever-griffin-93819d.netlify.app/seo-incheon-seo-gu-officetel-moving-cleaning-weekend-booking/,인천 서구,이사청소,오피스텔,주말예약
2026-08-05T23:04:48,인천 서구 오피스텔 이사청소 청소범위,seo-incheon-seo-gu-officetel-moving-cleaning-scope,https://clever-griffin-93819d.netlify.app/seo-incheon-seo-gu-officetel-moving-cleaning-scope/,인천 서구,이사청소,오피스텔,청소범위
2026-08-05T23:04:48,인천 서구 상가 이사청소 전문업체,seo-incheon-seo-gu-store-moving-cleaning-company,https://clever-griffin-93819d.netlify.app/seo-incheon-seo-gu-store-moving-cleaning-company/,인천 서구,이사청소,상가,전문업체
2026-08-05T23:04:48,인천 서구 상가 이사청소 비용,seo-incheon-seo-gu-store-moving-cleaning-cost,https://clever-griffin-93819d.netlify.app/seo-incheon-seo-gu-store-moving-cleaning-cost/,인천 서구,이사청소,상가,비용
2026-08-05T23:04:48,인천 서구 상가 이사청소 가격,seo-incheon-seo-gu-store-moving-cleaning-price,https://clever-griffin-93819d.netlify.app/seo-incheon-seo-gu-store-moving-cleaning-price/,인천 서구,이사청소,상가,가격
2026-08-05T23:04:48,인천 서구 상가 이사청소 견적,seo-incheon-seo-gu-store-moving-cleaning-estimate,https://clever-griffin-93819d.netlify.app/seo-incheon-seo-gu-store-moving-cleaning-estimate/,인천 서구,이사청소,상가,견적
2026-08-05T23:04:48,인천 서구 상가 이사청소 예약,seo-incheon-seo-gu-store-moving-cleaning-booking,https://clever-griffin-93819d.netlify.app/seo-incheon-seo-gu-store-moving-cleaning-booking/,인천 서구,이사청소,상가,예약
2026-08-05T23:04:48,인천 서구 상가 이사청소 추천,seo-incheon-seo-gu-store-moving-cleaning-recommend,https://clever-griffin-93819d.netlify.app/seo-incheon-seo-gu-store-moving-cleaning-recommend/,인천 서구,이사청소,상가,추천
2026-08-05T23:04:48,인천 서구 상가 이사청소 후기,seo-incheon-seo-gu-store-moving-cleaning-review,https://clever-griffin-93819d.netlify.app/seo-incheon-seo-gu-store-moving-cleaning-review/,인천 서구,이사청소,상가,후기
2026-08-05T23:04:48,인천 서구 상가 이사청소 잘하는곳,seo-incheon-seo-gu-store-moving-cleaning-best,https://clever-griffin-93819d.netlify.app/seo-incheon-seo-gu-store-moving-cleaning-best/,인천 서구,이사청소,상가,잘하는곳
2026-08-05T23:04:48,인천 서구 상가 이사청소 업체,seo-incheon-seo-gu-store-moving-cleaning-service,https://clever-griffin-93819d.netlify.app/seo-incheon-seo-gu-store-moving-cleaning-service/,인천 서구,이사청소,상가,업체
2026-08-05T23:04:48,인천 서구 상가 이사청소 당일상담,seo-incheon-seo-gu-store-moving-cleaning-same-day-consult,https://clever-griffin-93819d.netlify.app/seo-incheon-seo-gu-store-moving-cleaning-same-day-consult/,인천 서구,이사청소,상가,당일상담
2026-08-05T23:04:48,인천 서구 상가 이사청소 주말예약,seo-incheon-seo-gu-store-moving-cleaning-weekend-booking,https://clever-griffin-93819d.netlify.app/seo-incheon-seo-gu-store-moving-cleaning-weekend-booking/,인천 서구,이사청소,상가,주말예약
2026-08-05T23:04:48,인천 서구 상가 이사청소 청소범위,seo-incheon-seo-gu-store-moving-cleaning-scope,https://clever-griffin-93819d.netlify.app/seo-incheon-seo-gu-store-moving-cleaning-scope/,인천 서구,이사청소,상가,청소범위
2026-08-05T23:04:48,인천 서구 사무실 이사청소 전문업체,seo-incheon-seo-gu-office-moving-cleaning-company,https://clever-griffin-93819d.netlify.app/seo-incheon-seo-gu-office-moving-cleaning-company/,인천 서구,이사청소,사무실,전문업체
2026-08-05T23:04:48,인천 서구 사무실 이사청소 비용,seo-incheon-seo-gu-office-moving-cleaning-cost,https://clever-griffin-93819d.netlify.app/seo-incheon-seo-gu-office-moving-cleaning-cost/,인천 서구,이사청소,사무실,비용
2026-08-05T23:04:48,인천 서구 사무실 이사청소 가격,seo-incheon-seo-gu-office-moving-cleaning-price,https://clever-griffin-93819d.netlify.app/seo-incheon-seo-gu-office-moving-cleaning-price/,인천 서구,이사청소,사무실,가격
2026-08-05T23:04:48,인천 서구 사무실 이사청소 견적,seo-incheon-seo-gu-office-moving-cleaning-estimate,https://clever-griffin-93819d.netlify.app/seo-incheon-seo-gu-office-moving-cleaning-estimate/,인천 서구,이사청소,사무실,견적
2026-08-05T23:04:48,인천 서구 사무실 이사청소 예약,seo-incheon-seo-gu-office-moving-cleaning-booking,https://clever-griffin-93819d.netlify.app/seo-incheon-seo-gu-office-moving-cleaning-booking/,인천 서구,이사청소,사무실,예약
2026-08-05T23:04:48,인천 서구 사무실 이사청소 추천,seo-incheon-seo-gu-office-moving-cleaning-recommend,https://clever-griffin-93819d.netlify.app/seo-incheon-seo-gu-office-moving-cleaning-recommend/,인천 서구,이사청소,사무실,추천
2026-08-05T23:04:48,인천 서구 사무실 이사청소 후기,seo-incheon-seo-gu-office-moving-cleaning-review,https://clever-griffin-93819d.netlify.app/seo-incheon-seo-gu-office-moving-cleaning-review/,인천 서구,이사청소,사무실,후기
2026-08-05T23:04:48,인천 서구 사무실 이사청소 잘하는곳,seo-incheon-seo-gu-office-moving-cleaning-best,https://clever-griffin-93819d.netlify.app/seo-incheon-seo-gu-office-moving-cleaning-best/,인천 서구,이사청소,사무실,잘하는곳
2026-08-05T23:04:48,인천 서구 사무실 이사청소 업체,seo-incheon-seo-gu-office-moving-cleaning-service,https://clever-griffin-93819d.netlify.app/seo-incheon-seo-gu-office-moving-cleaning-service/,인천 서구,이사청소,사무실,업체
2026-08-05T23:04:48,인천 서구 사무실 이사청소 당일상담,seo-incheon-seo-gu-office-moving-cleaning-same-day-consult,https://clever-griffin-93819d.netlify.app/seo-incheon-seo-gu-office-moving-cleaning-same-day-consult/,인천 서구,이사청소,사무실,당일상담
2026-08-05T23:04:48,인천 서구 사무실 이사청소 주말예약,seo-incheon-seo-gu-office-moving-cleaning-weekend-booking,https://clever-griffin-93819d.netlify.app/seo-incheon-seo-gu-office-moving-cleaning-weekend-booking/,인천 서구,이사청소,사무실,주말예약
2026-08-05T23:04:48,인천 서구 사무실 이사청소 청소범위,seo-incheon-seo-gu-office-moving-cleaning-scope,https://clever-griffin-93819d.netlify.app/seo-incheon-seo-gu-office-moving-cleaning-scope/,인천 서구,이사청소,사무실,청소범위
2026-08-05T23:04:48,인천 서구 아파트 거주청소 전문업체,seo-incheon-seo-gu-apartment-residential-cleaning-company,https://clever-griffin-93819d.netlify.app/seo-incheon-seo-gu-apartment-residential-cleaning-company/,인천 서구,거주청소,아파트,전문업체
2026-08-05T23:04:48,인천 서구 아파트 거주청소 비용,seo-incheon-seo-gu-apartment-residential-cleaning-cost,https://clever-griffin-93819d.netlify.app/seo-incheon-seo-gu-apartment-residential-cleaning-cost/,인천 서구,거주청소,아파트,비용
2026-08-05T23:04:48,인천 서구 아파트 거주청소 가격,seo-incheon-seo-gu-apartment-residential-cleaning-price,https://clever-griffin-93819d.netlify.app/seo-incheon-seo-gu-apartment-residential-cleaning-price/,인천 서구,거주청소,아파트,가격
2026-08-05T23:04:48,인천 서구 아파트 거주청소 견적,seo-incheon-seo-gu-apartment-residential-cleaning-estimate,https://clever-griffin-93819d.netlify.app/seo-incheon-seo-gu-apartment-residential-cleaning-estimate/,인천 서구,거주청소,아파트,견적
2026-08-05T23:04:48,인천 서구 아파트 거주청소 예약,seo-incheon-seo-gu-apartment-residential-cleaning-booking,https://clever-griffin-93819d.netlify.app/seo-incheon-seo-gu-apartment-residential-cleaning-booking/,인천 서구,거주청소,아파트,예약
2026-08-05T23:04:48,인천 서구 아파트 거주청소 추천,seo-incheon-seo-gu-apartment-residential-cleaning-recommend,https://clever-griffin-93819d.netlify.app/seo-incheon-seo-gu-apartment-residential-cleaning-recommend/,인천 서구,거주청소,아파트,추천
2026-08-05T23:04:48,인천 서구 아파트 거주청소 후기,seo-incheon-seo-gu-apartment-residential-cleaning-review,https://clever-griffin-93819d.netlify.app/seo-incheon-seo-gu-apartment-residential-cleaning-review/,인천 서구,거주청소,아파트,후기
2026-08-05T23:04:48,인천 서구 아파트 거주청소 잘하는곳,seo-incheon-seo-gu-apartment-residential-cleaning-best,https://clever-griffin-93819d.netlify.app/seo-incheon-seo-gu-apartment-residential-cleaning-best/,인천 서구,거주청소,아파트,잘하는곳
2026-08-05T23:04:48,인천 서구 아파트 거주청소 업체,seo-incheon-seo-gu-apartment-residential-cleaning-service,https://clever-griffin-93819d.netlify.app/seo-incheon-seo-gu-apartment-residential-cleaning-service/,인천 서구,거주청소,아파트,업체
2026-08-05T23:04:48,인천 서구 아파트 거주청소 당일상담,seo-incheon-seo-gu-apartment-residential-cleaning-same-day-consult,https://clever-griffin-93819d.netlify.app/seo-incheon-seo-gu-apartment-residential-cleaning-same-day-consult/,인천 서구,거주청소,아파트,당일상담
2026-08-05T23:04:48,인천 서구 아파트 거주청소 주말예약,seo-incheon-seo-gu-apartment-residential-cleaning-weekend-booking,https://clever-griffin-93819d.netlify.app/seo-incheon-seo-gu-apartment-residential-cleaning-weekend-booking/,인천 서구,거주청소,아파트,주말예약
2026-08-05T23:04:48,인천 서구 아파트 거주청소 청소범위,seo-incheon-seo-gu-apartment-residential-cleaning-scope,https://clever-griffin-93819d.netlify.app/seo-incheon-seo-gu-apartment-residential-cleaning-scope/,인천 서구,거주청소,아파트,청소범위
2026-08-05T23:04:48,인천 서구 원룸 거주청소 전문업체,seo-incheon-seo-gu-one-room-residential-cleaning-company,https://clever-griffin-93819d.netlify.app/seo-incheon-seo-gu-one-room-residential-cleaning-company/,인천 서구,거주청소,원룸,전문업체
2026-08-05T23:04:48,인천 서구 원룸 거주청소 비용,seo-incheon-seo-gu-one-room-residential-cleaning-cost,https://clever-griffin-93819d.netlify.app/seo-incheon-seo-gu-one-room-residential-cleaning-cost/,인천 서구,거주청소,원룸,비용
2026-08-05T23:04:48,인천 서구 원룸 거주청소 가격,seo-incheon-seo-gu-one-room-residential-cleaning-price,https://clever-griffin-93819d.netlify.app/seo-incheon-seo-gu-one-room-residential-cleaning-price/,인천 서구,거주청소,원룸,가격
2026-08-05T23:04:48,인천 서구 원룸 거주청소 견적,seo-incheon-seo-gu-one-room-residential-cleaning-estimate,https://clever-griffin-93819d.netlify.app/seo-incheon-seo-gu-one-room-residential-cleaning-estimate/,인천 서구,거주청소,원룸,견적
2026-08-05T23:04:48,인천 서구 원룸 거주청소 예약,seo-incheon-seo-gu-one-room-residential-cleaning-booking,https://clever-griffin-93819d.netlify.app/seo-incheon-seo-gu-one-room-residential-cleaning-booking/,인천 서구,거주청소,원룸,예약
2026-08-05T23:04:48,인천 서구 원룸 거주청소 추천,seo-incheon-seo-gu-one-room-residential-cleaning-recommend,https://clever-griffin-93819d.netlify.app/seo-incheon-seo-gu-one-room-residential-cleaning-recommend/,인천 서구,거주청소,원룸,추천
2026-08-05T23:04:48,인천 서구 원룸 거주청소 후기,seo-incheon-seo-gu-one-room-residential-cleaning-review,https://clever-griffin-93819d.netlify.app/seo-incheon-seo-gu-one-room-residential-cleaning-review/,인천 서구,거주청소,원룸,후기
2026-08-05T23:04:48,인천 서구 원룸 거주청소 잘하는곳,seo-incheon-seo-gu-one-room-residential-cleaning-best,https://clever-griffin-93819d.netlify.app/seo-incheon-seo-gu-one-room-residential-cleaning-best/,인천 서구,거주청소,원룸,잘하는곳
2026-08-05T23:04:48,인천 서구 원룸 거주청소 업체,seo-incheon-seo-gu-one-room-residential-cleaning-service,https://clever-griffin-93819d.netlify.app/seo-incheon-seo-gu-one-room-residential-cleaning-service/,인천 서구,거주청소,원룸,업체
2026-08-05T23:04:48,인천 서구 원룸 거주청소 당일상담,seo-incheon-seo-gu-one-room-residential-cleaning-same-day-consult,https://clever-griffin-93819d.netlify.app/seo-incheon-seo-gu-one-room-residential-cleaning-same-day-consult/,인천 서구,거주청소,원룸,당일상담
2026-08-05T23:04:48,인천 서구 원룸 거주청소 주말예약,seo-incheon-seo-gu-one-room-residential-cleaning-weekend-booking,https://clever-griffin-93819d.netlify.app/seo-incheon-seo-gu-one-room-residential-cleaning-weekend-booking/,인천 서구,거주청소,원룸,주말예약
2026-08-05T23:04:48,인천 서구 원룸 거주청소 청소범위,seo-incheon-seo-gu-one-room-residential-cleaning-scope,https://clever-griffin-93819d.netlify.app/seo-incheon-seo-gu-one-room-residential-cleaning-scope/,인천 서구,거주청소,원룸,청소범위
2026-08-05T23:04:48,인천 서구 빌라 거주청소 전문업체,seo-incheon-seo-gu-villa-residential-cleaning-company,https://clever-griffin-93819d.netlify.app/seo-incheon-seo-gu-villa-residential-cleaning-company/,인천 서구,거주청소,빌라,전문업체
2026-08-05T23:04:48,인천 서구 빌라 거주청소 비용,seo-incheon-seo-gu-villa-residential-cleaning-cost,https://clever-griffin-93819d.netlify.app/seo-incheon-seo-gu-villa-residential-cleaning-cost/,인천 서구,거주청소,빌라,비용
2026-08-05T23:04:48,인천 서구 빌라 거주청소 가격,seo-incheon-seo-gu-villa-residential-cleaning-price,https://clever-griffin-93819d.netlify.app/seo-incheon-seo-gu-villa-residential-cleaning-price/,인천 서구,거주청소,빌라,가격
2026-08-05T23:04:48,인천 서구 빌라 거주청소 견적,seo-incheon-seo-gu-villa-residential-cleaning-estimate,https://clever-griffin-93819d.netlify.app/seo-incheon-seo-gu-villa-residential-cleaning-estimate/,인천 서구,거주청소,빌라,견적
2026-08-05T23:04:48,인천 서구 빌라 거주청소 예약,seo-incheon-seo-gu-villa-residential-cleaning-booking,https://clever-griffin-93819d.netlify.app/seo-incheon-seo-gu-villa-residential-cleaning-booking/,인천 서구,거주청소,빌라,예약
2026-08-05T23:04:48,인천 서구 빌라 거주청소 추천,seo-incheon-seo-gu-villa-residential-cleaning-recommend,https://clever-griffin-93819d.netlify.app/seo-incheon-seo-gu-villa-residential-cleaning-recommend/,인천 서구,거주청소,빌라,추천
2026-08-05T23:04:48,인천 서구 빌라 거주청소 후기,seo-incheon-seo-gu-villa-residential-cleaning-review,https://clever-griffin-93819d.netlify.app/seo-incheon-seo-gu-villa-residential-cleaning-review/,인천 서구,거주청소,빌라,후기
2026-08-05T23:04:48,인천 서구 빌라 거주청소 잘하는곳,seo-incheon-seo-gu-villa-residential-cleaning-best,https://clever-griffin-93819d.netlify.app/seo-incheon-seo-gu-villa-residential-cleaning-best/,인천 서구,거주청소,빌라,잘하는곳
2026-08-05T23:04:48,인천 서구 빌라 거주청소 업체,seo-incheon-seo-gu-villa-residential-cleaning-service,https://clever-griffin-93819d.netlify.app/seo-incheon-seo-gu-villa-residential-cleaning-service/,인천 서구,거주청소,빌라,업체
2026-08-05T23:04:48,인천 서구 빌라 거주청소 당일상담,seo-incheon-seo-gu-villa-residential-cleaning-same-day-consult,https://clever-griffin-93819d.netlify.app/seo-incheon-seo-gu-villa-residential-cleaning-same-day-consult/,인천 서구,거주청소,빌라,당일상담
2026-08-05T23:04:48,인천 서구 빌라 거주청소 주말예약,seo-incheon-seo-gu-villa-residential-cleaning-weekend-booking,https://clever-griffin-93819d.netlify.app/seo-incheon-seo-gu-villa-residential-cleaning-weekend-booking/,인천 서구,거주청소,빌라,주말예약
2026-08-05T23:04:48,인천 서구 빌라 거주청소 청소범위,seo-incheon-seo-gu-villa-residential-cleaning-scope,https://clever-griffin-93819d.netlify.app/seo-incheon-seo-gu-villa-residential-cleaning-scope/,인천 서구,거주청소,빌라,청소범위
2026-08-05T23:04:48,인천 서구 오피스텔 거주청소 전문업체,seo-incheon-seo-gu-officetel-residential-cleaning-company,https://clever-griffin-93819d.netlify.app/seo-incheon-seo-gu-officetel-residential-cleaning-company/,인천 서구,거주청소,오피스텔,전문업체
2026-08-05T23:04:48,인천 서구 오피스텔 거주청소 비용,seo-incheon-seo-gu-officetel-residential-cleaning-cost,https://clever-griffin-93819d.netlify.app/seo-incheon-seo-gu-officetel-residential-cleaning-cost/,인천 서구,거주청소,오피스텔,비용
2026-08-05T23:04:48,인천 서구 오피스텔 거주청소 가격,seo-incheon-seo-gu-officetel-residential-cleaning-price,https://clever-griffin-93819d.netlify.app/seo-incheon-seo-gu-officetel-residential-cleaning-price/,인천 서구,거주청소,오피스텔,가격
2026-08-05T23:04:48,인천 서구 오피스텔 거주청소 견적,seo-incheon-seo-gu-officetel-residential-cleaning-estimate,https://clever-griffin-93819d.netlify.app/seo-incheon-seo-gu-officetel-residential-cleaning-estimate/,인천 서구,거주청소,오피스텔,견적
2026-08-05T23:04:48,인천 서구 오피스텔 거주청소 예약,seo-incheon-seo-gu-officetel-residential-cleaning-booking,https://clever-griffin-93819d.netlify.app/seo-incheon-seo-gu-officetel-residential-cleaning-booking/,인천 서구,거주청소,오피스텔,예약
2026-08-05T23:04:48,인천 서구 오피스텔 거주청소 추천,seo-incheon-seo-gu-officetel-residential-cleaning-recommend,https://clever-griffin-93819d.netlify.app/seo-incheon-seo-gu-officetel-residential-cleaning-recommend/,인천 서구,거주청소,오피스텔,추천
2026-08-05T23:04:48,인천 서구 오피스텔 거주청소 후기,seo-incheon-seo-gu-officetel-residential-cleaning-review,https://clever-griffin-93819d.netlify.app/seo-incheon-seo-gu-officetel-residential-cleaning-review/,인천 서구,거주청소,오피스텔,후기
2026-08-05T23:04:48,인천 서구 오피스텔 거주청소 잘하는곳,seo-incheon-seo-gu-officetel-residential-cleaning-best,https://clever-griffin-93819d.netlify.app/seo-incheon-seo-gu-officetel-residential-cleaning-best/,인천 서구,거주청소,오피스텔,잘하는곳
2026-08-05T23:04:48,인천 서구 오피스텔 거주청소 업체,seo-incheon-seo-gu-officetel-residential-cleaning-service,https://clever-griffin-93819d.netlify.app/seo-incheon-seo-gu-officetel-residential-cleaning-service/,인천 서구,거주청소,오피스텔,업체
2026-08-05T23:04:48,인천 서구 오피스텔 거주청소 당일상담,seo-incheon-seo-gu-officetel-residential-cleaning-same-day-consult,https://clever-griffin-93819d.netlify.app/seo-incheon-seo-gu-officetel-residential-cleaning-same-day-consult/,인천 서구,거주청소,오피스텔,당일상담
2026-08-05T23:04:48,인천 서구 오피스텔 거주청소 주말예약,seo-incheon-seo-gu-officetel-residential-cleaning-weekend-booking,https://clever-griffin-93819d.netlify.app/seo-incheon-seo-gu-officetel-residential-cleaning-weekend-booking/,인천 서구,거주청소,오피스텔,주말예약
2026-08-05T23:04:48,인천 서구 오피스텔 거주청소 청소범위,seo-incheon-seo-gu-officetel-residential-cleaning-scope,https://clever-griffin-93819d.netlify.app/seo-incheon-seo-gu-officetel-residential-cleaning-scope/,인천 서구,거주청소,오피스텔,청소범위
2026-08-05T23:04:48,인천 서구 상가 거주청소 전문업체,seo-incheon-seo-gu-store-residential-cleaning-company,https://clever-griffin-93819d.netlify.app/seo-incheon-seo-gu-store-residential-cleaning-company/,인천 서구,거주청소,상가,전문업체
2026-08-05T23:04:48,인천 서구 상가 거주청소 비용,seo-incheon-seo-gu-store-residential-cleaning-cost,https://clever-griffin-93819d.netlify.app/seo-incheon-seo-gu-store-residential-cleaning-cost/,인천 서구,거주청소,상가,비용
2026-08-05T23:04:48,인천 서구 상가 거주청소 가격,seo-incheon-seo-gu-store-residential-cleaning-price,https://clever-griffin-93819d.netlify.app/seo-incheon-seo-gu-store-residential-cleaning-price/,인천 서구,거주청소,상가,가격
2026-08-05T23:04:48,인천 서구 상가 거주청소 견적,seo-incheon-seo-gu-store-residential-cleaning-estimate,https://clever-griffin-93819d.netlify.app/seo-incheon-seo-gu-store-residential-cleaning-estimate/,인천 서구,거주청소,상가,견적
2026-08-05T23:04:48,인천 서구 상가 거주청소 예약,seo-incheon-seo-gu-store-residential-cleaning-booking,https://clever-griffin-93819d.netlify.app/seo-incheon-seo-gu-store-residential-cleaning-booking/,인천 서구,거주청소,상가,예약
2026-08-05T23:04:48,인천 서구 상가 거주청소 추천,seo-incheon-seo-gu-store-residential-cleaning-recommend,https://clever-griffin-93819d.netlify.app/seo-incheon-seo-gu-store-residential-cleaning-recommend/,인천 서구,거주청소,상가,추천
2026-08-05T23:04:48,인천 서구 상가 거주청소 후기,seo-incheon-seo-gu-store-residential-cleaning-review,https://clever-griffin-93819d.netlify.app/seo-incheon-seo-gu-store-residential-cleaning-review/,인천 서구,거주청소,상가,후기
2026-08-05T23:04:48,인천 서구 상가 거주청소 잘하는곳,seo-incheon-seo-gu-store-residential-cleaning-best,https://clever-griffin-93819d.netlify.app/seo-incheon-seo-gu-store-residential-cleaning-best/,인천 서구,거주청소,상가,잘하는곳
2026-08-05T23:04:48,인천 서구 상가 거주청소 업체,seo-incheon-seo-gu-store-residential-cleaning-service,https://clever-griffin-93819d.netlify.app/seo-incheon-seo-gu-store-residential-cleaning-service/,인천 서구,거주청소,상가,업체
2026-08-05T23:04:48,인천 서구 상가 거주청소 당일상담,seo-incheon-seo-gu-store-residential-cleaning-same-day-consult,https://clever-griffin-93819d.netlify.app/seo-incheon-seo-gu-store-residential-cleaning-same-day-consult/,인천 서구,거주청소,상가,당일상담
2026-08-05T23:04:48,인천 서구 상가 거주청소 주말예약,seo-incheon-seo-gu-store-residential-cleaning-weekend-booking,https://clever-griffin-93819d.netlify.app/seo-incheon-seo-gu-store-residential-cleaning-weekend-booking/,인천 서구,거주청소,상가,주말예약
2026-08-05T23:04:48,인천 서구 상가 거주청소 청소범위,seo-incheon-seo-gu-store-residential-cleaning-scope,https://clever-griffin-93819d.netlify.app/seo-incheon-seo-gu-store-residential-cleaning-scope/,인천 서구,거주청소,상가,청소범위
2026-08-05T23:04:48,인천 서구 사무실 거주청소 전문업체,seo-incheon-seo-gu-office-residential-cleaning-company,https://clever-griffin-93819d.netlify.app/seo-incheon-seo-gu-office-residential-cleaning-company/,인천 서구,거주청소,사무실,전문업체
2026-08-05T23:04:48,인천 서구 사무실 거주청소 비용,seo-incheon-seo-gu-office-residential-cleaning-cost,https://clever-griffin-93819d.netlify.app/seo-incheon-seo-gu-office-residential-cleaning-cost/,인천 서구,거주청소,사무실,비용
2026-08-05T23:04:48,인천 서구 사무실 거주청소 가격,seo-incheon-seo-gu-office-residential-cleaning-price,https://clever-griffin-93819d.netlify.app/seo-incheon-seo-gu-office-residential-cleaning-price/,인천 서구,거주청소,사무실,가격
2026-08-05T23:04:48,인천 서구 사무실 거주청소 견적,seo-incheon-seo-gu-office-residential-cleaning-estimate,https://clever-griffin-93819d.netlify.app/seo-incheon-seo-gu-office-residential-cleaning-estimate/,인천 서구,거주청소,사무실,견적
2026-08-05T23:04:48,인천 서구 사무실 거주청소 예약,seo-incheon-seo-gu-office-residential-cleaning-booking,https://clever-griffin-93819d.netlify.app/seo-incheon-seo-gu-office-residential-cleaning-booking/,인천 서구,거주청소,사무실,예약
2026-08-05T23:04:48,인천 서구 사무실 거주청소 추천,seo-incheon-seo-gu-office-residential-cleaning-recommend,https://clever-griffin-93819d.netlify.app/seo-incheon-seo-gu-office-residential-cleaning-recommend/,인천 서구,거주청소,사무실,추천
2026-08-05T23:04:48,인천 서구 사무실 거주청소 후기,seo-incheon-seo-gu-office-residential-cleaning-review,https://clever-griffin-93819d.netlify.app/seo-incheon-seo-gu-office-residential-cleaning-review/,인천 서구,거주청소,사무실,후기
2026-08-05T23:04:48,인천 서구 사무실 거주청소 잘하는곳,seo-incheon-seo-gu-office-residential-cleaning-best,https://clever-griffin-93819d.netlify.app/seo-incheon-seo-gu-office-residential-cleaning-best/,인천 서구,거주청소,사무실,잘하는곳
2026-08-05T23:04:48,인천 서구 사무실 거주청소 업체,seo-incheon-seo-gu-office-residential-cleaning-service,https://clever-griffin-93819d.netlify.app/seo-incheon-seo-gu-office-residential-cleaning-service/,인천 서구,거주청소,사무실,업체
2026-08-05T23:04:48,인천 서구 사무실 거주청소 당일상담,seo-incheon-seo-gu-office-residential-cleaning-same-day-consult,https://clever-griffin-93819d.netlify.app/seo-incheon-seo-gu-office-residential-cleaning-same-day-consult/,인천 서구,거주청소,사무실,당일상담
2026-08-05T23:04:48,인천 서구 사무실 거주청소 주말예약,seo-incheon-seo-gu-office-residential-cleaning-weekend-booking,https://clever-griffin-93819d.netlify.app/seo-incheon-seo-gu-office-residential-cleaning-weekend-booking/,인천 서구,거주청소,사무실,주말예약
2026-08-05T23:04:48,인천 서구 사무실 거주청소 청소범위,seo-incheon-seo-gu-office-residential-cleaning-scope,https://clever-griffin-93819d.netlify.app/seo-incheon-seo-gu-office-residential-cleaning-scope/,인천 서구,거주청소,사무실,청소범위
2026-08-05T23:04:48,인천 서구 상가청소 전문업체,seo-incheon-seo-gu-store-cleaning-company,https://clever-griffin-93819d.netlify.app/seo-incheon-seo-gu-store-cleaning-company/,인천 서구,상가청소,상가,전문업체
2026-08-05T23:04:48,인천 서구 상가청소 비용,seo-incheon-seo-gu-store-cleaning-cost,https://clever-griffin-93819d.netlify.app/seo-incheon-seo-gu-store-cleaning-cost/,인천 서구,상가청소,상가,비용
2026-08-05T23:04:48,인천 서구 상가청소 가격,seo-incheon-seo-gu-store-cleaning-price,https://clever-griffin-93819d.netlify.app/seo-incheon-seo-gu-store-cleaning-price/,인천 서구,상가청소,상가,가격
2026-08-05T23:04:48,인천 서구 상가청소 견적,seo-incheon-seo-gu-store-cleaning-estimate,https://clever-griffin-93819d.netlify.app/seo-incheon-seo-gu-store-cleaning-estimate/,인천 서구,상가청소,상가,견적
2026-08-05T23:04:48,인천 서구 상가청소 예약,seo-incheon-seo-gu-store-cleaning-booking,https://clever-griffin-93819d.netlify.app/seo-incheon-seo-gu-store-cleaning-booking/,인천 서구,상가청소,상가,예약
2026-08-05T23:04:48,인천 서구 상가청소 추천,seo-incheon-seo-gu-store-cleaning-recommend,https://clever-griffin-93819d.netlify.app/seo-incheon-seo-gu-store-cleaning-recommend/,인천 서구,상가청소,상가,추천
2026-08-05T23:04:48,인천 서구 상가청소 후기,seo-incheon-seo-gu-store-cleaning-review,https://clever-griffin-93819d.netlify.app/seo-incheon-seo-gu-store-cleaning-review/,인천 서구,상가청소,상가,후기
2026-08-05T23:04:48,인천 서구 상가청소 잘하는곳,seo-incheon-seo-gu-store-cleaning-best,https://clever-griffin-93819d.netlify.app/seo-incheon-seo-gu-store-cleaning-best/,인천 서구,상가청소,상가,잘하는곳
2026-08-05T23:04:48,인천 서구 상가청소 업체,seo-incheon-seo-gu-store-cleaning-service,https://clever-griffin-93819d.netlify.app/seo-incheon-seo-gu-store-cleaning-service/,인천 서구,상가청소,상가,업체
2026-08-05T23:04:48,인천 서구 상가청소 당일상담,seo-incheon-seo-gu-store-cleaning-same-day-consult,https://clever-griffin-93819d.netlify.app/seo-incheon-seo-gu-store-cleaning-same-day-consult/,인천 서구,상가청소,상가,당일상담
2026-08-05T23:04:48,인천 서구 상가청소 주말예약,seo-incheon-seo-gu-store-cleaning-weekend-booking,https://clever-griffin-93819d.netlify.app/seo-incheon-seo-gu-store-cleaning-weekend-booking/,인천 서구,상가청소,상가,주말예약
2026-08-05T23:04:48,인천 서구 상가청소 청소범위,seo-incheon-seo-gu-store-cleaning-scope,https://clever-griffin-93819d.netlify.app/seo-incheon-seo-gu-store-cleaning-scope/,인천 서구,상가청소,상가,청소범위
2026-08-05T23:04:48,인천 서구 사무실청소 전문업체,seo-incheon-seo-gu-office-cleaning-company,https://clever-griffin-93819d.netlify.app/seo-incheon-seo-gu-office-cleaning-company/,인천 서구,사무실청소,사무실,전문업체
2026-08-05T23:04:48,인천 서구 사무실청소 비용,seo-incheon-seo-gu-office-cleaning-cost,https://clever-griffin-93819d.netlify.app/seo-incheon-seo-gu-office-cleaning-cost/,인천 서구,사무실청소,사무실,비용
2026-08-05T23:04:48,인천 서구 사무실청소 가격,seo-incheon-seo-gu-office-cleaning-price,https://clever-griffin-93819d.netlify.app/seo-incheon-seo-gu-office-cleaning-price/,인천 서구,사무실청소,사무실,가격
2026-08-05T23:04:48,인천 서구 사무실청소 견적,seo-incheon-seo-gu-office-cleaning-estimate,https://clever-griffin-93819d.netlify.app/seo-incheon-seo-gu-office-cleaning-estimate/,인천 서구,사무실청소,사무실,견적
2026-08-05T23:04:48,인천 서구 사무실청소 예약,seo-incheon-seo-gu-office-cleaning-booking,https://clever-griffin-93819d.netlify.app/seo-incheon-seo-gu-office-cleaning-booking/,인천 서구,사무실청소,사무실,예약
2026-08-05T23:04:48,인천 서구 사무실청소 추천,seo-incheon-seo-gu-office-cleaning-recommend,https://clever-griffin-93819d.netlify.app/seo-incheon-seo-gu-office-cleaning-recommend/,인천 서구,사무실청소,사무실,추천
2026-08-05T23:04:48,인천 서구 사무실청소 후기,seo-incheon-seo-gu-office-cleaning-review,https://clever-griffin-93819d.netlify.app/seo-incheon-seo-gu-office-cleaning-review/,인천 서구,사무실청소,사무실,후기
2026-08-05T23:04:48,인천 서구 사무실청소 잘하는곳,seo-incheon-seo-gu-office-cleaning-best,https://clever-griffin-93819d.netlify.app/seo-incheon-seo-gu-office-cleaning-best/,인천 서구,사무실청소,사무실,잘하는곳
2026-08-05T23:04:48,인천 서구 사무실청소 업체,seo-incheon-seo-gu-office-cleaning-service,https://clever-griffin-93819d.netlify.app/seo-incheon-seo-gu-office-cleaning-service/,인천 서구,사무실청소,사무실,업체
2026-08-05T23:04:48,인천 서구 사무실청소 당일상담,seo-incheon-seo-gu-office-cleaning-same-day-consult,https://clever-griffin-93819d.netlify.app/seo-incheon-seo-gu-office-cleaning-same-day-consult/,인천 서구,사무실청소,사무실,당일상담
2026-08-05T23:04:48,인천 서구 사무실청소 주말예약,seo-incheon-seo-gu-office-cleaning-weekend-booking,https://clever-griffin-93819d.netlify.app/seo-incheon-seo-gu-office-cleaning-weekend-booking/,인천 서구,사무실청소,사무실,주말예약
2026-08-05T23:04:48,인천 서구 사무실청소 청소범위,seo-incheon-seo-gu-office-cleaning-scope,https://clever-griffin-93819d.netlify.app/seo-incheon-seo-gu-office-cleaning-scope/,인천 서구,사무실청소,사무실,청소범위
2026-08-05T23:04:48,인천 서구 원룸청소 전문업체,seo-incheon-seo-gu-one-room-cleaning-company,https://clever-griffin-93819d.netlify.app/seo-incheon-seo-gu-one-room-cleaning-company/,인천 서구,원룸청소,원룸,전문업체
2026-08-05T23:04:48,인천 서구 원룸청소 비용,seo-incheon-seo-gu-one-room-cleaning-cost,https://clever-griffin-93819d.netlify.app/seo-incheon-seo-gu-one-room-cleaning-cost/,인천 서구,원룸청소,원룸,비용
2026-08-05T23:04:48,인천 서구 원룸청소 가격,seo-incheon-seo-gu-one-room-cleaning-price,https://clever-griffin-93819d.netlify.app/seo-incheon-seo-gu-one-room-cleaning-price/,인천 서구,원룸청소,원룸,가격
2026-08-05T23:04:48,인천 서구 원룸청소 견적,seo-incheon-seo-gu-one-room-cleaning-estimate,https://clever-griffin-93819d.netlify.app/seo-incheon-seo-gu-one-room-cleaning-estimate/,인천 서구,원룸청소,원룸,견적
2026-08-05T23:04:48,인천 서구 원룸청소 예약,seo-incheon-seo-gu-one-room-cleaning-booking,https://clever-griffin-93819d.netlify.app/seo-incheon-seo-gu-one-room-cleaning-booking/,인천 서구,원룸청소,원룸,예약
2026-08-05T23:04:48,인천 서구 원룸청소 추천,seo-incheon-seo-gu-one-room-cleaning-recommend,https://clever-griffin-93819d.netlify.app/seo-incheon-seo-gu-one-room-cleaning-recommend/,인천 서구,원룸청소,원룸,추천
2026-08-05T23:04:48,인천 서구 원룸청소 후기,seo-incheon-seo-gu-one-room-cleaning-review,https://clever-griffin-93819d.netlify.app/seo-incheon-seo-gu-one-room-cleaning-review/,인천 서구,원룸청소,원룸,후기
2026-08-05T23:04:48,인천 서구 원룸청소 잘하는곳,seo-incheon-seo-gu-one-room-cleaning-best,https://clever-griffin-93819d.netlify.app/seo-incheon-seo-gu-one-room-cleaning-best/,인천 서구,원룸청소,원룸,잘하는곳
2026-08-05T23:04:48,인천 서구 원룸청소 업체,seo-incheon-seo-gu-one-room-cleaning-service,https://clever-griffin-93819d.netlify.app/seo-incheon-seo-gu-one-room-cleaning-service/,인천 서구,원룸청소,원룸,업체
2026-08-05T23:04:48,인천 서구 원룸청소 당일상담,seo-incheon-seo-gu-one-room-cleaning-same-day-consult,https://clever-griffin-93819d.netlify.app/seo-incheon-seo-gu-one-room-cleaning-same-day-consult/,인천 서구,원룸청소,원룸,당일상담
2026-08-05T23:04:48,인천 서구 원룸청소 주말예약,seo-incheon-seo-gu-one-room-cleaning-weekend-booking,https://clever-griffin-93819d.netlify.app/seo-incheon-seo-gu-one-room-cleaning-weekend-booking/,인천 서구,원룸청소,원룸,주말예약
2026-08-05T23:04:48,인천 서구 원룸청소 청소범위,seo-incheon-seo-gu-one-room-cleaning-scope,https://clever-griffin-93819d.netlify.app/seo-incheon-seo-gu-one-room-cleaning-scope/,인천 서구,원룸청소,원룸,청소범위
2026-08-05T23:04:48,인천 서구 빌라청소 전문업체,seo-incheon-seo-gu-villa-cleaning-company,https://clever-griffin-93819d.netlify.app/seo-incheon-seo-gu-villa-cleaning-company/,인천 서구,빌라청소,빌라,전문업체
2026-08-05T23:04:48,인천 서구 빌라청소 비용,seo-incheon-seo-gu-villa-cleaning-cost,https://clever-griffin-93819d.netlify.app/seo-incheon-seo-gu-villa-cleaning-cost/,인천 서구,빌라청소,빌라,비용
2026-08-05T23:04:48,인천 서구 빌라청소 가격,seo-incheon-seo-gu-villa-cleaning-price,https://clever-griffin-93819d.netlify.app/seo-incheon-seo-gu-villa-cleaning-price/,인천 서구,빌라청소,빌라,가격
2026-08-05T23:04:48,인천 서구 빌라청소 견적,seo-incheon-seo-gu-villa-cleaning-estimate,https://clever-griffin-93819d.netlify.app/seo-incheon-seo-gu-villa-cleaning-estimate/,인천 서구,빌라청소,빌라,견적
2026-08-05T23:04:48,인천 서구 빌라청소 예약,seo-incheon-seo-gu-villa-cleaning-booking,https://clever-griffin-93819d.netlify.app/seo-incheon-seo-gu-villa-cleaning-booking/,인천 서구,빌라청소,빌라,예약
2026-08-05T23:04:48,인천 서구 빌라청소 추천,seo-incheon-seo-gu-villa-cleaning-recommend,https://clever-griffin-93819d.netlify.app/seo-incheon-seo-gu-villa-cleaning-recommend/,인천 서구,빌라청소,빌라,추천
2026-08-05T23:04:48,인천 서구 빌라청소 후기,seo-incheon-seo-gu-villa-cleaning-review,https://clever-griffin-93819d.netlify.app/seo-incheon-seo-gu-villa-cleaning-review/,인천 서구,빌라청소,빌라,후기
2026-08-05T23:04:48,인천 서구 빌라청소 잘하는곳,seo-incheon-seo-gu-villa-cleaning-best,https://clever-griffin-93819d.netlify.app/seo-incheon-seo-gu-villa-cleaning-best/,인천 서구,빌라청소,빌라,잘하는곳
2026-08-05T23:04:48,인천 서구 빌라청소 업체,seo-incheon-seo-gu-villa-cleaning-service,https://clever-griffin-93819d.netlify.app/seo-incheon-seo-gu-villa-cleaning-service/,인천 서구,빌라청소,빌라,업체
2026-08-05T23:04:48,인천 서구 빌라청소 당일상담,seo-incheon-seo-gu-villa-cleaning-same-day-consult,https://clever-griffin-93819d.netlify.app/seo-incheon-seo-gu-villa-cleaning-same-day-consult/,인천 서구,빌라청소,빌라,당일상담
2026-08-05T23:04:48,인천 서구 빌라청소 주말예약,seo-incheon-seo-gu-villa-cleaning-weekend-booking,https://clever-griffin-93819d.netlify.app/seo-incheon-seo-gu-villa-cleaning-weekend-booking/,인천 서구,빌라청소,빌라,주말예약
2026-08-05T23:04:48,인천 서구 빌라청소 청소범위,seo-incheon-seo-gu-villa-cleaning-scope,https://clever-griffin-93819d.netlify.app/seo-incheon-seo-gu-villa-cleaning-scope/,인천 서구,빌라청소,빌라,청소범위
2026-08-05T23:04:48,인천 서구 오피스텔청소 전문업체,seo-incheon-seo-gu-officetel-cleaning-company,https://clever-griffin-93819d.netlify.app/seo-incheon-seo-gu-officetel-cleaning-company/,인천 서구,오피스텔청소,오피스텔,전문업체
2026-08-05T23:04:48,인천 서구 오피스텔청소 비용,seo-incheon-seo-gu-officetel-cleaning-cost,https://clever-griffin-93819d.netlify.app/seo-incheon-seo-gu-officetel-cleaning-cost/,인천 서구,오피스텔청소,오피스텔,비용
2026-08-05T23:04:48,인천 서구 오피스텔청소 가격,seo-incheon-seo-gu-officetel-cleaning-price,https://clever-griffin-93819d.netlify.app/seo-incheon-seo-gu-officetel-cleaning-price/,인천 서구,오피스텔청소,오피스텔,가격
2026-08-05T23:04:48,인천 서구 오피스텔청소 견적,seo-incheon-seo-gu-officetel-cleaning-estimate,https://clever-griffin-93819d.netlify.app/seo-incheon-seo-gu-officetel-cleaning-estimate/,인천 서구,오피스텔청소,오피스텔,견적
2026-08-05T23:04:48,인천 서구 오피스텔청소 예약,seo-incheon-seo-gu-officetel-cleaning-booking,https://clever-griffin-93819d.netlify.app/seo-incheon-seo-gu-officetel-cleaning-booking/,인천 서구,오피스텔청소,오피스텔,예약
2026-08-05T23:04:48,인천 서구 오피스텔청소 추천,seo-incheon-seo-gu-officetel-cleaning-recommend,https://clever-griffin-93819d.netlify.app/seo-incheon-seo-gu-officetel-cleaning-recommend/,인천 서구,오피스텔청소,오피스텔,추천
2026-08-05T23:04:48,인천 서구 오피스텔청소 후기,seo-incheon-seo-gu-officetel-cleaning-review,https://clever-griffin-93819d.netlify.app/seo-incheon-seo-gu-officetel-cleaning-review/,인천 서구,오피스텔청소,오피스텔,후기
2026-08-05T23:04:48,인천 서구 오피스텔청소 잘하는곳,seo-incheon-seo-gu-officetel-cleaning-best,https://clever-griffin-93819d.netlify.app/seo-incheon-seo-gu-officetel-cleaning-best/,인천 서구,오피스텔청소,오피스텔,잘하는곳
2026-08-05T23:04:48,인천 서구 오피스텔청소 업체,seo-incheon-seo-gu-officetel-cleaning-service,https://clever-griffin-93819d.netlify.app/seo-incheon-seo-gu-officetel-cleaning-service/,인천 서구,오피스텔청소,오피스텔,업체
2026-08-05T23:04:48,인천 서구 오피스텔청소 당일상담,seo-incheon-seo-gu-officetel-cleaning-same-day-consult,https://clever-griffin-93819d.netlify.app/seo-incheon-seo-gu-officetel-cleaning-same-day-consult/,인천 서구,오피스텔청소,오피스텔,당일상담
2026-08-05T23:04:48,인천 서구 오피스텔청소 주말예약,seo-incheon-seo-gu-officetel-cleaning-weekend-booking,https://clever-griffin-93819d.netlify.app/seo-incheon-seo-gu-officetel-cleaning-weekend-booking/,인천 서구,오피스텔청소,오피스텔,주말예약
2026-08-05T23:04:48,인천 서구 오피스텔청소 청소범위,seo-incheon-seo-gu-officetel-cleaning-scope,https://clever-griffin-93819d.netlify.app/seo-incheon-seo-gu-officetel-cleaning-scope/,인천 서구,오피스텔청소,오피스텔,청소범위
2026-08-05T23:04:48,인천 서구 원룸 폐기물청소 전문업체,seo-incheon-seo-gu-one-room-waste-cleaning-company,https://clever-griffin-93819d.netlify.app/seo-incheon-seo-gu-one-room-waste-cleaning-company/,인천 서구,폐기물청소,원룸,전문업체
2026-08-05T23:04:48,인천 서구 원룸 폐기물청소 비용,seo-incheon-seo-gu-one-room-waste-cleaning-cost,https://clever-griffin-93819d.netlify.app/seo-incheon-seo-gu-one-room-waste-cleaning-cost/,인천 서구,폐기물청소,원룸,비용
2026-08-05T23:04:48,인천 서구 원룸 폐기물청소 가격,seo-incheon-seo-gu-one-room-waste-cleaning-price,https://clever-griffin-93819d.netlify.app/seo-incheon-seo-gu-one-room-waste-cleaning-price/,인천 서구,폐기물청소,원룸,가격
2026-08-05T23:04:48,인천 서구 원룸 폐기물청소 견적,seo-incheon-seo-gu-one-room-waste-cleaning-estimate,https://clever-griffin-93819d.netlify.app/seo-incheon-seo-gu-one-room-waste-cleaning-estimate/,인천 서구,폐기물청소,원룸,견적
2026-08-05T23:04:48,인천 서구 원룸 폐기물청소 예약,seo-incheon-seo-gu-one-room-waste-cleaning-booking,https://clever-griffin-93819d.netlify.app/seo-incheon-seo-gu-one-room-waste-cleaning-booking/,인천 서구,폐기물청소,원룸,예약
2026-08-05T23:04:48,인천 서구 원룸 폐기물청소 추천,seo-incheon-seo-gu-one-room-waste-cleaning-recommend,https://clever-griffin-93819d.netlify.app/seo-incheon-seo-gu-one-room-waste-cleaning-recommend/,인천 서구,폐기물청소,원룸,추천
2026-08-05T23:04:48,인천 서구 원룸 폐기물청소 후기,seo-incheon-seo-gu-one-room-waste-cleaning-review,https://clever-griffin-93819d.netlify.app/seo-incheon-seo-gu-one-room-waste-cleaning-review/,인천 서구,폐기물청소,원룸,후기
2026-08-05T23:04:48,인천 서구 원룸 폐기물청소 잘하는곳,seo-incheon-seo-gu-one-room-waste-cleaning-best,https://clever-griffin-93819d.netlify.app/seo-incheon-seo-gu-one-room-waste-cleaning-best/,인천 서구,폐기물청소,원룸,잘하는곳
2026-08-05T23:04:48,인천 서구 원룸 폐기물청소 업체,seo-incheon-seo-gu-one-room-waste-cleaning-service,https://clever-griffin-93819d.netlify.app/seo-incheon-seo-gu-one-room-waste-cleaning-service/,인천 서구,폐기물청소,원룸,업체
2026-08-05T23:04:48,인천 서구 원룸 폐기물청소 당일상담,seo-incheon-seo-gu-one-room-waste-cleaning-same-day-consult,https://clever-griffin-93819d.netlify.app/seo-incheon-seo-gu-one-room-waste-cleaning-same-day-consult/,인천 서구,폐기물청소,원룸,당일상담
2026-08-05T23:04:48,인천 서구 원룸 폐기물청소 주말예약,seo-incheon-seo-gu-one-room-waste-cleaning-weekend-booking,https://clever-griffin-93819d.netlify.app/seo-incheon-seo-gu-one-room-waste-cleaning-weekend-booking/,인천 서구,폐기물청소,원룸,주말예약
2026-08-05T23:04:48,인천 서구 원룸 폐기물청소 청소범위,seo-incheon-seo-gu-one-room-waste-cleaning-scope,https://clever-griffin-93819d.netlify.app/seo-incheon-seo-gu-one-room-waste-cleaning-scope/,인천 서구,폐기물청소,원룸,청소범위
2026-08-05T23:04:48,인천 서구 빌라 폐기물청소 전문업체,seo-incheon-seo-gu-villa-waste-cleaning-company,https://clever-griffin-93819d.netlify.app/seo-incheon-seo-gu-villa-waste-cleaning-company/,인천 서구,폐기물청소,빌라,전문업체
2026-08-05T23:04:48,인천 서구 빌라 폐기물청소 비용,seo-incheon-seo-gu-villa-waste-cleaning-cost,https://clever-griffin-93819d.netlify.app/seo-incheon-seo-gu-villa-waste-cleaning-cost/,인천 서구,폐기물청소,빌라,비용
2026-08-05T23:04:48,인천 서구 빌라 폐기물청소 가격,seo-incheon-seo-gu-villa-waste-cleaning-price,https://clever-griffin-93819d.netlify.app/seo-incheon-seo-gu-villa-waste-cleaning-price/,인천 서구,폐기물청소,빌라,가격
2026-08-05T23:04:48,인천 서구 빌라 폐기물청소 견적,seo-incheon-seo-gu-villa-waste-cleaning-estimate,https://clever-griffin-93819d.netlify.app/seo-incheon-seo-gu-villa-waste-cleaning-estimate/,인천 서구,폐기물청소,빌라,견적
2026-08-05T23:04:48,인천 서구 빌라 폐기물청소 예약,seo-incheon-seo-gu-villa-waste-cleaning-booking,https://clever-griffin-93819d.netlify.app/seo-incheon-seo-gu-villa-waste-cleaning-booking/,인천 서구,폐기물청소,빌라,예약
2026-08-05T23:04:48,인천 서구 빌라 폐기물청소 추천,seo-incheon-seo-gu-villa-waste-cleaning-recommend,https://clever-griffin-93819d.netlify.app/seo-incheon-seo-gu-villa-waste-cleaning-recommend/,인천 서구,폐기물청소,빌라,추천
2026-08-05T23:04:48,인천 서구 빌라 폐기물청소 후기,seo-incheon-seo-gu-villa-waste-cleaning-review,https://clever-griffin-93819d.netlify.app/seo-incheon-seo-gu-villa-waste-cleaning-review/,인천 서구,폐기물청소,빌라,후기
2026-08-05T23:04:48,인천 서구 빌라 폐기물청소 잘하는곳,seo-incheon-seo-gu-villa-waste-cleaning-best,https://clever-griffin-93819d.netlify.app/seo-incheon-seo-gu-villa-waste-cleaning-best/,인천 서구,폐기물청소,빌라,잘하는곳
2026-08-05T23:04:48,인천 서구 빌라 폐기물청소 업체,seo-incheon-seo-gu-villa-waste-cleaning-service,https://clever-griffin-93819d.netlify.app/seo-incheon-seo-gu-villa-waste-cleaning-service/,인천 서구,폐기물청소,빌라,업체
2026-08-05T23:04:48,인천 서구 빌라 폐기물청소 당일상담,seo-incheon-seo-gu-villa-waste-cleaning-same-day-consult,https://clever-griffin-93819d.netlify.app/seo-incheon-seo-gu-villa-waste-cleaning-same-day-consult/,인천 서구,폐기물청소,빌라,당일상담
2026-08-05T23:04:48,인천 서구 빌라 폐기물청소 주말예약,seo-incheon-seo-gu-villa-waste-cleaning-weekend-booking,https://clever-griffin-93819d.netlify.app/seo-incheon-seo-gu-villa-waste-cleaning-weekend-booking/,인천 서구,폐기물청소,빌라,주말예약
2026-08-05T23:04:48,인천 서구 빌라 폐기물청소 청소범위,seo-incheon-seo-gu-villa-waste-cleaning-scope,https://clever-griffin-93819d.netlify.app/seo-incheon-seo-gu-villa-waste-cleaning-scope/,인천 서구,폐기물청소,빌라,청소범위
2026-08-05T23:04:48,인천 서구 오피스텔 폐기물청소 전문업체,seo-incheon-seo-gu-officetel-waste-cleaning-company,https://clever-griffin-93819d.netlify.app/seo-incheon-seo-gu-officetel-waste-cleaning-company/,인천 서구,폐기물청소,오피스텔,전문업체
2026-08-05T23:04:48,인천 서구 오피스텔 폐기물청소 비용,seo-incheon-seo-gu-officetel-waste-cleaning-cost,https://clever-griffin-93819d.netlify.app/seo-incheon-seo-gu-officetel-waste-cleaning-cost/,인천 서구,폐기물청소,오피스텔,비용
2026-08-05T23:04:48,인천 서구 오피스텔 폐기물청소 가격,seo-incheon-seo-gu-officetel-waste-cleaning-price,https://clever-griffin-93819d.netlify.app/seo-incheon-seo-gu-officetel-waste-cleaning-price/,인천 서구,폐기물청소,오피스텔,가격
2026-08-05T23:04:48,인천 서구 오피스텔 폐기물청소 견적,seo-incheon-seo-gu-officetel-waste-cleaning-estimate,https://clever-griffin-93819d.netlify.app/seo-incheon-seo-gu-officetel-waste-cleaning-estimate/,인천 서구,폐기물청소,오피스텔,견적
2026-08-05T23:04:48,인천 서구 오피스텔 폐기물청소 예약,seo-incheon-seo-gu-officetel-waste-cleaning-booking,https://clever-griffin-93819d.netlify.app/seo-incheon-seo-gu-officetel-waste-cleaning-booking/,인천 서구,폐기물청소,오피스텔,예약
2026-08-05T23:04:48,인천 서구 오피스텔 폐기물청소 추천,seo-incheon-seo-gu-officetel-waste-cleaning-recommend,https://clever-griffin-93819d.netlify.app/seo-incheon-seo-gu-officetel-waste-cleaning-recommend/,인천 서구,폐기물청소,오피스텔,추천
2026-08-05T23:04:48,인천 서구 오피스텔 폐기물청소 후기,seo-incheon-seo-gu-officetel-waste-cleaning-review,https://clever-griffin-93819d.netlify.app/seo-incheon-seo-gu-officetel-waste-cleaning-review/,인천 서구,폐기물청소,오피스텔,후기
2026-08-05T23:04:48,인천 서구 오피스텔 폐기물청소 잘하는곳,seo-incheon-seo-gu-officetel-waste-cleaning-best,https://clever-griffin-93819d.netlify.app/seo-incheon-seo-gu-officetel-waste-cleaning-best/,인천 서구,폐기물청소,오피스텔,잘하는곳
2026-08-05T23:04:48,인천 서구 오피스텔 폐기물청소 업체,seo-incheon-seo-gu-officetel-waste-cleaning-service,https://clever-griffin-93819d.netlify.app/seo-incheon-seo-gu-officetel-waste-cleaning-service/,인천 서구,폐기물청소,오피스텔,업체
2026-08-05T23:04:48,인천 서구 오피스텔 폐기물청소 당일상담,seo-incheon-seo-gu-officetel-waste-cleaning-same-day-consult,https://clever-griffin-93819d.netlify.app/seo-incheon-seo-gu-officetel-waste-cleaning-same-day-consult/,인천 서구,폐기물청소,오피스텔,당일상담
2026-08-05T23:04:48,인천 서구 오피스텔 폐기물청소 주말예약,seo-incheon-seo-gu-officetel-waste-cleaning-weekend-booking,https://clever-griffin-93819d.netlify.app/seo-incheon-seo-gu-officetel-waste-cleaning-weekend-booking/,인천 서구,폐기물청소,오피스텔,주말예약
2026-08-05T23:04:48,인천 서구 오피스텔 폐기물청소 청소범위,seo-incheon-seo-gu-officetel-waste-cleaning-scope,https://clever-griffin-93819d.netlify.app/seo-incheon-seo-gu-officetel-waste-cleaning-scope/,인천 서구,폐기물청소,오피스텔,청소범위
2026-08-05T23:04:48,인천 서구 상가 폐기물청소 전문업체,seo-incheon-seo-gu-store-waste-cleaning-company,https://clever-griffin-93819d.netlify.app/seo-incheon-seo-gu-store-waste-cleaning-company/,인천 서구,폐기물청소,상가,전문업체
2026-08-05T23:04:48,인천 서구 상가 폐기물청소 비용,seo-incheon-seo-gu-store-waste-cleaning-cost,https://clever-griffin-93819d.netlify.app/seo-incheon-seo-gu-store-waste-cleaning-cost/,인천 서구,폐기물청소,상가,비용
2026-08-05T23:04:48,인천 서구 상가 폐기물청소 가격,seo-incheon-seo-gu-store-waste-cleaning-price,https://clever-griffin-93819d.netlify.app/seo-incheon-seo-gu-store-waste-cleaning-price/,인천 서구,폐기물청소,상가,가격
2026-08-05T23:04:48,인천 서구 상가 폐기물청소 견적,seo-incheon-seo-gu-store-waste-cleaning-estimate,https://clever-griffin-93819d.netlify.app/seo-incheon-seo-gu-store-waste-cleaning-estimate/,인천 서구,폐기물청소,상가,견적
2026-08-05T23:04:48,인천 서구 상가 폐기물청소 예약,seo-incheon-seo-gu-store-waste-cleaning-booking,https://clever-griffin-93819d.netlify.app/seo-incheon-seo-gu-store-waste-cleaning-booking/,인천 서구,폐기물청소,상가,예약
2026-08-05T23:04:48,인천 서구 상가 폐기물청소 추천,seo-incheon-seo-gu-store-waste-cleaning-recommend,https://clever-griffin-93819d.netlify.app/seo-incheon-seo-gu-store-waste-cleaning-recommend/,인천 서구,폐기물청소,상가,추천
2026-08-05T23:04:48,인천 서구 상가 폐기물청소 후기,seo-incheon-seo-gu-store-waste-cleaning-review,https://clever-griffin-93819d.netlify.app/seo-incheon-seo-gu-store-waste-cleaning-review/,인천 서구,폐기물청소,상가,후기
2026-08-05T23:04:48,인천 서구 상가 폐기물청소 잘하는곳,seo-incheon-seo-gu-store-waste-cleaning-best,https://clever-griffin-93819d.netlify.app/seo-incheon-seo-gu-store-waste-cleaning-best/,인천 서구,폐기물청소,상가,잘하는곳
2026-08-05T23:04:48,인천 서구 상가 폐기물청소 업체,seo-incheon-seo-gu-store-waste-cleaning-service,https://clever-griffin-93819d.netlify.app/seo-incheon-seo-gu-store-waste-cleaning-service/,인천 서구,폐기물청소,상가,업체
2026-08-05T23:04:48,인천 서구 상가 폐기물청소 당일상담,seo-incheon-seo-gu-store-waste-cleaning-same-day-consult,https://clever-griffin-93819d.netlify.app/seo-incheon-seo-gu-store-waste-cleaning-same-day-consult/,인천 서구,폐기물청소,상가,당일상담
2026-08-05T23:04:48,인천 서구 상가 폐기물청소 주말예약,seo-incheon-seo-gu-store-waste-cleaning-weekend-booking,https://clever-griffin-93819d.netlify.app/seo-incheon-seo-gu-store-waste-cleaning-weekend-booking/,인천 서구,폐기물청소,상가,주말예약
2026-08-05T23:04:48,인천 서구 상가 폐기물청소 청소범위,seo-incheon-seo-gu-store-waste-cleaning-scope,https://clever-griffin-93819d.netlify.app/seo-incheon-seo-gu-store-waste-cleaning-scope/,인천 서구,폐기물청소,상가,청소범위
2026-08-05T23:04:48,인천 서구 사무실 폐기물청소 전문업체,seo-incheon-seo-gu-office-waste-cleaning-company,https://clever-griffin-93819d.netlify.app/seo-incheon-seo-gu-office-waste-cleaning-company/,인천 서구,폐기물청소,사무실,전문업체
2026-08-05T23:04:48,인천 서구 사무실 폐기물청소 비용,seo-incheon-seo-gu-office-waste-cleaning-cost,https://clever-griffin-93819d.netlify.app/seo-incheon-seo-gu-office-waste-cleaning-cost/,인천 서구,폐기물청소,사무실,비용
2026-08-05T23:04:48,인천 서구 사무실 폐기물청소 가격,seo-incheon-seo-gu-office-waste-cleaning-price,https://clever-griffin-93819d.netlify.app/seo-incheon-seo-gu-office-waste-cleaning-price/,인천 서구,폐기물청소,사무실,가격
2026-08-05T23:04:48,인천 서구 사무실 폐기물청소 견적,seo-incheon-seo-gu-office-waste-cleaning-estimate,https://clever-griffin-93819d.netlify.app/seo-incheon-seo-gu-office-waste-cleaning-estimate/,인천 서구,폐기물청소,사무실,견적
2026-08-05T23:04:48,인천 서구 사무실 폐기물청소 예약,seo-incheon-seo-gu-office-waste-cleaning-booking,https://clever-griffin-93819d.netlify.app/seo-incheon-seo-gu-office-waste-cleaning-booking/,인천 서구,폐기물청소,사무실,예약
2026-08-05T23:04:48,인천 서구 사무실 폐기물청소 추천,seo-incheon-seo-gu-office-waste-cleaning-recommend,https://clever-griffin-93819d.netlify.app/seo-incheon-seo-gu-office-waste-cleaning-recommend/,인천 서구,폐기물청소,사무실,추천
2026-08-05T23:04:48,인천 서구 사무실 폐기물청소 후기,seo-incheon-seo-gu-office-waste-cleaning-review,https://clever-griffin-93819d.netlify.app/seo-incheon-seo-gu-office-waste-cleaning-review/,인천 서구,폐기물청소,사무실,후기
2026-08-05T23:04:48,인천 서구 사무실 폐기물청소 잘하는곳,seo-incheon-seo-gu-office-waste-cleaning-best,https://clever-griffin-93819d.netlify.app/seo-incheon-seo-gu-office-waste-cleaning-best/,인천 서구,폐기물청소,사무실,잘하는곳
2026-08-05T23:04:48,인천 서구 사무실 폐기물청소 업체,seo-incheon-seo-gu-office-waste-cleaning-service,https://clever-griffin-93819d.netlify.app/seo-incheon-seo-gu-office-waste-cleaning-service/,인천 서구,폐기물청소,사무실,업체
2026-08-05T23:04:48,인천 서구 사무실 폐기물청소 당일상담,seo-incheon-seo-gu-office-waste-cleaning-same-day-consult,https://clever-griffin-93819d.netlify.app/seo-incheon-seo-gu-office-waste-cleaning-same-day-consult/,인천 서구,폐기물청소,사무실,당일상담
2026-08-05T23:04:48,인천 서구 사무실 폐기물청소 주말예약,seo-incheon-seo-gu-office-waste-cleaning-weekend-booking,https://clever-griffin-93819d.netlify.app/seo-incheon-seo-gu-office-waste-cleaning-weekend-booking/,인천 서구,폐기물청소,사무실,주말예약
2026-08-05T23:04:48,인천 서구 사무실 폐기물청소 청소범위,seo-incheon-seo-gu-office-waste-cleaning-scope,https://clever-griffin-93819d.netlify.app/seo-incheon-seo-gu-office-waste-cleaning-scope/,인천 서구,폐기물청소,사무실,청소범위
2026-08-05T23:04:48,인천 송도동 아파트 입주청소 전문업체,seo-incheon-songdo-dong-apartment-move-in-cleaning-company,https://clever-griffin-93819d.netlify.app/seo-incheon-songdo-dong-apartment-move-in-cleaning-company/,인천 송도동,입주청소,아파트,전문업체
2026-08-05T23:04:48,인천 송도동 아파트 입주청소 비용,seo-incheon-songdo-dong-apartment-move-in-cleaning-cost,https://clever-griffin-93819d.netlify.app/seo-incheon-songdo-dong-apartment-move-in-cleaning-cost/,인천 송도동,입주청소,아파트,비용
2026-08-05T23:04:48,인천 송도동 아파트 입주청소 가격,seo-incheon-songdo-dong-apartment-move-in-cleaning-price,https://clever-griffin-93819d.netlify.app/seo-incheon-songdo-dong-apartment-move-in-cleaning-price/,인천 송도동,입주청소,아파트,가격
2026-08-05T23:04:48,인천 송도동 아파트 입주청소 견적,seo-incheon-songdo-dong-apartment-move-in-cleaning-estimate,https://clever-griffin-93819d.netlify.app/seo-incheon-songdo-dong-apartment-move-in-cleaning-estimate/,인천 송도동,입주청소,아파트,견적
2026-08-05T23:04:48,인천 송도동 아파트 입주청소 예약,seo-incheon-songdo-dong-apartment-move-in-cleaning-booking,https://clever-griffin-93819d.netlify.app/seo-incheon-songdo-dong-apartment-move-in-cleaning-booking/,인천 송도동,입주청소,아파트,예약
2026-08-05T23:04:48,인천 송도동 아파트 입주청소 추천,seo-incheon-songdo-dong-apartment-move-in-cleaning-recommend,https://clever-griffin-93819d.netlify.app/seo-incheon-songdo-dong-apartment-move-in-cleaning-recommend/,인천 송도동,입주청소,아파트,추천
2026-08-05T23:04:48,인천 송도동 아파트 입주청소 후기,seo-incheon-songdo-dong-apartment-move-in-cleaning-review,https://clever-griffin-93819d.netlify.app/seo-incheon-songdo-dong-apartment-move-in-cleaning-review/,인천 송도동,입주청소,아파트,후기
2026-08-05T23:04:48,인천 송도동 아파트 입주청소 잘하는곳,seo-incheon-songdo-dong-apartment-move-in-cleaning-best,https://clever-griffin-93819d.netlify.app/seo-incheon-songdo-dong-apartment-move-in-cleaning-best/,인천 송도동,입주청소,아파트,잘하는곳
2026-08-05T23:04:48,인천 송도동 아파트 입주청소 업체,seo-incheon-songdo-dong-apartment-move-in-cleaning-service,https://clever-griffin-93819d.netlify.app/seo-incheon-songdo-dong-apartment-move-in-cleaning-service/,인천 송도동,입주청소,아파트,업체
2026-08-05T23:04:48,인천 송도동 아파트 입주청소 당일상담,seo-incheon-songdo-dong-apartment-move-in-cleaning-same-day-consult,https://clever-griffin-93819d.netlify.app/seo-incheon-songdo-dong-apartment-move-in-cleaning-same-day-consult/,인천 송도동,입주청소,아파트,당일상담
2026-08-05T23:04:48,인천 송도동 아파트 입주청소 주말예약,seo-incheon-songdo-dong-apartment-move-in-cleaning-weekend-booking,https://clever-griffin-93819d.netlify.app/seo-incheon-songdo-dong-apartment-move-in-cleaning-weekend-booking/,인천 송도동,입주청소,아파트,주말예약
2026-08-05T23:04:48,인천 송도동 아파트 입주청소 청소범위,seo-incheon-songdo-dong-apartment-move-in-cleaning-scope,https://clever-griffin-93819d.netlify.app/seo-incheon-songdo-dong-apartment-move-in-cleaning-scope/,인천 송도동,입주청소,아파트,청소범위
2026-08-05T23:04:48,인천 송도동 원룸 입주청소 전문업체,seo-incheon-songdo-dong-one-room-move-in-cleaning-company,https://clever-griffin-93819d.netlify.app/seo-incheon-songdo-dong-one-room-move-in-cleaning-company/,인천 송도동,입주청소,원룸,전문업체
2026-08-05T23:04:48,인천 송도동 원룸 입주청소 비용,seo-incheon-songdo-dong-one-room-move-in-cleaning-cost,https://clever-griffin-93819d.netlify.app/seo-incheon-songdo-dong-one-room-move-in-cleaning-cost/,인천 송도동,입주청소,원룸,비용
2026-08-05T23:04:48,인천 송도동 원룸 입주청소 가격,seo-incheon-songdo-dong-one-room-move-in-cleaning-price,https://clever-griffin-93819d.netlify.app/seo-incheon-songdo-dong-one-room-move-in-cleaning-price/,인천 송도동,입주청소,원룸,가격
2026-08-05T23:04:48,인천 송도동 원룸 입주청소 견적,seo-incheon-songdo-dong-one-room-move-in-cleaning-estimate,https://clever-griffin-93819d.netlify.app/seo-incheon-songdo-dong-one-room-move-in-cleaning-estimate/,인천 송도동,입주청소,원룸,견적
2026-08-05T23:04:48,인천 송도동 원룸 입주청소 예약,seo-incheon-songdo-dong-one-room-move-in-cleaning-booking,https://clever-griffin-93819d.netlify.app/seo-incheon-songdo-dong-one-room-move-in-cleaning-booking/,인천 송도동,입주청소,원룸,예약
2026-08-05T23:04:48,인천 송도동 원룸 입주청소 추천,seo-incheon-songdo-dong-one-room-move-in-cleaning-recommend,https://clever-griffin-93819d.netlify.app/seo-incheon-songdo-dong-one-room-move-in-cleaning-recommend/,인천 송도동,입주청소,원룸,추천
2026-08-05T23:04:48,인천 송도동 원룸 입주청소 후기,seo-incheon-songdo-dong-one-room-move-in-cleaning-review,https://clever-griffin-93819d.netlify.app/seo-incheon-songdo-dong-one-room-move-in-cleaning-review/,인천 송도동,입주청소,원룸,후기
2026-08-05T23:04:48,인천 송도동 원룸 입주청소 잘하는곳,seo-incheon-songdo-dong-one-room-move-in-cleaning-best,https://clever-griffin-93819d.netlify.app/seo-incheon-songdo-dong-one-room-move-in-cleaning-best/,인천 송도동,입주청소,원룸,잘하는곳
2026-08-05T23:04:48,인천 송도동 원룸 입주청소 업체,seo-incheon-songdo-dong-one-room-move-in-cleaning-service,https://clever-griffin-93819d.netlify.app/seo-incheon-songdo-dong-one-room-move-in-cleaning-service/,인천 송도동,입주청소,원룸,업체
2026-08-05T23:04:48,인천 송도동 원룸 입주청소 당일상담,seo-incheon-songdo-dong-one-room-move-in-cleaning-same-day-consult,https://clever-griffin-93819d.netlify.app/seo-incheon-songdo-dong-one-room-move-in-cleaning-same-day-consult/,인천 송도동,입주청소,원룸,당일상담
2026-08-05T23:04:48,인천 송도동 원룸 입주청소 주말예약,seo-incheon-songdo-dong-one-room-move-in-cleaning-weekend-booking,https://clever-griffin-93819d.netlify.app/seo-incheon-songdo-dong-one-room-move-in-cleaning-weekend-booking/,인천 송도동,입주청소,원룸,주말예약
2026-08-05T23:04:48,인천 송도동 원룸 입주청소 청소범위,seo-incheon-songdo-dong-one-room-move-in-cleaning-scope,https://clever-griffin-93819d.netlify.app/seo-incheon-songdo-dong-one-room-move-in-cleaning-scope/,인천 송도동,입주청소,원룸,청소범위
2026-08-05T23:04:48,인천 송도동 빌라 입주청소 전문업체,seo-incheon-songdo-dong-villa-move-in-cleaning-company,https://clever-griffin-93819d.netlify.app/seo-incheon-songdo-dong-villa-move-in-cleaning-company/,인천 송도동,입주청소,빌라,전문업체
2026-08-05T23:04:48,인천 송도동 빌라 입주청소 비용,seo-incheon-songdo-dong-villa-move-in-cleaning-cost,https://clever-griffin-93819d.netlify.app/seo-incheon-songdo-dong-villa-move-in-cleaning-cost/,인천 송도동,입주청소,빌라,비용
2026-08-05T23:04:48,인천 송도동 빌라 입주청소 가격,seo-incheon-songdo-dong-villa-move-in-cleaning-price,https://clever-griffin-93819d.netlify.app/seo-incheon-songdo-dong-villa-move-in-cleaning-price/,인천 송도동,입주청소,빌라,가격
2026-08-05T23:04:48,인천 송도동 빌라 입주청소 견적,seo-incheon-songdo-dong-villa-move-in-cleaning-estimate,https://clever-griffin-93819d.netlify.app/seo-incheon-songdo-dong-villa-move-in-cleaning-estimate/,인천 송도동,입주청소,빌라,견적
2026-08-05T23:04:48,인천 송도동 빌라 입주청소 예약,seo-incheon-songdo-dong-villa-move-in-cleaning-booking,https://clever-griffin-93819d.netlify.app/seo-incheon-songdo-dong-villa-move-in-cleaning-booking/,인천 송도동,입주청소,빌라,예약
2026-08-05T23:04:48,인천 송도동 빌라 입주청소 추천,seo-incheon-songdo-dong-villa-move-in-cleaning-recommend,https://clever-griffin-93819d.netlify.app/seo-incheon-songdo-dong-villa-move-in-cleaning-recommend/,인천 송도동,입주청소,빌라,추천
2026-08-05T23:04:48,인천 송도동 빌라 입주청소 후기,seo-incheon-songdo-dong-villa-move-in-cleaning-review,https://clever-griffin-93819d.netlify.app/seo-incheon-songdo-dong-villa-move-in-cleaning-review/,인천 송도동,입주청소,빌라,후기
2026-08-05T23:04:48,인천 송도동 빌라 입주청소 잘하는곳,seo-incheon-songdo-dong-villa-move-in-cleaning-best,https://clever-griffin-93819d.netlify.app/seo-incheon-songdo-dong-villa-move-in-cleaning-best/,인천 송도동,입주청소,빌라,잘하는곳
2026-08-05T23:04:48,인천 송도동 빌라 입주청소 업체,seo-incheon-songdo-dong-villa-move-in-cleaning-service,https://clever-griffin-93819d.netlify.app/seo-incheon-songdo-dong-villa-move-in-cleaning-service/,인천 송도동,입주청소,빌라,업체
2026-08-05T23:04:48,인천 송도동 빌라 입주청소 당일상담,seo-incheon-songdo-dong-villa-move-in-cleaning-same-day-consult,https://clever-griffin-93819d.netlify.app/seo-incheon-songdo-dong-villa-move-in-cleaning-same-day-consult/,인천 송도동,입주청소,빌라,당일상담
2026-08-05T23:04:48,인천 송도동 빌라 입주청소 주말예약,seo-incheon-songdo-dong-villa-move-in-cleaning-weekend-booking,https://clever-griffin-93819d.netlify.app/seo-incheon-songdo-dong-villa-move-in-cleaning-weekend-booking/,인천 송도동,입주청소,빌라,주말예약
2026-08-05T23:04:48,인천 송도동 빌라 입주청소 청소범위,seo-incheon-songdo-dong-villa-move-in-cleaning-scope,https://clever-griffin-93819d.netlify.app/seo-incheon-songdo-dong-villa-move-in-cleaning-scope/,인천 송도동,입주청소,빌라,청소범위
2026-08-05T23:04:48,인천 송도동 오피스텔 입주청소 전문업체,seo-incheon-songdo-dong-officetel-move-in-cleaning-company,https://clever-griffin-93819d.netlify.app/seo-incheon-songdo-dong-officetel-move-in-cleaning-company/,인천 송도동,입주청소,오피스텔,전문업체
2026-08-05T23:04:48,인천 송도동 오피스텔 입주청소 비용,seo-incheon-songdo-dong-officetel-move-in-cleaning-cost,https://clever-griffin-93819d.netlify.app/seo-incheon-songdo-dong-officetel-move-in-cleaning-cost/,인천 송도동,입주청소,오피스텔,비용
2026-08-05T23:04:48,인천 송도동 오피스텔 입주청소 가격,seo-incheon-songdo-dong-officetel-move-in-cleaning-price,https://clever-griffin-93819d.netlify.app/seo-incheon-songdo-dong-officetel-move-in-cleaning-price/,인천 송도동,입주청소,오피스텔,가격
2026-08-05T23:04:48,인천 송도동 오피스텔 입주청소 견적,seo-incheon-songdo-dong-officetel-move-in-cleaning-estimate,https://clever-griffin-93819d.netlify.app/seo-incheon-songdo-dong-officetel-move-in-cleaning-estimate/,인천 송도동,입주청소,오피스텔,견적
2026-08-05T23:04:48,인천 송도동 오피스텔 입주청소 예약,seo-incheon-songdo-dong-officetel-move-in-cleaning-booking,https://clever-griffin-93819d.netlify.app/seo-incheon-songdo-dong-officetel-move-in-cleaning-booking/,인천 송도동,입주청소,오피스텔,예약
2026-08-05T23:04:48,인천 송도동 오피스텔 입주청소 추천,seo-incheon-songdo-dong-officetel-move-in-cleaning-recommend,https://clever-griffin-93819d.netlify.app/seo-incheon-songdo-dong-officetel-move-in-cleaning-recommend/,인천 송도동,입주청소,오피스텔,추천
2026-08-05T23:04:48,인천 송도동 오피스텔 입주청소 후기,seo-incheon-songdo-dong-officetel-move-in-cleaning-review,https://clever-griffin-93819d.netlify.app/seo-incheon-songdo-dong-officetel-move-in-cleaning-review/,인천 송도동,입주청소,오피스텔,후기
2026-08-05T23:04:48,인천 송도동 오피스텔 입주청소 잘하는곳,seo-incheon-songdo-dong-officetel-move-in-cleaning-best,https://clever-griffin-93819d.netlify.app/seo-incheon-songdo-dong-officetel-move-in-cleaning-best/,인천 송도동,입주청소,오피스텔,잘하는곳
2026-08-05T23:04:48,인천 송도동 오피스텔 입주청소 업체,seo-incheon-songdo-dong-officetel-move-in-cleaning-service,https://clever-griffin-93819d.netlify.app/seo-incheon-songdo-dong-officetel-move-in-cleaning-service/,인천 송도동,입주청소,오피스텔,업체
2026-08-05T23:04:48,인천 송도동 오피스텔 입주청소 당일상담,seo-incheon-songdo-dong-officetel-move-in-cleaning-same-day-consult,https://clever-griffin-93819d.netlify.app/seo-incheon-songdo-dong-officetel-move-in-cleaning-same-day-consult/,인천 송도동,입주청소,오피스텔,당일상담
2026-08-05T23:04:48,인천 송도동 오피스텔 입주청소 주말예약,seo-incheon-songdo-dong-officetel-move-in-cleaning-weekend-booking,https://clever-griffin-93819d.netlify.app/seo-incheon-songdo-dong-officetel-move-in-cleaning-weekend-booking/,인천 송도동,입주청소,오피스텔,주말예약
2026-08-05T23:04:48,인천 송도동 오피스텔 입주청소 청소범위,seo-incheon-songdo-dong-officetel-move-in-cleaning-scope,https://clever-griffin-93819d.netlify.app/seo-incheon-songdo-dong-officetel-move-in-cleaning-scope/,인천 송도동,입주청소,오피스텔,청소범위
2026-08-05T23:04:48,인천 송도동 상가 입주청소 전문업체,seo-incheon-songdo-dong-store-move-in-cleaning-company,https://clever-griffin-93819d.netlify.app/seo-incheon-songdo-dong-store-move-in-cleaning-company/,인천 송도동,입주청소,상가,전문업체
2026-08-05T23:04:48,인천 송도동 상가 입주청소 비용,seo-incheon-songdo-dong-store-move-in-cleaning-cost,https://clever-griffin-93819d.netlify.app/seo-incheon-songdo-dong-store-move-in-cleaning-cost/,인천 송도동,입주청소,상가,비용
2026-08-05T23:04:48,인천 송도동 상가 입주청소 가격,seo-incheon-songdo-dong-store-move-in-cleaning-price,https://clever-griffin-93819d.netlify.app/seo-incheon-songdo-dong-store-move-in-cleaning-price/,인천 송도동,입주청소,상가,가격
2026-08-05T23:04:48,인천 송도동 상가 입주청소 견적,seo-incheon-songdo-dong-store-move-in-cleaning-estimate,https://clever-griffin-93819d.netlify.app/seo-incheon-songdo-dong-store-move-in-cleaning-estimate/,인천 송도동,입주청소,상가,견적
2026-08-05T23:04:48,인천 송도동 상가 입주청소 예약,seo-incheon-songdo-dong-store-move-in-cleaning-booking,https://clever-griffin-93819d.netlify.app/seo-incheon-songdo-dong-store-move-in-cleaning-booking/,인천 송도동,입주청소,상가,예약
2026-08-05T23:04:48,인천 송도동 상가 입주청소 추천,seo-incheon-songdo-dong-store-move-in-cleaning-recommend,https://clever-griffin-93819d.netlify.app/seo-incheon-songdo-dong-store-move-in-cleaning-recommend/,인천 송도동,입주청소,상가,추천
2026-08-05T23:04:48,인천 송도동 상가 입주청소 후기,seo-incheon-songdo-dong-store-move-in-cleaning-review,https://clever-griffin-93819d.netlify.app/seo-incheon-songdo-dong-store-move-in-cleaning-review/,인천 송도동,입주청소,상가,후기
2026-08-05T23:04:48,인천 송도동 상가 입주청소 잘하는곳,seo-incheon-songdo-dong-store-move-in-cleaning-best,https://clever-griffin-93819d.netlify.app/seo-incheon-songdo-dong-store-move-in-cleaning-best/,인천 송도동,입주청소,상가,잘하는곳
2026-08-05T23:04:48,인천 송도동 상가 입주청소 업체,seo-incheon-songdo-dong-store-move-in-cleaning-service,https://clever-griffin-93819d.netlify.app/seo-incheon-songdo-dong-store-move-in-cleaning-service/,인천 송도동,입주청소,상가,업체
2026-08-05T23:04:48,인천 송도동 상가 입주청소 당일상담,seo-incheon-songdo-dong-store-move-in-cleaning-same-day-consult,https://clever-griffin-93819d.netlify.app/seo-incheon-songdo-dong-store-move-in-cleaning-same-day-consult/,인천 송도동,입주청소,상가,당일상담
2026-08-05T23:04:48,인천 송도동 상가 입주청소 주말예약,seo-incheon-songdo-dong-store-move-in-cleaning-weekend-booking,https://clever-griffin-93819d.netlify.app/seo-incheon-songdo-dong-store-move-in-cleaning-weekend-booking/,인천 송도동,입주청소,상가,주말예약
2026-08-05T23:04:48,인천 송도동 상가 입주청소 청소범위,seo-incheon-songdo-dong-store-move-in-cleaning-scope,https://clever-griffin-93819d.netlify.app/seo-incheon-songdo-dong-store-move-in-cleaning-scope/,인천 송도동,입주청소,상가,청소범위
2026-08-05T23:04:48,인천 송도동 사무실 입주청소 전문업체,seo-incheon-songdo-dong-office-move-in-cleaning-company,https://clever-griffin-93819d.netlify.app/seo-incheon-songdo-dong-office-move-in-cleaning-company/,인천 송도동,입주청소,사무실,전문업체
2026-08-05T23:04:48,인천 송도동 사무실 입주청소 비용,seo-incheon-songdo-dong-office-move-in-cleaning-cost,https://clever-griffin-93819d.netlify.app/seo-incheon-songdo-dong-office-move-in-cleaning-cost/,인천 송도동,입주청소,사무실,비용
2026-08-05T23:04:48,인천 송도동 사무실 입주청소 가격,seo-incheon-songdo-dong-office-move-in-cleaning-price,https://clever-griffin-93819d.netlify.app/seo-incheon-songdo-dong-office-move-in-cleaning-price/,인천 송도동,입주청소,사무실,가격
2026-08-05T23:04:48,인천 송도동 사무실 입주청소 견적,seo-incheon-songdo-dong-office-move-in-cleaning-estimate,https://clever-griffin-93819d.netlify.app/seo-incheon-songdo-dong-office-move-in-cleaning-estimate/,인천 송도동,입주청소,사무실,견적
2026-08-05T23:04:48,인천 송도동 사무실 입주청소 예약,seo-incheon-songdo-dong-office-move-in-cleaning-booking,https://clever-griffin-93819d.netlify.app/seo-incheon-songdo-dong-office-move-in-cleaning-booking/,인천 송도동,입주청소,사무실,예약
2026-08-05T23:04:48,인천 송도동 사무실 입주청소 추천,seo-incheon-songdo-dong-office-move-in-cleaning-recommend,https://clever-griffin-93819d.netlify.app/seo-incheon-songdo-dong-office-move-in-cleaning-recommend/,인천 송도동,입주청소,사무실,추천
2026-08-05T23:04:48,인천 송도동 사무실 입주청소 후기,seo-incheon-songdo-dong-office-move-in-cleaning-review,https://clever-griffin-93819d.netlify.app/seo-incheon-songdo-dong-office-move-in-cleaning-review/,인천 송도동,입주청소,사무실,후기
2026-08-05T23:04:48,인천 송도동 사무실 입주청소 잘하는곳,seo-incheon-songdo-dong-office-move-in-cleaning-best,https://clever-griffin-93819d.netlify.app/seo-incheon-songdo-dong-office-move-in-cleaning-best/,인천 송도동,입주청소,사무실,잘하는곳
2026-08-05T23:04:48,인천 송도동 사무실 입주청소 업체,seo-incheon-songdo-dong-office-move-in-cleaning-service,https://clever-griffin-93819d.netlify.app/seo-incheon-songdo-dong-office-move-in-cleaning-service/,인천 송도동,입주청소,사무실,업체
2026-08-05T23:04:48,인천 송도동 사무실 입주청소 당일상담,seo-incheon-songdo-dong-office-move-in-cleaning-same-day-consult,https://clever-griffin-93819d.netlify.app/seo-incheon-songdo-dong-office-move-in-cleaning-same-day-consult/,인천 송도동,입주청소,사무실,당일상담
2026-08-05T23:04:48,인천 송도동 사무실 입주청소 주말예약,seo-incheon-songdo-dong-office-move-in-cleaning-weekend-booking,https://clever-griffin-93819d.netlify.app/seo-incheon-songdo-dong-office-move-in-cleaning-weekend-booking/,인천 송도동,입주청소,사무실,주말예약
2026-08-05T23:04:48,인천 송도동 사무실 입주청소 청소범위,seo-incheon-songdo-dong-office-move-in-cleaning-scope,https://clever-griffin-93819d.netlify.app/seo-incheon-songdo-dong-office-move-in-cleaning-scope/,인천 송도동,입주청소,사무실,청소범위
2026-08-05T23:04:48,인천 송도동 아파트 이사청소 전문업체,seo-incheon-songdo-dong-apartment-moving-cleaning-company,https://clever-griffin-93819d.netlify.app/seo-incheon-songdo-dong-apartment-moving-cleaning-company/,인천 송도동,이사청소,아파트,전문업체
2026-08-05T23:04:48,인천 송도동 아파트 이사청소 비용,seo-incheon-songdo-dong-apartment-moving-cleaning-cost,https://clever-griffin-93819d.netlify.app/seo-incheon-songdo-dong-apartment-moving-cleaning-cost/,인천 송도동,이사청소,아파트,비용
2026-08-05T23:04:48,인천 송도동 아파트 이사청소 가격,seo-incheon-songdo-dong-apartment-moving-cleaning-price,https://clever-griffin-93819d.netlify.app/seo-incheon-songdo-dong-apartment-moving-cleaning-price/,인천 송도동,이사청소,아파트,가격
2026-08-05T23:04:48,인천 송도동 아파트 이사청소 견적,seo-incheon-songdo-dong-apartment-moving-cleaning-estimate,https://clever-griffin-93819d.netlify.app/seo-incheon-songdo-dong-apartment-moving-cleaning-estimate/,인천 송도동,이사청소,아파트,견적
2026-08-05T23:04:48,인천 송도동 아파트 이사청소 예약,seo-incheon-songdo-dong-apartment-moving-cleaning-booking,https://clever-griffin-93819d.netlify.app/seo-incheon-songdo-dong-apartment-moving-cleaning-booking/,인천 송도동,이사청소,아파트,예약
2026-08-05T23:04:48,인천 송도동 아파트 이사청소 추천,seo-incheon-songdo-dong-apartment-moving-cleaning-recommend,https://clever-griffin-93819d.netlify.app/seo-incheon-songdo-dong-apartment-moving-cleaning-recommend/,인천 송도동,이사청소,아파트,추천
2026-08-05T23:04:48,인천 송도동 아파트 이사청소 후기,seo-incheon-songdo-dong-apartment-moving-cleaning-review,https://clever-griffin-93819d.netlify.app/seo-incheon-songdo-dong-apartment-moving-cleaning-review/,인천 송도동,이사청소,아파트,후기
2026-08-05T23:04:48,인천 송도동 아파트 이사청소 잘하는곳,seo-incheon-songdo-dong-apartment-moving-cleaning-best,https://clever-griffin-93819d.netlify.app/seo-incheon-songdo-dong-apartment-moving-cleaning-best/,인천 송도동,이사청소,아파트,잘하는곳
2026-08-05T23:04:48,인천 송도동 아파트 이사청소 업체,seo-incheon-songdo-dong-apartment-moving-cleaning-service,https://clever-griffin-93819d.netlify.app/seo-incheon-songdo-dong-apartment-moving-cleaning-service/,인천 송도동,이사청소,아파트,업체
2026-08-05T23:04:48,인천 송도동 아파트 이사청소 당일상담,seo-incheon-songdo-dong-apartment-moving-cleaning-same-day-consult,https://clever-griffin-93819d.netlify.app/seo-incheon-songdo-dong-apartment-moving-cleaning-same-day-consult/,인천 송도동,이사청소,아파트,당일상담
2026-08-05T23:04:48,인천 송도동 아파트 이사청소 주말예약,seo-incheon-songdo-dong-apartment-moving-cleaning-weekend-booking,https://clever-griffin-93819d.netlify.app/seo-incheon-songdo-dong-apartment-moving-cleaning-weekend-booking/,인천 송도동,이사청소,아파트,주말예약
2026-08-05T23:04:48,인천 송도동 아파트 이사청소 청소범위,seo-incheon-songdo-dong-apartment-moving-cleaning-scope,https://clever-griffin-93819d.netlify.app/seo-incheon-songdo-dong-apartment-moving-cleaning-scope/,인천 송도동,이사청소,아파트,청소범위
2026-08-05T23:04:48,인천 송도동 원룸 이사청소 전문업체,seo-incheon-songdo-dong-one-room-moving-cleaning-company,https://clever-griffin-93819d.netlify.app/seo-incheon-songdo-dong-one-room-moving-cleaning-company/,인천 송도동,이사청소,원룸,전문업체
2026-08-05T23:04:48,인천 송도동 원룸 이사청소 비용,seo-incheon-songdo-dong-one-room-moving-cleaning-cost,https://clever-griffin-93819d.netlify.app/seo-incheon-songdo-dong-one-room-moving-cleaning-cost/,인천 송도동,이사청소,원룸,비용
2026-08-05T23:04:48,인천 송도동 원룸 이사청소 가격,seo-incheon-songdo-dong-one-room-moving-cleaning-price,https://clever-griffin-93819d.netlify.app/seo-incheon-songdo-dong-one-room-moving-cleaning-price/,인천 송도동,이사청소,원룸,가격
2026-08-05T23:04:48,인천 송도동 원룸 이사청소 견적,seo-incheon-songdo-dong-one-room-moving-cleaning-estimate,https://clever-griffin-93819d.netlify.app/seo-incheon-songdo-dong-one-room-moving-cleaning-estimate/,인천 송도동,이사청소,원룸,견적
2026-08-05T23:04:48,인천 송도동 원룸 이사청소 예약,seo-incheon-songdo-dong-one-room-moving-cleaning-booking,https://clever-griffin-93819d.netlify.app/seo-incheon-songdo-dong-one-room-moving-cleaning-booking/,인천 송도동,이사청소,원룸,예약
2026-08-05T23:04:48,인천 송도동 원룸 이사청소 추천,seo-incheon-songdo-dong-one-room-moving-cleaning-recommend,https://clever-griffin-93819d.netlify.app/seo-incheon-songdo-dong-one-room-moving-cleaning-recommend/,인천 송도동,이사청소,원룸,추천
2026-08-05T23:04:48,인천 송도동 원룸 이사청소 후기,seo-incheon-songdo-dong-one-room-moving-cleaning-review,https://clever-griffin-93819d.netlify.app/seo-incheon-songdo-dong-one-room-moving-cleaning-review/,인천 송도동,이사청소,원룸,후기
2026-08-05T23:04:48,인천 송도동 원룸 이사청소 잘하는곳,seo-incheon-songdo-dong-one-room-moving-cleaning-best,https://clever-griffin-93819d.netlify.app/seo-incheon-songdo-dong-one-room-moving-cleaning-best/,인천 송도동,이사청소,원룸,잘하는곳
2026-08-05T23:04:48,인천 송도동 원룸 이사청소 업체,seo-incheon-songdo-dong-one-room-moving-cleaning-service,https://clever-griffin-93819d.netlify.app/seo-incheon-songdo-dong-one-room-moving-cleaning-service/,인천 송도동,이사청소,원룸,업체
2026-08-05T23:04:48,인천 송도동 원룸 이사청소 당일상담,seo-incheon-songdo-dong-one-room-moving-cleaning-same-day-consult,https://clever-griffin-93819d.netlify.app/seo-incheon-songdo-dong-one-room-moving-cleaning-same-day-consult/,인천 송도동,이사청소,원룸,당일상담
2026-08-05T23:04:48,인천 송도동 원룸 이사청소 주말예약,seo-incheon-songdo-dong-one-room-moving-cleaning-weekend-booking,https://clever-griffin-93819d.netlify.app/seo-incheon-songdo-dong-one-room-moving-cleaning-weekend-booking/,인천 송도동,이사청소,원룸,주말예약
2026-08-05T23:04:48,인천 송도동 원룸 이사청소 청소범위,seo-incheon-songdo-dong-one-room-moving-cleaning-scope,https://clever-griffin-93819d.netlify.app/seo-incheon-songdo-dong-one-room-moving-cleaning-scope/,인천 송도동,이사청소,원룸,청소범위
2026-08-05T23:04:48,인천 송도동 빌라 이사청소 전문업체,seo-incheon-songdo-dong-villa-moving-cleaning-company,https://clever-griffin-93819d.netlify.app/seo-incheon-songdo-dong-villa-moving-cleaning-company/,인천 송도동,이사청소,빌라,전문업체
2026-08-05T23:04:48,인천 송도동 빌라 이사청소 비용,seo-incheon-songdo-dong-villa-moving-cleaning-cost,https://clever-griffin-93819d.netlify.app/seo-incheon-songdo-dong-villa-moving-cleaning-cost/,인천 송도동,이사청소,빌라,비용
2026-08-05T23:04:48,인천 송도동 빌라 이사청소 가격,seo-incheon-songdo-dong-villa-moving-cleaning-price,https://clever-griffin-93819d.netlify.app/seo-incheon-songdo-dong-villa-moving-cleaning-price/,인천 송도동,이사청소,빌라,가격
2026-08-05T23:04:48,인천 송도동 빌라 이사청소 견적,seo-incheon-songdo-dong-villa-moving-cleaning-estimate,https://clever-griffin-93819d.netlify.app/seo-incheon-songdo-dong-villa-moving-cleaning-estimate/,인천 송도동,이사청소,빌라,견적
2026-08-05T23:04:48,인천 송도동 빌라 이사청소 예약,seo-incheon-songdo-dong-villa-moving-cleaning-booking,https://clever-griffin-93819d.netlify.app/seo-incheon-songdo-dong-villa-moving-cleaning-booking/,인천 송도동,이사청소,빌라,예약
2026-08-05T23:04:48,인천 송도동 빌라 이사청소 추천,seo-incheon-songdo-dong-villa-moving-cleaning-recommend,https://clever-griffin-93819d.netlify.app/seo-incheon-songdo-dong-villa-moving-cleaning-recommend/,인천 송도동,이사청소,빌라,추천
2026-08-05T23:04:48,인천 송도동 빌라 이사청소 후기,seo-incheon-songdo-dong-villa-moving-cleaning-review,https://clever-griffin-93819d.netlify.app/seo-incheon-songdo-dong-villa-moving-cleaning-review/,인천 송도동,이사청소,빌라,후기
2026-08-05T23:04:48,인천 송도동 빌라 이사청소 잘하는곳,seo-incheon-songdo-dong-villa-moving-cleaning-best,https://clever-griffin-93819d.netlify.app/seo-incheon-songdo-dong-villa-moving-cleaning-best/,인천 송도동,이사청소,빌라,잘하는곳
2026-08-05T23:04:48,인천 송도동 빌라 이사청소 업체,seo-incheon-songdo-dong-villa-moving-cleaning-service,https://clever-griffin-93819d.netlify.app/seo-incheon-songdo-dong-villa-moving-cleaning-service/,인천 송도동,이사청소,빌라,업체
2026-08-05T23:04:48,인천 송도동 빌라 이사청소 당일상담,seo-incheon-songdo-dong-villa-moving-cleaning-same-day-consult,https://clever-griffin-93819d.netlify.app/seo-incheon-songdo-dong-villa-moving-cleaning-same-day-consult/,인천 송도동,이사청소,빌라,당일상담
2026-08-05T23:04:48,인천 송도동 빌라 이사청소 주말예약,seo-incheon-songdo-dong-villa-moving-cleaning-weekend-booking,https://clever-griffin-93819d.netlify.app/seo-incheon-songdo-dong-villa-moving-cleaning-weekend-booking/,인천 송도동,이사청소,빌라,주말예약
2026-08-05T23:04:48,인천 송도동 빌라 이사청소 청소범위,seo-incheon-songdo-dong-villa-moving-cleaning-scope,https://clever-griffin-93819d.netlify.app/seo-incheon-songdo-dong-villa-moving-cleaning-scope/,인천 송도동,이사청소,빌라,청소범위
2026-08-05T23:04:48,인천 송도동 오피스텔 이사청소 전문업체,seo-incheon-songdo-dong-officetel-moving-cleaning-company,https://clever-griffin-93819d.netlify.app/seo-incheon-songdo-dong-officetel-moving-cleaning-company/,인천 송도동,이사청소,오피스텔,전문업체
2026-08-05T23:04:48,인천 송도동 오피스텔 이사청소 비용,seo-incheon-songdo-dong-officetel-moving-cleaning-cost,https://clever-griffin-93819d.netlify.app/seo-incheon-songdo-dong-officetel-moving-cleaning-cost/,인천 송도동,이사청소,오피스텔,비용
2026-08-05T23:04:48,인천 송도동 오피스텔 이사청소 가격,seo-incheon-songdo-dong-officetel-moving-cleaning-price,https://clever-griffin-93819d.netlify.app/seo-incheon-songdo-dong-officetel-moving-cleaning-price/,인천 송도동,이사청소,오피스텔,가격
2026-08-05T23:04:48,인천 송도동 오피스텔 이사청소 견적,seo-incheon-songdo-dong-officetel-moving-cleaning-estimate,https://clever-griffin-93819d.netlify.app/seo-incheon-songdo-dong-officetel-moving-cleaning-estimate/,인천 송도동,이사청소,오피스텔,견적
2026-08-05T23:04:48,인천 송도동 오피스텔 이사청소 예약,seo-incheon-songdo-dong-officetel-moving-cleaning-booking,https://clever-griffin-93819d.netlify.app/seo-incheon-songdo-dong-officetel-moving-cleaning-booking/,인천 송도동,이사청소,오피스텔,예약
2026-08-05T23:04:48,인천 송도동 오피스텔 이사청소 추천,seo-incheon-songdo-dong-officetel-moving-cleaning-recommend,https://clever-griffin-93819d.netlify.app/seo-incheon-songdo-dong-officetel-moving-cleaning-recommend/,인천 송도동,이사청소,오피스텔,추천
2026-08-05T23:04:48,인천 송도동 오피스텔 이사청소 후기,seo-incheon-songdo-dong-officetel-moving-cleaning-review,https://clever-griffin-93819d.netlify.app/seo-incheon-songdo-dong-officetel-moving-cleaning-review/,인천 송도동,이사청소,오피스텔,후기
2026-08-05T23:04:48,인천 송도동 오피스텔 이사청소 잘하는곳,seo-incheon-songdo-dong-officetel-moving-cleaning-best,https://clever-griffin-93819d.netlify.app/seo-incheon-songdo-dong-officetel-moving-cleaning-best/,인천 송도동,이사청소,오피스텔,잘하는곳
2026-08-05T23:04:48,인천 송도동 오피스텔 이사청소 업체,seo-incheon-songdo-dong-officetel-moving-cleaning-service,https://clever-griffin-93819d.netlify.app/seo-incheon-songdo-dong-officetel-moving-cleaning-service/,인천 송도동,이사청소,오피스텔,업체
2026-08-05T23:04:48,인천 송도동 오피스텔 이사청소 당일상담,seo-incheon-songdo-dong-officetel-moving-cleaning-same-day-consult,https://clever-griffin-93819d.netlify.app/seo-incheon-songdo-dong-officetel-moving-cleaning-same-day-consult/,인천 송도동,이사청소,오피스텔,당일상담
2026-08-05T23:04:48,인천 송도동 오피스텔 이사청소 주말예약,seo-incheon-songdo-dong-officetel-moving-cleaning-weekend-booking,https://clever-griffin-93819d.netlify.app/seo-incheon-songdo-dong-officetel-moving-cleaning-weekend-booking/,인천 송도동,이사청소,오피스텔,주말예약
2026-08-05T23:04:48,인천 송도동 오피스텔 이사청소 청소범위,seo-incheon-songdo-dong-officetel-moving-cleaning-scope,https://clever-griffin-93819d.netlify.app/seo-incheon-songdo-dong-officetel-moving-cleaning-scope/,인천 송도동,이사청소,오피스텔,청소범위
2026-08-05T23:04:48,인천 송도동 상가 이사청소 전문업체,seo-incheon-songdo-dong-store-moving-cleaning-company,https://clever-griffin-93819d.netlify.app/seo-incheon-songdo-dong-store-moving-cleaning-company/,인천 송도동,이사청소,상가,전문업체
2026-08-05T23:04:48,인천 송도동 상가 이사청소 비용,seo-incheon-songdo-dong-store-moving-cleaning-cost,https://clever-griffin-93819d.netlify.app/seo-incheon-songdo-dong-store-moving-cleaning-cost/,인천 송도동,이사청소,상가,비용
2026-08-05T23:04:48,인천 송도동 상가 이사청소 가격,seo-incheon-songdo-dong-store-moving-cleaning-price,https://clever-griffin-93819d.netlify.app/seo-incheon-songdo-dong-store-moving-cleaning-price/,인천 송도동,이사청소,상가,가격
2026-08-05T23:04:48,인천 송도동 상가 이사청소 견적,seo-incheon-songdo-dong-store-moving-cleaning-estimate,https://clever-griffin-93819d.netlify.app/seo-incheon-songdo-dong-store-moving-cleaning-estimate/,인천 송도동,이사청소,상가,견적
2026-08-05T23:04:48,인천 송도동 상가 이사청소 예약,seo-incheon-songdo-dong-store-moving-cleaning-booking,https://clever-griffin-93819d.netlify.app/seo-incheon-songdo-dong-store-moving-cleaning-booking/,인천 송도동,이사청소,상가,예약
2026-08-05T23:04:48,인천 송도동 상가 이사청소 추천,seo-incheon-songdo-dong-store-moving-cleaning-recommend,https://clever-griffin-93819d.netlify.app/seo-incheon-songdo-dong-store-moving-cleaning-recommend/,인천 송도동,이사청소,상가,추천
2026-08-05T23:04:48,인천 송도동 상가 이사청소 후기,seo-incheon-songdo-dong-store-moving-cleaning-review,https://clever-griffin-93819d.netlify.app/seo-incheon-songdo-dong-store-moving-cleaning-review/,인천 송도동,이사청소,상가,후기
2026-08-05T23:04:48,인천 송도동 상가 이사청소 잘하는곳,seo-incheon-songdo-dong-store-moving-cleaning-best,https://clever-griffin-93819d.netlify.app/seo-incheon-songdo-dong-store-moving-cleaning-best/,인천 송도동,이사청소,상가,잘하는곳
2026-08-05T23:04:48,인천 송도동 상가 이사청소 업체,seo-incheon-songdo-dong-store-moving-cleaning-service,https://clever-griffin-93819d.netlify.app/seo-incheon-songdo-dong-store-moving-cleaning-service/,인천 송도동,이사청소,상가,업체
2026-08-05T23:04:48,인천 송도동 상가 이사청소 당일상담,seo-incheon-songdo-dong-store-moving-cleaning-same-day-consult,https://clever-griffin-93819d.netlify.app/seo-incheon-songdo-dong-store-moving-cleaning-same-day-consult/,인천 송도동,이사청소,상가,당일상담
2026-08-05T23:04:48,인천 송도동 상가 이사청소 주말예약,seo-incheon-songdo-dong-store-moving-cleaning-weekend-booking,https://clever-griffin-93819d.netlify.app/seo-incheon-songdo-dong-store-moving-cleaning-weekend-booking/,인천 송도동,이사청소,상가,주말예약
2026-08-05T23:04:48,인천 송도동 상가 이사청소 청소범위,seo-incheon-songdo-dong-store-moving-cleaning-scope,https://clever-griffin-93819d.netlify.app/seo-incheon-songdo-dong-store-moving-cleaning-scope/,인천 송도동,이사청소,상가,청소범위
2026-08-05T23:04:48,인천 송도동 사무실 이사청소 전문업체,seo-incheon-songdo-dong-office-moving-cleaning-company,https://clever-griffin-93819d.netlify.app/seo-incheon-songdo-dong-office-moving-cleaning-company/,인천 송도동,이사청소,사무실,전문업체
2026-08-05T23:04:48,인천 송도동 사무실 이사청소 비용,seo-incheon-songdo-dong-office-moving-cleaning-cost,https://clever-griffin-93819d.netlify.app/seo-incheon-songdo-dong-office-moving-cleaning-cost/,인천 송도동,이사청소,사무실,비용
2026-08-05T23:04:48,인천 송도동 사무실 이사청소 가격,seo-incheon-songdo-dong-office-moving-cleaning-price,https://clever-griffin-93819d.netlify.app/seo-incheon-songdo-dong-office-moving-cleaning-price/,인천 송도동,이사청소,사무실,가격
2026-08-05T23:04:48,인천 송도동 사무실 이사청소 견적,seo-incheon-songdo-dong-office-moving-cleaning-estimate,https://clever-griffin-93819d.netlify.app/seo-incheon-songdo-dong-office-moving-cleaning-estimate/,인천 송도동,이사청소,사무실,견적
2026-08-05T23:04:48,인천 송도동 사무실 이사청소 예약,seo-incheon-songdo-dong-office-moving-cleaning-booking,https://clever-griffin-93819d.netlify.app/seo-incheon-songdo-dong-office-moving-cleaning-booking/,인천 송도동,이사청소,사무실,예약
2026-08-05T23:04:48,인천 송도동 사무실 이사청소 추천,seo-incheon-songdo-dong-office-moving-cleaning-recommend,https://clever-griffin-93819d.netlify.app/seo-incheon-songdo-dong-office-moving-cleaning-recommend/,인천 송도동,이사청소,사무실,추천
2026-08-05T23:04:48,인천 송도동 사무실 이사청소 후기,seo-incheon-songdo-dong-office-moving-cleaning-review,https://clever-griffin-93819d.netlify.app/seo-incheon-songdo-dong-office-moving-cleaning-review/,인천 송도동,이사청소,사무실,후기
2026-08-05T23:04:48,인천 송도동 사무실 이사청소 잘하는곳,seo-incheon-songdo-dong-office-moving-cleaning-best,https://clever-griffin-93819d.netlify.app/seo-incheon-songdo-dong-office-moving-cleaning-best/,인천 송도동,이사청소,사무실,잘하는곳
2026-08-05T23:04:48,인천 송도동 사무실 이사청소 업체,seo-incheon-songdo-dong-office-moving-cleaning-service,https://clever-griffin-93819d.netlify.app/seo-incheon-songdo-dong-office-moving-cleaning-service/,인천 송도동,이사청소,사무실,업체
2026-08-05T23:04:48,인천 송도동 사무실 이사청소 당일상담,seo-incheon-songdo-dong-office-moving-cleaning-same-day-consult,https://clever-griffin-93819d.netlify.app/seo-incheon-songdo-dong-office-moving-cleaning-same-day-consult/,인천 송도동,이사청소,사무실,당일상담
2026-08-05T23:04:48,인천 송도동 사무실 이사청소 주말예약,seo-incheon-songdo-dong-office-moving-cleaning-weekend-booking,https://clever-griffin-93819d.netlify.app/seo-incheon-songdo-dong-office-moving-cleaning-weekend-booking/,인천 송도동,이사청소,사무실,주말예약
2026-08-05T23:04:48,인천 송도동 사무실 이사청소 청소범위,seo-incheon-songdo-dong-office-moving-cleaning-scope,https://clever-griffin-93819d.netlify.app/seo-incheon-songdo-dong-office-moving-cleaning-scope/,인천 송도동,이사청소,사무실,청소범위
2026-08-05T23:04:48,인천 송도동 아파트 거주청소 전문업체,seo-incheon-songdo-dong-apartment-residential-cleaning-company,https://clever-griffin-93819d.netlify.app/seo-incheon-songdo-dong-apartment-residential-cleaning-company/,인천 송도동,거주청소,아파트,전문업체
2026-08-05T23:04:48,인천 송도동 아파트 거주청소 비용,seo-incheon-songdo-dong-apartment-residential-cleaning-cost,https://clever-griffin-93819d.netlify.app/seo-incheon-songdo-dong-apartment-residential-cleaning-cost/,인천 송도동,거주청소,아파트,비용
2026-08-05T23:04:48,인천 송도동 아파트 거주청소 가격,seo-incheon-songdo-dong-apartment-residential-cleaning-price,https://clever-griffin-93819d.netlify.app/seo-incheon-songdo-dong-apartment-residential-cleaning-price/,인천 송도동,거주청소,아파트,가격
2026-08-05T23:04:48,인천 송도동 아파트 거주청소 견적,seo-incheon-songdo-dong-apartment-residential-cleaning-estimate,https://clever-griffin-93819d.netlify.app/seo-incheon-songdo-dong-apartment-residential-cleaning-estimate/,인천 송도동,거주청소,아파트,견적
2026-08-05T23:04:48,인천 송도동 아파트 거주청소 예약,seo-incheon-songdo-dong-apartment-residential-cleaning-booking,https://clever-griffin-93819d.netlify.app/seo-incheon-songdo-dong-apartment-residential-cleaning-booking/,인천 송도동,거주청소,아파트,예약
2026-08-05T23:04:48,인천 송도동 아파트 거주청소 추천,seo-incheon-songdo-dong-apartment-residential-cleaning-recommend,https://clever-griffin-93819d.netlify.app/seo-incheon-songdo-dong-apartment-residential-cleaning-recommend/,인천 송도동,거주청소,아파트,추천
2026-08-05T23:04:48,인천 송도동 아파트 거주청소 후기,seo-incheon-songdo-dong-apartment-residential-cleaning-review,https://clever-griffin-93819d.netlify.app/seo-incheon-songdo-dong-apartment-residential-cleaning-review/,인천 송도동,거주청소,아파트,후기
2026-08-05T23:04:48,인천 송도동 아파트 거주청소 잘하는곳,seo-incheon-songdo-dong-apartment-residential-cleaning-best,https://clever-griffin-93819d.netlify.app/seo-incheon-songdo-dong-apartment-residential-cleaning-best/,인천 송도동,거주청소,아파트,잘하는곳
2026-08-05T23:04:48,인천 송도동 아파트 거주청소 업체,seo-incheon-songdo-dong-apartment-residential-cleaning-service,https://clever-griffin-93819d.netlify.app/seo-incheon-songdo-dong-apartment-residential-cleaning-service/,인천 송도동,거주청소,아파트,업체
2026-08-05T23:04:48,인천 송도동 아파트 거주청소 당일상담,seo-incheon-songdo-dong-apartment-residential-cleaning-same-day-consult,https://clever-griffin-93819d.netlify.app/seo-incheon-songdo-dong-apartment-residential-cleaning-same-day-consult/,인천 송도동,거주청소,아파트,당일상담
2026-08-05T23:04:48,인천 송도동 아파트 거주청소 주말예약,seo-incheon-songdo-dong-apartment-residential-cleaning-weekend-booking,https://clever-griffin-93819d.netlify.app/seo-incheon-songdo-dong-apartment-residential-cleaning-weekend-booking/,인천 송도동,거주청소,아파트,주말예약
2026-08-05T23:04:48,인천 송도동 아파트 거주청소 청소범위,seo-incheon-songdo-dong-apartment-residential-cleaning-scope,https://clever-griffin-93819d.netlify.app/seo-incheon-songdo-dong-apartment-residential-cleaning-scope/,인천 송도동,거주청소,아파트,청소범위
2026-08-05T23:04:48,인천 송도동 원룸 거주청소 전문업체,seo-incheon-songdo-dong-one-room-residential-cleaning-company,https://clever-griffin-93819d.netlify.app/seo-incheon-songdo-dong-one-room-residential-cleaning-company/,인천 송도동,거주청소,원룸,전문업체
2026-08-05T23:04:48,인천 송도동 원룸 거주청소 비용,seo-incheon-songdo-dong-one-room-residential-cleaning-cost,https://clever-griffin-93819d.netlify.app/seo-incheon-songdo-dong-one-room-residential-cleaning-cost/,인천 송도동,거주청소,원룸,비용
2026-08-05T23:04:48,인천 송도동 원룸 거주청소 가격,seo-incheon-songdo-dong-one-room-residential-cleaning-price,https://clever-griffin-93819d.netlify.app/seo-incheon-songdo-dong-one-room-residential-cleaning-price/,인천 송도동,거주청소,원룸,가격
2026-08-05T23:04:48,인천 송도동 원룸 거주청소 견적,seo-incheon-songdo-dong-one-room-residential-cleaning-estimate,https://clever-griffin-93819d.netlify.app/seo-incheon-songdo-dong-one-room-residential-cleaning-estimate/,인천 송도동,거주청소,원룸,견적
2026-08-05T23:04:48,인천 송도동 원룸 거주청소 예약,seo-incheon-songdo-dong-one-room-residential-cleaning-booking,https://clever-griffin-93819d.netlify.app/seo-incheon-songdo-dong-one-room-residential-cleaning-booking/,인천 송도동,거주청소,원룸,예약
2026-08-05T23:04:48,인천 송도동 원룸 거주청소 추천,seo-incheon-songdo-dong-one-room-residential-cleaning-recommend,https://clever-griffin-93819d.netlify.app/seo-incheon-songdo-dong-one-room-residential-cleaning-recommend/,인천 송도동,거주청소,원룸,추천
2026-08-05T23:04:48,인천 송도동 원룸 거주청소 후기,seo-incheon-songdo-dong-one-room-residential-cleaning-review,https://clever-griffin-93819d.netlify.app/seo-incheon-songdo-dong-one-room-residential-cleaning-review/,인천 송도동,거주청소,원룸,후기
2026-08-05T23:04:48,인천 송도동 원룸 거주청소 잘하는곳,seo-incheon-songdo-dong-one-room-residential-cleaning-best,https://clever-griffin-93819d.netlify.app/seo-incheon-songdo-dong-one-room-residential-cleaning-best/,인천 송도동,거주청소,원룸,잘하는곳
2026-08-05T23:04:48,인천 송도동 원룸 거주청소 업체,seo-incheon-songdo-dong-one-room-residential-cleaning-service,https://clever-griffin-93819d.netlify.app/seo-incheon-songdo-dong-one-room-residential-cleaning-service/,인천 송도동,거주청소,원룸,업체
2026-08-05T23:04:48,인천 송도동 원룸 거주청소 당일상담,seo-incheon-songdo-dong-one-room-residential-cleaning-same-day-consult,https://clever-griffin-93819d.netlify.app/seo-incheon-songdo-dong-one-room-residential-cleaning-same-day-consult/,인천 송도동,거주청소,원룸,당일상담
2026-08-05T23:04:48,인천 송도동 원룸 거주청소 주말예약,seo-incheon-songdo-dong-one-room-residential-cleaning-weekend-booking,https://clever-griffin-93819d.netlify.app/seo-incheon-songdo-dong-one-room-residential-cleaning-weekend-booking/,인천 송도동,거주청소,원룸,주말예약
2026-08-05T23:04:48,인천 송도동 원룸 거주청소 청소범위,seo-incheon-songdo-dong-one-room-residential-cleaning-scope,https://clever-griffin-93819d.netlify.app/seo-incheon-songdo-dong-one-room-residential-cleaning-scope/,인천 송도동,거주청소,원룸,청소범위
2026-08-05T23:04:48,인천 송도동 빌라 거주청소 전문업체,seo-incheon-songdo-dong-villa-residential-cleaning-company,https://clever-griffin-93819d.netlify.app/seo-incheon-songdo-dong-villa-residential-cleaning-company/,인천 송도동,거주청소,빌라,전문업체
2026-08-05T23:04:48,인천 송도동 빌라 거주청소 비용,seo-incheon-songdo-dong-villa-residential-cleaning-cost,https://clever-griffin-93819d.netlify.app/seo-incheon-songdo-dong-villa-residential-cleaning-cost/,인천 송도동,거주청소,빌라,비용
2026-08-05T23:04:48,인천 송도동 빌라 거주청소 가격,seo-incheon-songdo-dong-villa-residential-cleaning-price,https://clever-griffin-93819d.netlify.app/seo-incheon-songdo-dong-villa-residential-cleaning-price/,인천 송도동,거주청소,빌라,가격
2026-08-05T23:04:48,인천 송도동 빌라 거주청소 견적,seo-incheon-songdo-dong-villa-residential-cleaning-estimate,https://clever-griffin-93819d.netlify.app/seo-incheon-songdo-dong-villa-residential-cleaning-estimate/,인천 송도동,거주청소,빌라,견적
2026-08-05T23:04:48,인천 송도동 빌라 거주청소 예약,seo-incheon-songdo-dong-villa-residential-cleaning-booking,https://clever-griffin-93819d.netlify.app/seo-incheon-songdo-dong-villa-residential-cleaning-booking/,인천 송도동,거주청소,빌라,예약
2026-08-05T23:04:48,인천 송도동 빌라 거주청소 추천,seo-incheon-songdo-dong-villa-residential-cleaning-recommend,https://clever-griffin-93819d.netlify.app/seo-incheon-songdo-dong-villa-residential-cleaning-recommend/,인천 송도동,거주청소,빌라,추천
2026-08-05T23:04:48,인천 송도동 빌라 거주청소 후기,seo-incheon-songdo-dong-villa-residential-cleaning-review,https://clever-griffin-93819d.netlify.app/seo-incheon-songdo-dong-villa-residential-cleaning-review/,인천 송도동,거주청소,빌라,후기
2026-08-05T23:04:48,인천 송도동 빌라 거주청소 잘하는곳,seo-incheon-songdo-dong-villa-residential-cleaning-best,https://clever-griffin-93819d.netlify.app/seo-incheon-songdo-dong-villa-residential-cleaning-best/,인천 송도동,거주청소,빌라,잘하는곳
2026-08-05T23:04:48,인천 송도동 빌라 거주청소 업체,seo-incheon-songdo-dong-villa-residential-cleaning-service,https://clever-griffin-93819d.netlify.app/seo-incheon-songdo-dong-villa-residential-cleaning-service/,인천 송도동,거주청소,빌라,업체
2026-08-05T23:04:48,인천 송도동 빌라 거주청소 당일상담,seo-incheon-songdo-dong-villa-residential-cleaning-same-day-consult,https://clever-griffin-93819d.netlify.app/seo-incheon-songdo-dong-villa-residential-cleaning-same-day-consult/,인천 송도동,거주청소,빌라,당일상담
2026-08-05T23:04:48,인천 송도동 빌라 거주청소 주말예약,seo-incheon-songdo-dong-villa-residential-cleaning-weekend-booking,https://clever-griffin-93819d.netlify.app/seo-incheon-songdo-dong-villa-residential-cleaning-weekend-booking/,인천 송도동,거주청소,빌라,주말예약
2026-08-05T23:04:48,인천 송도동 빌라 거주청소 청소범위,seo-incheon-songdo-dong-villa-residential-cleaning-scope,https://clever-griffin-93819d.netlify.app/seo-incheon-songdo-dong-villa-residential-cleaning-scope/,인천 송도동,거주청소,빌라,청소범위
2026-08-05T23:04:48,인천 송도동 오피스텔 거주청소 전문업체,seo-incheon-songdo-dong-officetel-residential-cleaning-company,https://clever-griffin-93819d.netlify.app/seo-incheon-songdo-dong-officetel-residential-cleaning-company/,인천 송도동,거주청소,오피스텔,전문업체
2026-08-05T23:04:48,인천 송도동 오피스텔 거주청소 비용,seo-incheon-songdo-dong-officetel-residential-cleaning-cost,https://clever-griffin-93819d.netlify.app/seo-incheon-songdo-dong-officetel-residential-cleaning-cost/,인천 송도동,거주청소,오피스텔,비용
2026-08-05T23:04:48,인천 송도동 오피스텔 거주청소 가격,seo-incheon-songdo-dong-officetel-residential-cleaning-price,https://clever-griffin-93819d.netlify.app/seo-incheon-songdo-dong-officetel-residential-cleaning-price/,인천 송도동,거주청소,오피스텔,가격
2026-08-05T23:04:48,인천 송도동 오피스텔 거주청소 견적,seo-incheon-songdo-dong-officetel-residential-cleaning-estimate,https://clever-griffin-93819d.netlify.app/seo-incheon-songdo-dong-officetel-residential-cleaning-estimate/,인천 송도동,거주청소,오피스텔,견적
2026-08-05T23:04:48,인천 송도동 오피스텔 거주청소 예약,seo-incheon-songdo-dong-officetel-residential-cleaning-booking,https://clever-griffin-93819d.netlify.app/seo-incheon-songdo-dong-officetel-residential-cleaning-booking/,인천 송도동,거주청소,오피스텔,예약
2026-08-05T23:04:48,인천 송도동 오피스텔 거주청소 추천,seo-incheon-songdo-dong-officetel-residential-cleaning-recommend,https://clever-griffin-93819d.netlify.app/seo-incheon-songdo-dong-officetel-residential-cleaning-recommend/,인천 송도동,거주청소,오피스텔,추천
2026-08-05T23:04:48,인천 송도동 오피스텔 거주청소 후기,seo-incheon-songdo-dong-officetel-residential-cleaning-review,https://clever-griffin-93819d.netlify.app/seo-incheon-songdo-dong-officetel-residential-cleaning-review/,인천 송도동,거주청소,오피스텔,후기
2026-08-05T23:04:48,인천 송도동 오피스텔 거주청소 잘하는곳,seo-incheon-songdo-dong-officetel-residential-cleaning-best,https://clever-griffin-93819d.netlify.app/seo-incheon-songdo-dong-officetel-residential-cleaning-best/,인천 송도동,거주청소,오피스텔,잘하는곳
2026-08-05T23:04:48,인천 송도동 오피스텔 거주청소 업체,seo-incheon-songdo-dong-officetel-residential-cleaning-service,https://clever-griffin-93819d.netlify.app/seo-incheon-songdo-dong-officetel-residential-cleaning-service/,인천 송도동,거주청소,오피스텔,업체
2026-08-05T23:04:48,인천 송도동 오피스텔 거주청소 당일상담,seo-incheon-songdo-dong-officetel-residential-cleaning-same-day-consult,https://clever-griffin-93819d.netlify.app/seo-incheon-songdo-dong-officetel-residential-cleaning-same-day-consult/,인천 송도동,거주청소,오피스텔,당일상담
2026-08-05T23:04:48,인천 송도동 오피스텔 거주청소 주말예약,seo-incheon-songdo-dong-officetel-residential-cleaning-weekend-booking,https://clever-griffin-93819d.netlify.app/seo-incheon-songdo-dong-officetel-residential-cleaning-weekend-booking/,인천 송도동,거주청소,오피스텔,주말예약
2026-08-05T23:04:48,인천 송도동 오피스텔 거주청소 청소범위,seo-incheon-songdo-dong-officetel-residential-cleaning-scope,https://clever-griffin-93819d.netlify.app/seo-incheon-songdo-dong-officetel-residential-cleaning-scope/,인천 송도동,거주청소,오피스텔,청소범위
2026-08-05T23:04:48,인천 송도동 상가 거주청소 전문업체,seo-incheon-songdo-dong-store-residential-cleaning-company,https://clever-griffin-93819d.netlify.app/seo-incheon-songdo-dong-store-residential-cleaning-company/,인천 송도동,거주청소,상가,전문업체
2026-08-05T23:04:48,인천 송도동 상가 거주청소 비용,seo-incheon-songdo-dong-store-residential-cleaning-cost,https://clever-griffin-93819d.netlify.app/seo-incheon-songdo-dong-store-residential-cleaning-cost/,인천 송도동,거주청소,상가,비용
2026-08-05T23:04:48,인천 송도동 상가 거주청소 가격,seo-incheon-songdo-dong-store-residential-cleaning-price,https://clever-griffin-93819d.netlify.app/seo-incheon-songdo-dong-store-residential-cleaning-price/,인천 송도동,거주청소,상가,가격
2026-08-05T23:04:48,인천 송도동 상가 거주청소 견적,seo-incheon-songdo-dong-store-residential-cleaning-estimate,https://clever-griffin-93819d.netlify.app/seo-incheon-songdo-dong-store-residential-cleaning-estimate/,인천 송도동,거주청소,상가,견적
2026-08-05T23:04:48,인천 송도동 상가 거주청소 예약,seo-incheon-songdo-dong-store-residential-cleaning-booking,https://clever-griffin-93819d.netlify.app/seo-incheon-songdo-dong-store-residential-cleaning-booking/,인천 송도동,거주청소,상가,예약
2026-08-05T23:04:48,인천 송도동 상가 거주청소 추천,seo-incheon-songdo-dong-store-residential-cleaning-recommend,https://clever-griffin-93819d.netlify.app/seo-incheon-songdo-dong-store-residential-cleaning-recommend/,인천 송도동,거주청소,상가,추천
2026-08-05T23:04:48,인천 송도동 상가 거주청소 후기,seo-incheon-songdo-dong-store-residential-cleaning-review,https://clever-griffin-93819d.netlify.app/seo-incheon-songdo-dong-store-residential-cleaning-review/,인천 송도동,거주청소,상가,후기
2026-08-05T23:04:48,인천 송도동 상가 거주청소 잘하는곳,seo-incheon-songdo-dong-store-residential-cleaning-best,https://clever-griffin-93819d.netlify.app/seo-incheon-songdo-dong-store-residential-cleaning-best/,인천 송도동,거주청소,상가,잘하는곳
2026-08-05T23:04:48,인천 송도동 상가 거주청소 업체,seo-incheon-songdo-dong-store-residential-cleaning-service,https://clever-griffin-93819d.netlify.app/seo-incheon-songdo-dong-store-residential-cleaning-service/,인천 송도동,거주청소,상가,업체
2026-08-05T23:04:48,인천 송도동 상가 거주청소 당일상담,seo-incheon-songdo-dong-store-residential-cleaning-same-day-consult,https://clever-griffin-93819d.netlify.app/seo-incheon-songdo-dong-store-residential-cleaning-same-day-consult/,인천 송도동,거주청소,상가,당일상담
2026-08-05T23:04:48,인천 송도동 상가 거주청소 주말예약,seo-incheon-songdo-dong-store-residential-cleaning-weekend-booking,https://clever-griffin-93819d.netlify.app/seo-incheon-songdo-dong-store-residential-cleaning-weekend-booking/,인천 송도동,거주청소,상가,주말예약
2026-08-05T23:04:48,인천 송도동 상가 거주청소 청소범위,seo-incheon-songdo-dong-store-residential-cleaning-scope,https://clever-griffin-93819d.netlify.app/seo-incheon-songdo-dong-store-residential-cleaning-scope/,인천 송도동,거주청소,상가,청소범위
2026-08-05T23:04:48,인천 송도동 사무실 거주청소 전문업체,seo-incheon-songdo-dong-office-residential-cleaning-company,https://clever-griffin-93819d.netlify.app/seo-incheon-songdo-dong-office-residential-cleaning-company/,인천 송도동,거주청소,사무실,전문업체
2026-08-05T23:04:48,인천 송도동 사무실 거주청소 비용,seo-incheon-songdo-dong-office-residential-cleaning-cost,https://clever-griffin-93819d.netlify.app/seo-incheon-songdo-dong-office-residential-cleaning-cost/,인천 송도동,거주청소,사무실,비용
2026-08-05T23:04:48,인천 송도동 사무실 거주청소 가격,seo-incheon-songdo-dong-office-residential-cleaning-price,https://clever-griffin-93819d.netlify.app/seo-incheon-songdo-dong-office-residential-cleaning-price/,인천 송도동,거주청소,사무실,가격
2026-08-05T23:04:48,인천 송도동 사무실 거주청소 견적,seo-incheon-songdo-dong-office-residential-cleaning-estimate,https://clever-griffin-93819d.netlify.app/seo-incheon-songdo-dong-office-residential-cleaning-estimate/,인천 송도동,거주청소,사무실,견적
2026-08-05T23:04:48,인천 송도동 사무실 거주청소 예약,seo-incheon-songdo-dong-office-residential-cleaning-booking,https://clever-griffin-93819d.netlify.app/seo-incheon-songdo-dong-office-residential-cleaning-booking/,인천 송도동,거주청소,사무실,예약
2026-08-05T23:04:48,인천 송도동 사무실 거주청소 추천,seo-incheon-songdo-dong-office-residential-cleaning-recommend,https://clever-griffin-93819d.netlify.app/seo-incheon-songdo-dong-office-residential-cleaning-recommend/,인천 송도동,거주청소,사무실,추천
2026-08-05T23:04:48,인천 송도동 사무실 거주청소 후기,seo-incheon-songdo-dong-office-residential-cleaning-review,https://clever-griffin-93819d.netlify.app/seo-incheon-songdo-dong-office-residential-cleaning-review/,인천 송도동,거주청소,사무실,후기
2026-08-05T23:04:48,인천 송도동 사무실 거주청소 잘하는곳,seo-incheon-songdo-dong-office-residential-cleaning-best,https://clever-griffin-93819d.netlify.app/seo-incheon-songdo-dong-office-residential-cleaning-best/,인천 송도동,거주청소,사무실,잘하는곳
2026-08-05T23:04:48,인천 송도동 사무실 거주청소 업체,seo-incheon-songdo-dong-office-residential-cleaning-service,https://clever-griffin-93819d.netlify.app/seo-incheon-songdo-dong-office-residential-cleaning-service/,인천 송도동,거주청소,사무실,업체
2026-08-05T23:04:48,인천 송도동 사무실 거주청소 당일상담,seo-incheon-songdo-dong-office-residential-cleaning-same-day-consult,https://clever-griffin-93819d.netlify.app/seo-incheon-songdo-dong-office-residential-cleaning-same-day-consult/,인천 송도동,거주청소,사무실,당일상담
2026-08-05T23:04:48,인천 송도동 사무실 거주청소 주말예약,seo-incheon-songdo-dong-office-residential-cleaning-weekend-booking,https://clever-griffin-93819d.netlify.app/seo-incheon-songdo-dong-office-residential-cleaning-weekend-booking/,인천 송도동,거주청소,사무실,주말예약
2026-08-05T23:04:48,인천 송도동 사무실 거주청소 청소범위,seo-incheon-songdo-dong-office-residential-cleaning-scope,https://clever-griffin-93819d.netlify.app/seo-incheon-songdo-dong-office-residential-cleaning-scope/,인천 송도동,거주청소,사무실,청소범위
2026-08-05T23:04:48,인천 송도동 상가청소 전문업체,seo-incheon-songdo-dong-store-cleaning-company,https://clever-griffin-93819d.netlify.app/seo-incheon-songdo-dong-store-cleaning-company/,인천 송도동,상가청소,상가,전문업체
2026-08-05T23:04:48,인천 송도동 상가청소 비용,seo-incheon-songdo-dong-store-cleaning-cost,https://clever-griffin-93819d.netlify.app/seo-incheon-songdo-dong-store-cleaning-cost/,인천 송도동,상가청소,상가,비용
2026-08-05T23:04:48,인천 송도동 상가청소 가격,seo-incheon-songdo-dong-store-cleaning-price,https://clever-griffin-93819d.netlify.app/seo-incheon-songdo-dong-store-cleaning-price/,인천 송도동,상가청소,상가,가격
2026-08-05T23:04:48,인천 송도동 상가청소 견적,seo-incheon-songdo-dong-store-cleaning-estimate,https://clever-griffin-93819d.netlify.app/seo-incheon-songdo-dong-store-cleaning-estimate/,인천 송도동,상가청소,상가,견적
2026-08-05T23:04:48,인천 송도동 상가청소 예약,seo-incheon-songdo-dong-store-cleaning-booking,https://clever-griffin-93819d.netlify.app/seo-incheon-songdo-dong-store-cleaning-booking/,인천 송도동,상가청소,상가,예약
2026-08-05T23:04:48,인천 송도동 상가청소 추천,seo-incheon-songdo-dong-store-cleaning-recommend,https://clever-griffin-93819d.netlify.app/seo-incheon-songdo-dong-store-cleaning-recommend/,인천 송도동,상가청소,상가,추천
2026-08-05T23:04:48,인천 송도동 상가청소 후기,seo-incheon-songdo-dong-store-cleaning-review,https://clever-griffin-93819d.netlify.app/seo-incheon-songdo-dong-store-cleaning-review/,인천 송도동,상가청소,상가,후기
2026-08-05T23:04:48,인천 송도동 상가청소 잘하는곳,seo-incheon-songdo-dong-store-cleaning-best,https://clever-griffin-93819d.netlify.app/seo-incheon-songdo-dong-store-cleaning-best/,인천 송도동,상가청소,상가,잘하는곳
2026-08-05T23:04:48,인천 송도동 상가청소 업체,seo-incheon-songdo-dong-store-cleaning-service,https://clever-griffin-93819d.netlify.app/seo-incheon-songdo-dong-store-cleaning-service/,인천 송도동,상가청소,상가,업체
2026-08-05T23:04:48,인천 송도동 상가청소 당일상담,seo-incheon-songdo-dong-store-cleaning-same-day-consult,https://clever-griffin-93819d.netlify.app/seo-incheon-songdo-dong-store-cleaning-same-day-consult/,인천 송도동,상가청소,상가,당일상담
2026-08-05T23:04:48,인천 송도동 상가청소 주말예약,seo-incheon-songdo-dong-store-cleaning-weekend-booking,https://clever-griffin-93819d.netlify.app/seo-incheon-songdo-dong-store-cleaning-weekend-booking/,인천 송도동,상가청소,상가,주말예약
2026-08-05T23:04:48,인천 송도동 상가청소 청소범위,seo-incheon-songdo-dong-store-cleaning-scope,https://clever-griffin-93819d.netlify.app/seo-incheon-songdo-dong-store-cleaning-scope/,인천 송도동,상가청소,상가,청소범위
2026-08-05T23:04:48,인천 송도동 사무실청소 전문업체,seo-incheon-songdo-dong-office-cleaning-company,https://clever-griffin-93819d.netlify.app/seo-incheon-songdo-dong-office-cleaning-company/,인천 송도동,사무실청소,사무실,전문업체
2026-08-05T23:04:48,인천 송도동 사무실청소 비용,seo-incheon-songdo-dong-office-cleaning-cost,https://clever-griffin-93819d.netlify.app/seo-incheon-songdo-dong-office-cleaning-cost/,인천 송도동,사무실청소,사무실,비용
2026-08-05T23:04:48,인천 송도동 사무실청소 가격,seo-incheon-songdo-dong-office-cleaning-price,https://clever-griffin-93819d.netlify.app/seo-incheon-songdo-dong-office-cleaning-price/,인천 송도동,사무실청소,사무실,가격
2026-08-05T23:04:48,인천 송도동 사무실청소 견적,seo-incheon-songdo-dong-office-cleaning-estimate,https://clever-griffin-93819d.netlify.app/seo-incheon-songdo-dong-office-cleaning-estimate/,인천 송도동,사무실청소,사무실,견적
2026-08-05T23:04:48,인천 송도동 사무실청소 예약,seo-incheon-songdo-dong-office-cleaning-booking,https://clever-griffin-93819d.netlify.app/seo-incheon-songdo-dong-office-cleaning-booking/,인천 송도동,사무실청소,사무실,예약
2026-08-05T23:04:48,인천 송도동 사무실청소 추천,seo-incheon-songdo-dong-office-cleaning-recommend,https://clever-griffin-93819d.netlify.app/seo-incheon-songdo-dong-office-cleaning-recommend/,인천 송도동,사무실청소,사무실,추천
2026-08-05T23:04:48,인천 송도동 사무실청소 후기,seo-incheon-songdo-dong-office-cleaning-review,https://clever-griffin-93819d.netlify.app/seo-incheon-songdo-dong-office-cleaning-review/,인천 송도동,사무실청소,사무실,후기
2026-08-05T23:04:48,인천 송도동 사무실청소 잘하는곳,seo-incheon-songdo-dong-office-cleaning-best,https://clever-griffin-93819d.netlify.app/seo-incheon-songdo-dong-office-cleaning-best/,인천 송도동,사무실청소,사무실,잘하는곳
2026-08-05T23:04:48,인천 송도동 사무실청소 업체,seo-incheon-songdo-dong-office-cleaning-service,https://clever-griffin-93819d.netlify.app/seo-incheon-songdo-dong-office-cleaning-service/,인천 송도동,사무실청소,사무실,업체
2026-08-05T23:04:48,인천 송도동 사무실청소 당일상담,seo-incheon-songdo-dong-office-cleaning-same-day-consult,https://clever-griffin-93819d.netlify.app/seo-incheon-songdo-dong-office-cleaning-same-day-consult/,인천 송도동,사무실청소,사무실,당일상담
2026-08-05T23:04:48,인천 송도동 사무실청소 주말예약,seo-incheon-songdo-dong-office-cleaning-weekend-booking,https://clever-griffin-93819d.netlify.app/seo-incheon-songdo-dong-office-cleaning-weekend-booking/,인천 송도동,사무실청소,사무실,주말예약
2026-08-05T23:04:48,인천 송도동 사무실청소 청소범위,seo-incheon-songdo-dong-office-cleaning-scope,https://clever-griffin-93819d.netlify.app/seo-incheon-songdo-dong-office-cleaning-scope/,인천 송도동,사무실청소,사무실,청소범위
2026-08-05T23:04:48,인천 송도동 원룸청소 전문업체,seo-incheon-songdo-dong-one-room-cleaning-company,https://clever-griffin-93819d.netlify.app/seo-incheon-songdo-dong-one-room-cleaning-company/,인천 송도동,원룸청소,원룸,전문업체
2026-08-05T23:04:48,인천 송도동 원룸청소 비용,seo-incheon-songdo-dong-one-room-cleaning-cost,https://clever-griffin-93819d.netlify.app/seo-incheon-songdo-dong-one-room-cleaning-cost/,인천 송도동,원룸청소,원룸,비용
2026-08-05T23:04:48,인천 송도동 원룸청소 가격,seo-incheon-songdo-dong-one-room-cleaning-price,https://clever-griffin-93819d.netlify.app/seo-incheon-songdo-dong-one-room-cleaning-price/,인천 송도동,원룸청소,원룸,가격
2026-08-05T23:04:48,인천 송도동 원룸청소 견적,seo-incheon-songdo-dong-one-room-cleaning-estimate,https://clever-griffin-93819d.netlify.app/seo-incheon-songdo-dong-one-room-cleaning-estimate/,인천 송도동,원룸청소,원룸,견적
2026-08-05T23:04:48,인천 송도동 원룸청소 예약,seo-incheon-songdo-dong-one-room-cleaning-booking,https://clever-griffin-93819d.netlify.app/seo-incheon-songdo-dong-one-room-cleaning-booking/,인천 송도동,원룸청소,원룸,예약
2026-08-05T23:04:48,인천 송도동 원룸청소 추천,seo-incheon-songdo-dong-one-room-cleaning-recommend,https://clever-griffin-93819d.netlify.app/seo-incheon-songdo-dong-one-room-cleaning-recommend/,인천 송도동,원룸청소,원룸,추천
2026-08-05T23:04:48,인천 송도동 원룸청소 후기,seo-incheon-songdo-dong-one-room-cleaning-review,https://clever-griffin-93819d.netlify.app/seo-incheon-songdo-dong-one-room-cleaning-review/,인천 송도동,원룸청소,원룸,후기
2026-08-05T23:04:48,인천 송도동 원룸청소 잘하는곳,seo-incheon-songdo-dong-one-room-cleaning-best,https://clever-griffin-93819d.netlify.app/seo-incheon-songdo-dong-one-room-cleaning-best/,인천 송도동,원룸청소,원룸,잘하는곳
2026-08-05T23:04:48,인천 송도동 원룸청소 업체,seo-incheon-songdo-dong-one-room-cleaning-service,https://clever-griffin-93819d.netlify.app/seo-incheon-songdo-dong-one-room-cleaning-service/,인천 송도동,원룸청소,원룸,업체
2026-08-05T23:04:48,인천 송도동 원룸청소 당일상담,seo-incheon-songdo-dong-one-room-cleaning-same-day-consult,https://clever-griffin-93819d.netlify.app/seo-incheon-songdo-dong-one-room-cleaning-same-day-consult/,인천 송도동,원룸청소,원룸,당일상담
2026-08-05T23:04:48,인천 송도동 원룸청소 주말예약,seo-incheon-songdo-dong-one-room-cleaning-weekend-booking,https://clever-griffin-93819d.netlify.app/seo-incheon-songdo-dong-one-room-cleaning-weekend-booking/,인천 송도동,원룸청소,원룸,주말예약
2026-08-05T23:04:48,인천 송도동 원룸청소 청소범위,seo-incheon-songdo-dong-one-room-cleaning-scope,https://clever-griffin-93819d.netlify.app/seo-incheon-songdo-dong-one-room-cleaning-scope/,인천 송도동,원룸청소,원룸,청소범위
2026-08-05T23:04:48,인천 송도동 빌라청소 전문업체,seo-incheon-songdo-dong-villa-cleaning-company,https://clever-griffin-93819d.netlify.app/seo-incheon-songdo-dong-villa-cleaning-company/,인천 송도동,빌라청소,빌라,전문업체
2026-08-05T23:04:48,인천 송도동 빌라청소 비용,seo-incheon-songdo-dong-villa-cleaning-cost,https://clever-griffin-93819d.netlify.app/seo-incheon-songdo-dong-villa-cleaning-cost/,인천 송도동,빌라청소,빌라,비용
2026-08-05T23:04:48,인천 송도동 빌라청소 가격,seo-incheon-songdo-dong-villa-cleaning-price,https://clever-griffin-93819d.netlify.app/seo-incheon-songdo-dong-villa-cleaning-price/,인천 송도동,빌라청소,빌라,가격
2026-08-05T23:04:48,인천 송도동 빌라청소 견적,seo-incheon-songdo-dong-villa-cleaning-estimate,https://clever-griffin-93819d.netlify.app/seo-incheon-songdo-dong-villa-cleaning-estimate/,인천 송도동,빌라청소,빌라,견적
2026-08-05T23:04:48,인천 송도동 빌라청소 예약,seo-incheon-songdo-dong-villa-cleaning-booking,https://clever-griffin-93819d.netlify.app/seo-incheon-songdo-dong-villa-cleaning-booking/,인천 송도동,빌라청소,빌라,예약
2026-08-05T23:04:48,인천 송도동 빌라청소 추천,seo-incheon-songdo-dong-villa-cleaning-recommend,https://clever-griffin-93819d.netlify.app/seo-incheon-songdo-dong-villa-cleaning-recommend/,인천 송도동,빌라청소,빌라,추천
2026-08-05T23:04:48,인천 송도동 빌라청소 후기,seo-incheon-songdo-dong-villa-cleaning-review,https://clever-griffin-93819d.netlify.app/seo-incheon-songdo-dong-villa-cleaning-review/,인천 송도동,빌라청소,빌라,후기
2026-08-05T23:04:48,인천 송도동 빌라청소 잘하는곳,seo-incheon-songdo-dong-villa-cleaning-best,https://clever-griffin-93819d.netlify.app/seo-incheon-songdo-dong-villa-cleaning-best/,인천 송도동,빌라청소,빌라,잘하는곳
2026-08-05T23:04:48,인천 송도동 빌라청소 업체,seo-incheon-songdo-dong-villa-cleaning-service,https://clever-griffin-93819d.netlify.app/seo-incheon-songdo-dong-villa-cleaning-service/,인천 송도동,빌라청소,빌라,업체
2026-08-05T23:04:48,인천 송도동 빌라청소 당일상담,seo-incheon-songdo-dong-villa-cleaning-same-day-consult,https://clever-griffin-93819d.netlify.app/seo-incheon-songdo-dong-villa-cleaning-same-day-consult/,인천 송도동,빌라청소,빌라,당일상담
2026-08-05T23:04:48,인천 송도동 빌라청소 주말예약,seo-incheon-songdo-dong-villa-cleaning-weekend-booking,https://clever-griffin-93819d.netlify.app/seo-incheon-songdo-dong-villa-cleaning-weekend-booking/,인천 송도동,빌라청소,빌라,주말예약
2026-08-05T23:04:48,인천 송도동 빌라청소 청소범위,seo-incheon-songdo-dong-villa-cleaning-scope,https://clever-griffin-93819d.netlify.app/seo-incheon-songdo-dong-villa-cleaning-scope/,인천 송도동,빌라청소,빌라,청소범위
2026-08-05T23:04:48,인천 송도동 오피스텔청소 전문업체,seo-incheon-songdo-dong-officetel-cleaning-company,https://clever-griffin-93819d.netlify.app/seo-incheon-songdo-dong-officetel-cleaning-company/,인천 송도동,오피스텔청소,오피스텔,전문업체
2026-08-05T23:04:48,인천 송도동 오피스텔청소 비용,seo-incheon-songdo-dong-officetel-cleaning-cost,https://clever-griffin-93819d.netlify.app/seo-incheon-songdo-dong-officetel-cleaning-cost/,인천 송도동,오피스텔청소,오피스텔,비용
2026-08-05T23:04:48,인천 송도동 오피스텔청소 가격,seo-incheon-songdo-dong-officetel-cleaning-price,https://clever-griffin-93819d.netlify.app/seo-incheon-songdo-dong-officetel-cleaning-price/,인천 송도동,오피스텔청소,오피스텔,가격
2026-08-05T23:04:48,인천 송도동 오피스텔청소 견적,seo-incheon-songdo-dong-officetel-cleaning-estimate,https://clever-griffin-93819d.netlify.app/seo-incheon-songdo-dong-officetel-cleaning-estimate/,인천 송도동,오피스텔청소,오피스텔,견적
2026-08-05T23:04:48,인천 송도동 오피스텔청소 예약,seo-incheon-songdo-dong-officetel-cleaning-booking,https://clever-griffin-93819d.netlify.app/seo-incheon-songdo-dong-officetel-cleaning-booking/,인천 송도동,오피스텔청소,오피스텔,예약
2026-08-05T23:04:48,인천 송도동 오피스텔청소 추천,seo-incheon-songdo-dong-officetel-cleaning-recommend,https://clever-griffin-93819d.netlify.app/seo-incheon-songdo-dong-officetel-cleaning-recommend/,인천 송도동,오피스텔청소,오피스텔,추천
2026-08-05T23:04:48,인천 송도동 오피스텔청소 후기,seo-incheon-songdo-dong-officetel-cleaning-review,https://clever-griffin-93819d.netlify.app/seo-incheon-songdo-dong-officetel-cleaning-review/,인천 송도동,오피스텔청소,오피스텔,후기
2026-08-05T23:04:48,인천 송도동 오피스텔청소 잘하는곳,seo-incheon-songdo-dong-officetel-cleaning-best,https://clever-griffin-93819d.netlify.app/seo-incheon-songdo-dong-officetel-cleaning-best/,인천 송도동,오피스텔청소,오피스텔,잘하는곳
2026-08-05T23:04:48,인천 송도동 오피스텔청소 업체,seo-incheon-songdo-dong-officetel-cleaning-service,https://clever-griffin-93819d.netlify.app/seo-incheon-songdo-dong-officetel-cleaning-service/,인천 송도동,오피스텔청소,오피스텔,업체
2026-08-05T23:04:48,인천 송도동 오피스텔청소 당일상담,seo-incheon-songdo-dong-officetel-cleaning-same-day-consult,https://clever-griffin-93819d.netlify.app/seo-incheon-songdo-dong-officetel-cleaning-same-day-consult/,인천 송도동,오피스텔청소,오피스텔,당일상담
2026-08-05T23:04:48,인천 송도동 오피스텔청소 주말예약,seo-incheon-songdo-dong-officetel-cleaning-weekend-booking,https://clever-griffin-93819d.netlify.app/seo-incheon-songdo-dong-officetel-cleaning-weekend-booking/,인천 송도동,오피스텔청소,오피스텔,주말예약
2026-08-05T23:04:48,인천 송도동 오피스텔청소 청소범위,seo-incheon-songdo-dong-officetel-cleaning-scope,https://clever-griffin-93819d.netlify.app/seo-incheon-songdo-dong-officetel-cleaning-scope/,인천 송도동,오피스텔청소,오피스텔,청소범위
2026-08-05T23:04:48,인천 송도동 원룸 폐기물청소 전문업체,seo-incheon-songdo-dong-one-room-waste-cleaning-company,https://clever-griffin-93819d.netlify.app/seo-incheon-songdo-dong-one-room-waste-cleaning-company/,인천 송도동,폐기물청소,원룸,전문업체
2026-08-05T23:04:48,인천 송도동 원룸 폐기물청소 비용,seo-incheon-songdo-dong-one-room-waste-cleaning-cost,https://clever-griffin-93819d.netlify.app/seo-incheon-songdo-dong-one-room-waste-cleaning-cost/,인천 송도동,폐기물청소,원룸,비용
2026-08-05T23:04:48,인천 송도동 원룸 폐기물청소 가격,seo-incheon-songdo-dong-one-room-waste-cleaning-price,https://clever-griffin-93819d.netlify.app/seo-incheon-songdo-dong-one-room-waste-cleaning-price/,인천 송도동,폐기물청소,원룸,가격
2026-08-05T23:04:48,인천 송도동 원룸 폐기물청소 견적,seo-incheon-songdo-dong-one-room-waste-cleaning-estimate,https://clever-griffin-93819d.netlify.app/seo-incheon-songdo-dong-one-room-waste-cleaning-estimate/,인천 송도동,폐기물청소,원룸,견적
2026-08-05T23:04:48,인천 송도동 원룸 폐기물청소 예약,seo-incheon-songdo-dong-one-room-waste-cleaning-booking,https://clever-griffin-93819d.netlify.app/seo-incheon-songdo-dong-one-room-waste-cleaning-booking/,인천 송도동,폐기물청소,원룸,예약
2026-08-05T23:04:48,인천 송도동 원룸 폐기물청소 추천,seo-incheon-songdo-dong-one-room-waste-cleaning-recommend,https://clever-griffin-93819d.netlify.app/seo-incheon-songdo-dong-one-room-waste-cleaning-recommend/,인천 송도동,폐기물청소,원룸,추천
2026-08-05T23:04:48,인천 송도동 원룸 폐기물청소 후기,seo-incheon-songdo-dong-one-room-waste-cleaning-review,https://clever-griffin-93819d.netlify.app/seo-incheon-songdo-dong-one-room-waste-cleaning-review/,인천 송도동,폐기물청소,원룸,후기
2026-08-05T23:04:48,인천 송도동 원룸 폐기물청소 잘하는곳,seo-incheon-songdo-dong-one-room-waste-cleaning-best,https://clever-griffin-93819d.netlify.app/seo-incheon-songdo-dong-one-room-waste-cleaning-best/,인천 송도동,폐기물청소,원룸,잘하는곳
2026-08-05T23:04:48,인천 송도동 원룸 폐기물청소 업체,seo-incheon-songdo-dong-one-room-waste-cleaning-service,https://clever-griffin-93819d.netlify.app/seo-incheon-songdo-dong-one-room-waste-cleaning-service/,인천 송도동,폐기물청소,원룸,업체
2026-08-05T23:04:48,인천 송도동 원룸 폐기물청소 당일상담,seo-incheon-songdo-dong-one-room-waste-cleaning-same-day-consult,https://clever-griffin-93819d.netlify.app/seo-incheon-songdo-dong-one-room-waste-cleaning-same-day-consult/,인천 송도동,폐기물청소,원룸,당일상담
2026-08-05T23:04:48,인천 송도동 원룸 폐기물청소 주말예약,seo-incheon-songdo-dong-one-room-waste-cleaning-weekend-booking,https://clever-griffin-93819d.netlify.app/seo-incheon-songdo-dong-one-room-waste-cleaning-weekend-booking/,인천 송도동,폐기물청소,원룸,주말예약
2026-08-05T23:04:48,인천 송도동 원룸 폐기물청소 청소범위,seo-incheon-songdo-dong-one-room-waste-cleaning-scope,https://clever-griffin-93819d.netlify.app/seo-incheon-songdo-dong-one-room-waste-cleaning-scope/,인천 송도동,폐기물청소,원룸,청소범위
2026-08-05T23:04:48,인천 송도동 빌라 폐기물청소 전문업체,seo-incheon-songdo-dong-villa-waste-cleaning-company,https://clever-griffin-93819d.netlify.app/seo-incheon-songdo-dong-villa-waste-cleaning-company/,인천 송도동,폐기물청소,빌라,전문업체
2026-08-05T23:04:48,인천 송도동 빌라 폐기물청소 비용,seo-incheon-songdo-dong-villa-waste-cleaning-cost,https://clever-griffin-93819d.netlify.app/seo-incheon-songdo-dong-villa-waste-cleaning-cost/,인천 송도동,폐기물청소,빌라,비용
2026-08-05T23:04:48,인천 송도동 빌라 폐기물청소 가격,seo-incheon-songdo-dong-villa-waste-cleaning-price,https://clever-griffin-93819d.netlify.app/seo-incheon-songdo-dong-villa-waste-cleaning-price/,인천 송도동,폐기물청소,빌라,가격
2026-08-05T23:04:48,인천 송도동 빌라 폐기물청소 견적,seo-incheon-songdo-dong-villa-waste-cleaning-estimate,https://clever-griffin-93819d.netlify.app/seo-incheon-songdo-dong-villa-waste-cleaning-estimate/,인천 송도동,폐기물청소,빌라,견적
2026-08-05T23:04:48,인천 송도동 빌라 폐기물청소 예약,seo-incheon-songdo-dong-villa-waste-cleaning-booking,https://clever-griffin-93819d.netlify.app/seo-incheon-songdo-dong-villa-waste-cleaning-booking/,인천 송도동,폐기물청소,빌라,예약
2026-08-05T23:04:48,인천 송도동 빌라 폐기물청소 추천,seo-incheon-songdo-dong-villa-waste-cleaning-recommend,https://clever-griffin-93819d.netlify.app/seo-incheon-songdo-dong-villa-waste-cleaning-recommend/,인천 송도동,폐기물청소,빌라,추천
2026-08-05T23:04:48,인천 송도동 빌라 폐기물청소 후기,seo-incheon-songdo-dong-villa-waste-cleaning-review,https://clever-griffin-93819d.netlify.app/seo-incheon-songdo-dong-villa-waste-cleaning-review/,인천 송도동,폐기물청소,빌라,후기
2026-08-05T23:04:48,인천 송도동 빌라 폐기물청소 잘하는곳,seo-incheon-songdo-dong-villa-waste-cleaning-best,https://clever-griffin-93819d.netlify.app/seo-incheon-songdo-dong-villa-waste-cleaning-best/,인천 송도동,폐기물청소,빌라,잘하는곳
2026-08-05T23:04:48,인천 송도동 빌라 폐기물청소 업체,seo-incheon-songdo-dong-villa-waste-cleaning-service,https://clever-griffin-93819d.netlify.app/seo-incheon-songdo-dong-villa-waste-cleaning-service/,인천 송도동,폐기물청소,빌라,업체
2026-08-05T23:04:48,인천 송도동 빌라 폐기물청소 당일상담,seo-incheon-songdo-dong-villa-waste-cleaning-same-day-consult,https://clever-griffin-93819d.netlify.app/seo-incheon-songdo-dong-villa-waste-cleaning-same-day-consult/,인천 송도동,폐기물청소,빌라,당일상담
2026-08-05T23:04:48,인천 송도동 빌라 폐기물청소 주말예약,seo-incheon-songdo-dong-villa-waste-cleaning-weekend-booking,https://clever-griffin-93819d.netlify.app/seo-incheon-songdo-dong-villa-waste-cleaning-weekend-booking/,인천 송도동,폐기물청소,빌라,주말예약
2026-08-05T23:04:48,인천 송도동 빌라 폐기물청소 청소범위,seo-incheon-songdo-dong-villa-waste-cleaning-scope,https://clever-griffin-93819d.netlify.app/seo-incheon-songdo-dong-villa-waste-cleaning-scope/,인천 송도동,폐기물청소,빌라,청소범위
2026-08-05T23:04:48,인천 송도동 오피스텔 폐기물청소 전문업체,seo-incheon-songdo-dong-officetel-waste-cleaning-company,https://clever-griffin-93819d.netlify.app/seo-incheon-songdo-dong-officetel-waste-cleaning-company/,인천 송도동,폐기물청소,오피스텔,전문업체
2026-08-05T23:04:48,인천 송도동 오피스텔 폐기물청소 비용,seo-incheon-songdo-dong-officetel-waste-cleaning-cost,https://clever-griffin-93819d.netlify.app/seo-incheon-songdo-dong-officetel-waste-cleaning-cost/,인천 송도동,폐기물청소,오피스텔,비용
2026-08-05T23:04:48,인천 송도동 오피스텔 폐기물청소 가격,seo-incheon-songdo-dong-officetel-waste-cleaning-price,https://clever-griffin-93819d.netlify.app/seo-incheon-songdo-dong-officetel-waste-cleaning-price/,인천 송도동,폐기물청소,오피스텔,가격
2026-08-05T23:04:48,인천 송도동 오피스텔 폐기물청소 견적,seo-incheon-songdo-dong-officetel-waste-cleaning-estimate,https://clever-griffin-93819d.netlify.app/seo-incheon-songdo-dong-officetel-waste-cleaning-estimate/,인천 송도동,폐기물청소,오피스텔,견적
2026-08-05T23:04:48,인천 송도동 오피스텔 폐기물청소 예약,seo-incheon-songdo-dong-officetel-waste-cleaning-booking,https://clever-griffin-93819d.netlify.app/seo-incheon-songdo-dong-officetel-waste-cleaning-booking/,인천 송도동,폐기물청소,오피스텔,예약
2026-08-05T23:04:48,인천 송도동 오피스텔 폐기물청소 추천,seo-incheon-songdo-dong-officetel-waste-cleaning-recommend,https://clever-griffin-93819d.netlify.app/seo-incheon-songdo-dong-officetel-waste-cleaning-recommend/,인천 송도동,폐기물청소,오피스텔,추천
2026-08-05T23:04:48,인천 송도동 오피스텔 폐기물청소 후기,seo-incheon-songdo-dong-officetel-waste-cleaning-review,https://clever-griffin-93819d.netlify.app/seo-incheon-songdo-dong-officetel-waste-cleaning-review/,인천 송도동,폐기물청소,오피스텔,후기
2026-08-05T23:04:48,인천 송도동 오피스텔 폐기물청소 잘하는곳,seo-incheon-songdo-dong-officetel-waste-cleaning-best,https://clever-griffin-93819d.netlify.app/seo-incheon-songdo-dong-officetel-waste-cleaning-best/,인천 송도동,폐기물청소,오피스텔,잘하는곳
2026-08-05T23:04:48,인천 송도동 오피스텔 폐기물청소 업체,seo-incheon-songdo-dong-officetel-waste-cleaning-service,https://clever-griffin-93819d.netlify.app/seo-incheon-songdo-dong-officetel-waste-cleaning-service/,인천 송도동,폐기물청소,오피스텔,업체
2026-08-05T23:04:48,인천 송도동 오피스텔 폐기물청소 당일상담,seo-incheon-songdo-dong-officetel-waste-cleaning-same-day-consult,https://clever-griffin-93819d.netlify.app/seo-incheon-songdo-dong-officetel-waste-cleaning-same-day-consult/,인천 송도동,폐기물청소,오피스텔,당일상담
2026-08-05T23:04:48,인천 송도동 오피스텔 폐기물청소 주말예약,seo-incheon-songdo-dong-officetel-waste-cleaning-weekend-booking,https://clever-griffin-93819d.netlify.app/seo-incheon-songdo-dong-officetel-waste-cleaning-weekend-booking/,인천 송도동,폐기물청소,오피스텔,주말예약
2026-08-05T23:04:48,인천 송도동 오피스텔 폐기물청소 청소범위,seo-incheon-songdo-dong-officetel-waste-cleaning-scope,https://clever-griffin-93819d.netlify.app/seo-incheon-songdo-dong-officetel-waste-cleaning-scope/,인천 송도동,폐기물청소,오피스텔,청소범위
2026-08-05T23:04:48,인천 송도동 상가 폐기물청소 전문업체,seo-incheon-songdo-dong-store-waste-cleaning-company,https://clever-griffin-93819d.netlify.app/seo-incheon-songdo-dong-store-waste-cleaning-company/,인천 송도동,폐기물청소,상가,전문업체
2026-08-05T23:04:48,인천 송도동 상가 폐기물청소 비용,seo-incheon-songdo-dong-store-waste-cleaning-cost,https://clever-griffin-93819d.netlify.app/seo-incheon-songdo-dong-store-waste-cleaning-cost/,인천 송도동,폐기물청소,상가,비용
2026-08-05T23:04:48,인천 송도동 상가 폐기물청소 가격,seo-incheon-songdo-dong-store-waste-cleaning-price,https://clever-griffin-93819d.netlify.app/seo-incheon-songdo-dong-store-waste-cleaning-price/,인천 송도동,폐기물청소,상가,가격
2026-08-05T23:04:48,인천 송도동 상가 폐기물청소 견적,seo-incheon-songdo-dong-store-waste-cleaning-estimate,https://clever-griffin-93819d.netlify.app/seo-incheon-songdo-dong-store-waste-cleaning-estimate/,인천 송도동,폐기물청소,상가,견적
2026-08-05T23:04:48,인천 송도동 상가 폐기물청소 예약,seo-incheon-songdo-dong-store-waste-cleaning-booking,https://clever-griffin-93819d.netlify.app/seo-incheon-songdo-dong-store-waste-cleaning-booking/,인천 송도동,폐기물청소,상가,예약
2026-08-05T23:04:48,인천 송도동 상가 폐기물청소 추천,seo-incheon-songdo-dong-store-waste-cleaning-recommend,https://clever-griffin-93819d.netlify.app/seo-incheon-songdo-dong-store-waste-cleaning-recommend/,인천 송도동,폐기물청소,상가,추천
2026-08-05T23:04:48,인천 송도동 상가 폐기물청소 후기,seo-incheon-songdo-dong-store-waste-cleaning-review,https://clever-griffin-93819d.netlify.app/seo-incheon-songdo-dong-store-waste-cleaning-review/,인천 송도동,폐기물청소,상가,후기
2026-08-05T23:04:48,인천 송도동 상가 폐기물청소 잘하는곳,seo-incheon-songdo-dong-store-waste-cleaning-best,https://clever-griffin-93819d.netlify.app/seo-incheon-songdo-dong-store-waste-cleaning-best/,인천 송도동,폐기물청소,상가,잘하는곳
2026-08-05T23:04:48,인천 송도동 상가 폐기물청소 업체,seo-incheon-songdo-dong-store-waste-cleaning-service,https://clever-griffin-93819d.netlify.app/seo-incheon-songdo-dong-store-waste-cleaning-service/,인천 송도동,폐기물청소,상가,업체
2026-08-05T23:04:48,인천 송도동 상가 폐기물청소 당일상담,seo-incheon-songdo-dong-store-waste-cleaning-same-day-consult,https://clever-griffin-93819d.netlify.app/seo-incheon-songdo-dong-store-waste-cleaning-same-day-consult/,인천 송도동,폐기물청소,상가,당일상담
2026-09-21T18:10:18,인천 간석동 오피스텔 폐기물청소 업체,seo-incheon-ganseok-dong-officetel-waste-cleaning-service,https://clever-griffin-93819d.netlify.app/seo-incheon-ganseok-dong-officetel-waste-cleaning-service/,인천 간석동,폐기물청소,오피스텔,업체
