keyword,slug,status,score,issues,title,description,canonical,h1,internal_links
서울 강남구 입주청소,seoul-gangnam-gu-move-in-cleaning,PASS,100,,서울 강남구 입주청소 | 현장별 청소 정보,서울 강남구 입주청소 관련 청소 과정과 체크포인트를 안내합니다. 공간 상태와 오염 범위를 확인한 뒤 현장에 맞는 작업을 진행합니다.,https://clever-griffin-93819d.netlify.app/seoul-gangnam-gu-move-in-cleaning/,서울 강남구 입주청소,12
서울 강남구 입주청소 전문업체,seoul-gangnam-gu-move-in-cleaning-company,PASS,100,,서울 강남구 입주청소 전문업체 | 현장별 청소 정보,"서울 강남구 입주청소 전문업체 작업 범위와 준비사항, 진행 순서, 확인 항목을 정리했습니다. 서울 강남구 입주청소 현장에 맞춰 필요한 청소 내용을 확인해보세요.",https://clever-griffin-93819d.netlify.app/seoul-gangnam-gu-move-in-cleaning-company/,서울 강남구 입주청소 전문업체,12
서울 강남구 입주청소 잘하는곳,seoul-gangnam-gu-move-in-cleaning-best,PASS,100,,서울 강남구 입주청소 잘하는곳 | 체인지클린,"서울 강남구 입주청소 잘하는곳 작업 범위와 준비사항, 진행 순서, 확인 항목을 정리했습니다. 서울 강남구 입주청소 현장에 맞춰 필요한 청소 내용을 확인해보세요.",https://clever-griffin-93819d.netlify.app/seoul-gangnam-gu-move-in-cleaning-best/,서울 강남구 입주청소 잘하는곳,12
서울 강남구 입주청소 가격,seoul-gangnam-gu-move-in-cleaning-price,PASS,100,,서울 강남구 입주청소 가격 | 체인지클린,"서울 강남구 입주청소 가격 작업 범위와 준비사항, 진행 순서, 확인 항목을 정리했습니다. 서울 강남구 입주청소 현장에 맞춰 필요한 청소 내용을 확인해보세요.",https://clever-griffin-93819d.netlify.app/seoul-gangnam-gu-move-in-cleaning-price/,서울 강남구 입주청소 가격,12
서울 강남구 입주청소 비용,seoul-gangnam-gu-move-in-cleaning-cost,PASS,100,,서울 강남구 입주청소 비용 | 현장별 청소 정보,서울 강남구 입주청소를 알아보는 분을 위한 안내입니다. 서울 강남구 입주청소 비용 작업 전 확인사항부터 마무리 점검까지 자세히 정리했습니다.,https://clever-griffin-93819d.netlify.app/seoul-gangnam-gu-move-in-cleaning-cost/,서울 강남구 입주청소 비용,12
서울 강남구 입주청소 견적,seoul-gangnam-gu-move-in-cleaning-quote,PASS,100,,서울 강남구 입주청소 견적 - 청소 작업 안내,"서울 강남구 입주청소 견적 작업 범위와 준비사항, 진행 순서, 확인 항목을 정리했습니다. 서울 강남구 입주청소 현장에 맞춰 필요한 청소 내용을 확인해보세요.",https://clever-griffin-93819d.netlify.app/seoul-gangnam-gu-move-in-cleaning-quote/,서울 강남구 입주청소 견적,12
서울 강남구 이사청소,seoul-gangnam-gu-move-out-cleaning,PASS,100,,서울 강남구 이사청소 | 현장별 청소 정보,"서울 강남구 이사청소 작업 범위와 준비사항, 진행 순서, 확인 항목을 정리했습니다. 서울 강남구 이사청소 현장에 맞춰 필요한 청소 내용을 확인해보세요.",https://clever-griffin-93819d.netlify.app/seoul-gangnam-gu-move-out-cleaning/,서울 강남구 이사청소,12
서울 강남구 이사청소 전문업체,seoul-gangnam-gu-move-out-cleaning-company,PASS,100,,서울 강남구 이사청소 전문업체 | 체인지클린,서울 강남구 이사청소를 알아보는 분을 위한 안내입니다. 서울 강남구 이사청소 전문업체 작업 전 확인사항부터 마무리 점검까지 자세히 정리했습니다.,https://clever-griffin-93819d.netlify.app/seoul-gangnam-gu-move-out-cleaning-company/,서울 강남구 이사청소 전문업체,12
서울 강남구 이사청소 잘하는곳,seoul-gangnam-gu-move-out-cleaning-best,PASS,100,,서울 강남구 이사청소 잘하는곳 | 현장별 청소 정보,서울 강남구 이사청소를 알아보는 분을 위한 안내입니다. 서울 강남구 이사청소 잘하는곳 작업 전 확인사항부터 마무리 점검까지 자세히 정리했습니다.,https://clever-griffin-93819d.netlify.app/seoul-gangnam-gu-move-out-cleaning-best/,서울 강남구 이사청소 잘하는곳,12
서울 강남구 이사청소 가격,seoul-gangnam-gu-move-out-cleaning-price,PASS,100,,서울 강남구 이사청소 가격 | 체인지클린,서울 강남구 이사청소 가격 관련 청소 과정과 체크포인트를 안내합니다. 공간 상태와 오염 범위를 확인한 뒤 현장에 맞는 작업을 진행합니다.,https://clever-griffin-93819d.netlify.app/seoul-gangnam-gu-move-out-cleaning-price/,서울 강남구 이사청소 가격,12
서울 강남구 이사청소 비용,seoul-gangnam-gu-move-out-cleaning-cost,PASS,100,,서울 강남구 이사청소 비용 | 체인지클린,"서울 강남구 이사청소 비용 작업 범위와 준비사항, 진행 순서, 확인 항목을 정리했습니다. 서울 강남구 이사청소 현장에 맞춰 필요한 청소 내용을 확인해보세요.",https://clever-griffin-93819d.netlify.app/seoul-gangnam-gu-move-out-cleaning-cost/,서울 강남구 이사청소 비용,12
서울 강남구 이사청소 견적,seoul-gangnam-gu-move-out-cleaning-quote,PASS,100,,서울 강남구 이사청소 견적 | 체인지클린,서울 강남구 이사청소 견적 관련 청소 과정과 체크포인트를 안내합니다. 공간 상태와 오염 범위를 확인한 뒤 현장에 맞는 작업을 진행합니다.,https://clever-griffin-93819d.netlify.app/seoul-gangnam-gu-move-out-cleaning-quote/,서울 강남구 이사청소 견적,12
서울 강남구 준공청소,seoul-gangnam-gu-post-construction-cleaning,PASS,100,,서울 강남구 준공청소 - 청소 작업 안내,"서울 강남구 준공청소 작업 범위와 준비사항, 진행 순서, 확인 항목을 정리했습니다. 서울 강남구 준공청소 현장에 맞춰 필요한 청소 내용을 확인해보세요.",https://clever-griffin-93819d.netlify.app/seoul-gangnam-gu-post-construction-cleaning/,서울 강남구 준공청소,12
서울 강남구 준공청소 전문업체,seoul-gangnam-gu-post-construction-cleaning-company,PASS,100,,서울 강남구 준공청소 전문업체 - 청소 작업 안내,서울 강남구 준공청소를 알아보는 분을 위한 안내입니다. 서울 강남구 준공청소 전문업체 작업 전 확인사항부터 마무리 점검까지 자세히 정리했습니다.,https://clever-griffin-93819d.netlify.app/seoul-gangnam-gu-post-construction-cleaning-company/,서울 강남구 준공청소 전문업체,12
서울 강남구 준공청소 잘하는곳,seoul-gangnam-gu-post-construction-cleaning-best,PASS,100,,서울 강남구 준공청소 잘하는곳 | 현장별 청소 정보,서울 강남구 준공청소 잘하는곳 관련 청소 과정과 체크포인트를 안내합니다. 공간 상태와 오염 범위를 확인한 뒤 현장에 맞는 작업을 진행합니다.,https://clever-griffin-93819d.netlify.app/seoul-gangnam-gu-post-construction-cleaning-best/,서울 강남구 준공청소 잘하는곳,12
서울 강남구 준공청소 가격,seoul-gangnam-gu-post-construction-cleaning-price,PASS,100,,서울 강남구 준공청소 가격 | 현장별 청소 정보,"서울 강남구 준공청소 가격 작업 범위와 준비사항, 진행 순서, 확인 항목을 정리했습니다. 서울 강남구 준공청소 현장에 맞춰 필요한 청소 내용을 확인해보세요.",https://clever-griffin-93819d.netlify.app/seoul-gangnam-gu-post-construction-cleaning-price/,서울 강남구 준공청소 가격,12
서울 강남구 준공청소 비용,seoul-gangnam-gu-post-construction-cleaning-cost,PASS,100,,서울 강남구 준공청소 비용 - 청소 작업 안내,서울 강남구 준공청소를 알아보는 분을 위한 안내입니다. 서울 강남구 준공청소 비용 작업 전 확인사항부터 마무리 점검까지 자세히 정리했습니다.,https://clever-griffin-93819d.netlify.app/seoul-gangnam-gu-post-construction-cleaning-cost/,서울 강남구 준공청소 비용,12
서울 강남구 준공청소 견적,seoul-gangnam-gu-post-construction-cleaning-quote,PASS,100,,서울 강남구 준공청소 견적 - 청소 작업 안내,서울 강남구 준공청소를 알아보는 분을 위한 안내입니다. 서울 강남구 준공청소 견적 작업 전 확인사항부터 마무리 점검까지 자세히 정리했습니다.,https://clever-griffin-93819d.netlify.app/seoul-gangnam-gu-post-construction-cleaning-quote/,서울 강남구 준공청소 견적,12
서울 강남구 상가청소,seoul-gangnam-gu-store-cleaning,PASS,100,,서울 강남구 상가청소 | 현장별 청소 정보,서울 강남구 상가청소 관련 청소 과정과 체크포인트를 안내합니다. 공간 상태와 오염 범위를 확인한 뒤 현장에 맞는 작업을 진행합니다.,https://clever-griffin-93819d.netlify.app/seoul-gangnam-gu-store-cleaning/,서울 강남구 상가청소,12
서울 강남구 상가청소 전문업체,seoul-gangnam-gu-store-cleaning-company,PASS,100,,서울 강남구 상가청소 전문업체 - 청소 작업 안내,서울 강남구 상가청소를 알아보는 분을 위한 안내입니다. 서울 강남구 상가청소 전문업체 작업 전 확인사항부터 마무리 점검까지 자세히 정리했습니다.,https://clever-griffin-93819d.netlify.app/seoul-gangnam-gu-store-cleaning-company/,서울 강남구 상가청소 전문업체,12
서울 강남구 상가청소 잘하는곳,seoul-gangnam-gu-store-cleaning-best,PASS,100,,서울 강남구 상가청소 잘하는곳 - 청소 작업 안내,서울 강남구 상가청소를 알아보는 분을 위한 안내입니다. 서울 강남구 상가청소 잘하는곳 작업 전 확인사항부터 마무리 점검까지 자세히 정리했습니다.,https://clever-griffin-93819d.netlify.app/seoul-gangnam-gu-store-cleaning-best/,서울 강남구 상가청소 잘하는곳,12
서울 강남구 상가청소 가격,seoul-gangnam-gu-store-cleaning-price,PASS,100,,서울 강남구 상가청소 가격 - 청소 작업 안내,"서울 강남구 상가청소 가격 작업 범위와 준비사항, 진행 순서, 확인 항목을 정리했습니다. 서울 강남구 상가청소 현장에 맞춰 필요한 청소 내용을 확인해보세요.",https://clever-griffin-93819d.netlify.app/seoul-gangnam-gu-store-cleaning-price/,서울 강남구 상가청소 가격,12
서울 강남구 상가청소 비용,seoul-gangnam-gu-store-cleaning-cost,PASS,100,,서울 강남구 상가청소 비용 - 청소 작업 안내,서울 강남구 상가청소 비용 관련 청소 과정과 체크포인트를 안내합니다. 공간 상태와 오염 범위를 확인한 뒤 현장에 맞는 작업을 진행합니다.,https://clever-griffin-93819d.netlify.app/seoul-gangnam-gu-store-cleaning-cost/,서울 강남구 상가청소 비용,12
서울 강남구 상가청소 견적,seoul-gangnam-gu-store-cleaning-quote,PASS,100,,서울 강남구 상가청소 견적 - 청소 작업 안내,"서울 강남구 상가청소 견적 작업 범위와 준비사항, 진행 순서, 확인 항목을 정리했습니다. 서울 강남구 상가청소 현장에 맞춰 필요한 청소 내용을 확인해보세요.",https://clever-griffin-93819d.netlify.app/seoul-gangnam-gu-store-cleaning-quote/,서울 강남구 상가청소 견적,12
서울 강남구 사무실청소,seoul-gangnam-gu-office-cleaning,PASS,100,,서울 강남구 사무실청소 | 현장별 청소 정보,서울 강남구 사무실청소를 알아보는 분을 위한 안내입니다. 서울 강남구 사무실청소 작업 전 확인사항부터 마무리 점검까지 자세히 정리했습니다.,https://clever-griffin-93819d.netlify.app/seoul-gangnam-gu-office-cleaning/,서울 강남구 사무실청소,12
서울 강남구 사무실청소 전문업체,seoul-gangnam-gu-office-cleaning-company,PASS,100,,서울 강남구 사무실청소 전문업체 - 청소 작업 안내,"서울 강남구 사무실청소 전문업체 작업 범위와 준비사항, 진행 순서, 확인 항목을 정리했습니다. 서울 강남구 사무실청소 현장에 맞춰 필요한 청소 내용을 확인해보세요.",https://clever-griffin-93819d.netlify.app/seoul-gangnam-gu-office-cleaning-company/,서울 강남구 사무실청소 전문업체,12
서울 강남구 사무실청소 잘하는곳,seoul-gangnam-gu-office-cleaning-best,PASS,100,,서울 강남구 사무실청소 잘하는곳 | 체인지클린,서울 강남구 사무실청소를 알아보는 분을 위한 안내입니다. 서울 강남구 사무실청소 잘하는곳 작업 전 확인사항부터 마무리 점검까지 자세히 정리했습니다.,https://clever-griffin-93819d.netlify.app/seoul-gangnam-gu-office-cleaning-best/,서울 강남구 사무실청소 잘하는곳,12
서울 강남구 사무실청소 가격,seoul-gangnam-gu-office-cleaning-price,PASS,100,,서울 강남구 사무실청소 가격 - 청소 작업 안내,서울 강남구 사무실청소를 알아보는 분을 위한 안내입니다. 서울 강남구 사무실청소 가격 작업 전 확인사항부터 마무리 점검까지 자세히 정리했습니다.,https://clever-griffin-93819d.netlify.app/seoul-gangnam-gu-office-cleaning-price/,서울 강남구 사무실청소 가격,12
서울 강남구 사무실청소 비용,seoul-gangnam-gu-office-cleaning-cost,PASS,100,,서울 강남구 사무실청소 비용 | 체인지클린,서울 강남구 사무실청소를 알아보는 분을 위한 안내입니다. 서울 강남구 사무실청소 비용 작업 전 확인사항부터 마무리 점검까지 자세히 정리했습니다.,https://clever-griffin-93819d.netlify.app/seoul-gangnam-gu-office-cleaning-cost/,서울 강남구 사무실청소 비용,12
서울 강남구 사무실청소 견적,seoul-gangnam-gu-office-cleaning-quote,PASS,100,,서울 강남구 사무실청소 견적 | 현장별 청소 정보,서울 강남구 사무실청소 견적 관련 청소 과정과 체크포인트를 안내합니다. 공간 상태와 오염 범위를 확인한 뒤 현장에 맞는 작업을 진행합니다.,https://clever-griffin-93819d.netlify.app/seoul-gangnam-gu-office-cleaning-quote/,서울 강남구 사무실청소 견적,12
서울 강남구 빌라청소,seoul-gangnam-gu-villa-cleaning,CHECK,96,title 길이 확인,서울 강남구 빌라청소 | 체인지클린,서울 강남구 빌라청소 관련 청소 과정과 체크포인트를 안내합니다. 공간 상태와 오염 범위를 확인한 뒤 현장에 맞는 작업을 진행합니다.,https://clever-griffin-93819d.netlify.app/seoul-gangnam-gu-villa-cleaning/,서울 강남구 빌라청소,12
서울 강남구 빌라청소 전문업체,seoul-gangnam-gu-villa-cleaning-company,PASS,100,,서울 강남구 빌라청소 전문업체 | 체인지클린,서울 강남구 빌라청소 전문업체 관련 청소 과정과 체크포인트를 안내합니다. 공간 상태와 오염 범위를 확인한 뒤 현장에 맞는 작업을 진행합니다.,https://clever-griffin-93819d.netlify.app/seoul-gangnam-gu-villa-cleaning-company/,서울 강남구 빌라청소 전문업체,12
서울 강남구 빌라청소 잘하는곳,seoul-gangnam-gu-villa-cleaning-best,PASS,100,,서울 강남구 빌라청소 잘하는곳 | 현장별 청소 정보,"서울 강남구 빌라청소 잘하는곳 작업 범위와 준비사항, 진행 순서, 확인 항목을 정리했습니다. 서울 강남구 빌라청소 현장에 맞춰 필요한 청소 내용을 확인해보세요.",https://clever-griffin-93819d.netlify.app/seoul-gangnam-gu-villa-cleaning-best/,서울 강남구 빌라청소 잘하는곳,12
서울 강남구 빌라청소 가격,seoul-gangnam-gu-villa-cleaning-price,PASS,100,,서울 강남구 빌라청소 가격 | 체인지클린,서울 강남구 빌라청소 가격 관련 청소 과정과 체크포인트를 안내합니다. 공간 상태와 오염 범위를 확인한 뒤 현장에 맞는 작업을 진행합니다.,https://clever-griffin-93819d.netlify.app/seoul-gangnam-gu-villa-cleaning-price/,서울 강남구 빌라청소 가격,12
서울 강남구 빌라청소 비용,seoul-gangnam-gu-villa-cleaning-cost,PASS,100,,서울 강남구 빌라청소 비용 | 체인지클린,서울 강남구 빌라청소를 알아보는 분을 위한 안내입니다. 서울 강남구 빌라청소 비용 작업 전 확인사항부터 마무리 점검까지 자세히 정리했습니다.,https://clever-griffin-93819d.netlify.app/seoul-gangnam-gu-villa-cleaning-cost/,서울 강남구 빌라청소 비용,12
서울 강남구 빌라청소 견적,seoul-gangnam-gu-villa-cleaning-quote,PASS,100,,서울 강남구 빌라청소 견적 - 청소 작업 안내,서울 강남구 빌라청소를 알아보는 분을 위한 안내입니다. 서울 강남구 빌라청소 견적 작업 전 확인사항부터 마무리 점검까지 자세히 정리했습니다.,https://clever-griffin-93819d.netlify.app/seoul-gangnam-gu-villa-cleaning-quote/,서울 강남구 빌라청소 견적,12
서울 강남구 아파트청소,seoul-gangnam-gu-apartment-cleaning,PASS,100,,서울 강남구 아파트청소 | 체인지클린,서울 강남구 아파트청소 관련 청소 과정과 체크포인트를 안내합니다. 공간 상태와 오염 범위를 확인한 뒤 현장에 맞는 작업을 진행합니다.,https://clever-griffin-93819d.netlify.app/seoul-gangnam-gu-apartment-cleaning/,서울 강남구 아파트청소,12
서울 강남구 아파트청소 전문업체,seoul-gangnam-gu-apartment-cleaning-company,PASS,100,,서울 강남구 아파트청소 전문업체 | 체인지클린,"서울 강남구 아파트청소 전문업체 작업 범위와 준비사항, 진행 순서, 확인 항목을 정리했습니다. 서울 강남구 아파트청소 현장에 맞춰 필요한 청소 내용을 확인해보세요.",https://clever-griffin-93819d.netlify.app/seoul-gangnam-gu-apartment-cleaning-company/,서울 강남구 아파트청소 전문업체,12
서울 강남구 아파트청소 잘하는곳,seoul-gangnam-gu-apartment-cleaning-best,PASS,100,,서울 강남구 아파트청소 잘하는곳 | 체인지클린,서울 강남구 아파트청소 잘하는곳 관련 청소 과정과 체크포인트를 안내합니다. 공간 상태와 오염 범위를 확인한 뒤 현장에 맞는 작업을 진행합니다.,https://clever-griffin-93819d.netlify.app/seoul-gangnam-gu-apartment-cleaning-best/,서울 강남구 아파트청소 잘하는곳,12
서울 강남구 아파트청소 가격,seoul-gangnam-gu-apartment-cleaning-price,PASS,100,,서울 강남구 아파트청소 가격 - 청소 작업 안내,"서울 강남구 아파트청소 가격 작업 범위와 준비사항, 진행 순서, 확인 항목을 정리했습니다. 서울 강남구 아파트청소 현장에 맞춰 필요한 청소 내용을 확인해보세요.",https://clever-griffin-93819d.netlify.app/seoul-gangnam-gu-apartment-cleaning-price/,서울 강남구 아파트청소 가격,12
서울 강남구 아파트청소 비용,seoul-gangnam-gu-apartment-cleaning-cost,PASS,100,,서울 강남구 아파트청소 비용 | 현장별 청소 정보,서울 강남구 아파트청소를 알아보는 분을 위한 안내입니다. 서울 강남구 아파트청소 비용 작업 전 확인사항부터 마무리 점검까지 자세히 정리했습니다.,https://clever-griffin-93819d.netlify.app/seoul-gangnam-gu-apartment-cleaning-cost/,서울 강남구 아파트청소 비용,12
서울 강남구 아파트청소 견적,seoul-gangnam-gu-apartment-cleaning-quote,PASS,100,,서울 강남구 아파트청소 견적 - 청소 작업 안내,서울 강남구 아파트청소 견적 관련 청소 과정과 체크포인트를 안내합니다. 공간 상태와 오염 범위를 확인한 뒤 현장에 맞는 작업을 진행합니다.,https://clever-griffin-93819d.netlify.app/seoul-gangnam-gu-apartment-cleaning-quote/,서울 강남구 아파트청소 견적,12
서울 강남구 오피스텔청소,seoul-gangnam-gu-officetel-cleaning,PASS,100,,서울 강남구 오피스텔청소 - 청소 작업 안내,서울 강남구 오피스텔청소를 알아보는 분을 위한 안내입니다. 서울 강남구 오피스텔청소 작업 전 확인사항부터 마무리 점검까지 자세히 정리했습니다.,https://clever-griffin-93819d.netlify.app/seoul-gangnam-gu-officetel-cleaning/,서울 강남구 오피스텔청소,12
서울 강남구 오피스텔청소 전문업체,seoul-gangnam-gu-officetel-cleaning-company,PASS,100,,서울 강남구 오피스텔청소 전문업체 | 현장별 청소 정보,"서울 강남구 오피스텔청소 전문업체 작업 범위와 준비사항, 진행 순서, 확인 항목을 정리했습니다. 서울 강남구 오피스텔청소 현장에 맞춰 필요한 청소 내용을 확인해보세요.",https://clever-griffin-93819d.netlify.app/seoul-gangnam-gu-officetel-cleaning-company/,서울 강남구 오피스텔청소 전문업체,12
서울 강남구 오피스텔청소 잘하는곳,seoul-gangnam-gu-officetel-cleaning-best,PASS,100,,서울 강남구 오피스텔청소 잘하는곳 | 체인지클린,"서울 강남구 오피스텔청소 잘하는곳 작업 범위와 준비사항, 진행 순서, 확인 항목을 정리했습니다. 서울 강남구 오피스텔청소 현장에 맞춰 필요한 청소 내용을 확인해보세요.",https://clever-griffin-93819d.netlify.app/seoul-gangnam-gu-officetel-cleaning-best/,서울 강남구 오피스텔청소 잘하는곳,12
서울 강남구 오피스텔청소 가격,seoul-gangnam-gu-officetel-cleaning-price,PASS,100,,서울 강남구 오피스텔청소 가격 - 청소 작업 안내,"서울 강남구 오피스텔청소 가격 작업 범위와 준비사항, 진행 순서, 확인 항목을 정리했습니다. 서울 강남구 오피스텔청소 현장에 맞춰 필요한 청소 내용을 확인해보세요.",https://clever-griffin-93819d.netlify.app/seoul-gangnam-gu-officetel-cleaning-price/,서울 강남구 오피스텔청소 가격,12
서울 강남구 오피스텔청소 비용,seoul-gangnam-gu-officetel-cleaning-cost,PASS,100,,서울 강남구 오피스텔청소 비용 | 현장별 청소 정보,서울 강남구 오피스텔청소를 알아보는 분을 위한 안내입니다. 서울 강남구 오피스텔청소 비용 작업 전 확인사항부터 마무리 점검까지 자세히 정리했습니다.,https://clever-griffin-93819d.netlify.app/seoul-gangnam-gu-officetel-cleaning-cost/,서울 강남구 오피스텔청소 비용,12
서울 강남구 오피스텔청소 견적,seoul-gangnam-gu-officetel-cleaning-quote,PASS,100,,서울 강남구 오피스텔청소 견적 | 체인지클린,서울 강남구 오피스텔청소를 알아보는 분을 위한 안내입니다. 서울 강남구 오피스텔청소 견적 작업 전 확인사항부터 마무리 점검까지 자세히 정리했습니다.,https://clever-griffin-93819d.netlify.app/seoul-gangnam-gu-officetel-cleaning-quote/,서울 강남구 오피스텔청소 견적,12
서울 강남구 거주청소,seoul-gangnam-gu-home-cleaning,PASS,100,,서울 강남구 거주청소 | 현장별 청소 정보,서울 강남구 거주청소 관련 청소 과정과 체크포인트를 안내합니다. 공간 상태와 오염 범위를 확인한 뒤 현장에 맞는 작업을 진행합니다.,https://clever-griffin-93819d.netlify.app/seoul-gangnam-gu-home-cleaning/,서울 강남구 거주청소,12
서울 강남구 거주청소 전문업체,seoul-gangnam-gu-home-cleaning-company,PASS,100,,서울 강남구 거주청소 전문업체 | 체인지클린,"서울 강남구 거주청소 전문업체 작업 범위와 준비사항, 진행 순서, 확인 항목을 정리했습니다. 서울 강남구 거주청소 현장에 맞춰 필요한 청소 내용을 확인해보세요.",https://clever-griffin-93819d.netlify.app/seoul-gangnam-gu-home-cleaning-company/,서울 강남구 거주청소 전문업체,12
서울 강남구 거주청소 잘하는곳,seoul-gangnam-gu-home-cleaning-best,PASS,100,,서울 강남구 거주청소 잘하는곳 - 청소 작업 안내,서울 강남구 거주청소 잘하는곳 관련 청소 과정과 체크포인트를 안내합니다. 공간 상태와 오염 범위를 확인한 뒤 현장에 맞는 작업을 진행합니다.,https://clever-griffin-93819d.netlify.app/seoul-gangnam-gu-home-cleaning-best/,서울 강남구 거주청소 잘하는곳,12
서울 강남구 거주청소 가격,seoul-gangnam-gu-home-cleaning-price,PASS,100,,서울 강남구 거주청소 가격 | 현장별 청소 정보,서울 강남구 거주청소 가격 관련 청소 과정과 체크포인트를 안내합니다. 공간 상태와 오염 범위를 확인한 뒤 현장에 맞는 작업을 진행합니다.,https://clever-griffin-93819d.netlify.app/seoul-gangnam-gu-home-cleaning-price/,서울 강남구 거주청소 가격,12
서울 강남구 거주청소 비용,seoul-gangnam-gu-home-cleaning-cost,PASS,100,,서울 강남구 거주청소 비용 | 체인지클린,서울 강남구 거주청소 비용 관련 청소 과정과 체크포인트를 안내합니다. 공간 상태와 오염 범위를 확인한 뒤 현장에 맞는 작업을 진행합니다.,https://clever-griffin-93819d.netlify.app/seoul-gangnam-gu-home-cleaning-cost/,서울 강남구 거주청소 비용,12
서울 강남구 거주청소 견적,seoul-gangnam-gu-home-cleaning-quote,PASS,100,,서울 강남구 거주청소 견적 | 체인지클린,서울 강남구 거주청소 견적 관련 청소 과정과 체크포인트를 안내합니다. 공간 상태와 오염 범위를 확인한 뒤 현장에 맞는 작업을 진행합니다.,https://clever-griffin-93819d.netlify.app/seoul-gangnam-gu-home-cleaning-quote/,서울 강남구 거주청소 견적,12
서울 서초구 입주청소,seoul-seocho-gu-move-in-cleaning,PASS,100,,서울 서초구 입주청소 | 현장별 청소 정보,"서울 서초구 입주청소 작업 범위와 준비사항, 진행 순서, 확인 항목을 정리했습니다. 서울 서초구 입주청소 현장에 맞춰 필요한 청소 내용을 확인해보세요.",https://clever-griffin-93819d.netlify.app/seoul-seocho-gu-move-in-cleaning/,서울 서초구 입주청소,12
서울 서초구 입주청소 전문업체,seoul-seocho-gu-move-in-cleaning-company,PASS,100,,서울 서초구 입주청소 전문업체 - 청소 작업 안내,서울 서초구 입주청소 전문업체 관련 청소 과정과 체크포인트를 안내합니다. 공간 상태와 오염 범위를 확인한 뒤 현장에 맞는 작업을 진행합니다.,https://clever-griffin-93819d.netlify.app/seoul-seocho-gu-move-in-cleaning-company/,서울 서초구 입주청소 전문업체,12
서울 서초구 입주청소 잘하는곳,seoul-seocho-gu-move-in-cleaning-best,PASS,100,,서울 서초구 입주청소 잘하는곳 | 체인지클린,서울 서초구 입주청소 잘하는곳 관련 청소 과정과 체크포인트를 안내합니다. 공간 상태와 오염 범위를 확인한 뒤 현장에 맞는 작업을 진행합니다.,https://clever-griffin-93819d.netlify.app/seoul-seocho-gu-move-in-cleaning-best/,서울 서초구 입주청소 잘하는곳,12
서울 서초구 입주청소 가격,seoul-seocho-gu-move-in-cleaning-price,PASS,100,,서울 서초구 입주청소 가격 | 현장별 청소 정보,"서울 서초구 입주청소 가격 작업 범위와 준비사항, 진행 순서, 확인 항목을 정리했습니다. 서울 서초구 입주청소 현장에 맞춰 필요한 청소 내용을 확인해보세요.",https://clever-griffin-93819d.netlify.app/seoul-seocho-gu-move-in-cleaning-price/,서울 서초구 입주청소 가격,12
서울 서초구 입주청소 비용,seoul-seocho-gu-move-in-cleaning-cost,PASS,100,,서울 서초구 입주청소 비용 - 청소 작업 안내,서울 서초구 입주청소 비용 관련 청소 과정과 체크포인트를 안내합니다. 공간 상태와 오염 범위를 확인한 뒤 현장에 맞는 작업을 진행합니다.,https://clever-griffin-93819d.netlify.app/seoul-seocho-gu-move-in-cleaning-cost/,서울 서초구 입주청소 비용,12
서울 서초구 입주청소 견적,seoul-seocho-gu-move-in-cleaning-quote,PASS,100,,서울 서초구 입주청소 견적 | 체인지클린,"서울 서초구 입주청소 견적 작업 범위와 준비사항, 진행 순서, 확인 항목을 정리했습니다. 서울 서초구 입주청소 현장에 맞춰 필요한 청소 내용을 확인해보세요.",https://clever-griffin-93819d.netlify.app/seoul-seocho-gu-move-in-cleaning-quote/,서울 서초구 입주청소 견적,12
서울 서초구 이사청소,seoul-seocho-gu-move-out-cleaning,PASS,100,,서울 서초구 이사청소 - 청소 작업 안내,"서울 서초구 이사청소 작업 범위와 준비사항, 진행 순서, 확인 항목을 정리했습니다. 서울 서초구 이사청소 현장에 맞춰 필요한 청소 내용을 확인해보세요.",https://clever-griffin-93819d.netlify.app/seoul-seocho-gu-move-out-cleaning/,서울 서초구 이사청소,12
서울 서초구 이사청소 전문업체,seoul-seocho-gu-move-out-cleaning-company,PASS,100,,서울 서초구 이사청소 전문업체 | 체인지클린,서울 서초구 이사청소 전문업체 관련 청소 과정과 체크포인트를 안내합니다. 공간 상태와 오염 범위를 확인한 뒤 현장에 맞는 작업을 진행합니다.,https://clever-griffin-93819d.netlify.app/seoul-seocho-gu-move-out-cleaning-company/,서울 서초구 이사청소 전문업체,12
서울 서초구 이사청소 잘하는곳,seoul-seocho-gu-move-out-cleaning-best,PASS,100,,서울 서초구 이사청소 잘하는곳 | 체인지클린,서울 서초구 이사청소 잘하는곳 관련 청소 과정과 체크포인트를 안내합니다. 공간 상태와 오염 범위를 확인한 뒤 현장에 맞는 작업을 진행합니다.,https://clever-griffin-93819d.netlify.app/seoul-seocho-gu-move-out-cleaning-best/,서울 서초구 이사청소 잘하는곳,12
서울 서초구 이사청소 가격,seoul-seocho-gu-move-out-cleaning-price,PASS,100,,서울 서초구 이사청소 가격 | 체인지클린,서울 서초구 이사청소를 알아보는 분을 위한 안내입니다. 서울 서초구 이사청소 가격 작업 전 확인사항부터 마무리 점검까지 자세히 정리했습니다.,https://clever-griffin-93819d.netlify.app/seoul-seocho-gu-move-out-cleaning-price/,서울 서초구 이사청소 가격,12
서울 서초구 이사청소 비용,seoul-seocho-gu-move-out-cleaning-cost,PASS,100,,서울 서초구 이사청소 비용 | 체인지클린,서울 서초구 이사청소를 알아보는 분을 위한 안내입니다. 서울 서초구 이사청소 비용 작업 전 확인사항부터 마무리 점검까지 자세히 정리했습니다.,https://clever-griffin-93819d.netlify.app/seoul-seocho-gu-move-out-cleaning-cost/,서울 서초구 이사청소 비용,12
서울 서초구 이사청소 견적,seoul-seocho-gu-move-out-cleaning-quote,PASS,100,,서울 서초구 이사청소 견적 - 청소 작업 안내,"서울 서초구 이사청소 견적 작업 범위와 준비사항, 진행 순서, 확인 항목을 정리했습니다. 서울 서초구 이사청소 현장에 맞춰 필요한 청소 내용을 확인해보세요.",https://clever-griffin-93819d.netlify.app/seoul-seocho-gu-move-out-cleaning-quote/,서울 서초구 이사청소 견적,12
서울 서초구 준공청소,seoul-seocho-gu-post-construction-cleaning,PASS,100,,서울 서초구 준공청소 | 현장별 청소 정보,서울 서초구 준공청소 관련 청소 과정과 체크포인트를 안내합니다. 공간 상태와 오염 범위를 확인한 뒤 현장에 맞는 작업을 진행합니다.,https://clever-griffin-93819d.netlify.app/seoul-seocho-gu-post-construction-cleaning/,서울 서초구 준공청소,12
서울 서초구 준공청소 전문업체,seoul-seocho-gu-post-construction-cleaning-company,PASS,100,,서울 서초구 준공청소 전문업체 | 체인지클린,"서울 서초구 준공청소 전문업체 작업 범위와 준비사항, 진행 순서, 확인 항목을 정리했습니다. 서울 서초구 준공청소 현장에 맞춰 필요한 청소 내용을 확인해보세요.",https://clever-griffin-93819d.netlify.app/seoul-seocho-gu-post-construction-cleaning-company/,서울 서초구 준공청소 전문업체,12
서울 서초구 준공청소 잘하는곳,seoul-seocho-gu-post-construction-cleaning-best,PASS,100,,서울 서초구 준공청소 잘하는곳 - 청소 작업 안내,서울 서초구 준공청소를 알아보는 분을 위한 안내입니다. 서울 서초구 준공청소 잘하는곳 작업 전 확인사항부터 마무리 점검까지 자세히 정리했습니다.,https://clever-griffin-93819d.netlify.app/seoul-seocho-gu-post-construction-cleaning-best/,서울 서초구 준공청소 잘하는곳,12
서울 서초구 준공청소 가격,seoul-seocho-gu-post-construction-cleaning-price,PASS,100,,서울 서초구 준공청소 가격 | 체인지클린,"서울 서초구 준공청소 가격 작업 범위와 준비사항, 진행 순서, 확인 항목을 정리했습니다. 서울 서초구 준공청소 현장에 맞춰 필요한 청소 내용을 확인해보세요.",https://clever-griffin-93819d.netlify.app/seoul-seocho-gu-post-construction-cleaning-price/,서울 서초구 준공청소 가격,12
서울 서초구 준공청소 비용,seoul-seocho-gu-post-construction-cleaning-cost,PASS,100,,서울 서초구 준공청소 비용 | 체인지클린,서울 서초구 준공청소 비용 관련 청소 과정과 체크포인트를 안내합니다. 공간 상태와 오염 범위를 확인한 뒤 현장에 맞는 작업을 진행합니다.,https://clever-griffin-93819d.netlify.app/seoul-seocho-gu-post-construction-cleaning-cost/,서울 서초구 준공청소 비용,12
서울 서초구 준공청소 견적,seoul-seocho-gu-post-construction-cleaning-quote,PASS,100,,서울 서초구 준공청소 견적 | 현장별 청소 정보,서울 서초구 준공청소를 알아보는 분을 위한 안내입니다. 서울 서초구 준공청소 견적 작업 전 확인사항부터 마무리 점검까지 자세히 정리했습니다.,https://clever-griffin-93819d.netlify.app/seoul-seocho-gu-post-construction-cleaning-quote/,서울 서초구 준공청소 견적,12
서울 서초구 상가청소,seoul-seocho-gu-store-cleaning,PASS,100,,서울 서초구 상가청소 | 현장별 청소 정보,서울 서초구 상가청소 관련 청소 과정과 체크포인트를 안내합니다. 공간 상태와 오염 범위를 확인한 뒤 현장에 맞는 작업을 진행합니다.,https://clever-griffin-93819d.netlify.app/seoul-seocho-gu-store-cleaning/,서울 서초구 상가청소,12
서울 서초구 상가청소 전문업체,seoul-seocho-gu-store-cleaning-company,PASS,100,,서울 서초구 상가청소 전문업체 | 체인지클린,서울 서초구 상가청소를 알아보는 분을 위한 안내입니다. 서울 서초구 상가청소 전문업체 작업 전 확인사항부터 마무리 점검까지 자세히 정리했습니다.,https://clever-griffin-93819d.netlify.app/seoul-seocho-gu-store-cleaning-company/,서울 서초구 상가청소 전문업체,12
서울 서초구 상가청소 잘하는곳,seoul-seocho-gu-store-cleaning-best,PASS,100,,서울 서초구 상가청소 잘하는곳 - 청소 작업 안내,서울 서초구 상가청소를 알아보는 분을 위한 안내입니다. 서울 서초구 상가청소 잘하는곳 작업 전 확인사항부터 마무리 점검까지 자세히 정리했습니다.,https://clever-griffin-93819d.netlify.app/seoul-seocho-gu-store-cleaning-best/,서울 서초구 상가청소 잘하는곳,12
서울 서초구 상가청소 가격,seoul-seocho-gu-store-cleaning-price,PASS,100,,서울 서초구 상가청소 가격 - 청소 작업 안내,"서울 서초구 상가청소 가격 작업 범위와 준비사항, 진행 순서, 확인 항목을 정리했습니다. 서울 서초구 상가청소 현장에 맞춰 필요한 청소 내용을 확인해보세요.",https://clever-griffin-93819d.netlify.app/seoul-seocho-gu-store-cleaning-price/,서울 서초구 상가청소 가격,12
서울 서초구 상가청소 비용,seoul-seocho-gu-store-cleaning-cost,PASS,100,,서울 서초구 상가청소 비용 | 현장별 청소 정보,서울 서초구 상가청소 비용 관련 청소 과정과 체크포인트를 안내합니다. 공간 상태와 오염 범위를 확인한 뒤 현장에 맞는 작업을 진행합니다.,https://clever-griffin-93819d.netlify.app/seoul-seocho-gu-store-cleaning-cost/,서울 서초구 상가청소 비용,12
서울 서초구 상가청소 견적,seoul-seocho-gu-store-cleaning-quote,PASS,100,,서울 서초구 상가청소 견적 | 체인지클린,서울 서초구 상가청소를 알아보는 분을 위한 안내입니다. 서울 서초구 상가청소 견적 작업 전 확인사항부터 마무리 점검까지 자세히 정리했습니다.,https://clever-griffin-93819d.netlify.app/seoul-seocho-gu-store-cleaning-quote/,서울 서초구 상가청소 견적,12
서울 서초구 사무실청소,seoul-seocho-gu-office-cleaning,PASS,100,,서울 서초구 사무실청소 | 현장별 청소 정보,"서울 서초구 사무실청소 작업 범위와 준비사항, 진행 순서, 확인 항목을 정리했습니다. 서울 서초구 사무실청소 현장에 맞춰 필요한 청소 내용을 확인해보세요.",https://clever-griffin-93819d.netlify.app/seoul-seocho-gu-office-cleaning/,서울 서초구 사무실청소,12
서울 서초구 사무실청소 전문업체,seoul-seocho-gu-office-cleaning-company,PASS,100,,서울 서초구 사무실청소 전문업체 | 체인지클린,서울 서초구 사무실청소 전문업체 관련 청소 과정과 체크포인트를 안내합니다. 공간 상태와 오염 범위를 확인한 뒤 현장에 맞는 작업을 진행합니다.,https://clever-griffin-93819d.netlify.app/seoul-seocho-gu-office-cleaning-company/,서울 서초구 사무실청소 전문업체,12
서울 서초구 사무실청소 잘하는곳,seoul-seocho-gu-office-cleaning-best,PASS,100,,서울 서초구 사무실청소 잘하는곳 | 현장별 청소 정보,서울 서초구 사무실청소를 알아보는 분을 위한 안내입니다. 서울 서초구 사무실청소 잘하는곳 작업 전 확인사항부터 마무리 점검까지 자세히 정리했습니다.,https://clever-griffin-93819d.netlify.app/seoul-seocho-gu-office-cleaning-best/,서울 서초구 사무실청소 잘하는곳,12
서울 서초구 사무실청소 가격,seoul-seocho-gu-office-cleaning-price,PASS,100,,서울 서초구 사무실청소 가격 - 청소 작업 안내,서울 서초구 사무실청소를 알아보는 분을 위한 안내입니다. 서울 서초구 사무실청소 가격 작업 전 확인사항부터 마무리 점검까지 자세히 정리했습니다.,https://clever-griffin-93819d.netlify.app/seoul-seocho-gu-office-cleaning-price/,서울 서초구 사무실청소 가격,12
서울 서초구 사무실청소 비용,seoul-seocho-gu-office-cleaning-cost,PASS,100,,서울 서초구 사무실청소 비용 | 현장별 청소 정보,서울 서초구 사무실청소를 알아보는 분을 위한 안내입니다. 서울 서초구 사무실청소 비용 작업 전 확인사항부터 마무리 점검까지 자세히 정리했습니다.,https://clever-griffin-93819d.netlify.app/seoul-seocho-gu-office-cleaning-cost/,서울 서초구 사무실청소 비용,12
서울 서초구 사무실청소 견적,seoul-seocho-gu-office-cleaning-quote,PASS,100,,서울 서초구 사무실청소 견적 | 현장별 청소 정보,"서울 서초구 사무실청소 견적 작업 범위와 준비사항, 진행 순서, 확인 항목을 정리했습니다. 서울 서초구 사무실청소 현장에 맞춰 필요한 청소 내용을 확인해보세요.",https://clever-griffin-93819d.netlify.app/seoul-seocho-gu-office-cleaning-quote/,서울 서초구 사무실청소 견적,12
서울 서초구 빌라청소,seoul-seocho-gu-villa-cleaning,CHECK,96,title 길이 확인,서울 서초구 빌라청소 | 체인지클린,"서울 서초구 빌라청소 작업 범위와 준비사항, 진행 순서, 확인 항목을 정리했습니다. 서울 서초구 빌라청소 현장에 맞춰 필요한 청소 내용을 확인해보세요.",https://clever-griffin-93819d.netlify.app/seoul-seocho-gu-villa-cleaning/,서울 서초구 빌라청소,12
서울 서초구 빌라청소 전문업체,seoul-seocho-gu-villa-cleaning-company,PASS,100,,서울 서초구 빌라청소 전문업체 | 현장별 청소 정보,서울 서초구 빌라청소를 알아보는 분을 위한 안내입니다. 서울 서초구 빌라청소 전문업체 작업 전 확인사항부터 마무리 점검까지 자세히 정리했습니다.,https://clever-griffin-93819d.netlify.app/seoul-seocho-gu-villa-cleaning-company/,서울 서초구 빌라청소 전문업체,12
서울 서초구 빌라청소 잘하는곳,seoul-seocho-gu-villa-cleaning-best,PASS,100,,서울 서초구 빌라청소 잘하는곳 | 현장별 청소 정보,서울 서초구 빌라청소를 알아보는 분을 위한 안내입니다. 서울 서초구 빌라청소 잘하는곳 작업 전 확인사항부터 마무리 점검까지 자세히 정리했습니다.,https://clever-griffin-93819d.netlify.app/seoul-seocho-gu-villa-cleaning-best/,서울 서초구 빌라청소 잘하는곳,12
서울 서초구 빌라청소 가격,seoul-seocho-gu-villa-cleaning-price,PASS,100,,서울 서초구 빌라청소 가격 - 청소 작업 안내,"서울 서초구 빌라청소 가격 작업 범위와 준비사항, 진행 순서, 확인 항목을 정리했습니다. 서울 서초구 빌라청소 현장에 맞춰 필요한 청소 내용을 확인해보세요.",https://clever-griffin-93819d.netlify.app/seoul-seocho-gu-villa-cleaning-price/,서울 서초구 빌라청소 가격,12
서울 서초구 빌라청소 비용,seoul-seocho-gu-villa-cleaning-cost,PASS,100,,서울 서초구 빌라청소 비용 - 청소 작업 안내,서울 서초구 빌라청소 비용 관련 청소 과정과 체크포인트를 안내합니다. 공간 상태와 오염 범위를 확인한 뒤 현장에 맞는 작업을 진행합니다.,https://clever-griffin-93819d.netlify.app/seoul-seocho-gu-villa-cleaning-cost/,서울 서초구 빌라청소 비용,12
서울 서초구 빌라청소 견적,seoul-seocho-gu-villa-cleaning-quote,PASS,100,,서울 서초구 빌라청소 견적 - 청소 작업 안내,서울 서초구 빌라청소를 알아보는 분을 위한 안내입니다. 서울 서초구 빌라청소 견적 작업 전 확인사항부터 마무리 점검까지 자세히 정리했습니다.,https://clever-griffin-93819d.netlify.app/seoul-seocho-gu-villa-cleaning-quote/,서울 서초구 빌라청소 견적,12
서울 서초구 아파트청소,seoul-seocho-gu-apartment-cleaning,PASS,100,,서울 서초구 아파트청소 | 현장별 청소 정보,"서울 서초구 아파트청소 작업 범위와 준비사항, 진행 순서, 확인 항목을 정리했습니다. 서울 서초구 아파트청소 현장에 맞춰 필요한 청소 내용을 확인해보세요.",https://clever-griffin-93819d.netlify.app/seoul-seocho-gu-apartment-cleaning/,서울 서초구 아파트청소,12
서울 서초구 아파트청소 전문업체,seoul-seocho-gu-apartment-cleaning-company,PASS,100,,서울 서초구 아파트청소 전문업체 - 청소 작업 안내,서울 서초구 아파트청소 전문업체 관련 청소 과정과 체크포인트를 안내합니다. 공간 상태와 오염 범위를 확인한 뒤 현장에 맞는 작업을 진행합니다.,https://clever-griffin-93819d.netlify.app/seoul-seocho-gu-apartment-cleaning-company/,서울 서초구 아파트청소 전문업체,12
서울 서초구 아파트청소 잘하는곳,seoul-seocho-gu-apartment-cleaning-best,PASS,100,,서울 서초구 아파트청소 잘하는곳 | 체인지클린,서울 서초구 아파트청소 잘하는곳 관련 청소 과정과 체크포인트를 안내합니다. 공간 상태와 오염 범위를 확인한 뒤 현장에 맞는 작업을 진행합니다.,https://clever-griffin-93819d.netlify.app/seoul-seocho-gu-apartment-cleaning-best/,서울 서초구 아파트청소 잘하는곳,12
서울 서초구 아파트청소 가격,seoul-seocho-gu-apartment-cleaning-price,PASS,100,,서울 서초구 아파트청소 가격 - 청소 작업 안내,서울 서초구 아파트청소를 알아보는 분을 위한 안내입니다. 서울 서초구 아파트청소 가격 작업 전 확인사항부터 마무리 점검까지 자세히 정리했습니다.,https://clever-griffin-93819d.netlify.app/seoul-seocho-gu-apartment-cleaning-price/,서울 서초구 아파트청소 가격,12
서울 서초구 아파트청소 비용,seoul-seocho-gu-apartment-cleaning-cost,PASS,100,,서울 서초구 아파트청소 비용 - 청소 작업 안내,"서울 서초구 아파트청소 비용 작업 범위와 준비사항, 진행 순서, 확인 항목을 정리했습니다. 서울 서초구 아파트청소 현장에 맞춰 필요한 청소 내용을 확인해보세요.",https://clever-griffin-93819d.netlify.app/seoul-seocho-gu-apartment-cleaning-cost/,서울 서초구 아파트청소 비용,12
서울 서초구 아파트청소 견적,seoul-seocho-gu-apartment-cleaning-quote,PASS,100,,서울 서초구 아파트청소 견적 - 청소 작업 안내,서울 서초구 아파트청소 견적 관련 청소 과정과 체크포인트를 안내합니다. 공간 상태와 오염 범위를 확인한 뒤 현장에 맞는 작업을 진행합니다.,https://clever-griffin-93819d.netlify.app/seoul-seocho-gu-apartment-cleaning-quote/,서울 서초구 아파트청소 견적,12
서울 서초구 오피스텔청소,seoul-seocho-gu-officetel-cleaning,PASS,100,,서울 서초구 오피스텔청소 | 현장별 청소 정보,서울 서초구 오피스텔청소 관련 청소 과정과 체크포인트를 안내합니다. 공간 상태와 오염 범위를 확인한 뒤 현장에 맞는 작업을 진행합니다.,https://clever-griffin-93819d.netlify.app/seoul-seocho-gu-officetel-cleaning/,서울 서초구 오피스텔청소,12
서울 서초구 오피스텔청소 전문업체,seoul-seocho-gu-officetel-cleaning-company,PASS,100,,서울 서초구 오피스텔청소 전문업체 - 청소 작업 안내,서울 서초구 오피스텔청소를 알아보는 분을 위한 안내입니다. 서울 서초구 오피스텔청소 전문업체 작업 전 확인사항부터 마무리 점검까지 자세히 정리했습니다.,https://clever-griffin-93819d.netlify.app/seoul-seocho-gu-officetel-cleaning-company/,서울 서초구 오피스텔청소 전문업체,12
서울 서초구 오피스텔청소 잘하는곳,seoul-seocho-gu-officetel-cleaning-best,PASS,100,,서울 서초구 오피스텔청소 잘하는곳 - 청소 작업 안내,서울 서초구 오피스텔청소를 알아보는 분을 위한 안내입니다. 서울 서초구 오피스텔청소 잘하는곳 작업 전 확인사항부터 마무리 점검까지 자세히 정리했습니다.,https://clever-griffin-93819d.netlify.app/seoul-seocho-gu-officetel-cleaning-best/,서울 서초구 오피스텔청소 잘하는곳,12
서울 서초구 오피스텔청소 가격,seoul-seocho-gu-officetel-cleaning-price,PASS,100,,서울 서초구 오피스텔청소 가격 | 체인지클린,"서울 서초구 오피스텔청소 가격 작업 범위와 준비사항, 진행 순서, 확인 항목을 정리했습니다. 서울 서초구 오피스텔청소 현장에 맞춰 필요한 청소 내용을 확인해보세요.",https://clever-griffin-93819d.netlify.app/seoul-seocho-gu-officetel-cleaning-price/,서울 서초구 오피스텔청소 가격,12
서울 서초구 오피스텔청소 비용,seoul-seocho-gu-officetel-cleaning-cost,PASS,100,,서울 서초구 오피스텔청소 비용 | 현장별 청소 정보,"서울 서초구 오피스텔청소 비용 작업 범위와 준비사항, 진행 순서, 확인 항목을 정리했습니다. 서울 서초구 오피스텔청소 현장에 맞춰 필요한 청소 내용을 확인해보세요.",https://clever-griffin-93819d.netlify.app/seoul-seocho-gu-officetel-cleaning-cost/,서울 서초구 오피스텔청소 비용,12
서울 서초구 오피스텔청소 견적,seoul-seocho-gu-officetel-cleaning-quote,PASS,100,,서울 서초구 오피스텔청소 견적 | 현장별 청소 정보,서울 서초구 오피스텔청소를 알아보는 분을 위한 안내입니다. 서울 서초구 오피스텔청소 견적 작업 전 확인사항부터 마무리 점검까지 자세히 정리했습니다.,https://clever-griffin-93819d.netlify.app/seoul-seocho-gu-officetel-cleaning-quote/,서울 서초구 오피스텔청소 견적,12
서울 서초구 거주청소,seoul-seocho-gu-home-cleaning,PASS,100,,서울 서초구 거주청소 | 현장별 청소 정보,서울 서초구 거주청소를 알아보는 분을 위한 안내입니다. 서울 서초구 거주청소 작업 전 확인사항부터 마무리 점검까지 자세히 정리했습니다.,https://clever-griffin-93819d.netlify.app/seoul-seocho-gu-home-cleaning/,서울 서초구 거주청소,12
서울 서초구 거주청소 전문업체,seoul-seocho-gu-home-cleaning-company,PASS,100,,서울 서초구 거주청소 전문업체 - 청소 작업 안내,서울 서초구 거주청소 전문업체 관련 청소 과정과 체크포인트를 안내합니다. 공간 상태와 오염 범위를 확인한 뒤 현장에 맞는 작업을 진행합니다.,https://clever-griffin-93819d.netlify.app/seoul-seocho-gu-home-cleaning-company/,서울 서초구 거주청소 전문업체,12
서울 서초구 거주청소 잘하는곳,seoul-seocho-gu-home-cleaning-best,PASS,100,,서울 서초구 거주청소 잘하는곳 | 체인지클린,"서울 서초구 거주청소 잘하는곳 작업 범위와 준비사항, 진행 순서, 확인 항목을 정리했습니다. 서울 서초구 거주청소 현장에 맞춰 필요한 청소 내용을 확인해보세요.",https://clever-griffin-93819d.netlify.app/seoul-seocho-gu-home-cleaning-best/,서울 서초구 거주청소 잘하는곳,12
서울 서초구 거주청소 가격,seoul-seocho-gu-home-cleaning-price,PASS,100,,서울 서초구 거주청소 가격 | 체인지클린,"서울 서초구 거주청소 가격 작업 범위와 준비사항, 진행 순서, 확인 항목을 정리했습니다. 서울 서초구 거주청소 현장에 맞춰 필요한 청소 내용을 확인해보세요.",https://clever-griffin-93819d.netlify.app/seoul-seocho-gu-home-cleaning-price/,서울 서초구 거주청소 가격,12
서울 서초구 거주청소 비용,seoul-seocho-gu-home-cleaning-cost,PASS,100,,서울 서초구 거주청소 비용 | 현장별 청소 정보,서울 서초구 거주청소 비용 관련 청소 과정과 체크포인트를 안내합니다. 공간 상태와 오염 범위를 확인한 뒤 현장에 맞는 작업을 진행합니다.,https://clever-griffin-93819d.netlify.app/seoul-seocho-gu-home-cleaning-cost/,서울 서초구 거주청소 비용,12
서울 서초구 거주청소 견적,seoul-seocho-gu-home-cleaning-quote,PASS,100,,서울 서초구 거주청소 견적 | 체인지클린,서울 서초구 거주청소 견적 관련 청소 과정과 체크포인트를 안내합니다. 공간 상태와 오염 범위를 확인한 뒤 현장에 맞는 작업을 진행합니다.,https://clever-griffin-93819d.netlify.app/seoul-seocho-gu-home-cleaning-quote/,서울 서초구 거주청소 견적,12
서울 송파구 입주청소,seoul-songpa-gu-move-in-cleaning,PASS,100,,서울 송파구 입주청소 | 현장별 청소 정보,"서울 송파구 입주청소 작업 범위와 준비사항, 진행 순서, 확인 항목을 정리했습니다. 서울 송파구 입주청소 현장에 맞춰 필요한 청소 내용을 확인해보세요.",https://clever-griffin-93819d.netlify.app/seoul-songpa-gu-move-in-cleaning/,서울 송파구 입주청소,12
서울 송파구 입주청소 전문업체,seoul-songpa-gu-move-in-cleaning-company,PASS,100,,서울 송파구 입주청소 전문업체 | 현장별 청소 정보,서울 송파구 입주청소를 알아보는 분을 위한 안내입니다. 서울 송파구 입주청소 전문업체 작업 전 확인사항부터 마무리 점검까지 자세히 정리했습니다.,https://clever-griffin-93819d.netlify.app/seoul-songpa-gu-move-in-cleaning-company/,서울 송파구 입주청소 전문업체,12
서울 송파구 입주청소 잘하는곳,seoul-songpa-gu-move-in-cleaning-best,PASS,100,,서울 송파구 입주청소 잘하는곳 - 청소 작업 안내,서울 송파구 입주청소를 알아보는 분을 위한 안내입니다. 서울 송파구 입주청소 잘하는곳 작업 전 확인사항부터 마무리 점검까지 자세히 정리했습니다.,https://clever-griffin-93819d.netlify.app/seoul-songpa-gu-move-in-cleaning-best/,서울 송파구 입주청소 잘하는곳,12
서울 송파구 입주청소 가격,seoul-songpa-gu-move-in-cleaning-price,PASS,100,,서울 송파구 입주청소 가격 | 현장별 청소 정보,서울 송파구 입주청소를 알아보는 분을 위한 안내입니다. 서울 송파구 입주청소 가격 작업 전 확인사항부터 마무리 점검까지 자세히 정리했습니다.,https://clever-griffin-93819d.netlify.app/seoul-songpa-gu-move-in-cleaning-price/,서울 송파구 입주청소 가격,12
서울 송파구 입주청소 비용,seoul-songpa-gu-move-in-cleaning-cost,PASS,100,,서울 송파구 입주청소 비용 | 체인지클린,"서울 송파구 입주청소 비용 작업 범위와 준비사항, 진행 순서, 확인 항목을 정리했습니다. 서울 송파구 입주청소 현장에 맞춰 필요한 청소 내용을 확인해보세요.",https://clever-griffin-93819d.netlify.app/seoul-songpa-gu-move-in-cleaning-cost/,서울 송파구 입주청소 비용,12
서울 송파구 입주청소 견적,seoul-songpa-gu-move-in-cleaning-quote,PASS,100,,서울 송파구 입주청소 견적 | 체인지클린,"서울 송파구 입주청소 견적 작업 범위와 준비사항, 진행 순서, 확인 항목을 정리했습니다. 서울 송파구 입주청소 현장에 맞춰 필요한 청소 내용을 확인해보세요.",https://clever-griffin-93819d.netlify.app/seoul-songpa-gu-move-in-cleaning-quote/,서울 송파구 입주청소 견적,12
서울 송파구 이사청소,seoul-songpa-gu-move-out-cleaning,CHECK,96,title 길이 확인,서울 송파구 이사청소 | 체인지클린,서울 송파구 이사청소 관련 청소 과정과 체크포인트를 안내합니다. 공간 상태와 오염 범위를 확인한 뒤 현장에 맞는 작업을 진행합니다.,https://clever-griffin-93819d.netlify.app/seoul-songpa-gu-move-out-cleaning/,서울 송파구 이사청소,12
서울 송파구 이사청소 전문업체,seoul-songpa-gu-move-out-cleaning-company,PASS,100,,서울 송파구 이사청소 전문업체 | 체인지클린,서울 송파구 이사청소를 알아보는 분을 위한 안내입니다. 서울 송파구 이사청소 전문업체 작업 전 확인사항부터 마무리 점검까지 자세히 정리했습니다.,https://clever-griffin-93819d.netlify.app/seoul-songpa-gu-move-out-cleaning-company/,서울 송파구 이사청소 전문업체,12
서울 송파구 이사청소 잘하는곳,seoul-songpa-gu-move-out-cleaning-best,PASS,100,,서울 송파구 이사청소 잘하는곳 | 현장별 청소 정보,서울 송파구 이사청소 잘하는곳 관련 청소 과정과 체크포인트를 안내합니다. 공간 상태와 오염 범위를 확인한 뒤 현장에 맞는 작업을 진행합니다.,https://clever-griffin-93819d.netlify.app/seoul-songpa-gu-move-out-cleaning-best/,서울 송파구 이사청소 잘하는곳,12
서울 송파구 이사청소 가격,seoul-songpa-gu-move-out-cleaning-price,PASS,100,,서울 송파구 이사청소 가격 - 청소 작업 안내,서울 송파구 이사청소 가격 관련 청소 과정과 체크포인트를 안내합니다. 공간 상태와 오염 범위를 확인한 뒤 현장에 맞는 작업을 진행합니다.,https://clever-griffin-93819d.netlify.app/seoul-songpa-gu-move-out-cleaning-price/,서울 송파구 이사청소 가격,12
서울 송파구 이사청소 비용,seoul-songpa-gu-move-out-cleaning-cost,PASS,100,,서울 송파구 이사청소 비용 | 현장별 청소 정보,"서울 송파구 이사청소 비용 작업 범위와 준비사항, 진행 순서, 확인 항목을 정리했습니다. 서울 송파구 이사청소 현장에 맞춰 필요한 청소 내용을 확인해보세요.",https://clever-griffin-93819d.netlify.app/seoul-songpa-gu-move-out-cleaning-cost/,서울 송파구 이사청소 비용,12
서울 송파구 이사청소 견적,seoul-songpa-gu-move-out-cleaning-quote,PASS,100,,서울 송파구 이사청소 견적 | 체인지클린,서울 송파구 이사청소 견적 관련 청소 과정과 체크포인트를 안내합니다. 공간 상태와 오염 범위를 확인한 뒤 현장에 맞는 작업을 진행합니다.,https://clever-griffin-93819d.netlify.app/seoul-songpa-gu-move-out-cleaning-quote/,서울 송파구 이사청소 견적,12
서울 송파구 준공청소,seoul-songpa-gu-post-construction-cleaning,PASS,100,,서울 송파구 준공청소 | 현장별 청소 정보,서울 송파구 준공청소 관련 청소 과정과 체크포인트를 안내합니다. 공간 상태와 오염 범위를 확인한 뒤 현장에 맞는 작업을 진행합니다.,https://clever-griffin-93819d.netlify.app/seoul-songpa-gu-post-construction-cleaning/,서울 송파구 준공청소,12
서울 송파구 준공청소 전문업체,seoul-songpa-gu-post-construction-cleaning-company,PASS,100,,서울 송파구 준공청소 전문업체 | 체인지클린,"서울 송파구 준공청소 전문업체 작업 범위와 준비사항, 진행 순서, 확인 항목을 정리했습니다. 서울 송파구 준공청소 현장에 맞춰 필요한 청소 내용을 확인해보세요.",https://clever-griffin-93819d.netlify.app/seoul-songpa-gu-post-construction-cleaning-company/,서울 송파구 준공청소 전문업체,12
서울 송파구 준공청소 잘하는곳,seoul-songpa-gu-post-construction-cleaning-best,PASS,100,,서울 송파구 준공청소 잘하는곳 | 현장별 청소 정보,서울 송파구 준공청소를 알아보는 분을 위한 안내입니다. 서울 송파구 준공청소 잘하는곳 작업 전 확인사항부터 마무리 점검까지 자세히 정리했습니다.,https://clever-griffin-93819d.netlify.app/seoul-songpa-gu-post-construction-cleaning-best/,서울 송파구 준공청소 잘하는곳,12
서울 송파구 준공청소 가격,seoul-songpa-gu-post-construction-cleaning-price,PASS,100,,서울 송파구 준공청소 가격 | 체인지클린,서울 송파구 준공청소 가격 관련 청소 과정과 체크포인트를 안내합니다. 공간 상태와 오염 범위를 확인한 뒤 현장에 맞는 작업을 진행합니다.,https://clever-griffin-93819d.netlify.app/seoul-songpa-gu-post-construction-cleaning-price/,서울 송파구 준공청소 가격,12
서울 송파구 준공청소 비용,seoul-songpa-gu-post-construction-cleaning-cost,PASS,100,,서울 송파구 준공청소 비용 - 청소 작업 안내,"서울 송파구 준공청소 비용 작업 범위와 준비사항, 진행 순서, 확인 항목을 정리했습니다. 서울 송파구 준공청소 현장에 맞춰 필요한 청소 내용을 확인해보세요.",https://clever-griffin-93819d.netlify.app/seoul-songpa-gu-post-construction-cleaning-cost/,서울 송파구 준공청소 비용,12
서울 송파구 준공청소 견적,seoul-songpa-gu-post-construction-cleaning-quote,PASS,100,,서울 송파구 준공청소 견적 | 현장별 청소 정보,서울 송파구 준공청소 견적 관련 청소 과정과 체크포인트를 안내합니다. 공간 상태와 오염 범위를 확인한 뒤 현장에 맞는 작업을 진행합니다.,https://clever-griffin-93819d.netlify.app/seoul-songpa-gu-post-construction-cleaning-quote/,서울 송파구 준공청소 견적,12
서울 송파구 상가청소,seoul-songpa-gu-store-cleaning,CHECK,96,title 길이 확인,서울 송파구 상가청소 | 체인지클린,서울 송파구 상가청소 관련 청소 과정과 체크포인트를 안내합니다. 공간 상태와 오염 범위를 확인한 뒤 현장에 맞는 작업을 진행합니다.,https://clever-griffin-93819d.netlify.app/seoul-songpa-gu-store-cleaning/,서울 송파구 상가청소,12
서울 송파구 상가청소 전문업체,seoul-songpa-gu-store-cleaning-company,PASS,100,,서울 송파구 상가청소 전문업체 | 현장별 청소 정보,서울 송파구 상가청소 전문업체 관련 청소 과정과 체크포인트를 안내합니다. 공간 상태와 오염 범위를 확인한 뒤 현장에 맞는 작업을 진행합니다.,https://clever-griffin-93819d.netlify.app/seoul-songpa-gu-store-cleaning-company/,서울 송파구 상가청소 전문업체,12
서울 송파구 상가청소 잘하는곳,seoul-songpa-gu-store-cleaning-best,PASS,100,,서울 송파구 상가청소 잘하는곳 - 청소 작업 안내,서울 송파구 상가청소 잘하는곳 관련 청소 과정과 체크포인트를 안내합니다. 공간 상태와 오염 범위를 확인한 뒤 현장에 맞는 작업을 진행합니다.,https://clever-griffin-93819d.netlify.app/seoul-songpa-gu-store-cleaning-best/,서울 송파구 상가청소 잘하는곳,12
서울 송파구 상가청소 가격,seoul-songpa-gu-store-cleaning-price,PASS,100,,서울 송파구 상가청소 가격 - 청소 작업 안내,서울 송파구 상가청소 가격 관련 청소 과정과 체크포인트를 안내합니다. 공간 상태와 오염 범위를 확인한 뒤 현장에 맞는 작업을 진행합니다.,https://clever-griffin-93819d.netlify.app/seoul-songpa-gu-store-cleaning-price/,서울 송파구 상가청소 가격,12
서울 송파구 상가청소 비용,seoul-songpa-gu-store-cleaning-cost,PASS,100,,서울 송파구 상가청소 비용 | 현장별 청소 정보,"서울 송파구 상가청소 비용 작업 범위와 준비사항, 진행 순서, 확인 항목을 정리했습니다. 서울 송파구 상가청소 현장에 맞춰 필요한 청소 내용을 확인해보세요.",https://clever-griffin-93819d.netlify.app/seoul-songpa-gu-store-cleaning-cost/,서울 송파구 상가청소 비용,12
서울 송파구 상가청소 견적,seoul-songpa-gu-store-cleaning-quote,PASS,100,,서울 송파구 상가청소 견적 | 현장별 청소 정보,서울 송파구 상가청소 견적 관련 청소 과정과 체크포인트를 안내합니다. 공간 상태와 오염 범위를 확인한 뒤 현장에 맞는 작업을 진행합니다.,https://clever-griffin-93819d.netlify.app/seoul-songpa-gu-store-cleaning-quote/,서울 송파구 상가청소 견적,12
서울 송파구 사무실청소,seoul-songpa-gu-office-cleaning,PASS,100,,서울 송파구 사무실청소 | 체인지클린,서울 송파구 사무실청소를 알아보는 분을 위한 안내입니다. 서울 송파구 사무실청소 작업 전 확인사항부터 마무리 점검까지 자세히 정리했습니다.,https://clever-griffin-93819d.netlify.app/seoul-songpa-gu-office-cleaning/,서울 송파구 사무실청소,12
서울 송파구 사무실청소 전문업체,seoul-songpa-gu-office-cleaning-company,PASS,100,,서울 송파구 사무실청소 전문업체 - 청소 작업 안내,"서울 송파구 사무실청소 전문업체 작업 범위와 준비사항, 진행 순서, 확인 항목을 정리했습니다. 서울 송파구 사무실청소 현장에 맞춰 필요한 청소 내용을 확인해보세요.",https://clever-griffin-93819d.netlify.app/seoul-songpa-gu-office-cleaning-company/,서울 송파구 사무실청소 전문업체,12
서울 송파구 사무실청소 잘하는곳,seoul-songpa-gu-office-cleaning-best,PASS,100,,서울 송파구 사무실청소 잘하는곳 | 현장별 청소 정보,서울 송파구 사무실청소를 알아보는 분을 위한 안내입니다. 서울 송파구 사무실청소 잘하는곳 작업 전 확인사항부터 마무리 점검까지 자세히 정리했습니다.,https://clever-griffin-93819d.netlify.app/seoul-songpa-gu-office-cleaning-best/,서울 송파구 사무실청소 잘하는곳,12
서울 송파구 사무실청소 가격,seoul-songpa-gu-office-cleaning-price,PASS,100,,서울 송파구 사무실청소 가격 | 현장별 청소 정보,서울 송파구 사무실청소 가격 관련 청소 과정과 체크포인트를 안내합니다. 공간 상태와 오염 범위를 확인한 뒤 현장에 맞는 작업을 진행합니다.,https://clever-griffin-93819d.netlify.app/seoul-songpa-gu-office-cleaning-price/,서울 송파구 사무실청소 가격,12
서울 송파구 사무실청소 비용,seoul-songpa-gu-office-cleaning-cost,PASS,100,,서울 송파구 사무실청소 비용 - 청소 작업 안내,"서울 송파구 사무실청소 비용 작업 범위와 준비사항, 진행 순서, 확인 항목을 정리했습니다. 서울 송파구 사무실청소 현장에 맞춰 필요한 청소 내용을 확인해보세요.",https://clever-griffin-93819d.netlify.app/seoul-songpa-gu-office-cleaning-cost/,서울 송파구 사무실청소 비용,12
서울 송파구 사무실청소 견적,seoul-songpa-gu-office-cleaning-quote,PASS,100,,서울 송파구 사무실청소 견적 | 현장별 청소 정보,"서울 송파구 사무실청소 견적 작업 범위와 준비사항, 진행 순서, 확인 항목을 정리했습니다. 서울 송파구 사무실청소 현장에 맞춰 필요한 청소 내용을 확인해보세요.",https://clever-griffin-93819d.netlify.app/seoul-songpa-gu-office-cleaning-quote/,서울 송파구 사무실청소 견적,12
서울 송파구 빌라청소,seoul-songpa-gu-villa-cleaning,PASS,100,,서울 송파구 빌라청소 | 현장별 청소 정보,"서울 송파구 빌라청소 작업 범위와 준비사항, 진행 순서, 확인 항목을 정리했습니다. 서울 송파구 빌라청소 현장에 맞춰 필요한 청소 내용을 확인해보세요.",https://clever-griffin-93819d.netlify.app/seoul-songpa-gu-villa-cleaning/,서울 송파구 빌라청소,12
서울 송파구 빌라청소 전문업체,seoul-songpa-gu-villa-cleaning-company,PASS,100,,서울 송파구 빌라청소 전문업체 | 현장별 청소 정보,"서울 송파구 빌라청소 전문업체 작업 범위와 준비사항, 진행 순서, 확인 항목을 정리했습니다. 서울 송파구 빌라청소 현장에 맞춰 필요한 청소 내용을 확인해보세요.",https://clever-griffin-93819d.netlify.app/seoul-songpa-gu-villa-cleaning-company/,서울 송파구 빌라청소 전문업체,12
서울 송파구 빌라청소 잘하는곳,seoul-songpa-gu-villa-cleaning-best,PASS,100,,서울 송파구 빌라청소 잘하는곳 | 현장별 청소 정보,서울 송파구 빌라청소 잘하는곳 관련 청소 과정과 체크포인트를 안내합니다. 공간 상태와 오염 범위를 확인한 뒤 현장에 맞는 작업을 진행합니다.,https://clever-griffin-93819d.netlify.app/seoul-songpa-gu-villa-cleaning-best/,서울 송파구 빌라청소 잘하는곳,12
서울 송파구 빌라청소 가격,seoul-songpa-gu-villa-cleaning-price,PASS,100,,서울 송파구 빌라청소 가격 | 체인지클린,"서울 송파구 빌라청소 가격 작업 범위와 준비사항, 진행 순서, 확인 항목을 정리했습니다. 서울 송파구 빌라청소 현장에 맞춰 필요한 청소 내용을 확인해보세요.",https://clever-griffin-93819d.netlify.app/seoul-songpa-gu-villa-cleaning-price/,서울 송파구 빌라청소 가격,12
서울 송파구 빌라청소 비용,seoul-songpa-gu-villa-cleaning-cost,PASS,100,,서울 송파구 빌라청소 비용 - 청소 작업 안내,서울 송파구 빌라청소 비용 관련 청소 과정과 체크포인트를 안내합니다. 공간 상태와 오염 범위를 확인한 뒤 현장에 맞는 작업을 진행합니다.,https://clever-griffin-93819d.netlify.app/seoul-songpa-gu-villa-cleaning-cost/,서울 송파구 빌라청소 비용,12
서울 송파구 빌라청소 견적,seoul-songpa-gu-villa-cleaning-quote,PASS,100,,서울 송파구 빌라청소 견적 | 현장별 청소 정보,서울 송파구 빌라청소를 알아보는 분을 위한 안내입니다. 서울 송파구 빌라청소 견적 작업 전 확인사항부터 마무리 점검까지 자세히 정리했습니다.,https://clever-griffin-93819d.netlify.app/seoul-songpa-gu-villa-cleaning-quote/,서울 송파구 빌라청소 견적,12
서울 송파구 아파트청소,seoul-songpa-gu-apartment-cleaning,PASS,100,,서울 송파구 아파트청소 - 청소 작업 안내,서울 송파구 아파트청소를 알아보는 분을 위한 안내입니다. 서울 송파구 아파트청소 작업 전 확인사항부터 마무리 점검까지 자세히 정리했습니다.,https://clever-griffin-93819d.netlify.app/seoul-songpa-gu-apartment-cleaning/,서울 송파구 아파트청소,12
서울 송파구 아파트청소 전문업체,seoul-songpa-gu-apartment-cleaning-company,PASS,100,,서울 송파구 아파트청소 전문업체 | 현장별 청소 정보,"서울 송파구 아파트청소 전문업체 작업 범위와 준비사항, 진행 순서, 확인 항목을 정리했습니다. 서울 송파구 아파트청소 현장에 맞춰 필요한 청소 내용을 확인해보세요.",https://clever-griffin-93819d.netlify.app/seoul-songpa-gu-apartment-cleaning-company/,서울 송파구 아파트청소 전문업체,12
서울 송파구 아파트청소 잘하는곳,seoul-songpa-gu-apartment-cleaning-best,PASS,100,,서울 송파구 아파트청소 잘하는곳 | 현장별 청소 정보,서울 송파구 아파트청소 잘하는곳 관련 청소 과정과 체크포인트를 안내합니다. 공간 상태와 오염 범위를 확인한 뒤 현장에 맞는 작업을 진행합니다.,https://clever-griffin-93819d.netlify.app/seoul-songpa-gu-apartment-cleaning-best/,서울 송파구 아파트청소 잘하는곳,12
서울 송파구 아파트청소 가격,seoul-songpa-gu-apartment-cleaning-price,PASS,100,,서울 송파구 아파트청소 가격 | 체인지클린,"서울 송파구 아파트청소 가격 작업 범위와 준비사항, 진행 순서, 확인 항목을 정리했습니다. 서울 송파구 아파트청소 현장에 맞춰 필요한 청소 내용을 확인해보세요.",https://clever-griffin-93819d.netlify.app/seoul-songpa-gu-apartment-cleaning-price/,서울 송파구 아파트청소 가격,12
서울 송파구 아파트청소 비용,seoul-songpa-gu-apartment-cleaning-cost,PASS,100,,서울 송파구 아파트청소 비용 | 체인지클린,서울 송파구 아파트청소를 알아보는 분을 위한 안내입니다. 서울 송파구 아파트청소 비용 작업 전 확인사항부터 마무리 점검까지 자세히 정리했습니다.,https://clever-griffin-93819d.netlify.app/seoul-songpa-gu-apartment-cleaning-cost/,서울 송파구 아파트청소 비용,12
서울 송파구 아파트청소 견적,seoul-songpa-gu-apartment-cleaning-quote,PASS,100,,서울 송파구 아파트청소 견적 | 현장별 청소 정보,"서울 송파구 아파트청소 견적 작업 범위와 준비사항, 진행 순서, 확인 항목을 정리했습니다. 서울 송파구 아파트청소 현장에 맞춰 필요한 청소 내용을 확인해보세요.",https://clever-griffin-93819d.netlify.app/seoul-songpa-gu-apartment-cleaning-quote/,서울 송파구 아파트청소 견적,12
서울 송파구 오피스텔청소,seoul-songpa-gu-officetel-cleaning,PASS,100,,서울 송파구 오피스텔청소 | 체인지클린,"서울 송파구 오피스텔청소 작업 범위와 준비사항, 진행 순서, 확인 항목을 정리했습니다. 서울 송파구 오피스텔청소 현장에 맞춰 필요한 청소 내용을 확인해보세요.",https://clever-griffin-93819d.netlify.app/seoul-songpa-gu-officetel-cleaning/,서울 송파구 오피스텔청소,12
서울 송파구 오피스텔청소 전문업체,seoul-songpa-gu-officetel-cleaning-company,PASS,100,,서울 송파구 오피스텔청소 전문업체 | 체인지클린,서울 송파구 오피스텔청소를 알아보는 분을 위한 안내입니다. 서울 송파구 오피스텔청소 전문업체 작업 전 확인사항부터 마무리 점검까지 자세히 정리했습니다.,https://clever-griffin-93819d.netlify.app/seoul-songpa-gu-officetel-cleaning-company/,서울 송파구 오피스텔청소 전문업체,12
서울 송파구 오피스텔청소 잘하는곳,seoul-songpa-gu-officetel-cleaning-best,PASS,100,,서울 송파구 오피스텔청소 잘하는곳 - 청소 작업 안내,서울 송파구 오피스텔청소 잘하는곳 관련 청소 과정과 체크포인트를 안내합니다. 공간 상태와 오염 범위를 확인한 뒤 현장에 맞는 작업을 진행합니다.,https://clever-griffin-93819d.netlify.app/seoul-songpa-gu-officetel-cleaning-best/,서울 송파구 오피스텔청소 잘하는곳,12
서울 송파구 오피스텔청소 가격,seoul-songpa-gu-officetel-cleaning-price,PASS,100,,서울 송파구 오피스텔청소 가격 | 현장별 청소 정보,서울 송파구 오피스텔청소를 알아보는 분을 위한 안내입니다. 서울 송파구 오피스텔청소 가격 작업 전 확인사항부터 마무리 점검까지 자세히 정리했습니다.,https://clever-griffin-93819d.netlify.app/seoul-songpa-gu-officetel-cleaning-price/,서울 송파구 오피스텔청소 가격,12
서울 송파구 오피스텔청소 비용,seoul-songpa-gu-officetel-cleaning-cost,PASS,100,,서울 송파구 오피스텔청소 비용 | 체인지클린,서울 송파구 오피스텔청소 비용 관련 청소 과정과 체크포인트를 안내합니다. 공간 상태와 오염 범위를 확인한 뒤 현장에 맞는 작업을 진행합니다.,https://clever-griffin-93819d.netlify.app/seoul-songpa-gu-officetel-cleaning-cost/,서울 송파구 오피스텔청소 비용,12
서울 송파구 오피스텔청소 견적,seoul-songpa-gu-officetel-cleaning-quote,PASS,100,,서울 송파구 오피스텔청소 견적 - 청소 작업 안내,서울 송파구 오피스텔청소를 알아보는 분을 위한 안내입니다. 서울 송파구 오피스텔청소 견적 작업 전 확인사항부터 마무리 점검까지 자세히 정리했습니다.,https://clever-griffin-93819d.netlify.app/seoul-songpa-gu-officetel-cleaning-quote/,서울 송파구 오피스텔청소 견적,12
서울 송파구 거주청소,seoul-songpa-gu-home-cleaning,PASS,100,,서울 송파구 거주청소 - 청소 작업 안내,서울 송파구 거주청소를 알아보는 분을 위한 안내입니다. 서울 송파구 거주청소 작업 전 확인사항부터 마무리 점검까지 자세히 정리했습니다.,https://clever-griffin-93819d.netlify.app/seoul-songpa-gu-home-cleaning/,서울 송파구 거주청소,12
서울 송파구 거주청소 전문업체,seoul-songpa-gu-home-cleaning-company,PASS,100,,서울 송파구 거주청소 전문업체 | 체인지클린,서울 송파구 거주청소 전문업체 관련 청소 과정과 체크포인트를 안내합니다. 공간 상태와 오염 범위를 확인한 뒤 현장에 맞는 작업을 진행합니다.,https://clever-griffin-93819d.netlify.app/seoul-songpa-gu-home-cleaning-company/,서울 송파구 거주청소 전문업체,12
서울 송파구 거주청소 잘하는곳,seoul-songpa-gu-home-cleaning-best,PASS,100,,서울 송파구 거주청소 잘하는곳 - 청소 작업 안내,서울 송파구 거주청소 잘하는곳 관련 청소 과정과 체크포인트를 안내합니다. 공간 상태와 오염 범위를 확인한 뒤 현장에 맞는 작업을 진행합니다.,https://clever-griffin-93819d.netlify.app/seoul-songpa-gu-home-cleaning-best/,서울 송파구 거주청소 잘하는곳,12
서울 송파구 거주청소 가격,seoul-songpa-gu-home-cleaning-price,PASS,100,,서울 송파구 거주청소 가격 | 체인지클린,"서울 송파구 거주청소 가격 작업 범위와 준비사항, 진행 순서, 확인 항목을 정리했습니다. 서울 송파구 거주청소 현장에 맞춰 필요한 청소 내용을 확인해보세요.",https://clever-griffin-93819d.netlify.app/seoul-songpa-gu-home-cleaning-price/,서울 송파구 거주청소 가격,12
서울 송파구 거주청소 비용,seoul-songpa-gu-home-cleaning-cost,PASS,100,,서울 송파구 거주청소 비용 | 현장별 청소 정보,서울 송파구 거주청소를 알아보는 분을 위한 안내입니다. 서울 송파구 거주청소 비용 작업 전 확인사항부터 마무리 점검까지 자세히 정리했습니다.,https://clever-griffin-93819d.netlify.app/seoul-songpa-gu-home-cleaning-cost/,서울 송파구 거주청소 비용,12
서울 송파구 거주청소 견적,seoul-songpa-gu-home-cleaning-quote,PASS,100,,서울 송파구 거주청소 견적 - 청소 작업 안내,서울 송파구 거주청소를 알아보는 분을 위한 안내입니다. 서울 송파구 거주청소 견적 작업 전 확인사항부터 마무리 점검까지 자세히 정리했습니다.,https://clever-griffin-93819d.netlify.app/seoul-songpa-gu-home-cleaning-quote/,서울 송파구 거주청소 견적,12
서울 강동구 입주청소,seoul-gangdong-gu-move-in-cleaning,PASS,100,,서울 강동구 입주청소 - 청소 작업 안내,서울 강동구 입주청소를 알아보는 분을 위한 안내입니다. 서울 강동구 입주청소 작업 전 확인사항부터 마무리 점검까지 자세히 정리했습니다.,https://clever-griffin-93819d.netlify.app/seoul-gangdong-gu-move-in-cleaning/,서울 강동구 입주청소,12
서울 강동구 입주청소 전문업체,seoul-gangdong-gu-move-in-cleaning-company,PASS,100,,서울 강동구 입주청소 전문업체 | 현장별 청소 정보,서울 강동구 입주청소 전문업체 관련 청소 과정과 체크포인트를 안내합니다. 공간 상태와 오염 범위를 확인한 뒤 현장에 맞는 작업을 진행합니다.,https://clever-griffin-93819d.netlify.app/seoul-gangdong-gu-move-in-cleaning-company/,서울 강동구 입주청소 전문업체,12
서울 강동구 입주청소 잘하는곳,seoul-gangdong-gu-move-in-cleaning-best,PASS,100,,서울 강동구 입주청소 잘하는곳 | 현장별 청소 정보,"서울 강동구 입주청소 잘하는곳 작업 범위와 준비사항, 진행 순서, 확인 항목을 정리했습니다. 서울 강동구 입주청소 현장에 맞춰 필요한 청소 내용을 확인해보세요.",https://clever-griffin-93819d.netlify.app/seoul-gangdong-gu-move-in-cleaning-best/,서울 강동구 입주청소 잘하는곳,12
서울 강동구 입주청소 가격,seoul-gangdong-gu-move-in-cleaning-price,PASS,100,,서울 강동구 입주청소 가격 | 체인지클린,서울 강동구 입주청소를 알아보는 분을 위한 안내입니다. 서울 강동구 입주청소 가격 작업 전 확인사항부터 마무리 점검까지 자세히 정리했습니다.,https://clever-griffin-93819d.netlify.app/seoul-gangdong-gu-move-in-cleaning-price/,서울 강동구 입주청소 가격,12
서울 강동구 입주청소 비용,seoul-gangdong-gu-move-in-cleaning-cost,PASS,100,,서울 강동구 입주청소 비용 | 체인지클린,서울 강동구 입주청소 비용 관련 청소 과정과 체크포인트를 안내합니다. 공간 상태와 오염 범위를 확인한 뒤 현장에 맞는 작업을 진행합니다.,https://clever-griffin-93819d.netlify.app/seoul-gangdong-gu-move-in-cleaning-cost/,서울 강동구 입주청소 비용,12
서울 강동구 입주청소 견적,seoul-gangdong-gu-move-in-cleaning-quote,PASS,100,,서울 강동구 입주청소 견적 | 체인지클린,서울 강동구 입주청소 견적 관련 청소 과정과 체크포인트를 안내합니다. 공간 상태와 오염 범위를 확인한 뒤 현장에 맞는 작업을 진행합니다.,https://clever-griffin-93819d.netlify.app/seoul-gangdong-gu-move-in-cleaning-quote/,서울 강동구 입주청소 견적,12
서울 강동구 이사청소,seoul-gangdong-gu-move-out-cleaning,CHECK,96,title 길이 확인,서울 강동구 이사청소 | 체인지클린,"서울 강동구 이사청소 작업 범위와 준비사항, 진행 순서, 확인 항목을 정리했습니다. 서울 강동구 이사청소 현장에 맞춰 필요한 청소 내용을 확인해보세요.",https://clever-griffin-93819d.netlify.app/seoul-gangdong-gu-move-out-cleaning/,서울 강동구 이사청소,12
서울 강동구 이사청소 전문업체,seoul-gangdong-gu-move-out-cleaning-company,PASS,100,,서울 강동구 이사청소 전문업체 - 청소 작업 안내,서울 강동구 이사청소 전문업체 관련 청소 과정과 체크포인트를 안내합니다. 공간 상태와 오염 범위를 확인한 뒤 현장에 맞는 작업을 진행합니다.,https://clever-griffin-93819d.netlify.app/seoul-gangdong-gu-move-out-cleaning-company/,서울 강동구 이사청소 전문업체,12
서울 강동구 이사청소 잘하는곳,seoul-gangdong-gu-move-out-cleaning-best,PASS,100,,서울 강동구 이사청소 잘하는곳 | 현장별 청소 정보,서울 강동구 이사청소를 알아보는 분을 위한 안내입니다. 서울 강동구 이사청소 잘하는곳 작업 전 확인사항부터 마무리 점검까지 자세히 정리했습니다.,https://clever-griffin-93819d.netlify.app/seoul-gangdong-gu-move-out-cleaning-best/,서울 강동구 이사청소 잘하는곳,12
서울 강동구 이사청소 가격,seoul-gangdong-gu-move-out-cleaning-price,PASS,100,,서울 강동구 이사청소 가격 | 체인지클린,서울 강동구 이사청소를 알아보는 분을 위한 안내입니다. 서울 강동구 이사청소 가격 작업 전 확인사항부터 마무리 점검까지 자세히 정리했습니다.,https://clever-griffin-93819d.netlify.app/seoul-gangdong-gu-move-out-cleaning-price/,서울 강동구 이사청소 가격,12
서울 강동구 이사청소 비용,seoul-gangdong-gu-move-out-cleaning-cost,PASS,100,,서울 강동구 이사청소 비용 - 청소 작업 안내,"서울 강동구 이사청소 비용 작업 범위와 준비사항, 진행 순서, 확인 항목을 정리했습니다. 서울 강동구 이사청소 현장에 맞춰 필요한 청소 내용을 확인해보세요.",https://clever-griffin-93819d.netlify.app/seoul-gangdong-gu-move-out-cleaning-cost/,서울 강동구 이사청소 비용,12
서울 강동구 이사청소 견적,seoul-gangdong-gu-move-out-cleaning-quote,PASS,100,,서울 강동구 이사청소 견적 | 체인지클린,"서울 강동구 이사청소 견적 작업 범위와 준비사항, 진행 순서, 확인 항목을 정리했습니다. 서울 강동구 이사청소 현장에 맞춰 필요한 청소 내용을 확인해보세요.",https://clever-griffin-93819d.netlify.app/seoul-gangdong-gu-move-out-cleaning-quote/,서울 강동구 이사청소 견적,12
서울 강동구 준공청소,seoul-gangdong-gu-post-construction-cleaning,PASS,100,,서울 강동구 준공청소 - 청소 작업 안내,서울 강동구 준공청소를 알아보는 분을 위한 안내입니다. 서울 강동구 준공청소 작업 전 확인사항부터 마무리 점검까지 자세히 정리했습니다.,https://clever-griffin-93819d.netlify.app/seoul-gangdong-gu-post-construction-cleaning/,서울 강동구 준공청소,12
서울 강동구 준공청소 전문업체,seoul-gangdong-gu-post-construction-cleaning-company,PASS,100,,서울 강동구 준공청소 전문업체 | 현장별 청소 정보,"서울 강동구 준공청소 전문업체 작업 범위와 준비사항, 진행 순서, 확인 항목을 정리했습니다. 서울 강동구 준공청소 현장에 맞춰 필요한 청소 내용을 확인해보세요.",https://clever-griffin-93819d.netlify.app/seoul-gangdong-gu-post-construction-cleaning-company/,서울 강동구 준공청소 전문업체,12
서울 강동구 준공청소 잘하는곳,seoul-gangdong-gu-post-construction-cleaning-best,PASS,100,,서울 강동구 준공청소 잘하는곳 | 체인지클린,서울 강동구 준공청소를 알아보는 분을 위한 안내입니다. 서울 강동구 준공청소 잘하는곳 작업 전 확인사항부터 마무리 점검까지 자세히 정리했습니다.,https://clever-griffin-93819d.netlify.app/seoul-gangdong-gu-post-construction-cleaning-best/,서울 강동구 준공청소 잘하는곳,12
서울 강동구 준공청소 가격,seoul-gangdong-gu-post-construction-cleaning-price,PASS,100,,서울 강동구 준공청소 가격 | 현장별 청소 정보,"서울 강동구 준공청소 가격 작업 범위와 준비사항, 진행 순서, 확인 항목을 정리했습니다. 서울 강동구 준공청소 현장에 맞춰 필요한 청소 내용을 확인해보세요.",https://clever-griffin-93819d.netlify.app/seoul-gangdong-gu-post-construction-cleaning-price/,서울 강동구 준공청소 가격,12
서울 강동구 준공청소 비용,seoul-gangdong-gu-post-construction-cleaning-cost,PASS,100,,서울 강동구 준공청소 비용 | 현장별 청소 정보,"서울 강동구 준공청소 비용 작업 범위와 준비사항, 진행 순서, 확인 항목을 정리했습니다. 서울 강동구 준공청소 현장에 맞춰 필요한 청소 내용을 확인해보세요.",https://clever-griffin-93819d.netlify.app/seoul-gangdong-gu-post-construction-cleaning-cost/,서울 강동구 준공청소 비용,12
서울 강동구 준공청소 견적,seoul-gangdong-gu-post-construction-cleaning-quote,PASS,100,,서울 강동구 준공청소 견적 | 현장별 청소 정보,서울 강동구 준공청소를 알아보는 분을 위한 안내입니다. 서울 강동구 준공청소 견적 작업 전 확인사항부터 마무리 점검까지 자세히 정리했습니다.,https://clever-griffin-93819d.netlify.app/seoul-gangdong-gu-post-construction-cleaning-quote/,서울 강동구 준공청소 견적,12
서울 강동구 상가청소,seoul-gangdong-gu-store-cleaning,CHECK,96,title 길이 확인,서울 강동구 상가청소 | 체인지클린,서울 강동구 상가청소를 알아보는 분을 위한 안내입니다. 서울 강동구 상가청소 작업 전 확인사항부터 마무리 점검까지 자세히 정리했습니다.,https://clever-griffin-93819d.netlify.app/seoul-gangdong-gu-store-cleaning/,서울 강동구 상가청소,12
서울 강동구 상가청소 전문업체,seoul-gangdong-gu-store-cleaning-company,PASS,100,,서울 강동구 상가청소 전문업체 | 현장별 청소 정보,서울 강동구 상가청소를 알아보는 분을 위한 안내입니다. 서울 강동구 상가청소 전문업체 작업 전 확인사항부터 마무리 점검까지 자세히 정리했습니다.,https://clever-griffin-93819d.netlify.app/seoul-gangdong-gu-store-cleaning-company/,서울 강동구 상가청소 전문업체,12
서울 강동구 상가청소 잘하는곳,seoul-gangdong-gu-store-cleaning-best,PASS,100,,서울 강동구 상가청소 잘하는곳 | 체인지클린,"서울 강동구 상가청소 잘하는곳 작업 범위와 준비사항, 진행 순서, 확인 항목을 정리했습니다. 서울 강동구 상가청소 현장에 맞춰 필요한 청소 내용을 확인해보세요.",https://clever-griffin-93819d.netlify.app/seoul-gangdong-gu-store-cleaning-best/,서울 강동구 상가청소 잘하는곳,12
서울 강동구 상가청소 가격,seoul-gangdong-gu-store-cleaning-price,PASS,100,,서울 강동구 상가청소 가격 | 체인지클린,서울 강동구 상가청소 가격 관련 청소 과정과 체크포인트를 안내합니다. 공간 상태와 오염 범위를 확인한 뒤 현장에 맞는 작업을 진행합니다.,https://clever-griffin-93819d.netlify.app/seoul-gangdong-gu-store-cleaning-price/,서울 강동구 상가청소 가격,12
서울 강동구 상가청소 비용,seoul-gangdong-gu-store-cleaning-cost,PASS,100,,서울 강동구 상가청소 비용 | 체인지클린,서울 강동구 상가청소 비용 관련 청소 과정과 체크포인트를 안내합니다. 공간 상태와 오염 범위를 확인한 뒤 현장에 맞는 작업을 진행합니다.,https://clever-griffin-93819d.netlify.app/seoul-gangdong-gu-store-cleaning-cost/,서울 강동구 상가청소 비용,12
서울 강동구 상가청소 견적,seoul-gangdong-gu-store-cleaning-quote,PASS,100,,서울 강동구 상가청소 견적 | 체인지클린,서울 강동구 상가청소 견적 관련 청소 과정과 체크포인트를 안내합니다. 공간 상태와 오염 범위를 확인한 뒤 현장에 맞는 작업을 진행합니다.,https://clever-griffin-93819d.netlify.app/seoul-gangdong-gu-store-cleaning-quote/,서울 강동구 상가청소 견적,12
서울 강동구 사무실청소,seoul-gangdong-gu-office-cleaning,PASS,100,,서울 강동구 사무실청소 | 체인지클린,서울 강동구 사무실청소 관련 청소 과정과 체크포인트를 안내합니다. 공간 상태와 오염 범위를 확인한 뒤 현장에 맞는 작업을 진행합니다.,https://clever-griffin-93819d.netlify.app/seoul-gangdong-gu-office-cleaning/,서울 강동구 사무실청소,12
서울 강동구 사무실청소 전문업체,seoul-gangdong-gu-office-cleaning-company,PASS,100,,서울 강동구 사무실청소 전문업체 | 현장별 청소 정보,서울 강동구 사무실청소 전문업체 관련 청소 과정과 체크포인트를 안내합니다. 공간 상태와 오염 범위를 확인한 뒤 현장에 맞는 작업을 진행합니다.,https://clever-griffin-93819d.netlify.app/seoul-gangdong-gu-office-cleaning-company/,서울 강동구 사무실청소 전문업체,12
서울 강동구 사무실청소 잘하는곳,seoul-gangdong-gu-office-cleaning-best,PASS,100,,서울 강동구 사무실청소 잘하는곳 | 현장별 청소 정보,서울 강동구 사무실청소를 알아보는 분을 위한 안내입니다. 서울 강동구 사무실청소 잘하는곳 작업 전 확인사항부터 마무리 점검까지 자세히 정리했습니다.,https://clever-griffin-93819d.netlify.app/seoul-gangdong-gu-office-cleaning-best/,서울 강동구 사무실청소 잘하는곳,12
서울 강동구 사무실청소 가격,seoul-gangdong-gu-office-cleaning-price,PASS,100,,서울 강동구 사무실청소 가격 | 현장별 청소 정보,서울 강동구 사무실청소 가격 관련 청소 과정과 체크포인트를 안내합니다. 공간 상태와 오염 범위를 확인한 뒤 현장에 맞는 작업을 진행합니다.,https://clever-griffin-93819d.netlify.app/seoul-gangdong-gu-office-cleaning-price/,서울 강동구 사무실청소 가격,12
서울 강동구 사무실청소 비용,seoul-gangdong-gu-office-cleaning-cost,PASS,100,,서울 강동구 사무실청소 비용 | 현장별 청소 정보,"서울 강동구 사무실청소 비용 작업 범위와 준비사항, 진행 순서, 확인 항목을 정리했습니다. 서울 강동구 사무실청소 현장에 맞춰 필요한 청소 내용을 확인해보세요.",https://clever-griffin-93819d.netlify.app/seoul-gangdong-gu-office-cleaning-cost/,서울 강동구 사무실청소 비용,12
서울 강동구 사무실청소 견적,seoul-gangdong-gu-office-cleaning-quote,PASS,100,,서울 강동구 사무실청소 견적 | 체인지클린,"서울 강동구 사무실청소 견적 작업 범위와 준비사항, 진행 순서, 확인 항목을 정리했습니다. 서울 강동구 사무실청소 현장에 맞춰 필요한 청소 내용을 확인해보세요.",https://clever-griffin-93819d.netlify.app/seoul-gangdong-gu-office-cleaning-quote/,서울 강동구 사무실청소 견적,12
서울 강동구 빌라청소,seoul-gangdong-gu-villa-cleaning,CHECK,96,title 길이 확인,서울 강동구 빌라청소 | 체인지클린,서울 강동구 빌라청소를 알아보는 분을 위한 안내입니다. 서울 강동구 빌라청소 작업 전 확인사항부터 마무리 점검까지 자세히 정리했습니다.,https://clever-griffin-93819d.netlify.app/seoul-gangdong-gu-villa-cleaning/,서울 강동구 빌라청소,12
서울 강동구 빌라청소 전문업체,seoul-gangdong-gu-villa-cleaning-company,PASS,100,,서울 강동구 빌라청소 전문업체 | 현장별 청소 정보,"서울 강동구 빌라청소 전문업체 작업 범위와 준비사항, 진행 순서, 확인 항목을 정리했습니다. 서울 강동구 빌라청소 현장에 맞춰 필요한 청소 내용을 확인해보세요.",https://clever-griffin-93819d.netlify.app/seoul-gangdong-gu-villa-cleaning-company/,서울 강동구 빌라청소 전문업체,12
서울 강동구 빌라청소 잘하는곳,seoul-gangdong-gu-villa-cleaning-best,PASS,100,,서울 강동구 빌라청소 잘하는곳 | 현장별 청소 정보,"서울 강동구 빌라청소 잘하는곳 작업 범위와 준비사항, 진행 순서, 확인 항목을 정리했습니다. 서울 강동구 빌라청소 현장에 맞춰 필요한 청소 내용을 확인해보세요.",https://clever-griffin-93819d.netlify.app/seoul-gangdong-gu-villa-cleaning-best/,서울 강동구 빌라청소 잘하는곳,12
서울 강동구 빌라청소 가격,seoul-gangdong-gu-villa-cleaning-price,PASS,100,,서울 강동구 빌라청소 가격 | 현장별 청소 정보,"서울 강동구 빌라청소 가격 작업 범위와 준비사항, 진행 순서, 확인 항목을 정리했습니다. 서울 강동구 빌라청소 현장에 맞춰 필요한 청소 내용을 확인해보세요.",https://clever-griffin-93819d.netlify.app/seoul-gangdong-gu-villa-cleaning-price/,서울 강동구 빌라청소 가격,12
서울 강동구 빌라청소 비용,seoul-gangdong-gu-villa-cleaning-cost,PASS,100,,서울 강동구 빌라청소 비용 | 현장별 청소 정보,"서울 강동구 빌라청소 비용 작업 범위와 준비사항, 진행 순서, 확인 항목을 정리했습니다. 서울 강동구 빌라청소 현장에 맞춰 필요한 청소 내용을 확인해보세요.",https://clever-griffin-93819d.netlify.app/seoul-gangdong-gu-villa-cleaning-cost/,서울 강동구 빌라청소 비용,12
서울 강동구 빌라청소 견적,seoul-gangdong-gu-villa-cleaning-quote,PASS,100,,서울 강동구 빌라청소 견적 | 현장별 청소 정보,"서울 강동구 빌라청소 견적 작업 범위와 준비사항, 진행 순서, 확인 항목을 정리했습니다. 서울 강동구 빌라청소 현장에 맞춰 필요한 청소 내용을 확인해보세요.",https://clever-griffin-93819d.netlify.app/seoul-gangdong-gu-villa-cleaning-quote/,서울 강동구 빌라청소 견적,12
서울 강동구 아파트청소,seoul-gangdong-gu-apartment-cleaning,PASS,100,,서울 강동구 아파트청소 | 체인지클린,서울 강동구 아파트청소 관련 청소 과정과 체크포인트를 안내합니다. 공간 상태와 오염 범위를 확인한 뒤 현장에 맞는 작업을 진행합니다.,https://clever-griffin-93819d.netlify.app/seoul-gangdong-gu-apartment-cleaning/,서울 강동구 아파트청소,12
서울 강동구 아파트청소 전문업체,seoul-gangdong-gu-apartment-cleaning-company,PASS,100,,서울 강동구 아파트청소 전문업체 | 현장별 청소 정보,"서울 강동구 아파트청소 전문업체 작업 범위와 준비사항, 진행 순서, 확인 항목을 정리했습니다. 서울 강동구 아파트청소 현장에 맞춰 필요한 청소 내용을 확인해보세요.",https://clever-griffin-93819d.netlify.app/seoul-gangdong-gu-apartment-cleaning-company/,서울 강동구 아파트청소 전문업체,12
서울 강동구 아파트청소 잘하는곳,seoul-gangdong-gu-apartment-cleaning-best,PASS,100,,서울 강동구 아파트청소 잘하는곳 | 현장별 청소 정보,서울 강동구 아파트청소를 알아보는 분을 위한 안내입니다. 서울 강동구 아파트청소 잘하는곳 작업 전 확인사항부터 마무리 점검까지 자세히 정리했습니다.,https://clever-griffin-93819d.netlify.app/seoul-gangdong-gu-apartment-cleaning-best/,서울 강동구 아파트청소 잘하는곳,12
서울 강동구 아파트청소 가격,seoul-gangdong-gu-apartment-cleaning-price,PASS,100,,서울 강동구 아파트청소 가격 - 청소 작업 안내,"서울 강동구 아파트청소 가격 작업 범위와 준비사항, 진행 순서, 확인 항목을 정리했습니다. 서울 강동구 아파트청소 현장에 맞춰 필요한 청소 내용을 확인해보세요.",https://clever-griffin-93819d.netlify.app/seoul-gangdong-gu-apartment-cleaning-price/,서울 강동구 아파트청소 가격,12
서울 강동구 아파트청소 비용,seoul-gangdong-gu-apartment-cleaning-cost,PASS,100,,서울 강동구 아파트청소 비용 - 청소 작업 안내,서울 강동구 아파트청소를 알아보는 분을 위한 안내입니다. 서울 강동구 아파트청소 비용 작업 전 확인사항부터 마무리 점검까지 자세히 정리했습니다.,https://clever-griffin-93819d.netlify.app/seoul-gangdong-gu-apartment-cleaning-cost/,서울 강동구 아파트청소 비용,12
서울 강동구 아파트청소 견적,seoul-gangdong-gu-apartment-cleaning-quote,PASS,100,,서울 강동구 아파트청소 견적 | 체인지클린,"서울 강동구 아파트청소 견적 작업 범위와 준비사항, 진행 순서, 확인 항목을 정리했습니다. 서울 강동구 아파트청소 현장에 맞춰 필요한 청소 내용을 확인해보세요.",https://clever-griffin-93819d.netlify.app/seoul-gangdong-gu-apartment-cleaning-quote/,서울 강동구 아파트청소 견적,12
서울 강동구 오피스텔청소,seoul-gangdong-gu-officetel-cleaning,PASS,100,,서울 강동구 오피스텔청소 | 현장별 청소 정보,서울 강동구 오피스텔청소 관련 청소 과정과 체크포인트를 안내합니다. 공간 상태와 오염 범위를 확인한 뒤 현장에 맞는 작업을 진행합니다.,https://clever-griffin-93819d.netlify.app/seoul-gangdong-gu-officetel-cleaning/,서울 강동구 오피스텔청소,12
서울 강동구 오피스텔청소 전문업체,seoul-gangdong-gu-officetel-cleaning-company,PASS,100,,서울 강동구 오피스텔청소 전문업체 - 청소 작업 안내,서울 강동구 오피스텔청소를 알아보는 분을 위한 안내입니다. 서울 강동구 오피스텔청소 전문업체 작업 전 확인사항부터 마무리 점검까지 자세히 정리했습니다.,https://clever-griffin-93819d.netlify.app/seoul-gangdong-gu-officetel-cleaning-company/,서울 강동구 오피스텔청소 전문업체,12
서울 강동구 오피스텔청소 잘하는곳,seoul-gangdong-gu-officetel-cleaning-best,PASS,100,,서울 강동구 오피스텔청소 잘하는곳 - 청소 작업 안내,서울 강동구 오피스텔청소를 알아보는 분을 위한 안내입니다. 서울 강동구 오피스텔청소 잘하는곳 작업 전 확인사항부터 마무리 점검까지 자세히 정리했습니다.,https://clever-griffin-93819d.netlify.app/seoul-gangdong-gu-officetel-cleaning-best/,서울 강동구 오피스텔청소 잘하는곳,12
서울 강동구 오피스텔청소 가격,seoul-gangdong-gu-officetel-cleaning-price,PASS,100,,서울 강동구 오피스텔청소 가격 | 현장별 청소 정보,서울 강동구 오피스텔청소 가격 관련 청소 과정과 체크포인트를 안내합니다. 공간 상태와 오염 범위를 확인한 뒤 현장에 맞는 작업을 진행합니다.,https://clever-griffin-93819d.netlify.app/seoul-gangdong-gu-officetel-cleaning-price/,서울 강동구 오피스텔청소 가격,12
서울 강동구 오피스텔청소 비용,seoul-gangdong-gu-officetel-cleaning-cost,PASS,100,,서울 강동구 오피스텔청소 비용 - 청소 작업 안내,서울 강동구 오피스텔청소를 알아보는 분을 위한 안내입니다. 서울 강동구 오피스텔청소 비용 작업 전 확인사항부터 마무리 점검까지 자세히 정리했습니다.,https://clever-griffin-93819d.netlify.app/seoul-gangdong-gu-officetel-cleaning-cost/,서울 강동구 오피스텔청소 비용,12
서울 강동구 오피스텔청소 견적,seoul-gangdong-gu-officetel-cleaning-quote,PASS,100,,서울 강동구 오피스텔청소 견적 | 체인지클린,서울 강동구 오피스텔청소를 알아보는 분을 위한 안내입니다. 서울 강동구 오피스텔청소 견적 작업 전 확인사항부터 마무리 점검까지 자세히 정리했습니다.,https://clever-griffin-93819d.netlify.app/seoul-gangdong-gu-officetel-cleaning-quote/,서울 강동구 오피스텔청소 견적,12
서울 강동구 거주청소,seoul-gangdong-gu-home-cleaning,CHECK,96,title 길이 확인,서울 강동구 거주청소 | 체인지클린,서울 강동구 거주청소 관련 청소 과정과 체크포인트를 안내합니다. 공간 상태와 오염 범위를 확인한 뒤 현장에 맞는 작업을 진행합니다.,https://clever-griffin-93819d.netlify.app/seoul-gangdong-gu-home-cleaning/,서울 강동구 거주청소,12
서울 강동구 거주청소 전문업체,seoul-gangdong-gu-home-cleaning-company,PASS,100,,서울 강동구 거주청소 전문업체 | 체인지클린,서울 강동구 거주청소 전문업체 관련 청소 과정과 체크포인트를 안내합니다. 공간 상태와 오염 범위를 확인한 뒤 현장에 맞는 작업을 진행합니다.,https://clever-griffin-93819d.netlify.app/seoul-gangdong-gu-home-cleaning-company/,서울 강동구 거주청소 전문업체,12
서울 강동구 거주청소 잘하는곳,seoul-gangdong-gu-home-cleaning-best,PASS,100,,서울 강동구 거주청소 잘하는곳 | 현장별 청소 정보,서울 강동구 거주청소 잘하는곳 관련 청소 과정과 체크포인트를 안내합니다. 공간 상태와 오염 범위를 확인한 뒤 현장에 맞는 작업을 진행합니다.,https://clever-griffin-93819d.netlify.app/seoul-gangdong-gu-home-cleaning-best/,서울 강동구 거주청소 잘하는곳,12
서울 강동구 거주청소 가격,seoul-gangdong-gu-home-cleaning-price,PASS,100,,서울 강동구 거주청소 가격 | 현장별 청소 정보,"서울 강동구 거주청소 가격 작업 범위와 준비사항, 진행 순서, 확인 항목을 정리했습니다. 서울 강동구 거주청소 현장에 맞춰 필요한 청소 내용을 확인해보세요.",https://clever-griffin-93819d.netlify.app/seoul-gangdong-gu-home-cleaning-price/,서울 강동구 거주청소 가격,12
서울 강동구 거주청소 비용,seoul-gangdong-gu-home-cleaning-cost,PASS,100,,서울 강동구 거주청소 비용 | 체인지클린,"서울 강동구 거주청소 비용 작업 범위와 준비사항, 진행 순서, 확인 항목을 정리했습니다. 서울 강동구 거주청소 현장에 맞춰 필요한 청소 내용을 확인해보세요.",https://clever-griffin-93819d.netlify.app/seoul-gangdong-gu-home-cleaning-cost/,서울 강동구 거주청소 비용,12
서울 강동구 거주청소 견적,seoul-gangdong-gu-home-cleaning-quote,PASS,100,,서울 강동구 거주청소 견적 - 청소 작업 안내,서울 강동구 거주청소를 알아보는 분을 위한 안내입니다. 서울 강동구 거주청소 견적 작업 전 확인사항부터 마무리 점검까지 자세히 정리했습니다.,https://clever-griffin-93819d.netlify.app/seoul-gangdong-gu-home-cleaning-quote/,서울 강동구 거주청소 견적,12
서울 마포구 입주청소,seoul-mapo-gu-move-in-cleaning,PASS,100,,서울 마포구 입주청소 | 현장별 청소 정보,"서울 마포구 입주청소 작업 범위와 준비사항, 진행 순서, 확인 항목을 정리했습니다. 서울 마포구 입주청소 현장에 맞춰 필요한 청소 내용을 확인해보세요.",https://clever-griffin-93819d.netlify.app/seoul-mapo-gu-move-in-cleaning/,서울 마포구 입주청소,12
서울 마포구 입주청소 전문업체,seoul-mapo-gu-move-in-cleaning-company,PASS,100,,서울 마포구 입주청소 전문업체 | 체인지클린,서울 마포구 입주청소 전문업체 관련 청소 과정과 체크포인트를 안내합니다. 공간 상태와 오염 범위를 확인한 뒤 현장에 맞는 작업을 진행합니다.,https://clever-griffin-93819d.netlify.app/seoul-mapo-gu-move-in-cleaning-company/,서울 마포구 입주청소 전문업체,12
서울 마포구 입주청소 잘하는곳,seoul-mapo-gu-move-in-cleaning-best,PASS,100,,서울 마포구 입주청소 잘하는곳 | 현장별 청소 정보,서울 마포구 입주청소를 알아보는 분을 위한 안내입니다. 서울 마포구 입주청소 잘하는곳 작업 전 확인사항부터 마무리 점검까지 자세히 정리했습니다.,https://clever-griffin-93819d.netlify.app/seoul-mapo-gu-move-in-cleaning-best/,서울 마포구 입주청소 잘하는곳,12
서울 마포구 입주청소 가격,seoul-mapo-gu-move-in-cleaning-price,PASS,100,,서울 마포구 입주청소 가격 - 청소 작업 안내,서울 마포구 입주청소 가격 관련 청소 과정과 체크포인트를 안내합니다. 공간 상태와 오염 범위를 확인한 뒤 현장에 맞는 작업을 진행합니다.,https://clever-griffin-93819d.netlify.app/seoul-mapo-gu-move-in-cleaning-price/,서울 마포구 입주청소 가격,12
서울 마포구 입주청소 비용,seoul-mapo-gu-move-in-cleaning-cost,PASS,100,,서울 마포구 입주청소 비용 - 청소 작업 안내,"서울 마포구 입주청소 비용 작업 범위와 준비사항, 진행 순서, 확인 항목을 정리했습니다. 서울 마포구 입주청소 현장에 맞춰 필요한 청소 내용을 확인해보세요.",https://clever-griffin-93819d.netlify.app/seoul-mapo-gu-move-in-cleaning-cost/,서울 마포구 입주청소 비용,12
서울 마포구 입주청소 견적,seoul-mapo-gu-move-in-cleaning-quote,PASS,100,,서울 마포구 입주청소 견적 | 현장별 청소 정보,"서울 마포구 입주청소 견적 작업 범위와 준비사항, 진행 순서, 확인 항목을 정리했습니다. 서울 마포구 입주청소 현장에 맞춰 필요한 청소 내용을 확인해보세요.",https://clever-griffin-93819d.netlify.app/seoul-mapo-gu-move-in-cleaning-quote/,서울 마포구 입주청소 견적,12
서울 마포구 이사청소,seoul-mapo-gu-move-out-cleaning,PASS,100,,서울 마포구 이사청소 - 청소 작업 안내,서울 마포구 이사청소를 알아보는 분을 위한 안내입니다. 서울 마포구 이사청소 작업 전 확인사항부터 마무리 점검까지 자세히 정리했습니다.,https://clever-griffin-93819d.netlify.app/seoul-mapo-gu-move-out-cleaning/,서울 마포구 이사청소,12
서울 마포구 이사청소 전문업체,seoul-mapo-gu-move-out-cleaning-company,PASS,100,,서울 마포구 이사청소 전문업체 | 현장별 청소 정보,"서울 마포구 이사청소 전문업체 작업 범위와 준비사항, 진행 순서, 확인 항목을 정리했습니다. 서울 마포구 이사청소 현장에 맞춰 필요한 청소 내용을 확인해보세요.",https://clever-griffin-93819d.netlify.app/seoul-mapo-gu-move-out-cleaning-company/,서울 마포구 이사청소 전문업체,12
서울 마포구 이사청소 잘하는곳,seoul-mapo-gu-move-out-cleaning-best,PASS,100,,서울 마포구 이사청소 잘하는곳 | 현장별 청소 정보,"서울 마포구 이사청소 잘하는곳 작업 범위와 준비사항, 진행 순서, 확인 항목을 정리했습니다. 서울 마포구 이사청소 현장에 맞춰 필요한 청소 내용을 확인해보세요.",https://clever-griffin-93819d.netlify.app/seoul-mapo-gu-move-out-cleaning-best/,서울 마포구 이사청소 잘하는곳,12
서울 마포구 이사청소 가격,seoul-mapo-gu-move-out-cleaning-price,PASS,100,,서울 마포구 이사청소 가격 | 현장별 청소 정보,서울 마포구 이사청소를 알아보는 분을 위한 안내입니다. 서울 마포구 이사청소 가격 작업 전 확인사항부터 마무리 점검까지 자세히 정리했습니다.,https://clever-griffin-93819d.netlify.app/seoul-mapo-gu-move-out-cleaning-price/,서울 마포구 이사청소 가격,12
서울 마포구 이사청소 비용,seoul-mapo-gu-move-out-cleaning-cost,PASS,100,,서울 마포구 이사청소 비용 | 체인지클린,서울 마포구 이사청소를 알아보는 분을 위한 안내입니다. 서울 마포구 이사청소 비용 작업 전 확인사항부터 마무리 점검까지 자세히 정리했습니다.,https://clever-griffin-93819d.netlify.app/seoul-mapo-gu-move-out-cleaning-cost/,서울 마포구 이사청소 비용,12
서울 마포구 이사청소 견적,seoul-mapo-gu-move-out-cleaning-quote,PASS,100,,서울 마포구 이사청소 견적 - 청소 작업 안내,"서울 마포구 이사청소 견적 작업 범위와 준비사항, 진행 순서, 확인 항목을 정리했습니다. 서울 마포구 이사청소 현장에 맞춰 필요한 청소 내용을 확인해보세요.",https://clever-griffin-93819d.netlify.app/seoul-mapo-gu-move-out-cleaning-quote/,서울 마포구 이사청소 견적,12
서울 마포구 준공청소,seoul-mapo-gu-post-construction-cleaning,CHECK,96,title 길이 확인,서울 마포구 준공청소 | 체인지클린,서울 마포구 준공청소를 알아보는 분을 위한 안내입니다. 서울 마포구 준공청소 작업 전 확인사항부터 마무리 점검까지 자세히 정리했습니다.,https://clever-griffin-93819d.netlify.app/seoul-mapo-gu-post-construction-cleaning/,서울 마포구 준공청소,12
서울 마포구 준공청소 전문업체,seoul-mapo-gu-post-construction-cleaning-company,PASS,100,,서울 마포구 준공청소 전문업체 | 체인지클린,서울 마포구 준공청소를 알아보는 분을 위한 안내입니다. 서울 마포구 준공청소 전문업체 작업 전 확인사항부터 마무리 점검까지 자세히 정리했습니다.,https://clever-griffin-93819d.netlify.app/seoul-mapo-gu-post-construction-cleaning-company/,서울 마포구 준공청소 전문업체,12
서울 마포구 준공청소 잘하는곳,seoul-mapo-gu-post-construction-cleaning-best,PASS,100,,서울 마포구 준공청소 잘하는곳 | 체인지클린,"서울 마포구 준공청소 잘하는곳 작업 범위와 준비사항, 진행 순서, 확인 항목을 정리했습니다. 서울 마포구 준공청소 현장에 맞춰 필요한 청소 내용을 확인해보세요.",https://clever-griffin-93819d.netlify.app/seoul-mapo-gu-post-construction-cleaning-best/,서울 마포구 준공청소 잘하는곳,12
서울 마포구 준공청소 가격,seoul-mapo-gu-post-construction-cleaning-price,PASS,100,,서울 마포구 준공청소 가격 | 현장별 청소 정보,서울 마포구 준공청소 가격 관련 청소 과정과 체크포인트를 안내합니다. 공간 상태와 오염 범위를 확인한 뒤 현장에 맞는 작업을 진행합니다.,https://clever-griffin-93819d.netlify.app/seoul-mapo-gu-post-construction-cleaning-price/,서울 마포구 준공청소 가격,12
서울 마포구 준공청소 비용,seoul-mapo-gu-post-construction-cleaning-cost,PASS,100,,서울 마포구 준공청소 비용 - 청소 작업 안내,서울 마포구 준공청소 비용 관련 청소 과정과 체크포인트를 안내합니다. 공간 상태와 오염 범위를 확인한 뒤 현장에 맞는 작업을 진행합니다.,https://clever-griffin-93819d.netlify.app/seoul-mapo-gu-post-construction-cleaning-cost/,서울 마포구 준공청소 비용,12
서울 마포구 준공청소 견적,seoul-mapo-gu-post-construction-cleaning-quote,PASS,100,,서울 마포구 준공청소 견적 | 체인지클린,"서울 마포구 준공청소 견적 작업 범위와 준비사항, 진행 순서, 확인 항목을 정리했습니다. 서울 마포구 준공청소 현장에 맞춰 필요한 청소 내용을 확인해보세요.",https://clever-griffin-93819d.netlify.app/seoul-mapo-gu-post-construction-cleaning-quote/,서울 마포구 준공청소 견적,12
서울 마포구 상가청소,seoul-mapo-gu-store-cleaning,CHECK,96,title 길이 확인,서울 마포구 상가청소 | 체인지클린,서울 마포구 상가청소를 알아보는 분을 위한 안내입니다. 서울 마포구 상가청소 작업 전 확인사항부터 마무리 점검까지 자세히 정리했습니다.,https://clever-griffin-93819d.netlify.app/seoul-mapo-gu-store-cleaning/,서울 마포구 상가청소,12
서울 마포구 상가청소 전문업체,seoul-mapo-gu-store-cleaning-company,PASS,100,,서울 마포구 상가청소 전문업체 - 청소 작업 안내,"서울 마포구 상가청소 전문업체 작업 범위와 준비사항, 진행 순서, 확인 항목을 정리했습니다. 서울 마포구 상가청소 현장에 맞춰 필요한 청소 내용을 확인해보세요.",https://clever-griffin-93819d.netlify.app/seoul-mapo-gu-store-cleaning-company/,서울 마포구 상가청소 전문업체,12
서울 마포구 상가청소 잘하는곳,seoul-mapo-gu-store-cleaning-best,PASS,100,,서울 마포구 상가청소 잘하는곳 | 체인지클린,서울 마포구 상가청소를 알아보는 분을 위한 안내입니다. 서울 마포구 상가청소 잘하는곳 작업 전 확인사항부터 마무리 점검까지 자세히 정리했습니다.,https://clever-griffin-93819d.netlify.app/seoul-mapo-gu-store-cleaning-best/,서울 마포구 상가청소 잘하는곳,12
서울 마포구 상가청소 가격,seoul-mapo-gu-store-cleaning-price,PASS,100,,서울 마포구 상가청소 가격 | 현장별 청소 정보,서울 마포구 상가청소를 알아보는 분을 위한 안내입니다. 서울 마포구 상가청소 가격 작업 전 확인사항부터 마무리 점검까지 자세히 정리했습니다.,https://clever-griffin-93819d.netlify.app/seoul-mapo-gu-store-cleaning-price/,서울 마포구 상가청소 가격,12
서울 마포구 상가청소 비용,seoul-mapo-gu-store-cleaning-cost,PASS,100,,서울 마포구 상가청소 비용 | 체인지클린,"서울 마포구 상가청소 비용 작업 범위와 준비사항, 진행 순서, 확인 항목을 정리했습니다. 서울 마포구 상가청소 현장에 맞춰 필요한 청소 내용을 확인해보세요.",https://clever-griffin-93819d.netlify.app/seoul-mapo-gu-store-cleaning-cost/,서울 마포구 상가청소 비용,12
서울 마포구 상가청소 견적,seoul-mapo-gu-store-cleaning-quote,PASS,100,,서울 마포구 상가청소 견적 | 체인지클린,"서울 마포구 상가청소 견적 작업 범위와 준비사항, 진행 순서, 확인 항목을 정리했습니다. 서울 마포구 상가청소 현장에 맞춰 필요한 청소 내용을 확인해보세요.",https://clever-griffin-93819d.netlify.app/seoul-mapo-gu-store-cleaning-quote/,서울 마포구 상가청소 견적,12
서울 마포구 사무실청소,seoul-mapo-gu-office-cleaning,PASS,100,,서울 마포구 사무실청소 | 현장별 청소 정보,서울 마포구 사무실청소를 알아보는 분을 위한 안내입니다. 서울 마포구 사무실청소 작업 전 확인사항부터 마무리 점검까지 자세히 정리했습니다.,https://clever-griffin-93819d.netlify.app/seoul-mapo-gu-office-cleaning/,서울 마포구 사무실청소,12
서울 마포구 사무실청소 전문업체,seoul-mapo-gu-office-cleaning-company,PASS,100,,서울 마포구 사무실청소 전문업체 | 현장별 청소 정보,서울 마포구 사무실청소를 알아보는 분을 위한 안내입니다. 서울 마포구 사무실청소 전문업체 작업 전 확인사항부터 마무리 점검까지 자세히 정리했습니다.,https://clever-griffin-93819d.netlify.app/seoul-mapo-gu-office-cleaning-company/,서울 마포구 사무실청소 전문업체,12
서울 마포구 사무실청소 잘하는곳,seoul-mapo-gu-office-cleaning-best,PASS,100,,서울 마포구 사무실청소 잘하는곳 | 체인지클린,서울 마포구 사무실청소 잘하는곳 관련 청소 과정과 체크포인트를 안내합니다. 공간 상태와 오염 범위를 확인한 뒤 현장에 맞는 작업을 진행합니다.,https://clever-griffin-93819d.netlify.app/seoul-mapo-gu-office-cleaning-best/,서울 마포구 사무실청소 잘하는곳,12
서울 마포구 사무실청소 가격,seoul-mapo-gu-office-cleaning-price,PASS,100,,서울 마포구 사무실청소 가격 | 현장별 청소 정보,"서울 마포구 사무실청소 가격 작업 범위와 준비사항, 진행 순서, 확인 항목을 정리했습니다. 서울 마포구 사무실청소 현장에 맞춰 필요한 청소 내용을 확인해보세요.",https://clever-griffin-93819d.netlify.app/seoul-mapo-gu-office-cleaning-price/,서울 마포구 사무실청소 가격,12
서울 마포구 사무실청소 비용,seoul-mapo-gu-office-cleaning-cost,PASS,100,,서울 마포구 사무실청소 비용 - 청소 작업 안내,서울 마포구 사무실청소를 알아보는 분을 위한 안내입니다. 서울 마포구 사무실청소 비용 작업 전 확인사항부터 마무리 점검까지 자세히 정리했습니다.,https://clever-griffin-93819d.netlify.app/seoul-mapo-gu-office-cleaning-cost/,서울 마포구 사무실청소 비용,12
서울 마포구 사무실청소 견적,seoul-mapo-gu-office-cleaning-quote,PASS,100,,서울 마포구 사무실청소 견적 | 현장별 청소 정보,서울 마포구 사무실청소 견적 관련 청소 과정과 체크포인트를 안내합니다. 공간 상태와 오염 범위를 확인한 뒤 현장에 맞는 작업을 진행합니다.,https://clever-griffin-93819d.netlify.app/seoul-mapo-gu-office-cleaning-quote/,서울 마포구 사무실청소 견적,12
서울 마포구 빌라청소,seoul-mapo-gu-villa-cleaning,PASS,100,,서울 마포구 빌라청소 - 청소 작업 안내,서울 마포구 빌라청소를 알아보는 분을 위한 안내입니다. 서울 마포구 빌라청소 작업 전 확인사항부터 마무리 점검까지 자세히 정리했습니다.,https://clever-griffin-93819d.netlify.app/seoul-mapo-gu-villa-cleaning/,서울 마포구 빌라청소,12
서울 마포구 빌라청소 전문업체,seoul-mapo-gu-villa-cleaning-company,PASS,100,,서울 마포구 빌라청소 전문업체 - 청소 작업 안내,서울 마포구 빌라청소를 알아보는 분을 위한 안내입니다. 서울 마포구 빌라청소 전문업체 작업 전 확인사항부터 마무리 점검까지 자세히 정리했습니다.,https://clever-griffin-93819d.netlify.app/seoul-mapo-gu-villa-cleaning-company/,서울 마포구 빌라청소 전문업체,12
서울 마포구 빌라청소 잘하는곳,seoul-mapo-gu-villa-cleaning-best,PASS,100,,서울 마포구 빌라청소 잘하는곳 - 청소 작업 안내,"서울 마포구 빌라청소 잘하는곳 작업 범위와 준비사항, 진행 순서, 확인 항목을 정리했습니다. 서울 마포구 빌라청소 현장에 맞춰 필요한 청소 내용을 확인해보세요.",https://clever-griffin-93819d.netlify.app/seoul-mapo-gu-villa-cleaning-best/,서울 마포구 빌라청소 잘하는곳,12
서울 마포구 빌라청소 가격,seoul-mapo-gu-villa-cleaning-price,PASS,100,,서울 마포구 빌라청소 가격 | 체인지클린,서울 마포구 빌라청소 가격 관련 청소 과정과 체크포인트를 안내합니다. 공간 상태와 오염 범위를 확인한 뒤 현장에 맞는 작업을 진행합니다.,https://clever-griffin-93819d.netlify.app/seoul-mapo-gu-villa-cleaning-price/,서울 마포구 빌라청소 가격,12
서울 마포구 빌라청소 비용,seoul-mapo-gu-villa-cleaning-cost,PASS,100,,서울 마포구 빌라청소 비용 - 청소 작업 안내,서울 마포구 빌라청소를 알아보는 분을 위한 안내입니다. 서울 마포구 빌라청소 비용 작업 전 확인사항부터 마무리 점검까지 자세히 정리했습니다.,https://clever-griffin-93819d.netlify.app/seoul-mapo-gu-villa-cleaning-cost/,서울 마포구 빌라청소 비용,12
서울 마포구 빌라청소 견적,seoul-mapo-gu-villa-cleaning-quote,PASS,100,,서울 마포구 빌라청소 견적 - 청소 작업 안내,서울 마포구 빌라청소를 알아보는 분을 위한 안내입니다. 서울 마포구 빌라청소 견적 작업 전 확인사항부터 마무리 점검까지 자세히 정리했습니다.,https://clever-griffin-93819d.netlify.app/seoul-mapo-gu-villa-cleaning-quote/,서울 마포구 빌라청소 견적,12
서울 마포구 아파트청소,seoul-mapo-gu-apartment-cleaning,PASS,100,,서울 마포구 아파트청소 - 청소 작업 안내,서울 마포구 아파트청소 관련 청소 과정과 체크포인트를 안내합니다. 공간 상태와 오염 범위를 확인한 뒤 현장에 맞는 작업을 진행합니다.,https://clever-griffin-93819d.netlify.app/seoul-mapo-gu-apartment-cleaning/,서울 마포구 아파트청소,12
서울 마포구 아파트청소 전문업체,seoul-mapo-gu-apartment-cleaning-company,PASS,100,,서울 마포구 아파트청소 전문업체 | 체인지클린,서울 마포구 아파트청소 전문업체 관련 청소 과정과 체크포인트를 안내합니다. 공간 상태와 오염 범위를 확인한 뒤 현장에 맞는 작업을 진행합니다.,https://clever-griffin-93819d.netlify.app/seoul-mapo-gu-apartment-cleaning-company/,서울 마포구 아파트청소 전문업체,12
서울 마포구 아파트청소 잘하는곳,seoul-mapo-gu-apartment-cleaning-best,PASS,100,,서울 마포구 아파트청소 잘하는곳 - 청소 작업 안내,서울 마포구 아파트청소 잘하는곳 관련 청소 과정과 체크포인트를 안내합니다. 공간 상태와 오염 범위를 확인한 뒤 현장에 맞는 작업을 진행합니다.,https://clever-griffin-93819d.netlify.app/seoul-mapo-gu-apartment-cleaning-best/,서울 마포구 아파트청소 잘하는곳,12
서울 마포구 아파트청소 가격,seoul-mapo-gu-apartment-cleaning-price,PASS,100,,서울 마포구 아파트청소 가격 | 현장별 청소 정보,서울 마포구 아파트청소를 알아보는 분을 위한 안내입니다. 서울 마포구 아파트청소 가격 작업 전 확인사항부터 마무리 점검까지 자세히 정리했습니다.,https://clever-griffin-93819d.netlify.app/seoul-mapo-gu-apartment-cleaning-price/,서울 마포구 아파트청소 가격,12
서울 마포구 아파트청소 비용,seoul-mapo-gu-apartment-cleaning-cost,PASS,100,,서울 마포구 아파트청소 비용 | 체인지클린,서울 마포구 아파트청소 비용 관련 청소 과정과 체크포인트를 안내합니다. 공간 상태와 오염 범위를 확인한 뒤 현장에 맞는 작업을 진행합니다.,https://clever-griffin-93819d.netlify.app/seoul-mapo-gu-apartment-cleaning-cost/,서울 마포구 아파트청소 비용,12
서울 마포구 아파트청소 견적,seoul-mapo-gu-apartment-cleaning-quote,PASS,100,,서울 마포구 아파트청소 견적 | 현장별 청소 정보,서울 마포구 아파트청소를 알아보는 분을 위한 안내입니다. 서울 마포구 아파트청소 견적 작업 전 확인사항부터 마무리 점검까지 자세히 정리했습니다.,https://clever-griffin-93819d.netlify.app/seoul-mapo-gu-apartment-cleaning-quote/,서울 마포구 아파트청소 견적,12
서울 마포구 오피스텔청소,seoul-mapo-gu-officetel-cleaning,PASS,100,,서울 마포구 오피스텔청소 - 청소 작업 안내,서울 마포구 오피스텔청소 관련 청소 과정과 체크포인트를 안내합니다. 공간 상태와 오염 범위를 확인한 뒤 현장에 맞는 작업을 진행합니다.,https://clever-griffin-93819d.netlify.app/seoul-mapo-gu-officetel-cleaning/,서울 마포구 오피스텔청소,12
서울 마포구 오피스텔청소 전문업체,seoul-mapo-gu-officetel-cleaning-company,PASS,100,,서울 마포구 오피스텔청소 전문업체 | 현장별 청소 정보,"서울 마포구 오피스텔청소 전문업체 작업 범위와 준비사항, 진행 순서, 확인 항목을 정리했습니다. 서울 마포구 오피스텔청소 현장에 맞춰 필요한 청소 내용을 확인해보세요.",https://clever-griffin-93819d.netlify.app/seoul-mapo-gu-officetel-cleaning-company/,서울 마포구 오피스텔청소 전문업체,12
서울 마포구 오피스텔청소 잘하는곳,seoul-mapo-gu-officetel-cleaning-best,PASS,100,,서울 마포구 오피스텔청소 잘하는곳 | 체인지클린,"서울 마포구 오피스텔청소 잘하는곳 작업 범위와 준비사항, 진행 순서, 확인 항목을 정리했습니다. 서울 마포구 오피스텔청소 현장에 맞춰 필요한 청소 내용을 확인해보세요.",https://clever-griffin-93819d.netlify.app/seoul-mapo-gu-officetel-cleaning-best/,서울 마포구 오피스텔청소 잘하는곳,12
서울 마포구 오피스텔청소 가격,seoul-mapo-gu-officetel-cleaning-price,PASS,100,,서울 마포구 오피스텔청소 가격 | 현장별 청소 정보,서울 마포구 오피스텔청소를 알아보는 분을 위한 안내입니다. 서울 마포구 오피스텔청소 가격 작업 전 확인사항부터 마무리 점검까지 자세히 정리했습니다.,https://clever-griffin-93819d.netlify.app/seoul-mapo-gu-officetel-cleaning-price/,서울 마포구 오피스텔청소 가격,12
서울 마포구 오피스텔청소 비용,seoul-mapo-gu-officetel-cleaning-cost,PASS,100,,서울 마포구 오피스텔청소 비용 | 체인지클린,"서울 마포구 오피스텔청소 비용 작업 범위와 준비사항, 진행 순서, 확인 항목을 정리했습니다. 서울 마포구 오피스텔청소 현장에 맞춰 필요한 청소 내용을 확인해보세요.",https://clever-griffin-93819d.netlify.app/seoul-mapo-gu-officetel-cleaning-cost/,서울 마포구 오피스텔청소 비용,12
서울 마포구 오피스텔청소 견적,seoul-mapo-gu-officetel-cleaning-quote,PASS,100,,서울 마포구 오피스텔청소 견적 - 청소 작업 안내,서울 마포구 오피스텔청소를 알아보는 분을 위한 안내입니다. 서울 마포구 오피스텔청소 견적 작업 전 확인사항부터 마무리 점검까지 자세히 정리했습니다.,https://clever-griffin-93819d.netlify.app/seoul-mapo-gu-officetel-cleaning-quote/,서울 마포구 오피스텔청소 견적,12
서울 마포구 거주청소,seoul-mapo-gu-home-cleaning,PASS,100,,서울 마포구 거주청소 | 현장별 청소 정보,서울 마포구 거주청소 관련 청소 과정과 체크포인트를 안내합니다. 공간 상태와 오염 범위를 확인한 뒤 현장에 맞는 작업을 진행합니다.,https://clever-griffin-93819d.netlify.app/seoul-mapo-gu-home-cleaning/,서울 마포구 거주청소,12
서울 마포구 거주청소 전문업체,seoul-mapo-gu-home-cleaning-company,PASS,100,,서울 마포구 거주청소 전문업체 | 체인지클린,서울 마포구 거주청소를 알아보는 분을 위한 안내입니다. 서울 마포구 거주청소 전문업체 작업 전 확인사항부터 마무리 점검까지 자세히 정리했습니다.,https://clever-griffin-93819d.netlify.app/seoul-mapo-gu-home-cleaning-company/,서울 마포구 거주청소 전문업체,12
서울 마포구 거주청소 잘하는곳,seoul-mapo-gu-home-cleaning-best,PASS,100,,서울 마포구 거주청소 잘하는곳 | 체인지클린,서울 마포구 거주청소 잘하는곳 관련 청소 과정과 체크포인트를 안내합니다. 공간 상태와 오염 범위를 확인한 뒤 현장에 맞는 작업을 진행합니다.,https://clever-griffin-93819d.netlify.app/seoul-mapo-gu-home-cleaning-best/,서울 마포구 거주청소 잘하는곳,12
서울 마포구 거주청소 가격,seoul-mapo-gu-home-cleaning-price,PASS,100,,서울 마포구 거주청소 가격 | 체인지클린,서울 마포구 거주청소 가격 관련 청소 과정과 체크포인트를 안내합니다. 공간 상태와 오염 범위를 확인한 뒤 현장에 맞는 작업을 진행합니다.,https://clever-griffin-93819d.netlify.app/seoul-mapo-gu-home-cleaning-price/,서울 마포구 거주청소 가격,12
서울 마포구 거주청소 비용,seoul-mapo-gu-home-cleaning-cost,PASS,100,,서울 마포구 거주청소 비용 | 현장별 청소 정보,서울 마포구 거주청소를 알아보는 분을 위한 안내입니다. 서울 마포구 거주청소 비용 작업 전 확인사항부터 마무리 점검까지 자세히 정리했습니다.,https://clever-griffin-93819d.netlify.app/seoul-mapo-gu-home-cleaning-cost/,서울 마포구 거주청소 비용,12
서울 마포구 거주청소 견적,seoul-mapo-gu-home-cleaning-quote,PASS,100,,서울 마포구 거주청소 견적 - 청소 작업 안내,"서울 마포구 거주청소 견적 작업 범위와 준비사항, 진행 순서, 확인 항목을 정리했습니다. 서울 마포구 거주청소 현장에 맞춰 필요한 청소 내용을 확인해보세요.",https://clever-griffin-93819d.netlify.app/seoul-mapo-gu-home-cleaning-quote/,서울 마포구 거주청소 견적,12
서울 용산구 입주청소,seoul-yongsan-gu-move-in-cleaning,PASS,100,,서울 용산구 입주청소 - 청소 작업 안내,서울 용산구 입주청소를 알아보는 분을 위한 안내입니다. 서울 용산구 입주청소 작업 전 확인사항부터 마무리 점검까지 자세히 정리했습니다.,https://clever-griffin-93819d.netlify.app/seoul-yongsan-gu-move-in-cleaning/,서울 용산구 입주청소,12
서울 용산구 입주청소 전문업체,seoul-yongsan-gu-move-in-cleaning-company,PASS,100,,서울 용산구 입주청소 전문업체 | 현장별 청소 정보,"서울 용산구 입주청소 전문업체 작업 범위와 준비사항, 진행 순서, 확인 항목을 정리했습니다. 서울 용산구 입주청소 현장에 맞춰 필요한 청소 내용을 확인해보세요.",https://clever-griffin-93819d.netlify.app/seoul-yongsan-gu-move-in-cleaning-company/,서울 용산구 입주청소 전문업체,12
서울 용산구 입주청소 잘하는곳,seoul-yongsan-gu-move-in-cleaning-best,PASS,100,,서울 용산구 입주청소 잘하는곳 - 청소 작업 안내,"서울 용산구 입주청소 잘하는곳 작업 범위와 준비사항, 진행 순서, 확인 항목을 정리했습니다. 서울 용산구 입주청소 현장에 맞춰 필요한 청소 내용을 확인해보세요.",https://clever-griffin-93819d.netlify.app/seoul-yongsan-gu-move-in-cleaning-best/,서울 용산구 입주청소 잘하는곳,12
서울 용산구 입주청소 가격,seoul-yongsan-gu-move-in-cleaning-price,PASS,100,,서울 용산구 입주청소 가격 | 체인지클린,서울 용산구 입주청소 가격 관련 청소 과정과 체크포인트를 안내합니다. 공간 상태와 오염 범위를 확인한 뒤 현장에 맞는 작업을 진행합니다.,https://clever-griffin-93819d.netlify.app/seoul-yongsan-gu-move-in-cleaning-price/,서울 용산구 입주청소 가격,12
서울 용산구 입주청소 비용,seoul-yongsan-gu-move-in-cleaning-cost,PASS,100,,서울 용산구 입주청소 비용 - 청소 작업 안내,서울 용산구 입주청소를 알아보는 분을 위한 안내입니다. 서울 용산구 입주청소 비용 작업 전 확인사항부터 마무리 점검까지 자세히 정리했습니다.,https://clever-griffin-93819d.netlify.app/seoul-yongsan-gu-move-in-cleaning-cost/,서울 용산구 입주청소 비용,12
서울 용산구 입주청소 견적,seoul-yongsan-gu-move-in-cleaning-quote,PASS,100,,서울 용산구 입주청소 견적 | 현장별 청소 정보,서울 용산구 입주청소 견적 관련 청소 과정과 체크포인트를 안내합니다. 공간 상태와 오염 범위를 확인한 뒤 현장에 맞는 작업을 진행합니다.,https://clever-griffin-93819d.netlify.app/seoul-yongsan-gu-move-in-cleaning-quote/,서울 용산구 입주청소 견적,12
서울 용산구 이사청소,seoul-yongsan-gu-move-out-cleaning,CHECK,96,title 길이 확인,서울 용산구 이사청소 | 체인지클린,"서울 용산구 이사청소 작업 범위와 준비사항, 진행 순서, 확인 항목을 정리했습니다. 서울 용산구 이사청소 현장에 맞춰 필요한 청소 내용을 확인해보세요.",https://clever-griffin-93819d.netlify.app/seoul-yongsan-gu-move-out-cleaning/,서울 용산구 이사청소,12
서울 용산구 이사청소 전문업체,seoul-yongsan-gu-move-out-cleaning-company,PASS,100,,서울 용산구 이사청소 전문업체 | 현장별 청소 정보,서울 용산구 이사청소를 알아보는 분을 위한 안내입니다. 서울 용산구 이사청소 전문업체 작업 전 확인사항부터 마무리 점검까지 자세히 정리했습니다.,https://clever-griffin-93819d.netlify.app/seoul-yongsan-gu-move-out-cleaning-company/,서울 용산구 이사청소 전문업체,12
서울 용산구 이사청소 잘하는곳,seoul-yongsan-gu-move-out-cleaning-best,PASS,100,,서울 용산구 이사청소 잘하는곳 - 청소 작업 안내,"서울 용산구 이사청소 잘하는곳 작업 범위와 준비사항, 진행 순서, 확인 항목을 정리했습니다. 서울 용산구 이사청소 현장에 맞춰 필요한 청소 내용을 확인해보세요.",https://clever-griffin-93819d.netlify.app/seoul-yongsan-gu-move-out-cleaning-best/,서울 용산구 이사청소 잘하는곳,12
서울 용산구 이사청소 가격,seoul-yongsan-gu-move-out-cleaning-price,PASS,100,,서울 용산구 이사청소 가격 | 현장별 청소 정보,서울 용산구 이사청소를 알아보는 분을 위한 안내입니다. 서울 용산구 이사청소 가격 작업 전 확인사항부터 마무리 점검까지 자세히 정리했습니다.,https://clever-griffin-93819d.netlify.app/seoul-yongsan-gu-move-out-cleaning-price/,서울 용산구 이사청소 가격,12
서울 용산구 이사청소 비용,seoul-yongsan-gu-move-out-cleaning-cost,PASS,100,,서울 용산구 이사청소 비용 | 현장별 청소 정보,서울 용산구 이사청소를 알아보는 분을 위한 안내입니다. 서울 용산구 이사청소 비용 작업 전 확인사항부터 마무리 점검까지 자세히 정리했습니다.,https://clever-griffin-93819d.netlify.app/seoul-yongsan-gu-move-out-cleaning-cost/,서울 용산구 이사청소 비용,12
서울 용산구 이사청소 견적,seoul-yongsan-gu-move-out-cleaning-quote,PASS,100,,서울 용산구 이사청소 견적 - 청소 작업 안내,"서울 용산구 이사청소 견적 작업 범위와 준비사항, 진행 순서, 확인 항목을 정리했습니다. 서울 용산구 이사청소 현장에 맞춰 필요한 청소 내용을 확인해보세요.",https://clever-griffin-93819d.netlify.app/seoul-yongsan-gu-move-out-cleaning-quote/,서울 용산구 이사청소 견적,12
서울 용산구 준공청소,seoul-yongsan-gu-post-construction-cleaning,PASS,100,,서울 용산구 준공청소 - 청소 작업 안내,"서울 용산구 준공청소 작업 범위와 준비사항, 진행 순서, 확인 항목을 정리했습니다. 서울 용산구 준공청소 현장에 맞춰 필요한 청소 내용을 확인해보세요.",https://clever-griffin-93819d.netlify.app/seoul-yongsan-gu-post-construction-cleaning/,서울 용산구 준공청소,12
서울 용산구 준공청소 전문업체,seoul-yongsan-gu-post-construction-cleaning-company,PASS,100,,서울 용산구 준공청소 전문업체 | 현장별 청소 정보,서울 용산구 준공청소 전문업체 관련 청소 과정과 체크포인트를 안내합니다. 공간 상태와 오염 범위를 확인한 뒤 현장에 맞는 작업을 진행합니다.,https://clever-griffin-93819d.netlify.app/seoul-yongsan-gu-post-construction-cleaning-company/,서울 용산구 준공청소 전문업체,12
서울 용산구 준공청소 잘하는곳,seoul-yongsan-gu-post-construction-cleaning-best,PASS,100,,서울 용산구 준공청소 잘하는곳 - 청소 작업 안내,서울 용산구 준공청소를 알아보는 분을 위한 안내입니다. 서울 용산구 준공청소 잘하는곳 작업 전 확인사항부터 마무리 점검까지 자세히 정리했습니다.,https://clever-griffin-93819d.netlify.app/seoul-yongsan-gu-post-construction-cleaning-best/,서울 용산구 준공청소 잘하는곳,12
서울 용산구 준공청소 가격,seoul-yongsan-gu-post-construction-cleaning-price,PASS,100,,서울 용산구 준공청소 가격 | 체인지클린,"서울 용산구 준공청소 가격 작업 범위와 준비사항, 진행 순서, 확인 항목을 정리했습니다. 서울 용산구 준공청소 현장에 맞춰 필요한 청소 내용을 확인해보세요.",https://clever-griffin-93819d.netlify.app/seoul-yongsan-gu-post-construction-cleaning-price/,서울 용산구 준공청소 가격,12
서울 용산구 준공청소 비용,seoul-yongsan-gu-post-construction-cleaning-cost,PASS,100,,서울 용산구 준공청소 비용 - 청소 작업 안내,서울 용산구 준공청소 비용 관련 청소 과정과 체크포인트를 안내합니다. 공간 상태와 오염 범위를 확인한 뒤 현장에 맞는 작업을 진행합니다.,https://clever-griffin-93819d.netlify.app/seoul-yongsan-gu-post-construction-cleaning-cost/,서울 용산구 준공청소 비용,12
서울 용산구 준공청소 견적,seoul-yongsan-gu-post-construction-cleaning-quote,PASS,100,,서울 용산구 준공청소 견적 | 현장별 청소 정보,"서울 용산구 준공청소 견적 작업 범위와 준비사항, 진행 순서, 확인 항목을 정리했습니다. 서울 용산구 준공청소 현장에 맞춰 필요한 청소 내용을 확인해보세요.",https://clever-griffin-93819d.netlify.app/seoul-yongsan-gu-post-construction-cleaning-quote/,서울 용산구 준공청소 견적,12
서울 용산구 상가청소,seoul-yongsan-gu-store-cleaning,CHECK,96,title 길이 확인,서울 용산구 상가청소 | 체인지클린,서울 용산구 상가청소를 알아보는 분을 위한 안내입니다. 서울 용산구 상가청소 작업 전 확인사항부터 마무리 점검까지 자세히 정리했습니다.,https://clever-griffin-93819d.netlify.app/seoul-yongsan-gu-store-cleaning/,서울 용산구 상가청소,12
서울 용산구 상가청소 전문업체,seoul-yongsan-gu-store-cleaning-company,PASS,100,,서울 용산구 상가청소 전문업체 - 청소 작업 안내,서울 용산구 상가청소를 알아보는 분을 위한 안내입니다. 서울 용산구 상가청소 전문업체 작업 전 확인사항부터 마무리 점검까지 자세히 정리했습니다.,https://clever-griffin-93819d.netlify.app/seoul-yongsan-gu-store-cleaning-company/,서울 용산구 상가청소 전문업체,12
서울 용산구 상가청소 잘하는곳,seoul-yongsan-gu-store-cleaning-best,PASS,100,,서울 용산구 상가청소 잘하는곳 - 청소 작업 안내,서울 용산구 상가청소 잘하는곳 관련 청소 과정과 체크포인트를 안내합니다. 공간 상태와 오염 범위를 확인한 뒤 현장에 맞는 작업을 진행합니다.,https://clever-griffin-93819d.netlify.app/seoul-yongsan-gu-store-cleaning-best/,서울 용산구 상가청소 잘하는곳,12
서울 용산구 상가청소 가격,seoul-yongsan-gu-store-cleaning-price,PASS,100,,서울 용산구 상가청소 가격 | 체인지클린,서울 용산구 상가청소를 알아보는 분을 위한 안내입니다. 서울 용산구 상가청소 가격 작업 전 확인사항부터 마무리 점검까지 자세히 정리했습니다.,https://clever-griffin-93819d.netlify.app/seoul-yongsan-gu-store-cleaning-price/,서울 용산구 상가청소 가격,12
서울 용산구 상가청소 비용,seoul-yongsan-gu-store-cleaning-cost,PASS,100,,서울 용산구 상가청소 비용 | 현장별 청소 정보,"서울 용산구 상가청소 비용 작업 범위와 준비사항, 진행 순서, 확인 항목을 정리했습니다. 서울 용산구 상가청소 현장에 맞춰 필요한 청소 내용을 확인해보세요.",https://clever-griffin-93819d.netlify.app/seoul-yongsan-gu-store-cleaning-cost/,서울 용산구 상가청소 비용,12
서울 용산구 상가청소 견적,seoul-yongsan-gu-store-cleaning-quote,PASS,100,,서울 용산구 상가청소 견적 - 청소 작업 안내,"서울 용산구 상가청소 견적 작업 범위와 준비사항, 진행 순서, 확인 항목을 정리했습니다. 서울 용산구 상가청소 현장에 맞춰 필요한 청소 내용을 확인해보세요.",https://clever-griffin-93819d.netlify.app/seoul-yongsan-gu-store-cleaning-quote/,서울 용산구 상가청소 견적,12
서울 용산구 사무실청소,seoul-yongsan-gu-office-cleaning,PASS,100,,서울 용산구 사무실청소 - 청소 작업 안내,서울 용산구 사무실청소를 알아보는 분을 위한 안내입니다. 서울 용산구 사무실청소 작업 전 확인사항부터 마무리 점검까지 자세히 정리했습니다.,https://clever-griffin-93819d.netlify.app/seoul-yongsan-gu-office-cleaning/,서울 용산구 사무실청소,12
서울 용산구 사무실청소 전문업체,seoul-yongsan-gu-office-cleaning-company,PASS,100,,서울 용산구 사무실청소 전문업체 | 현장별 청소 정보,"서울 용산구 사무실청소 전문업체 작업 범위와 준비사항, 진행 순서, 확인 항목을 정리했습니다. 서울 용산구 사무실청소 현장에 맞춰 필요한 청소 내용을 확인해보세요.",https://clever-griffin-93819d.netlify.app/seoul-yongsan-gu-office-cleaning-company/,서울 용산구 사무실청소 전문업체,12
서울 용산구 사무실청소 잘하는곳,seoul-yongsan-gu-office-cleaning-best,PASS,100,,서울 용산구 사무실청소 잘하는곳 | 체인지클린,"서울 용산구 사무실청소 잘하는곳 작업 범위와 준비사항, 진행 순서, 확인 항목을 정리했습니다. 서울 용산구 사무실청소 현장에 맞춰 필요한 청소 내용을 확인해보세요.",https://clever-griffin-93819d.netlify.app/seoul-yongsan-gu-office-cleaning-best/,서울 용산구 사무실청소 잘하는곳,12
서울 용산구 사무실청소 가격,seoul-yongsan-gu-office-cleaning-price,PASS,100,,서울 용산구 사무실청소 가격 | 현장별 청소 정보,서울 용산구 사무실청소 가격 관련 청소 과정과 체크포인트를 안내합니다. 공간 상태와 오염 범위를 확인한 뒤 현장에 맞는 작업을 진행합니다.,https://clever-griffin-93819d.netlify.app/seoul-yongsan-gu-office-cleaning-price/,서울 용산구 사무실청소 가격,12
서울 용산구 사무실청소 비용,seoul-yongsan-gu-office-cleaning-cost,PASS,100,,서울 용산구 사무실청소 비용 - 청소 작업 안내,서울 용산구 사무실청소를 알아보는 분을 위한 안내입니다. 서울 용산구 사무실청소 비용 작업 전 확인사항부터 마무리 점검까지 자세히 정리했습니다.,https://clever-griffin-93819d.netlify.app/seoul-yongsan-gu-office-cleaning-cost/,서울 용산구 사무실청소 비용,12
서울 용산구 사무실청소 견적,seoul-yongsan-gu-office-cleaning-quote,PASS,100,,서울 용산구 사무실청소 견적 | 체인지클린,서울 용산구 사무실청소를 알아보는 분을 위한 안내입니다. 서울 용산구 사무실청소 견적 작업 전 확인사항부터 마무리 점검까지 자세히 정리했습니다.,https://clever-griffin-93819d.netlify.app/seoul-yongsan-gu-office-cleaning-quote/,서울 용산구 사무실청소 견적,12
서울 용산구 빌라청소,seoul-yongsan-gu-villa-cleaning,PASS,100,,서울 용산구 빌라청소 - 청소 작업 안내,"서울 용산구 빌라청소 작업 범위와 준비사항, 진행 순서, 확인 항목을 정리했습니다. 서울 용산구 빌라청소 현장에 맞춰 필요한 청소 내용을 확인해보세요.",https://clever-griffin-93819d.netlify.app/seoul-yongsan-gu-villa-cleaning/,서울 용산구 빌라청소,12
서울 용산구 빌라청소 전문업체,seoul-yongsan-gu-villa-cleaning-company,PASS,100,,서울 용산구 빌라청소 전문업체 | 체인지클린,서울 용산구 빌라청소를 알아보는 분을 위한 안내입니다. 서울 용산구 빌라청소 전문업체 작업 전 확인사항부터 마무리 점검까지 자세히 정리했습니다.,https://clever-griffin-93819d.netlify.app/seoul-yongsan-gu-villa-cleaning-company/,서울 용산구 빌라청소 전문업체,12
서울 용산구 빌라청소 잘하는곳,seoul-yongsan-gu-villa-cleaning-best,PASS,100,,서울 용산구 빌라청소 잘하는곳 | 체인지클린,"서울 용산구 빌라청소 잘하는곳 작업 범위와 준비사항, 진행 순서, 확인 항목을 정리했습니다. 서울 용산구 빌라청소 현장에 맞춰 필요한 청소 내용을 확인해보세요.",https://clever-griffin-93819d.netlify.app/seoul-yongsan-gu-villa-cleaning-best/,서울 용산구 빌라청소 잘하는곳,12
서울 용산구 빌라청소 가격,seoul-yongsan-gu-villa-cleaning-price,PASS,100,,서울 용산구 빌라청소 가격 | 체인지클린,"서울 용산구 빌라청소 가격 작업 범위와 준비사항, 진행 순서, 확인 항목을 정리했습니다. 서울 용산구 빌라청소 현장에 맞춰 필요한 청소 내용을 확인해보세요.",https://clever-griffin-93819d.netlify.app/seoul-yongsan-gu-villa-cleaning-price/,서울 용산구 빌라청소 가격,12
서울 용산구 빌라청소 비용,seoul-yongsan-gu-villa-cleaning-cost,PASS,100,,서울 용산구 빌라청소 비용 | 체인지클린,서울 용산구 빌라청소 비용 관련 청소 과정과 체크포인트를 안내합니다. 공간 상태와 오염 범위를 확인한 뒤 현장에 맞는 작업을 진행합니다.,https://clever-griffin-93819d.netlify.app/seoul-yongsan-gu-villa-cleaning-cost/,서울 용산구 빌라청소 비용,12
서울 용산구 빌라청소 견적,seoul-yongsan-gu-villa-cleaning-quote,PASS,100,,서울 용산구 빌라청소 견적 | 체인지클린,"서울 용산구 빌라청소 견적 작업 범위와 준비사항, 진행 순서, 확인 항목을 정리했습니다. 서울 용산구 빌라청소 현장에 맞춰 필요한 청소 내용을 확인해보세요.",https://clever-griffin-93819d.netlify.app/seoul-yongsan-gu-villa-cleaning-quote/,서울 용산구 빌라청소 견적,12
서울 용산구 아파트청소,seoul-yongsan-gu-apartment-cleaning,PASS,100,,서울 용산구 아파트청소 | 체인지클린,"서울 용산구 아파트청소 작업 범위와 준비사항, 진행 순서, 확인 항목을 정리했습니다. 서울 용산구 아파트청소 현장에 맞춰 필요한 청소 내용을 확인해보세요.",https://clever-griffin-93819d.netlify.app/seoul-yongsan-gu-apartment-cleaning/,서울 용산구 아파트청소,12
서울 용산구 아파트청소 전문업체,seoul-yongsan-gu-apartment-cleaning-company,PASS,100,,서울 용산구 아파트청소 전문업체 | 현장별 청소 정보,"서울 용산구 아파트청소 전문업체 작업 범위와 준비사항, 진행 순서, 확인 항목을 정리했습니다. 서울 용산구 아파트청소 현장에 맞춰 필요한 청소 내용을 확인해보세요.",https://clever-griffin-93819d.netlify.app/seoul-yongsan-gu-apartment-cleaning-company/,서울 용산구 아파트청소 전문업체,12
서울 용산구 아파트청소 잘하는곳,seoul-yongsan-gu-apartment-cleaning-best,PASS,100,,서울 용산구 아파트청소 잘하는곳 | 체인지클린,서울 용산구 아파트청소 잘하는곳 관련 청소 과정과 체크포인트를 안내합니다. 공간 상태와 오염 범위를 확인한 뒤 현장에 맞는 작업을 진행합니다.,https://clever-griffin-93819d.netlify.app/seoul-yongsan-gu-apartment-cleaning-best/,서울 용산구 아파트청소 잘하는곳,12
서울 용산구 아파트청소 가격,seoul-yongsan-gu-apartment-cleaning-price,PASS,100,,서울 용산구 아파트청소 가격 - 청소 작업 안내,서울 용산구 아파트청소를 알아보는 분을 위한 안내입니다. 서울 용산구 아파트청소 가격 작업 전 확인사항부터 마무리 점검까지 자세히 정리했습니다.,https://clever-griffin-93819d.netlify.app/seoul-yongsan-gu-apartment-cleaning-price/,서울 용산구 아파트청소 가격,12
서울 용산구 아파트청소 비용,seoul-yongsan-gu-apartment-cleaning-cost,PASS,100,,서울 용산구 아파트청소 비용 | 현장별 청소 정보,서울 용산구 아파트청소 비용 관련 청소 과정과 체크포인트를 안내합니다. 공간 상태와 오염 범위를 확인한 뒤 현장에 맞는 작업을 진행합니다.,https://clever-griffin-93819d.netlify.app/seoul-yongsan-gu-apartment-cleaning-cost/,서울 용산구 아파트청소 비용,12
서울 용산구 아파트청소 견적,seoul-yongsan-gu-apartment-cleaning-quote,PASS,100,,서울 용산구 아파트청소 견적 | 체인지클린,서울 용산구 아파트청소를 알아보는 분을 위한 안내입니다. 서울 용산구 아파트청소 견적 작업 전 확인사항부터 마무리 점검까지 자세히 정리했습니다.,https://clever-griffin-93819d.netlify.app/seoul-yongsan-gu-apartment-cleaning-quote/,서울 용산구 아파트청소 견적,12
서울 용산구 오피스텔청소,seoul-yongsan-gu-officetel-cleaning,PASS,100,,서울 용산구 오피스텔청소 - 청소 작업 안내,"서울 용산구 오피스텔청소 작업 범위와 준비사항, 진행 순서, 확인 항목을 정리했습니다. 서울 용산구 오피스텔청소 현장에 맞춰 필요한 청소 내용을 확인해보세요.",https://clever-griffin-93819d.netlify.app/seoul-yongsan-gu-officetel-cleaning/,서울 용산구 오피스텔청소,12
서울 용산구 오피스텔청소 전문업체,seoul-yongsan-gu-officetel-cleaning-company,PASS,100,,서울 용산구 오피스텔청소 전문업체 | 현장별 청소 정보,서울 용산구 오피스텔청소 전문업체 관련 청소 과정과 체크포인트를 안내합니다. 공간 상태와 오염 범위를 확인한 뒤 현장에 맞는 작업을 진행합니다.,https://clever-griffin-93819d.netlify.app/seoul-yongsan-gu-officetel-cleaning-company/,서울 용산구 오피스텔청소 전문업체,12
서울 용산구 오피스텔청소 잘하는곳,seoul-yongsan-gu-officetel-cleaning-best,PASS,100,,서울 용산구 오피스텔청소 잘하는곳 - 청소 작업 안내,"서울 용산구 오피스텔청소 잘하는곳 작업 범위와 준비사항, 진행 순서, 확인 항목을 정리했습니다. 서울 용산구 오피스텔청소 현장에 맞춰 필요한 청소 내용을 확인해보세요.",https://clever-griffin-93819d.netlify.app/seoul-yongsan-gu-officetel-cleaning-best/,서울 용산구 오피스텔청소 잘하는곳,12
서울 용산구 오피스텔청소 가격,seoul-yongsan-gu-officetel-cleaning-price,PASS,100,,서울 용산구 오피스텔청소 가격 - 청소 작업 안내,"서울 용산구 오피스텔청소 가격 작업 범위와 준비사항, 진행 순서, 확인 항목을 정리했습니다. 서울 용산구 오피스텔청소 현장에 맞춰 필요한 청소 내용을 확인해보세요.",https://clever-griffin-93819d.netlify.app/seoul-yongsan-gu-officetel-cleaning-price/,서울 용산구 오피스텔청소 가격,12
서울 용산구 오피스텔청소 비용,seoul-yongsan-gu-officetel-cleaning-cost,PASS,100,,서울 용산구 오피스텔청소 비용 | 현장별 청소 정보,서울 용산구 오피스텔청소를 알아보는 분을 위한 안내입니다. 서울 용산구 오피스텔청소 비용 작업 전 확인사항부터 마무리 점검까지 자세히 정리했습니다.,https://clever-griffin-93819d.netlify.app/seoul-yongsan-gu-officetel-cleaning-cost/,서울 용산구 오피스텔청소 비용,12
서울 용산구 오피스텔청소 견적,seoul-yongsan-gu-officetel-cleaning-quote,PASS,100,,서울 용산구 오피스텔청소 견적 | 체인지클린,서울 용산구 오피스텔청소 견적 관련 청소 과정과 체크포인트를 안내합니다. 공간 상태와 오염 범위를 확인한 뒤 현장에 맞는 작업을 진행합니다.,https://clever-griffin-93819d.netlify.app/seoul-yongsan-gu-officetel-cleaning-quote/,서울 용산구 오피스텔청소 견적,12
서울 용산구 거주청소,seoul-yongsan-gu-home-cleaning,CHECK,96,title 길이 확인,서울 용산구 거주청소 | 체인지클린,"서울 용산구 거주청소 작업 범위와 준비사항, 진행 순서, 확인 항목을 정리했습니다. 서울 용산구 거주청소 현장에 맞춰 필요한 청소 내용을 확인해보세요.",https://clever-griffin-93819d.netlify.app/seoul-yongsan-gu-home-cleaning/,서울 용산구 거주청소,12
서울 용산구 거주청소 전문업체,seoul-yongsan-gu-home-cleaning-company,PASS,100,,서울 용산구 거주청소 전문업체 | 체인지클린,"서울 용산구 거주청소 전문업체 작업 범위와 준비사항, 진행 순서, 확인 항목을 정리했습니다. 서울 용산구 거주청소 현장에 맞춰 필요한 청소 내용을 확인해보세요.",https://clever-griffin-93819d.netlify.app/seoul-yongsan-gu-home-cleaning-company/,서울 용산구 거주청소 전문업체,12
서울 용산구 거주청소 잘하는곳,seoul-yongsan-gu-home-cleaning-best,PASS,100,,서울 용산구 거주청소 잘하는곳 - 청소 작업 안내,서울 용산구 거주청소 잘하는곳 관련 청소 과정과 체크포인트를 안내합니다. 공간 상태와 오염 범위를 확인한 뒤 현장에 맞는 작업을 진행합니다.,https://clever-griffin-93819d.netlify.app/seoul-yongsan-gu-home-cleaning-best/,서울 용산구 거주청소 잘하는곳,12
서울 용산구 거주청소 가격,seoul-yongsan-gu-home-cleaning-price,PASS,100,,서울 용산구 거주청소 가격 | 현장별 청소 정보,서울 용산구 거주청소 가격 관련 청소 과정과 체크포인트를 안내합니다. 공간 상태와 오염 범위를 확인한 뒤 현장에 맞는 작업을 진행합니다.,https://clever-griffin-93819d.netlify.app/seoul-yongsan-gu-home-cleaning-price/,서울 용산구 거주청소 가격,12
서울 용산구 거주청소 비용,seoul-yongsan-gu-home-cleaning-cost,PASS,100,,서울 용산구 거주청소 비용 | 체인지클린,서울 용산구 거주청소를 알아보는 분을 위한 안내입니다. 서울 용산구 거주청소 비용 작업 전 확인사항부터 마무리 점검까지 자세히 정리했습니다.,https://clever-griffin-93819d.netlify.app/seoul-yongsan-gu-home-cleaning-cost/,서울 용산구 거주청소 비용,12
서울 용산구 거주청소 견적,seoul-yongsan-gu-home-cleaning-quote,PASS,100,,서울 용산구 거주청소 견적 - 청소 작업 안내,서울 용산구 거주청소를 알아보는 분을 위한 안내입니다. 서울 용산구 거주청소 견적 작업 전 확인사항부터 마무리 점검까지 자세히 정리했습니다.,https://clever-griffin-93819d.netlify.app/seoul-yongsan-gu-home-cleaning-quote/,서울 용산구 거주청소 견적,12
서울 성동구 입주청소,seoul-seongdong-gu-move-in-cleaning,CHECK,96,title 길이 확인,서울 성동구 입주청소 | 체인지클린,"서울 성동구 입주청소 작업 범위와 준비사항, 진행 순서, 확인 항목을 정리했습니다. 서울 성동구 입주청소 현장에 맞춰 필요한 청소 내용을 확인해보세요.",https://clever-griffin-93819d.netlify.app/seoul-seongdong-gu-move-in-cleaning/,서울 성동구 입주청소,12
서울 성동구 입주청소 전문업체,seoul-seongdong-gu-move-in-cleaning-company,PASS,100,,서울 성동구 입주청소 전문업체 - 청소 작업 안내,서울 성동구 입주청소 전문업체 관련 청소 과정과 체크포인트를 안내합니다. 공간 상태와 오염 범위를 확인한 뒤 현장에 맞는 작업을 진행합니다.,https://clever-griffin-93819d.netlify.app/seoul-seongdong-gu-move-in-cleaning-company/,서울 성동구 입주청소 전문업체,12
서울 성동구 입주청소 잘하는곳,seoul-seongdong-gu-move-in-cleaning-best,PASS,100,,서울 성동구 입주청소 잘하는곳 | 현장별 청소 정보,"서울 성동구 입주청소 잘하는곳 작업 범위와 준비사항, 진행 순서, 확인 항목을 정리했습니다. 서울 성동구 입주청소 현장에 맞춰 필요한 청소 내용을 확인해보세요.",https://clever-griffin-93819d.netlify.app/seoul-seongdong-gu-move-in-cleaning-best/,서울 성동구 입주청소 잘하는곳,12
서울 성동구 입주청소 가격,seoul-seongdong-gu-move-in-cleaning-price,PASS,100,,서울 성동구 입주청소 가격 | 체인지클린,서울 성동구 입주청소 가격 관련 청소 과정과 체크포인트를 안내합니다. 공간 상태와 오염 범위를 확인한 뒤 현장에 맞는 작업을 진행합니다.,https://clever-griffin-93819d.netlify.app/seoul-seongdong-gu-move-in-cleaning-price/,서울 성동구 입주청소 가격,12
서울 성동구 입주청소 비용,seoul-seongdong-gu-move-in-cleaning-cost,PASS,100,,서울 성동구 입주청소 비용 | 현장별 청소 정보,"서울 성동구 입주청소 비용 작업 범위와 준비사항, 진행 순서, 확인 항목을 정리했습니다. 서울 성동구 입주청소 현장에 맞춰 필요한 청소 내용을 확인해보세요.",https://clever-griffin-93819d.netlify.app/seoul-seongdong-gu-move-in-cleaning-cost/,서울 성동구 입주청소 비용,12
서울 성동구 입주청소 견적,seoul-seongdong-gu-move-in-cleaning-quote,PASS,100,,서울 성동구 입주청소 견적 | 현장별 청소 정보,서울 성동구 입주청소 견적 관련 청소 과정과 체크포인트를 안내합니다. 공간 상태와 오염 범위를 확인한 뒤 현장에 맞는 작업을 진행합니다.,https://clever-griffin-93819d.netlify.app/seoul-seongdong-gu-move-in-cleaning-quote/,서울 성동구 입주청소 견적,12
서울 성동구 이사청소,seoul-seongdong-gu-move-out-cleaning,PASS,100,,서울 성동구 이사청소 - 청소 작업 안내,"서울 성동구 이사청소 작업 범위와 준비사항, 진행 순서, 확인 항목을 정리했습니다. 서울 성동구 이사청소 현장에 맞춰 필요한 청소 내용을 확인해보세요.",https://clever-griffin-93819d.netlify.app/seoul-seongdong-gu-move-out-cleaning/,서울 성동구 이사청소,12
서울 성동구 이사청소 전문업체,seoul-seongdong-gu-move-out-cleaning-company,PASS,100,,서울 성동구 이사청소 전문업체 | 체인지클린,서울 성동구 이사청소 전문업체 관련 청소 과정과 체크포인트를 안내합니다. 공간 상태와 오염 범위를 확인한 뒤 현장에 맞는 작업을 진행합니다.,https://clever-griffin-93819d.netlify.app/seoul-seongdong-gu-move-out-cleaning-company/,서울 성동구 이사청소 전문업체,12
서울 성동구 이사청소 잘하는곳,seoul-seongdong-gu-move-out-cleaning-best,PASS,100,,서울 성동구 이사청소 잘하는곳 | 현장별 청소 정보,"서울 성동구 이사청소 잘하는곳 작업 범위와 준비사항, 진행 순서, 확인 항목을 정리했습니다. 서울 성동구 이사청소 현장에 맞춰 필요한 청소 내용을 확인해보세요.",https://clever-griffin-93819d.netlify.app/seoul-seongdong-gu-move-out-cleaning-best/,서울 성동구 이사청소 잘하는곳,12
서울 성동구 이사청소 가격,seoul-seongdong-gu-move-out-cleaning-price,PASS,100,,서울 성동구 이사청소 가격 | 체인지클린,서울 성동구 이사청소 가격 관련 청소 과정과 체크포인트를 안내합니다. 공간 상태와 오염 범위를 확인한 뒤 현장에 맞는 작업을 진행합니다.,https://clever-griffin-93819d.netlify.app/seoul-seongdong-gu-move-out-cleaning-price/,서울 성동구 이사청소 가격,12
서울 성동구 이사청소 비용,seoul-seongdong-gu-move-out-cleaning-cost,PASS,100,,서울 성동구 이사청소 비용 - 청소 작업 안내,서울 성동구 이사청소 비용 관련 청소 과정과 체크포인트를 안내합니다. 공간 상태와 오염 범위를 확인한 뒤 현장에 맞는 작업을 진행합니다.,https://clever-griffin-93819d.netlify.app/seoul-seongdong-gu-move-out-cleaning-cost/,서울 성동구 이사청소 비용,12
서울 성동구 이사청소 견적,seoul-seongdong-gu-move-out-cleaning-quote,PASS,100,,서울 성동구 이사청소 견적 | 체인지클린,서울 성동구 이사청소 견적 관련 청소 과정과 체크포인트를 안내합니다. 공간 상태와 오염 범위를 확인한 뒤 현장에 맞는 작업을 진행합니다.,https://clever-griffin-93819d.netlify.app/seoul-seongdong-gu-move-out-cleaning-quote/,서울 성동구 이사청소 견적,12
서울 성동구 준공청소,seoul-seongdong-gu-post-construction-cleaning,PASS,100,,서울 성동구 준공청소 - 청소 작업 안내,서울 성동구 준공청소 관련 청소 과정과 체크포인트를 안내합니다. 공간 상태와 오염 범위를 확인한 뒤 현장에 맞는 작업을 진행합니다.,https://clever-griffin-93819d.netlify.app/seoul-seongdong-gu-post-construction-cleaning/,서울 성동구 준공청소,12
서울 성동구 준공청소 전문업체,seoul-seongdong-gu-post-construction-cleaning-company,PASS,100,,서울 성동구 준공청소 전문업체 | 체인지클린,서울 성동구 준공청소를 알아보는 분을 위한 안내입니다. 서울 성동구 준공청소 전문업체 작업 전 확인사항부터 마무리 점검까지 자세히 정리했습니다.,https://clever-griffin-93819d.netlify.app/seoul-seongdong-gu-post-construction-cleaning-company/,서울 성동구 준공청소 전문업체,12
서울 성동구 준공청소 잘하는곳,seoul-seongdong-gu-post-construction-cleaning-best,PASS,100,,서울 성동구 준공청소 잘하는곳 | 체인지클린,"서울 성동구 준공청소 잘하는곳 작업 범위와 준비사항, 진행 순서, 확인 항목을 정리했습니다. 서울 성동구 준공청소 현장에 맞춰 필요한 청소 내용을 확인해보세요.",https://clever-griffin-93819d.netlify.app/seoul-seongdong-gu-post-construction-cleaning-best/,서울 성동구 준공청소 잘하는곳,12
서울 성동구 준공청소 가격,seoul-seongdong-gu-post-construction-cleaning-price,PASS,100,,서울 성동구 준공청소 가격 | 체인지클린,서울 성동구 준공청소를 알아보는 분을 위한 안내입니다. 서울 성동구 준공청소 가격 작업 전 확인사항부터 마무리 점검까지 자세히 정리했습니다.,https://clever-griffin-93819d.netlify.app/seoul-seongdong-gu-post-construction-cleaning-price/,서울 성동구 준공청소 가격,12
서울 성동구 준공청소 비용,seoul-seongdong-gu-post-construction-cleaning-cost,PASS,100,,서울 성동구 준공청소 비용 - 청소 작업 안내,"서울 성동구 준공청소 비용 작업 범위와 준비사항, 진행 순서, 확인 항목을 정리했습니다. 서울 성동구 준공청소 현장에 맞춰 필요한 청소 내용을 확인해보세요.",https://clever-griffin-93819d.netlify.app/seoul-seongdong-gu-post-construction-cleaning-cost/,서울 성동구 준공청소 비용,12
서울 성동구 준공청소 견적,seoul-seongdong-gu-post-construction-cleaning-quote,PASS,100,,서울 성동구 준공청소 견적 | 체인지클린,서울 성동구 준공청소 견적 관련 청소 과정과 체크포인트를 안내합니다. 공간 상태와 오염 범위를 확인한 뒤 현장에 맞는 작업을 진행합니다.,https://clever-griffin-93819d.netlify.app/seoul-seongdong-gu-post-construction-cleaning-quote/,서울 성동구 준공청소 견적,12
서울 성동구 상가청소,seoul-seongdong-gu-store-cleaning,CHECK,96,title 길이 확인,서울 성동구 상가청소 | 체인지클린,서울 성동구 상가청소를 알아보는 분을 위한 안내입니다. 서울 성동구 상가청소 작업 전 확인사항부터 마무리 점검까지 자세히 정리했습니다.,https://clever-griffin-93819d.netlify.app/seoul-seongdong-gu-store-cleaning/,서울 성동구 상가청소,12
서울 성동구 상가청소 전문업체,seoul-seongdong-gu-store-cleaning-company,PASS,100,,서울 성동구 상가청소 전문업체 | 현장별 청소 정보,서울 성동구 상가청소를 알아보는 분을 위한 안내입니다. 서울 성동구 상가청소 전문업체 작업 전 확인사항부터 마무리 점검까지 자세히 정리했습니다.,https://clever-griffin-93819d.netlify.app/seoul-seongdong-gu-store-cleaning-company/,서울 성동구 상가청소 전문업체,12
서울 성동구 상가청소 잘하는곳,seoul-seongdong-gu-store-cleaning-best,PASS,100,,서울 성동구 상가청소 잘하는곳 | 체인지클린,서울 성동구 상가청소를 알아보는 분을 위한 안내입니다. 서울 성동구 상가청소 잘하는곳 작업 전 확인사항부터 마무리 점검까지 자세히 정리했습니다.,https://clever-griffin-93819d.netlify.app/seoul-seongdong-gu-store-cleaning-best/,서울 성동구 상가청소 잘하는곳,12
서울 성동구 상가청소 가격,seoul-seongdong-gu-store-cleaning-price,PASS,100,,서울 성동구 상가청소 가격 | 체인지클린,서울 성동구 상가청소를 알아보는 분을 위한 안내입니다. 서울 성동구 상가청소 가격 작업 전 확인사항부터 마무리 점검까지 자세히 정리했습니다.,https://clever-griffin-93819d.netlify.app/seoul-seongdong-gu-store-cleaning-price/,서울 성동구 상가청소 가격,12
서울 성동구 상가청소 비용,seoul-seongdong-gu-store-cleaning-cost,PASS,100,,서울 성동구 상가청소 비용 | 체인지클린,서울 성동구 상가청소를 알아보는 분을 위한 안내입니다. 서울 성동구 상가청소 비용 작업 전 확인사항부터 마무리 점검까지 자세히 정리했습니다.,https://clever-griffin-93819d.netlify.app/seoul-seongdong-gu-store-cleaning-cost/,서울 성동구 상가청소 비용,12
서울 성동구 상가청소 견적,seoul-seongdong-gu-store-cleaning-quote,PASS,100,,서울 성동구 상가청소 견적 - 청소 작업 안내,"서울 성동구 상가청소 견적 작업 범위와 준비사항, 진행 순서, 확인 항목을 정리했습니다. 서울 성동구 상가청소 현장에 맞춰 필요한 청소 내용을 확인해보세요.",https://clever-griffin-93819d.netlify.app/seoul-seongdong-gu-store-cleaning-quote/,서울 성동구 상가청소 견적,12
서울 성동구 사무실청소,seoul-seongdong-gu-office-cleaning,PASS,100,,서울 성동구 사무실청소 | 체인지클린,서울 성동구 사무실청소 관련 청소 과정과 체크포인트를 안내합니다. 공간 상태와 오염 범위를 확인한 뒤 현장에 맞는 작업을 진행합니다.,https://clever-griffin-93819d.netlify.app/seoul-seongdong-gu-office-cleaning/,서울 성동구 사무실청소,12
서울 성동구 사무실청소 전문업체,seoul-seongdong-gu-office-cleaning-company,PASS,100,,서울 성동구 사무실청소 전문업체 | 체인지클린,서울 성동구 사무실청소를 알아보는 분을 위한 안내입니다. 서울 성동구 사무실청소 전문업체 작업 전 확인사항부터 마무리 점검까지 자세히 정리했습니다.,https://clever-griffin-93819d.netlify.app/seoul-seongdong-gu-office-cleaning-company/,서울 성동구 사무실청소 전문업체,12
서울 성동구 사무실청소 잘하는곳,seoul-seongdong-gu-office-cleaning-best,PASS,100,,서울 성동구 사무실청소 잘하는곳 - 청소 작업 안내,서울 성동구 사무실청소 잘하는곳 관련 청소 과정과 체크포인트를 안내합니다. 공간 상태와 오염 범위를 확인한 뒤 현장에 맞는 작업을 진행합니다.,https://clever-griffin-93819d.netlify.app/seoul-seongdong-gu-office-cleaning-best/,서울 성동구 사무실청소 잘하는곳,12
서울 성동구 사무실청소 가격,seoul-seongdong-gu-office-cleaning-price,PASS,100,,서울 성동구 사무실청소 가격 | 현장별 청소 정보,서울 성동구 사무실청소 가격 관련 청소 과정과 체크포인트를 안내합니다. 공간 상태와 오염 범위를 확인한 뒤 현장에 맞는 작업을 진행합니다.,https://clever-griffin-93819d.netlify.app/seoul-seongdong-gu-office-cleaning-price/,서울 성동구 사무실청소 가격,12
서울 성동구 사무실청소 비용,seoul-seongdong-gu-office-cleaning-cost,PASS,100,,서울 성동구 사무실청소 비용 | 체인지클린,서울 성동구 사무실청소를 알아보는 분을 위한 안내입니다. 서울 성동구 사무실청소 비용 작업 전 확인사항부터 마무리 점검까지 자세히 정리했습니다.,https://clever-griffin-93819d.netlify.app/seoul-seongdong-gu-office-cleaning-cost/,서울 성동구 사무실청소 비용,12
서울 성동구 사무실청소 견적,seoul-seongdong-gu-office-cleaning-quote,PASS,100,,서울 성동구 사무실청소 견적 - 청소 작업 안내,서울 성동구 사무실청소 견적 관련 청소 과정과 체크포인트를 안내합니다. 공간 상태와 오염 범위를 확인한 뒤 현장에 맞는 작업을 진행합니다.,https://clever-griffin-93819d.netlify.app/seoul-seongdong-gu-office-cleaning-quote/,서울 성동구 사무실청소 견적,12
서울 성동구 빌라청소,seoul-seongdong-gu-villa-cleaning,PASS,100,,서울 성동구 빌라청소 | 현장별 청소 정보,"서울 성동구 빌라청소 작업 범위와 준비사항, 진행 순서, 확인 항목을 정리했습니다. 서울 성동구 빌라청소 현장에 맞춰 필요한 청소 내용을 확인해보세요.",https://clever-griffin-93819d.netlify.app/seoul-seongdong-gu-villa-cleaning/,서울 성동구 빌라청소,12
서울 성동구 빌라청소 전문업체,seoul-seongdong-gu-villa-cleaning-company,PASS,100,,서울 성동구 빌라청소 전문업체 - 청소 작업 안내,"서울 성동구 빌라청소 전문업체 작업 범위와 준비사항, 진행 순서, 확인 항목을 정리했습니다. 서울 성동구 빌라청소 현장에 맞춰 필요한 청소 내용을 확인해보세요.",https://clever-griffin-93819d.netlify.app/seoul-seongdong-gu-villa-cleaning-company/,서울 성동구 빌라청소 전문업체,12
서울 성동구 빌라청소 잘하는곳,seoul-seongdong-gu-villa-cleaning-best,PASS,100,,서울 성동구 빌라청소 잘하는곳 - 청소 작업 안내,서울 성동구 빌라청소를 알아보는 분을 위한 안내입니다. 서울 성동구 빌라청소 잘하는곳 작업 전 확인사항부터 마무리 점검까지 자세히 정리했습니다.,https://clever-griffin-93819d.netlify.app/seoul-seongdong-gu-villa-cleaning-best/,서울 성동구 빌라청소 잘하는곳,12
서울 성동구 빌라청소 가격,seoul-seongdong-gu-villa-cleaning-price,PASS,100,,서울 성동구 빌라청소 가격 | 체인지클린,서울 성동구 빌라청소 가격 관련 청소 과정과 체크포인트를 안내합니다. 공간 상태와 오염 범위를 확인한 뒤 현장에 맞는 작업을 진행합니다.,https://clever-griffin-93819d.netlify.app/seoul-seongdong-gu-villa-cleaning-price/,서울 성동구 빌라청소 가격,12
서울 성동구 빌라청소 비용,seoul-seongdong-gu-villa-cleaning-cost,PASS,100,,서울 성동구 빌라청소 비용 | 현장별 청소 정보,"서울 성동구 빌라청소 비용 작업 범위와 준비사항, 진행 순서, 확인 항목을 정리했습니다. 서울 성동구 빌라청소 현장에 맞춰 필요한 청소 내용을 확인해보세요.",https://clever-griffin-93819d.netlify.app/seoul-seongdong-gu-villa-cleaning-cost/,서울 성동구 빌라청소 비용,12
서울 성동구 빌라청소 견적,seoul-seongdong-gu-villa-cleaning-quote,PASS,100,,서울 성동구 빌라청소 견적 | 현장별 청소 정보,"서울 성동구 빌라청소 견적 작업 범위와 준비사항, 진행 순서, 확인 항목을 정리했습니다. 서울 성동구 빌라청소 현장에 맞춰 필요한 청소 내용을 확인해보세요.",https://clever-griffin-93819d.netlify.app/seoul-seongdong-gu-villa-cleaning-quote/,서울 성동구 빌라청소 견적,12
서울 성동구 아파트청소,seoul-seongdong-gu-apartment-cleaning,PASS,100,,서울 성동구 아파트청소 | 체인지클린,"서울 성동구 아파트청소 작업 범위와 준비사항, 진행 순서, 확인 항목을 정리했습니다. 서울 성동구 아파트청소 현장에 맞춰 필요한 청소 내용을 확인해보세요.",https://clever-griffin-93819d.netlify.app/seoul-seongdong-gu-apartment-cleaning/,서울 성동구 아파트청소,12
서울 성동구 아파트청소 전문업체,seoul-seongdong-gu-apartment-cleaning-company,PASS,100,,서울 성동구 아파트청소 전문업체 - 청소 작업 안내,"서울 성동구 아파트청소 전문업체 작업 범위와 준비사항, 진행 순서, 확인 항목을 정리했습니다. 서울 성동구 아파트청소 현장에 맞춰 필요한 청소 내용을 확인해보세요.",https://clever-griffin-93819d.netlify.app/seoul-seongdong-gu-apartment-cleaning-company/,서울 성동구 아파트청소 전문업체,12
서울 성동구 아파트청소 잘하는곳,seoul-seongdong-gu-apartment-cleaning-best,PASS,100,,서울 성동구 아파트청소 잘하는곳 - 청소 작업 안내,서울 성동구 아파트청소 잘하는곳 관련 청소 과정과 체크포인트를 안내합니다. 공간 상태와 오염 범위를 확인한 뒤 현장에 맞는 작업을 진행합니다.,https://clever-griffin-93819d.netlify.app/seoul-seongdong-gu-apartment-cleaning-best/,서울 성동구 아파트청소 잘하는곳,12
서울 성동구 아파트청소 가격,seoul-seongdong-gu-apartment-cleaning-price,PASS,100,,서울 성동구 아파트청소 가격 - 청소 작업 안내,"서울 성동구 아파트청소 가격 작업 범위와 준비사항, 진행 순서, 확인 항목을 정리했습니다. 서울 성동구 아파트청소 현장에 맞춰 필요한 청소 내용을 확인해보세요.",https://clever-griffin-93819d.netlify.app/seoul-seongdong-gu-apartment-cleaning-price/,서울 성동구 아파트청소 가격,12
서울 성동구 아파트청소 비용,seoul-seongdong-gu-apartment-cleaning-cost,PASS,100,,서울 성동구 아파트청소 비용 - 청소 작업 안내,서울 성동구 아파트청소를 알아보는 분을 위한 안내입니다. 서울 성동구 아파트청소 비용 작업 전 확인사항부터 마무리 점검까지 자세히 정리했습니다.,https://clever-griffin-93819d.netlify.app/seoul-seongdong-gu-apartment-cleaning-cost/,서울 성동구 아파트청소 비용,12
서울 성동구 아파트청소 견적,seoul-seongdong-gu-apartment-cleaning-quote,PASS,100,,서울 성동구 아파트청소 견적 | 현장별 청소 정보,"서울 성동구 아파트청소 견적 작업 범위와 준비사항, 진행 순서, 확인 항목을 정리했습니다. 서울 성동구 아파트청소 현장에 맞춰 필요한 청소 내용을 확인해보세요.",https://clever-griffin-93819d.netlify.app/seoul-seongdong-gu-apartment-cleaning-quote/,서울 성동구 아파트청소 견적,12
서울 성동구 오피스텔청소,seoul-seongdong-gu-officetel-cleaning,PASS,100,,서울 성동구 오피스텔청소 | 체인지클린,"서울 성동구 오피스텔청소 작업 범위와 준비사항, 진행 순서, 확인 항목을 정리했습니다. 서울 성동구 오피스텔청소 현장에 맞춰 필요한 청소 내용을 확인해보세요.",https://clever-griffin-93819d.netlify.app/seoul-seongdong-gu-officetel-cleaning/,서울 성동구 오피스텔청소,12
서울 성동구 오피스텔청소 전문업체,seoul-seongdong-gu-officetel-cleaning-company,PASS,100,,서울 성동구 오피스텔청소 전문업체 - 청소 작업 안내,서울 성동구 오피스텔청소 전문업체 관련 청소 과정과 체크포인트를 안내합니다. 공간 상태와 오염 범위를 확인한 뒤 현장에 맞는 작업을 진행합니다.,https://clever-griffin-93819d.netlify.app/seoul-seongdong-gu-officetel-cleaning-company/,서울 성동구 오피스텔청소 전문업체,12
서울 성동구 오피스텔청소 잘하는곳,seoul-seongdong-gu-officetel-cleaning-best,PASS,100,,서울 성동구 오피스텔청소 잘하는곳 | 체인지클린,서울 성동구 오피스텔청소 잘하는곳 관련 청소 과정과 체크포인트를 안내합니다. 공간 상태와 오염 범위를 확인한 뒤 현장에 맞는 작업을 진행합니다.,https://clever-griffin-93819d.netlify.app/seoul-seongdong-gu-officetel-cleaning-best/,서울 성동구 오피스텔청소 잘하는곳,12
서울 성동구 오피스텔청소 가격,seoul-seongdong-gu-officetel-cleaning-price,PASS,100,,서울 성동구 오피스텔청소 가격 - 청소 작업 안내,서울 성동구 오피스텔청소 가격 관련 청소 과정과 체크포인트를 안내합니다. 공간 상태와 오염 범위를 확인한 뒤 현장에 맞는 작업을 진행합니다.,https://clever-griffin-93819d.netlify.app/seoul-seongdong-gu-officetel-cleaning-price/,서울 성동구 오피스텔청소 가격,12
서울 성동구 오피스텔청소 비용,seoul-seongdong-gu-officetel-cleaning-cost,PASS,100,,서울 성동구 오피스텔청소 비용 - 청소 작업 안내,서울 성동구 오피스텔청소 비용 관련 청소 과정과 체크포인트를 안내합니다. 공간 상태와 오염 범위를 확인한 뒤 현장에 맞는 작업을 진행합니다.,https://clever-griffin-93819d.netlify.app/seoul-seongdong-gu-officetel-cleaning-cost/,서울 성동구 오피스텔청소 비용,12
서울 성동구 오피스텔청소 견적,seoul-seongdong-gu-officetel-cleaning-quote,PASS,100,,서울 성동구 오피스텔청소 견적 - 청소 작업 안내,"서울 성동구 오피스텔청소 견적 작업 범위와 준비사항, 진행 순서, 확인 항목을 정리했습니다. 서울 성동구 오피스텔청소 현장에 맞춰 필요한 청소 내용을 확인해보세요.",https://clever-griffin-93819d.netlify.app/seoul-seongdong-gu-officetel-cleaning-quote/,서울 성동구 오피스텔청소 견적,12
서울 성동구 거주청소,seoul-seongdong-gu-home-cleaning,CHECK,96,title 길이 확인,서울 성동구 거주청소 | 체인지클린,"서울 성동구 거주청소 작업 범위와 준비사항, 진행 순서, 확인 항목을 정리했습니다. 서울 성동구 거주청소 현장에 맞춰 필요한 청소 내용을 확인해보세요.",https://clever-griffin-93819d.netlify.app/seoul-seongdong-gu-home-cleaning/,서울 성동구 거주청소,12
서울 성동구 거주청소 전문업체,seoul-seongdong-gu-home-cleaning-company,PASS,100,,서울 성동구 거주청소 전문업체 - 청소 작업 안내,서울 성동구 거주청소 전문업체 관련 청소 과정과 체크포인트를 안내합니다. 공간 상태와 오염 범위를 확인한 뒤 현장에 맞는 작업을 진행합니다.,https://clever-griffin-93819d.netlify.app/seoul-seongdong-gu-home-cleaning-company/,서울 성동구 거주청소 전문업체,12
서울 성동구 거주청소 잘하는곳,seoul-seongdong-gu-home-cleaning-best,PASS,100,,서울 성동구 거주청소 잘하는곳 | 체인지클린,서울 성동구 거주청소를 알아보는 분을 위한 안내입니다. 서울 성동구 거주청소 잘하는곳 작업 전 확인사항부터 마무리 점검까지 자세히 정리했습니다.,https://clever-griffin-93819d.netlify.app/seoul-seongdong-gu-home-cleaning-best/,서울 성동구 거주청소 잘하는곳,12
서울 성동구 거주청소 가격,seoul-seongdong-gu-home-cleaning-price,PASS,100,,서울 성동구 거주청소 가격 | 체인지클린,서울 성동구 거주청소를 알아보는 분을 위한 안내입니다. 서울 성동구 거주청소 가격 작업 전 확인사항부터 마무리 점검까지 자세히 정리했습니다.,https://clever-griffin-93819d.netlify.app/seoul-seongdong-gu-home-cleaning-price/,서울 성동구 거주청소 가격,12
서울 성동구 거주청소 비용,seoul-seongdong-gu-home-cleaning-cost,PASS,100,,서울 성동구 거주청소 비용 | 체인지클린,서울 성동구 거주청소를 알아보는 분을 위한 안내입니다. 서울 성동구 거주청소 비용 작업 전 확인사항부터 마무리 점검까지 자세히 정리했습니다.,https://clever-griffin-93819d.netlify.app/seoul-seongdong-gu-home-cleaning-cost/,서울 성동구 거주청소 비용,12
서울 성동구 거주청소 견적,seoul-seongdong-gu-home-cleaning-quote,PASS,100,,서울 성동구 거주청소 견적 | 현장별 청소 정보,서울 성동구 거주청소를 알아보는 분을 위한 안내입니다. 서울 성동구 거주청소 견적 작업 전 확인사항부터 마무리 점검까지 자세히 정리했습니다.,https://clever-griffin-93819d.netlify.app/seoul-seongdong-gu-home-cleaning-quote/,서울 성동구 거주청소 견적,12
서울 광진구 입주청소,seoul-gwangjin-gu-move-in-cleaning,PASS,100,,서울 광진구 입주청소 - 청소 작업 안내,서울 광진구 입주청소 관련 청소 과정과 체크포인트를 안내합니다. 공간 상태와 오염 범위를 확인한 뒤 현장에 맞는 작업을 진행합니다.,https://clever-griffin-93819d.netlify.app/seoul-gwangjin-gu-move-in-cleaning/,서울 광진구 입주청소,12
서울 광진구 입주청소 전문업체,seoul-gwangjin-gu-move-in-cleaning-company,PASS,100,,서울 광진구 입주청소 전문업체 | 체인지클린,"서울 광진구 입주청소 전문업체 작업 범위와 준비사항, 진행 순서, 확인 항목을 정리했습니다. 서울 광진구 입주청소 현장에 맞춰 필요한 청소 내용을 확인해보세요.",https://clever-griffin-93819d.netlify.app/seoul-gwangjin-gu-move-in-cleaning-company/,서울 광진구 입주청소 전문업체,12
서울 광진구 입주청소 잘하는곳,seoul-gwangjin-gu-move-in-cleaning-best,PASS,100,,서울 광진구 입주청소 잘하는곳 | 체인지클린,"서울 광진구 입주청소 잘하는곳 작업 범위와 준비사항, 진행 순서, 확인 항목을 정리했습니다. 서울 광진구 입주청소 현장에 맞춰 필요한 청소 내용을 확인해보세요.",https://clever-griffin-93819d.netlify.app/seoul-gwangjin-gu-move-in-cleaning-best/,서울 광진구 입주청소 잘하는곳,12
서울 광진구 입주청소 가격,seoul-gwangjin-gu-move-in-cleaning-price,PASS,100,,서울 광진구 입주청소 가격 | 현장별 청소 정보,서울 광진구 입주청소를 알아보는 분을 위한 안내입니다. 서울 광진구 입주청소 가격 작업 전 확인사항부터 마무리 점검까지 자세히 정리했습니다.,https://clever-griffin-93819d.netlify.app/seoul-gwangjin-gu-move-in-cleaning-price/,서울 광진구 입주청소 가격,12
서울 광진구 입주청소 비용,seoul-gwangjin-gu-move-in-cleaning-cost,PASS,100,,서울 광진구 입주청소 비용 | 체인지클린,"서울 광진구 입주청소 비용 작업 범위와 준비사항, 진행 순서, 확인 항목을 정리했습니다. 서울 광진구 입주청소 현장에 맞춰 필요한 청소 내용을 확인해보세요.",https://clever-griffin-93819d.netlify.app/seoul-gwangjin-gu-move-in-cleaning-cost/,서울 광진구 입주청소 비용,12
서울 광진구 입주청소 견적,seoul-gwangjin-gu-move-in-cleaning-quote,PASS,100,,서울 광진구 입주청소 견적 | 현장별 청소 정보,서울 광진구 입주청소를 알아보는 분을 위한 안내입니다. 서울 광진구 입주청소 견적 작업 전 확인사항부터 마무리 점검까지 자세히 정리했습니다.,https://clever-griffin-93819d.netlify.app/seoul-gwangjin-gu-move-in-cleaning-quote/,서울 광진구 입주청소 견적,12
서울 광진구 이사청소,seoul-gwangjin-gu-move-out-cleaning,PASS,100,,서울 광진구 이사청소 | 현장별 청소 정보,서울 광진구 이사청소 관련 청소 과정과 체크포인트를 안내합니다. 공간 상태와 오염 범위를 확인한 뒤 현장에 맞는 작업을 진행합니다.,https://clever-griffin-93819d.netlify.app/seoul-gwangjin-gu-move-out-cleaning/,서울 광진구 이사청소,12
서울 광진구 이사청소 전문업체,seoul-gwangjin-gu-move-out-cleaning-company,PASS,100,,서울 광진구 이사청소 전문업체 | 현장별 청소 정보,서울 광진구 이사청소 전문업체 관련 청소 과정과 체크포인트를 안내합니다. 공간 상태와 오염 범위를 확인한 뒤 현장에 맞는 작업을 진행합니다.,https://clever-griffin-93819d.netlify.app/seoul-gwangjin-gu-move-out-cleaning-company/,서울 광진구 이사청소 전문업체,12
서울 광진구 이사청소 잘하는곳,seoul-gwangjin-gu-move-out-cleaning-best,PASS,100,,서울 광진구 이사청소 잘하는곳 | 현장별 청소 정보,서울 광진구 이사청소를 알아보는 분을 위한 안내입니다. 서울 광진구 이사청소 잘하는곳 작업 전 확인사항부터 마무리 점검까지 자세히 정리했습니다.,https://clever-griffin-93819d.netlify.app/seoul-gwangjin-gu-move-out-cleaning-best/,서울 광진구 이사청소 잘하는곳,12
서울 광진구 이사청소 가격,seoul-gwangjin-gu-move-out-cleaning-price,PASS,100,,서울 광진구 이사청소 가격 - 청소 작업 안내,서울 광진구 이사청소 가격 관련 청소 과정과 체크포인트를 안내합니다. 공간 상태와 오염 범위를 확인한 뒤 현장에 맞는 작업을 진행합니다.,https://clever-griffin-93819d.netlify.app/seoul-gwangjin-gu-move-out-cleaning-price/,서울 광진구 이사청소 가격,12
서울 광진구 이사청소 비용,seoul-gwangjin-gu-move-out-cleaning-cost,PASS,100,,서울 광진구 이사청소 비용 - 청소 작업 안내,서울 광진구 이사청소를 알아보는 분을 위한 안내입니다. 서울 광진구 이사청소 비용 작업 전 확인사항부터 마무리 점검까지 자세히 정리했습니다.,https://clever-griffin-93819d.netlify.app/seoul-gwangjin-gu-move-out-cleaning-cost/,서울 광진구 이사청소 비용,12
서울 광진구 이사청소 견적,seoul-gwangjin-gu-move-out-cleaning-quote,PASS,100,,서울 광진구 이사청소 견적 - 청소 작업 안내,서울 광진구 이사청소를 알아보는 분을 위한 안내입니다. 서울 광진구 이사청소 견적 작업 전 확인사항부터 마무리 점검까지 자세히 정리했습니다.,https://clever-griffin-93819d.netlify.app/seoul-gwangjin-gu-move-out-cleaning-quote/,서울 광진구 이사청소 견적,12
서울 광진구 준공청소,seoul-gwangjin-gu-post-construction-cleaning,CHECK,96,title 길이 확인,서울 광진구 준공청소 | 체인지클린,"서울 광진구 준공청소 작업 범위와 준비사항, 진행 순서, 확인 항목을 정리했습니다. 서울 광진구 준공청소 현장에 맞춰 필요한 청소 내용을 확인해보세요.",https://clever-griffin-93819d.netlify.app/seoul-gwangjin-gu-post-construction-cleaning/,서울 광진구 준공청소,12
서울 광진구 준공청소 전문업체,seoul-gwangjin-gu-post-construction-cleaning-company,PASS,100,,서울 광진구 준공청소 전문업체 | 체인지클린,서울 광진구 준공청소를 알아보는 분을 위한 안내입니다. 서울 광진구 준공청소 전문업체 작업 전 확인사항부터 마무리 점검까지 자세히 정리했습니다.,https://clever-griffin-93819d.netlify.app/seoul-gwangjin-gu-post-construction-cleaning-company/,서울 광진구 준공청소 전문업체,12
서울 광진구 준공청소 잘하는곳,seoul-gwangjin-gu-post-construction-cleaning-best,PASS,100,,서울 광진구 준공청소 잘하는곳 | 체인지클린,서울 광진구 준공청소를 알아보는 분을 위한 안내입니다. 서울 광진구 준공청소 잘하는곳 작업 전 확인사항부터 마무리 점검까지 자세히 정리했습니다.,https://clever-griffin-93819d.netlify.app/seoul-gwangjin-gu-post-construction-cleaning-best/,서울 광진구 준공청소 잘하는곳,12
서울 광진구 준공청소 가격,seoul-gwangjin-gu-post-construction-cleaning-price,PASS,100,,서울 광진구 준공청소 가격 | 현장별 청소 정보,"서울 광진구 준공청소 가격 작업 범위와 준비사항, 진행 순서, 확인 항목을 정리했습니다. 서울 광진구 준공청소 현장에 맞춰 필요한 청소 내용을 확인해보세요.",https://clever-griffin-93819d.netlify.app/seoul-gwangjin-gu-post-construction-cleaning-price/,서울 광진구 준공청소 가격,12
서울 광진구 준공청소 비용,seoul-gwangjin-gu-post-construction-cleaning-cost,PASS,100,,서울 광진구 준공청소 비용 - 청소 작업 안내,서울 광진구 준공청소를 알아보는 분을 위한 안내입니다. 서울 광진구 준공청소 비용 작업 전 확인사항부터 마무리 점검까지 자세히 정리했습니다.,https://clever-griffin-93819d.netlify.app/seoul-gwangjin-gu-post-construction-cleaning-cost/,서울 광진구 준공청소 비용,12
서울 광진구 준공청소 견적,seoul-gwangjin-gu-post-construction-cleaning-quote,PASS,100,,서울 광진구 준공청소 견적 | 현장별 청소 정보,서울 광진구 준공청소를 알아보는 분을 위한 안내입니다. 서울 광진구 준공청소 견적 작업 전 확인사항부터 마무리 점검까지 자세히 정리했습니다.,https://clever-griffin-93819d.netlify.app/seoul-gwangjin-gu-post-construction-cleaning-quote/,서울 광진구 준공청소 견적,12
서울 광진구 상가청소,seoul-gwangjin-gu-store-cleaning,PASS,100,,서울 광진구 상가청소 | 현장별 청소 정보,서울 광진구 상가청소 관련 청소 과정과 체크포인트를 안내합니다. 공간 상태와 오염 범위를 확인한 뒤 현장에 맞는 작업을 진행합니다.,https://clever-griffin-93819d.netlify.app/seoul-gwangjin-gu-store-cleaning/,서울 광진구 상가청소,12
서울 광진구 상가청소 전문업체,seoul-gwangjin-gu-store-cleaning-company,PASS,100,,서울 광진구 상가청소 전문업체 - 청소 작업 안내,"서울 광진구 상가청소 전문업체 작업 범위와 준비사항, 진행 순서, 확인 항목을 정리했습니다. 서울 광진구 상가청소 현장에 맞춰 필요한 청소 내용을 확인해보세요.",https://clever-griffin-93819d.netlify.app/seoul-gwangjin-gu-store-cleaning-company/,서울 광진구 상가청소 전문업체,12
서울 광진구 상가청소 잘하는곳,seoul-gwangjin-gu-store-cleaning-best,PASS,100,,서울 광진구 상가청소 잘하는곳 | 체인지클린,"서울 광진구 상가청소 잘하는곳 작업 범위와 준비사항, 진행 순서, 확인 항목을 정리했습니다. 서울 광진구 상가청소 현장에 맞춰 필요한 청소 내용을 확인해보세요.",https://clever-griffin-93819d.netlify.app/seoul-gwangjin-gu-store-cleaning-best/,서울 광진구 상가청소 잘하는곳,12
서울 광진구 상가청소 가격,seoul-gwangjin-gu-store-cleaning-price,PASS,100,,서울 광진구 상가청소 가격 - 청소 작업 안내,"서울 광진구 상가청소 가격 작업 범위와 준비사항, 진행 순서, 확인 항목을 정리했습니다. 서울 광진구 상가청소 현장에 맞춰 필요한 청소 내용을 확인해보세요.",https://clever-griffin-93819d.netlify.app/seoul-gwangjin-gu-store-cleaning-price/,서울 광진구 상가청소 가격,12
서울 광진구 상가청소 비용,seoul-gwangjin-gu-store-cleaning-cost,PASS,100,,서울 광진구 상가청소 비용 | 체인지클린,서울 광진구 상가청소 비용 관련 청소 과정과 체크포인트를 안내합니다. 공간 상태와 오염 범위를 확인한 뒤 현장에 맞는 작업을 진행합니다.,https://clever-griffin-93819d.netlify.app/seoul-gwangjin-gu-store-cleaning-cost/,서울 광진구 상가청소 비용,12
서울 광진구 상가청소 견적,seoul-gwangjin-gu-store-cleaning-quote,PASS,100,,서울 광진구 상가청소 견적 - 청소 작업 안내,서울 광진구 상가청소 견적 관련 청소 과정과 체크포인트를 안내합니다. 공간 상태와 오염 범위를 확인한 뒤 현장에 맞는 작업을 진행합니다.,https://clever-griffin-93819d.netlify.app/seoul-gwangjin-gu-store-cleaning-quote/,서울 광진구 상가청소 견적,12
서울 광진구 사무실청소,seoul-gwangjin-gu-office-cleaning,PASS,100,,서울 광진구 사무실청소 | 체인지클린,서울 광진구 사무실청소를 알아보는 분을 위한 안내입니다. 서울 광진구 사무실청소 작업 전 확인사항부터 마무리 점검까지 자세히 정리했습니다.,https://clever-griffin-93819d.netlify.app/seoul-gwangjin-gu-office-cleaning/,서울 광진구 사무실청소,12
서울 광진구 사무실청소 전문업체,seoul-gwangjin-gu-office-cleaning-company,PASS,100,,서울 광진구 사무실청소 전문업체 | 체인지클린,"서울 광진구 사무실청소 전문업체 작업 범위와 준비사항, 진행 순서, 확인 항목을 정리했습니다. 서울 광진구 사무실청소 현장에 맞춰 필요한 청소 내용을 확인해보세요.",https://clever-griffin-93819d.netlify.app/seoul-gwangjin-gu-office-cleaning-company/,서울 광진구 사무실청소 전문업체,12
서울 광진구 사무실청소 잘하는곳,seoul-gwangjin-gu-office-cleaning-best,PASS,100,,서울 광진구 사무실청소 잘하는곳 | 현장별 청소 정보,"서울 광진구 사무실청소 잘하는곳 작업 범위와 준비사항, 진행 순서, 확인 항목을 정리했습니다. 서울 광진구 사무실청소 현장에 맞춰 필요한 청소 내용을 확인해보세요.",https://clever-griffin-93819d.netlify.app/seoul-gwangjin-gu-office-cleaning-best/,서울 광진구 사무실청소 잘하는곳,12
서울 광진구 사무실청소 가격,seoul-gwangjin-gu-office-cleaning-price,PASS,100,,서울 광진구 사무실청소 가격 - 청소 작업 안내,"서울 광진구 사무실청소 가격 작업 범위와 준비사항, 진행 순서, 확인 항목을 정리했습니다. 서울 광진구 사무실청소 현장에 맞춰 필요한 청소 내용을 확인해보세요.",https://clever-griffin-93819d.netlify.app/seoul-gwangjin-gu-office-cleaning-price/,서울 광진구 사무실청소 가격,12
서울 광진구 사무실청소 비용,seoul-gwangjin-gu-office-cleaning-cost,PASS,100,,서울 광진구 사무실청소 비용 | 체인지클린,"서울 광진구 사무실청소 비용 작업 범위와 준비사항, 진행 순서, 확인 항목을 정리했습니다. 서울 광진구 사무실청소 현장에 맞춰 필요한 청소 내용을 확인해보세요.",https://clever-griffin-93819d.netlify.app/seoul-gwangjin-gu-office-cleaning-cost/,서울 광진구 사무실청소 비용,12
서울 광진구 사무실청소 견적,seoul-gwangjin-gu-office-cleaning-quote,PASS,100,,서울 광진구 사무실청소 견적 | 현장별 청소 정보,서울 광진구 사무실청소 견적 관련 청소 과정과 체크포인트를 안내합니다. 공간 상태와 오염 범위를 확인한 뒤 현장에 맞는 작업을 진행합니다.,https://clever-griffin-93819d.netlify.app/seoul-gwangjin-gu-office-cleaning-quote/,서울 광진구 사무실청소 견적,12
서울 광진구 빌라청소,seoul-gwangjin-gu-villa-cleaning,CHECK,96,title 길이 확인,서울 광진구 빌라청소 | 체인지클린,서울 광진구 빌라청소를 알아보는 분을 위한 안내입니다. 서울 광진구 빌라청소 작업 전 확인사항부터 마무리 점검까지 자세히 정리했습니다.,https://clever-griffin-93819d.netlify.app/seoul-gwangjin-gu-villa-cleaning/,서울 광진구 빌라청소,12
서울 광진구 빌라청소 전문업체,seoul-gwangjin-gu-villa-cleaning-company,PASS,100,,서울 광진구 빌라청소 전문업체 | 현장별 청소 정보,"서울 광진구 빌라청소 전문업체 작업 범위와 준비사항, 진행 순서, 확인 항목을 정리했습니다. 서울 광진구 빌라청소 현장에 맞춰 필요한 청소 내용을 확인해보세요.",https://clever-griffin-93819d.netlify.app/seoul-gwangjin-gu-villa-cleaning-company/,서울 광진구 빌라청소 전문업체,12
서울 광진구 빌라청소 잘하는곳,seoul-gwangjin-gu-villa-cleaning-best,PASS,100,,서울 광진구 빌라청소 잘하는곳 | 체인지클린,서울 광진구 빌라청소 잘하는곳 관련 청소 과정과 체크포인트를 안내합니다. 공간 상태와 오염 범위를 확인한 뒤 현장에 맞는 작업을 진행합니다.,https://clever-griffin-93819d.netlify.app/seoul-gwangjin-gu-villa-cleaning-best/,서울 광진구 빌라청소 잘하는곳,12
서울 광진구 빌라청소 가격,seoul-gwangjin-gu-villa-cleaning-price,PASS,100,,서울 광진구 빌라청소 가격 | 체인지클린,"서울 광진구 빌라청소 가격 작업 범위와 준비사항, 진행 순서, 확인 항목을 정리했습니다. 서울 광진구 빌라청소 현장에 맞춰 필요한 청소 내용을 확인해보세요.",https://clever-griffin-93819d.netlify.app/seoul-gwangjin-gu-villa-cleaning-price/,서울 광진구 빌라청소 가격,12
서울 광진구 빌라청소 비용,seoul-gwangjin-gu-villa-cleaning-cost,PASS,100,,서울 광진구 빌라청소 비용 | 현장별 청소 정보,서울 광진구 빌라청소 비용 관련 청소 과정과 체크포인트를 안내합니다. 공간 상태와 오염 범위를 확인한 뒤 현장에 맞는 작업을 진행합니다.,https://clever-griffin-93819d.netlify.app/seoul-gwangjin-gu-villa-cleaning-cost/,서울 광진구 빌라청소 비용,12
서울 광진구 빌라청소 견적,seoul-gwangjin-gu-villa-cleaning-quote,PASS,100,,서울 광진구 빌라청소 견적 | 현장별 청소 정보,서울 광진구 빌라청소를 알아보는 분을 위한 안내입니다. 서울 광진구 빌라청소 견적 작업 전 확인사항부터 마무리 점검까지 자세히 정리했습니다.,https://clever-griffin-93819d.netlify.app/seoul-gwangjin-gu-villa-cleaning-quote/,서울 광진구 빌라청소 견적,12
서울 광진구 아파트청소,seoul-gwangjin-gu-apartment-cleaning,PASS,100,,서울 광진구 아파트청소 | 현장별 청소 정보,"서울 광진구 아파트청소 작업 범위와 준비사항, 진행 순서, 확인 항목을 정리했습니다. 서울 광진구 아파트청소 현장에 맞춰 필요한 청소 내용을 확인해보세요.",https://clever-griffin-93819d.netlify.app/seoul-gwangjin-gu-apartment-cleaning/,서울 광진구 아파트청소,12
서울 광진구 아파트청소 전문업체,seoul-gwangjin-gu-apartment-cleaning-company,PASS,100,,서울 광진구 아파트청소 전문업체 | 체인지클린,서울 광진구 아파트청소 전문업체 관련 청소 과정과 체크포인트를 안내합니다. 공간 상태와 오염 범위를 확인한 뒤 현장에 맞는 작업을 진행합니다.,https://clever-griffin-93819d.netlify.app/seoul-gwangjin-gu-apartment-cleaning-company/,서울 광진구 아파트청소 전문업체,12
서울 광진구 아파트청소 잘하는곳,seoul-gwangjin-gu-apartment-cleaning-best,PASS,100,,서울 광진구 아파트청소 잘하는곳 | 체인지클린,"서울 광진구 아파트청소 잘하는곳 작업 범위와 준비사항, 진행 순서, 확인 항목을 정리했습니다. 서울 광진구 아파트청소 현장에 맞춰 필요한 청소 내용을 확인해보세요.",https://clever-griffin-93819d.netlify.app/seoul-gwangjin-gu-apartment-cleaning-best/,서울 광진구 아파트청소 잘하는곳,12
서울 광진구 아파트청소 가격,seoul-gwangjin-gu-apartment-cleaning-price,PASS,100,,서울 광진구 아파트청소 가격 | 체인지클린,서울 광진구 아파트청소 가격 관련 청소 과정과 체크포인트를 안내합니다. 공간 상태와 오염 범위를 확인한 뒤 현장에 맞는 작업을 진행합니다.,https://clever-griffin-93819d.netlify.app/seoul-gwangjin-gu-apartment-cleaning-price/,서울 광진구 아파트청소 가격,12
서울 광진구 아파트청소 비용,seoul-gwangjin-gu-apartment-cleaning-cost,PASS,100,,서울 광진구 아파트청소 비용 | 현장별 청소 정보,서울 광진구 아파트청소 비용 관련 청소 과정과 체크포인트를 안내합니다. 공간 상태와 오염 범위를 확인한 뒤 현장에 맞는 작업을 진행합니다.,https://clever-griffin-93819d.netlify.app/seoul-gwangjin-gu-apartment-cleaning-cost/,서울 광진구 아파트청소 비용,12
서울 광진구 아파트청소 견적,seoul-gwangjin-gu-apartment-cleaning-quote,PASS,100,,서울 광진구 아파트청소 견적 | 현장별 청소 정보,"서울 광진구 아파트청소 견적 작업 범위와 준비사항, 진행 순서, 확인 항목을 정리했습니다. 서울 광진구 아파트청소 현장에 맞춰 필요한 청소 내용을 확인해보세요.",https://clever-griffin-93819d.netlify.app/seoul-gwangjin-gu-apartment-cleaning-quote/,서울 광진구 아파트청소 견적,12
서울 광진구 오피스텔청소,seoul-gwangjin-gu-officetel-cleaning,PASS,100,,서울 광진구 오피스텔청소 | 체인지클린,"서울 광진구 오피스텔청소 작업 범위와 준비사항, 진행 순서, 확인 항목을 정리했습니다. 서울 광진구 오피스텔청소 현장에 맞춰 필요한 청소 내용을 확인해보세요.",https://clever-griffin-93819d.netlify.app/seoul-gwangjin-gu-officetel-cleaning/,서울 광진구 오피스텔청소,12
서울 광진구 오피스텔청소 전문업체,seoul-gwangjin-gu-officetel-cleaning-company,PASS,100,,서울 광진구 오피스텔청소 전문업체 | 체인지클린,서울 광진구 오피스텔청소를 알아보는 분을 위한 안내입니다. 서울 광진구 오피스텔청소 전문업체 작업 전 확인사항부터 마무리 점검까지 자세히 정리했습니다.,https://clever-griffin-93819d.netlify.app/seoul-gwangjin-gu-officetel-cleaning-company/,서울 광진구 오피스텔청소 전문업체,12
서울 광진구 오피스텔청소 잘하는곳,seoul-gwangjin-gu-officetel-cleaning-best,PASS,100,,서울 광진구 오피스텔청소 잘하는곳 | 체인지클린,"서울 광진구 오피스텔청소 잘하는곳 작업 범위와 준비사항, 진행 순서, 확인 항목을 정리했습니다. 서울 광진구 오피스텔청소 현장에 맞춰 필요한 청소 내용을 확인해보세요.",https://clever-griffin-93819d.netlify.app/seoul-gwangjin-gu-officetel-cleaning-best/,서울 광진구 오피스텔청소 잘하는곳,12
서울 광진구 오피스텔청소 가격,seoul-gwangjin-gu-officetel-cleaning-price,PASS,100,,서울 광진구 오피스텔청소 가격 | 현장별 청소 정보,"서울 광진구 오피스텔청소 가격 작업 범위와 준비사항, 진행 순서, 확인 항목을 정리했습니다. 서울 광진구 오피스텔청소 현장에 맞춰 필요한 청소 내용을 확인해보세요.",https://clever-griffin-93819d.netlify.app/seoul-gwangjin-gu-officetel-cleaning-price/,서울 광진구 오피스텔청소 가격,12
서울 광진구 오피스텔청소 비용,seoul-gwangjin-gu-officetel-cleaning-cost,PASS,100,,서울 광진구 오피스텔청소 비용 | 체인지클린,"서울 광진구 오피스텔청소 비용 작업 범위와 준비사항, 진행 순서, 확인 항목을 정리했습니다. 서울 광진구 오피스텔청소 현장에 맞춰 필요한 청소 내용을 확인해보세요.",https://clever-griffin-93819d.netlify.app/seoul-gwangjin-gu-officetel-cleaning-cost/,서울 광진구 오피스텔청소 비용,12
서울 광진구 오피스텔청소 견적,seoul-gwangjin-gu-officetel-cleaning-quote,PASS,100,,서울 광진구 오피스텔청소 견적 - 청소 작업 안내,서울 광진구 오피스텔청소 견적 관련 청소 과정과 체크포인트를 안내합니다. 공간 상태와 오염 범위를 확인한 뒤 현장에 맞는 작업을 진행합니다.,https://clever-griffin-93819d.netlify.app/seoul-gwangjin-gu-officetel-cleaning-quote/,서울 광진구 오피스텔청소 견적,12
서울 광진구 거주청소,seoul-gwangjin-gu-home-cleaning,PASS,100,,서울 광진구 거주청소 | 현장별 청소 정보,서울 광진구 거주청소를 알아보는 분을 위한 안내입니다. 서울 광진구 거주청소 작업 전 확인사항부터 마무리 점검까지 자세히 정리했습니다.,https://clever-griffin-93819d.netlify.app/seoul-gwangjin-gu-home-cleaning/,서울 광진구 거주청소,12
서울 광진구 거주청소 전문업체,seoul-gwangjin-gu-home-cleaning-company,PASS,100,,서울 광진구 거주청소 전문업체 - 청소 작업 안내,"서울 광진구 거주청소 전문업체 작업 범위와 준비사항, 진행 순서, 확인 항목을 정리했습니다. 서울 광진구 거주청소 현장에 맞춰 필요한 청소 내용을 확인해보세요.",https://clever-griffin-93819d.netlify.app/seoul-gwangjin-gu-home-cleaning-company/,서울 광진구 거주청소 전문업체,12
서울 광진구 거주청소 잘하는곳,seoul-gwangjin-gu-home-cleaning-best,PASS,100,,서울 광진구 거주청소 잘하는곳 | 현장별 청소 정보,서울 광진구 거주청소 잘하는곳 관련 청소 과정과 체크포인트를 안내합니다. 공간 상태와 오염 범위를 확인한 뒤 현장에 맞는 작업을 진행합니다.,https://clever-griffin-93819d.netlify.app/seoul-gwangjin-gu-home-cleaning-best/,서울 광진구 거주청소 잘하는곳,12
서울 광진구 거주청소 가격,seoul-gwangjin-gu-home-cleaning-price,PASS,100,,서울 광진구 거주청소 가격 - 청소 작업 안내,서울 광진구 거주청소 가격 관련 청소 과정과 체크포인트를 안내합니다. 공간 상태와 오염 범위를 확인한 뒤 현장에 맞는 작업을 진행합니다.,https://clever-griffin-93819d.netlify.app/seoul-gwangjin-gu-home-cleaning-price/,서울 광진구 거주청소 가격,12
서울 광진구 거주청소 비용,seoul-gwangjin-gu-home-cleaning-cost,PASS,100,,서울 광진구 거주청소 비용 | 체인지클린,"서울 광진구 거주청소 비용 작업 범위와 준비사항, 진행 순서, 확인 항목을 정리했습니다. 서울 광진구 거주청소 현장에 맞춰 필요한 청소 내용을 확인해보세요.",https://clever-griffin-93819d.netlify.app/seoul-gwangjin-gu-home-cleaning-cost/,서울 광진구 거주청소 비용,12
서울 광진구 거주청소 견적,seoul-gwangjin-gu-home-cleaning-quote,PASS,100,,서울 광진구 거주청소 견적 | 체인지클린,서울 광진구 거주청소 견적 관련 청소 과정과 체크포인트를 안내합니다. 공간 상태와 오염 범위를 확인한 뒤 현장에 맞는 작업을 진행합니다.,https://clever-griffin-93819d.netlify.app/seoul-gwangjin-gu-home-cleaning-quote/,서울 광진구 거주청소 견적,12
서울 동작구 입주청소,seoul-dongjak-gu-move-in-cleaning,PASS,100,,서울 동작구 입주청소 - 청소 작업 안내,"서울 동작구 입주청소 작업 범위와 준비사항, 진행 순서, 확인 항목을 정리했습니다. 서울 동작구 입주청소 현장에 맞춰 필요한 청소 내용을 확인해보세요.",https://clever-griffin-93819d.netlify.app/seoul-dongjak-gu-move-in-cleaning/,서울 동작구 입주청소,12
서울 동작구 입주청소 전문업체,seoul-dongjak-gu-move-in-cleaning-company,PASS,100,,서울 동작구 입주청소 전문업체 - 청소 작업 안내,"서울 동작구 입주청소 전문업체 작업 범위와 준비사항, 진행 순서, 확인 항목을 정리했습니다. 서울 동작구 입주청소 현장에 맞춰 필요한 청소 내용을 확인해보세요.",https://clever-griffin-93819d.netlify.app/seoul-dongjak-gu-move-in-cleaning-company/,서울 동작구 입주청소 전문업체,12
서울 동작구 입주청소 잘하는곳,seoul-dongjak-gu-move-in-cleaning-best,PASS,100,,서울 동작구 입주청소 잘하는곳 | 체인지클린,서울 동작구 입주청소를 알아보는 분을 위한 안내입니다. 서울 동작구 입주청소 잘하는곳 작업 전 확인사항부터 마무리 점검까지 자세히 정리했습니다.,https://clever-griffin-93819d.netlify.app/seoul-dongjak-gu-move-in-cleaning-best/,서울 동작구 입주청소 잘하는곳,12
서울 동작구 입주청소 가격,seoul-dongjak-gu-move-in-cleaning-price,PASS,100,,서울 동작구 입주청소 가격 | 현장별 청소 정보,"서울 동작구 입주청소 가격 작업 범위와 준비사항, 진행 순서, 확인 항목을 정리했습니다. 서울 동작구 입주청소 현장에 맞춰 필요한 청소 내용을 확인해보세요.",https://clever-griffin-93819d.netlify.app/seoul-dongjak-gu-move-in-cleaning-price/,서울 동작구 입주청소 가격,12
서울 동작구 입주청소 비용,seoul-dongjak-gu-move-in-cleaning-cost,PASS,100,,서울 동작구 입주청소 비용 | 현장별 청소 정보,서울 동작구 입주청소를 알아보는 분을 위한 안내입니다. 서울 동작구 입주청소 비용 작업 전 확인사항부터 마무리 점검까지 자세히 정리했습니다.,https://clever-griffin-93819d.netlify.app/seoul-dongjak-gu-move-in-cleaning-cost/,서울 동작구 입주청소 비용,12
서울 동작구 입주청소 견적,seoul-dongjak-gu-move-in-cleaning-quote,PASS,100,,서울 동작구 입주청소 견적 - 청소 작업 안내,서울 동작구 입주청소 견적 관련 청소 과정과 체크포인트를 안내합니다. 공간 상태와 오염 범위를 확인한 뒤 현장에 맞는 작업을 진행합니다.,https://clever-griffin-93819d.netlify.app/seoul-dongjak-gu-move-in-cleaning-quote/,서울 동작구 입주청소 견적,12
서울 동작구 이사청소,seoul-dongjak-gu-move-out-cleaning,PASS,100,,서울 동작구 이사청소 - 청소 작업 안내,서울 동작구 이사청소를 알아보는 분을 위한 안내입니다. 서울 동작구 이사청소 작업 전 확인사항부터 마무리 점검까지 자세히 정리했습니다.,https://clever-griffin-93819d.netlify.app/seoul-dongjak-gu-move-out-cleaning/,서울 동작구 이사청소,12
서울 동작구 이사청소 전문업체,seoul-dongjak-gu-move-out-cleaning-company,PASS,100,,서울 동작구 이사청소 전문업체 - 청소 작업 안내,서울 동작구 이사청소 전문업체 관련 청소 과정과 체크포인트를 안내합니다. 공간 상태와 오염 범위를 확인한 뒤 현장에 맞는 작업을 진행합니다.,https://clever-griffin-93819d.netlify.app/seoul-dongjak-gu-move-out-cleaning-company/,서울 동작구 이사청소 전문업체,12
서울 동작구 이사청소 잘하는곳,seoul-dongjak-gu-move-out-cleaning-best,PASS,100,,서울 동작구 이사청소 잘하는곳 - 청소 작업 안내,서울 동작구 이사청소 잘하는곳 관련 청소 과정과 체크포인트를 안내합니다. 공간 상태와 오염 범위를 확인한 뒤 현장에 맞는 작업을 진행합니다.,https://clever-griffin-93819d.netlify.app/seoul-dongjak-gu-move-out-cleaning-best/,서울 동작구 이사청소 잘하는곳,12
서울 동작구 이사청소 가격,seoul-dongjak-gu-move-out-cleaning-price,PASS,100,,서울 동작구 이사청소 가격 | 현장별 청소 정보,서울 동작구 이사청소를 알아보는 분을 위한 안내입니다. 서울 동작구 이사청소 가격 작업 전 확인사항부터 마무리 점검까지 자세히 정리했습니다.,https://clever-griffin-93819d.netlify.app/seoul-dongjak-gu-move-out-cleaning-price/,서울 동작구 이사청소 가격,12
서울 동작구 이사청소 비용,seoul-dongjak-gu-move-out-cleaning-cost,PASS,100,,서울 동작구 이사청소 비용 | 체인지클린,서울 동작구 이사청소 비용 관련 청소 과정과 체크포인트를 안내합니다. 공간 상태와 오염 범위를 확인한 뒤 현장에 맞는 작업을 진행합니다.,https://clever-griffin-93819d.netlify.app/seoul-dongjak-gu-move-out-cleaning-cost/,서울 동작구 이사청소 비용,12
서울 동작구 이사청소 견적,seoul-dongjak-gu-move-out-cleaning-quote,PASS,100,,서울 동작구 이사청소 견적 - 청소 작업 안내,서울 동작구 이사청소 견적 관련 청소 과정과 체크포인트를 안내합니다. 공간 상태와 오염 범위를 확인한 뒤 현장에 맞는 작업을 진행합니다.,https://clever-griffin-93819d.netlify.app/seoul-dongjak-gu-move-out-cleaning-quote/,서울 동작구 이사청소 견적,12
서울 동작구 준공청소,seoul-dongjak-gu-post-construction-cleaning,CHECK,96,title 길이 확인,서울 동작구 준공청소 | 체인지클린,서울 동작구 준공청소를 알아보는 분을 위한 안내입니다. 서울 동작구 준공청소 작업 전 확인사항부터 마무리 점검까지 자세히 정리했습니다.,https://clever-griffin-93819d.netlify.app/seoul-dongjak-gu-post-construction-cleaning/,서울 동작구 준공청소,12
서울 동작구 준공청소 전문업체,seoul-dongjak-gu-post-construction-cleaning-company,PASS,100,,서울 동작구 준공청소 전문업체 | 체인지클린,서울 동작구 준공청소 전문업체 관련 청소 과정과 체크포인트를 안내합니다. 공간 상태와 오염 범위를 확인한 뒤 현장에 맞는 작업을 진행합니다.,https://clever-griffin-93819d.netlify.app/seoul-dongjak-gu-post-construction-cleaning-company/,서울 동작구 준공청소 전문업체,12
서울 동작구 준공청소 잘하는곳,seoul-dongjak-gu-post-construction-cleaning-best,PASS,100,,서울 동작구 준공청소 잘하는곳 | 현장별 청소 정보,"서울 동작구 준공청소 잘하는곳 작업 범위와 준비사항, 진행 순서, 확인 항목을 정리했습니다. 서울 동작구 준공청소 현장에 맞춰 필요한 청소 내용을 확인해보세요.",https://clever-griffin-93819d.netlify.app/seoul-dongjak-gu-post-construction-cleaning-best/,서울 동작구 준공청소 잘하는곳,12
서울 동작구 준공청소 가격,seoul-dongjak-gu-post-construction-cleaning-price,PASS,100,,서울 동작구 준공청소 가격 - 청소 작업 안내,서울 동작구 준공청소를 알아보는 분을 위한 안내입니다. 서울 동작구 준공청소 가격 작업 전 확인사항부터 마무리 점검까지 자세히 정리했습니다.,https://clever-griffin-93819d.netlify.app/seoul-dongjak-gu-post-construction-cleaning-price/,서울 동작구 준공청소 가격,12
서울 동작구 준공청소 비용,seoul-dongjak-gu-post-construction-cleaning-cost,PASS,100,,서울 동작구 준공청소 비용 - 청소 작업 안내,서울 동작구 준공청소를 알아보는 분을 위한 안내입니다. 서울 동작구 준공청소 비용 작업 전 확인사항부터 마무리 점검까지 자세히 정리했습니다.,https://clever-griffin-93819d.netlify.app/seoul-dongjak-gu-post-construction-cleaning-cost/,서울 동작구 준공청소 비용,12
서울 동작구 준공청소 견적,seoul-dongjak-gu-post-construction-cleaning-quote,PASS,100,,서울 동작구 준공청소 견적 | 체인지클린,서울 동작구 준공청소 견적 관련 청소 과정과 체크포인트를 안내합니다. 공간 상태와 오염 범위를 확인한 뒤 현장에 맞는 작업을 진행합니다.,https://clever-griffin-93819d.netlify.app/seoul-dongjak-gu-post-construction-cleaning-quote/,서울 동작구 준공청소 견적,12
서울 동작구 상가청소,seoul-dongjak-gu-store-cleaning,PASS,100,,서울 동작구 상가청소 - 청소 작업 안내,"서울 동작구 상가청소 작업 범위와 준비사항, 진행 순서, 확인 항목을 정리했습니다. 서울 동작구 상가청소 현장에 맞춰 필요한 청소 내용을 확인해보세요.",https://clever-griffin-93819d.netlify.app/seoul-dongjak-gu-store-cleaning/,서울 동작구 상가청소,12
서울 동작구 상가청소 전문업체,seoul-dongjak-gu-store-cleaning-company,PASS,100,,서울 동작구 상가청소 전문업체 | 체인지클린,서울 동작구 상가청소를 알아보는 분을 위한 안내입니다. 서울 동작구 상가청소 전문업체 작업 전 확인사항부터 마무리 점검까지 자세히 정리했습니다.,https://clever-griffin-93819d.netlify.app/seoul-dongjak-gu-store-cleaning-company/,서울 동작구 상가청소 전문업체,12
서울 동작구 상가청소 잘하는곳,seoul-dongjak-gu-store-cleaning-best,PASS,100,,서울 동작구 상가청소 잘하는곳 | 현장별 청소 정보,"서울 동작구 상가청소 잘하는곳 작업 범위와 준비사항, 진행 순서, 확인 항목을 정리했습니다. 서울 동작구 상가청소 현장에 맞춰 필요한 청소 내용을 확인해보세요.",https://clever-griffin-93819d.netlify.app/seoul-dongjak-gu-store-cleaning-best/,서울 동작구 상가청소 잘하는곳,12
서울 동작구 상가청소 가격,seoul-dongjak-gu-store-cleaning-price,PASS,100,,서울 동작구 상가청소 가격 | 체인지클린,서울 동작구 상가청소 가격 관련 청소 과정과 체크포인트를 안내합니다. 공간 상태와 오염 범위를 확인한 뒤 현장에 맞는 작업을 진행합니다.,https://clever-griffin-93819d.netlify.app/seoul-dongjak-gu-store-cleaning-price/,서울 동작구 상가청소 가격,12
서울 동작구 상가청소 비용,seoul-dongjak-gu-store-cleaning-cost,PASS,100,,서울 동작구 상가청소 비용 | 체인지클린,서울 동작구 상가청소 비용 관련 청소 과정과 체크포인트를 안내합니다. 공간 상태와 오염 범위를 확인한 뒤 현장에 맞는 작업을 진행합니다.,https://clever-griffin-93819d.netlify.app/seoul-dongjak-gu-store-cleaning-cost/,서울 동작구 상가청소 비용,12
서울 동작구 상가청소 견적,seoul-dongjak-gu-store-cleaning-quote,PASS,100,,서울 동작구 상가청소 견적 | 체인지클린,서울 동작구 상가청소 견적 관련 청소 과정과 체크포인트를 안내합니다. 공간 상태와 오염 범위를 확인한 뒤 현장에 맞는 작업을 진행합니다.,https://clever-griffin-93819d.netlify.app/seoul-dongjak-gu-store-cleaning-quote/,서울 동작구 상가청소 견적,12
서울 동작구 사무실청소,seoul-dongjak-gu-office-cleaning,PASS,100,,서울 동작구 사무실청소 | 체인지클린,"서울 동작구 사무실청소 작업 범위와 준비사항, 진행 순서, 확인 항목을 정리했습니다. 서울 동작구 사무실청소 현장에 맞춰 필요한 청소 내용을 확인해보세요.",https://clever-griffin-93819d.netlify.app/seoul-dongjak-gu-office-cleaning/,서울 동작구 사무실청소,12
서울 동작구 사무실청소 전문업체,seoul-dongjak-gu-office-cleaning-company,PASS,100,,서울 동작구 사무실청소 전문업체 | 현장별 청소 정보,서울 동작구 사무실청소를 알아보는 분을 위한 안내입니다. 서울 동작구 사무실청소 전문업체 작업 전 확인사항부터 마무리 점검까지 자세히 정리했습니다.,https://clever-griffin-93819d.netlify.app/seoul-dongjak-gu-office-cleaning-company/,서울 동작구 사무실청소 전문업체,12
서울 동작구 사무실청소 잘하는곳,seoul-dongjak-gu-office-cleaning-best,PASS,100,,서울 동작구 사무실청소 잘하는곳 | 현장별 청소 정보,"서울 동작구 사무실청소 잘하는곳 작업 범위와 준비사항, 진행 순서, 확인 항목을 정리했습니다. 서울 동작구 사무실청소 현장에 맞춰 필요한 청소 내용을 확인해보세요.",https://clever-griffin-93819d.netlify.app/seoul-dongjak-gu-office-cleaning-best/,서울 동작구 사무실청소 잘하는곳,12
서울 동작구 사무실청소 가격,seoul-dongjak-gu-office-cleaning-price,PASS,100,,서울 동작구 사무실청소 가격 | 현장별 청소 정보,"서울 동작구 사무실청소 가격 작업 범위와 준비사항, 진행 순서, 확인 항목을 정리했습니다. 서울 동작구 사무실청소 현장에 맞춰 필요한 청소 내용을 확인해보세요.",https://clever-griffin-93819d.netlify.app/seoul-dongjak-gu-office-cleaning-price/,서울 동작구 사무실청소 가격,12
서울 동작구 사무실청소 비용,seoul-dongjak-gu-office-cleaning-cost,PASS,100,,서울 동작구 사무실청소 비용 | 현장별 청소 정보,서울 동작구 사무실청소를 알아보는 분을 위한 안내입니다. 서울 동작구 사무실청소 비용 작업 전 확인사항부터 마무리 점검까지 자세히 정리했습니다.,https://clever-griffin-93819d.netlify.app/seoul-dongjak-gu-office-cleaning-cost/,서울 동작구 사무실청소 비용,12
서울 동작구 사무실청소 견적,seoul-dongjak-gu-office-cleaning-quote,PASS,100,,서울 동작구 사무실청소 견적 - 청소 작업 안내,"서울 동작구 사무실청소 견적 작업 범위와 준비사항, 진행 순서, 확인 항목을 정리했습니다. 서울 동작구 사무실청소 현장에 맞춰 필요한 청소 내용을 확인해보세요.",https://clever-griffin-93819d.netlify.app/seoul-dongjak-gu-office-cleaning-quote/,서울 동작구 사무실청소 견적,12
서울 동작구 빌라청소,seoul-dongjak-gu-villa-cleaning,PASS,100,,서울 동작구 빌라청소 - 청소 작업 안내,서울 동작구 빌라청소 관련 청소 과정과 체크포인트를 안내합니다. 공간 상태와 오염 범위를 확인한 뒤 현장에 맞는 작업을 진행합니다.,https://clever-griffin-93819d.netlify.app/seoul-dongjak-gu-villa-cleaning/,서울 동작구 빌라청소,12
서울 동작구 빌라청소 전문업체,seoul-dongjak-gu-villa-cleaning-company,PASS,100,,서울 동작구 빌라청소 전문업체 | 체인지클린,서울 동작구 빌라청소를 알아보는 분을 위한 안내입니다. 서울 동작구 빌라청소 전문업체 작업 전 확인사항부터 마무리 점검까지 자세히 정리했습니다.,https://clever-griffin-93819d.netlify.app/seoul-dongjak-gu-villa-cleaning-company/,서울 동작구 빌라청소 전문업체,12
서울 동작구 빌라청소 잘하는곳,seoul-dongjak-gu-villa-cleaning-best,PASS,100,,서울 동작구 빌라청소 잘하는곳 | 현장별 청소 정보,"서울 동작구 빌라청소 잘하는곳 작업 범위와 준비사항, 진행 순서, 확인 항목을 정리했습니다. 서울 동작구 빌라청소 현장에 맞춰 필요한 청소 내용을 확인해보세요.",https://clever-griffin-93819d.netlify.app/seoul-dongjak-gu-villa-cleaning-best/,서울 동작구 빌라청소 잘하는곳,12
서울 동작구 빌라청소 가격,seoul-dongjak-gu-villa-cleaning-price,PASS,100,,서울 동작구 빌라청소 가격 | 체인지클린,서울 동작구 빌라청소 가격 관련 청소 과정과 체크포인트를 안내합니다. 공간 상태와 오염 범위를 확인한 뒤 현장에 맞는 작업을 진행합니다.,https://clever-griffin-93819d.netlify.app/seoul-dongjak-gu-villa-cleaning-price/,서울 동작구 빌라청소 가격,12
서울 동작구 빌라청소 비용,seoul-dongjak-gu-villa-cleaning-cost,PASS,100,,서울 동작구 빌라청소 비용 | 체인지클린,서울 동작구 빌라청소를 알아보는 분을 위한 안내입니다. 서울 동작구 빌라청소 비용 작업 전 확인사항부터 마무리 점검까지 자세히 정리했습니다.,https://clever-griffin-93819d.netlify.app/seoul-dongjak-gu-villa-cleaning-cost/,서울 동작구 빌라청소 비용,12
서울 동작구 빌라청소 견적,seoul-dongjak-gu-villa-cleaning-quote,PASS,100,,서울 동작구 빌라청소 견적 | 체인지클린,서울 동작구 빌라청소를 알아보는 분을 위한 안내입니다. 서울 동작구 빌라청소 견적 작업 전 확인사항부터 마무리 점검까지 자세히 정리했습니다.,https://clever-griffin-93819d.netlify.app/seoul-dongjak-gu-villa-cleaning-quote/,서울 동작구 빌라청소 견적,12
서울 동작구 아파트청소,seoul-dongjak-gu-apartment-cleaning,PASS,100,,서울 동작구 아파트청소 | 체인지클린,서울 동작구 아파트청소를 알아보는 분을 위한 안내입니다. 서울 동작구 아파트청소 작업 전 확인사항부터 마무리 점검까지 자세히 정리했습니다.,https://clever-griffin-93819d.netlify.app/seoul-dongjak-gu-apartment-cleaning/,서울 동작구 아파트청소,12
서울 동작구 아파트청소 전문업체,seoul-dongjak-gu-apartment-cleaning-company,PASS,100,,서울 동작구 아파트청소 전문업체 | 체인지클린,서울 동작구 아파트청소를 알아보는 분을 위한 안내입니다. 서울 동작구 아파트청소 전문업체 작업 전 확인사항부터 마무리 점검까지 자세히 정리했습니다.,https://clever-griffin-93819d.netlify.app/seoul-dongjak-gu-apartment-cleaning-company/,서울 동작구 아파트청소 전문업체,12
서울 동작구 아파트청소 잘하는곳,seoul-dongjak-gu-apartment-cleaning-best,PASS,100,,서울 동작구 아파트청소 잘하는곳 | 체인지클린,"서울 동작구 아파트청소 잘하는곳 작업 범위와 준비사항, 진행 순서, 확인 항목을 정리했습니다. 서울 동작구 아파트청소 현장에 맞춰 필요한 청소 내용을 확인해보세요.",https://clever-griffin-93819d.netlify.app/seoul-dongjak-gu-apartment-cleaning-best/,서울 동작구 아파트청소 잘하는곳,12
서울 동작구 아파트청소 가격,seoul-dongjak-gu-apartment-cleaning-price,PASS,100,,서울 동작구 아파트청소 가격 | 현장별 청소 정보,"서울 동작구 아파트청소 가격 작업 범위와 준비사항, 진행 순서, 확인 항목을 정리했습니다. 서울 동작구 아파트청소 현장에 맞춰 필요한 청소 내용을 확인해보세요.",https://clever-griffin-93819d.netlify.app/seoul-dongjak-gu-apartment-cleaning-price/,서울 동작구 아파트청소 가격,12
서울 동작구 아파트청소 비용,seoul-dongjak-gu-apartment-cleaning-cost,PASS,100,,서울 동작구 아파트청소 비용 | 체인지클린,서울 동작구 아파트청소 비용 관련 청소 과정과 체크포인트를 안내합니다. 공간 상태와 오염 범위를 확인한 뒤 현장에 맞는 작업을 진행합니다.,https://clever-griffin-93819d.netlify.app/seoul-dongjak-gu-apartment-cleaning-cost/,서울 동작구 아파트청소 비용,12
서울 동작구 아파트청소 견적,seoul-dongjak-gu-apartment-cleaning-quote,PASS,100,,서울 동작구 아파트청소 견적 - 청소 작업 안내,"서울 동작구 아파트청소 견적 작업 범위와 준비사항, 진행 순서, 확인 항목을 정리했습니다. 서울 동작구 아파트청소 현장에 맞춰 필요한 청소 내용을 확인해보세요.",https://clever-griffin-93819d.netlify.app/seoul-dongjak-gu-apartment-cleaning-quote/,서울 동작구 아파트청소 견적,12
서울 동작구 오피스텔청소,seoul-dongjak-gu-officetel-cleaning,PASS,100,,서울 동작구 오피스텔청소 | 체인지클린,"서울 동작구 오피스텔청소 작업 범위와 준비사항, 진행 순서, 확인 항목을 정리했습니다. 서울 동작구 오피스텔청소 현장에 맞춰 필요한 청소 내용을 확인해보세요.",https://clever-griffin-93819d.netlify.app/seoul-dongjak-gu-officetel-cleaning/,서울 동작구 오피스텔청소,12
서울 동작구 오피스텔청소 전문업체,seoul-dongjak-gu-officetel-cleaning-company,PASS,100,,서울 동작구 오피스텔청소 전문업체 - 청소 작업 안내,"서울 동작구 오피스텔청소 전문업체 작업 범위와 준비사항, 진행 순서, 확인 항목을 정리했습니다. 서울 동작구 오피스텔청소 현장에 맞춰 필요한 청소 내용을 확인해보세요.",https://clever-griffin-93819d.netlify.app/seoul-dongjak-gu-officetel-cleaning-company/,서울 동작구 오피스텔청소 전문업체,12
서울 동작구 오피스텔청소 잘하는곳,seoul-dongjak-gu-officetel-cleaning-best,PASS,100,,서울 동작구 오피스텔청소 잘하는곳 | 체인지클린,서울 동작구 오피스텔청소 잘하는곳 관련 청소 과정과 체크포인트를 안내합니다. 공간 상태와 오염 범위를 확인한 뒤 현장에 맞는 작업을 진행합니다.,https://clever-griffin-93819d.netlify.app/seoul-dongjak-gu-officetel-cleaning-best/,서울 동작구 오피스텔청소 잘하는곳,12
서울 동작구 오피스텔청소 가격,seoul-dongjak-gu-officetel-cleaning-price,PASS,100,,서울 동작구 오피스텔청소 가격 | 현장별 청소 정보,"서울 동작구 오피스텔청소 가격 작업 범위와 준비사항, 진행 순서, 확인 항목을 정리했습니다. 서울 동작구 오피스텔청소 현장에 맞춰 필요한 청소 내용을 확인해보세요.",https://clever-griffin-93819d.netlify.app/seoul-dongjak-gu-officetel-cleaning-price/,서울 동작구 오피스텔청소 가격,12
서울 동작구 오피스텔청소 비용,seoul-dongjak-gu-officetel-cleaning-cost,PASS,100,,서울 동작구 오피스텔청소 비용 | 체인지클린,서울 동작구 오피스텔청소 비용 관련 청소 과정과 체크포인트를 안내합니다. 공간 상태와 오염 범위를 확인한 뒤 현장에 맞는 작업을 진행합니다.,https://clever-griffin-93819d.netlify.app/seoul-dongjak-gu-officetel-cleaning-cost/,서울 동작구 오피스텔청소 비용,12
서울 동작구 오피스텔청소 견적,seoul-dongjak-gu-officetel-cleaning-quote,PASS,100,,서울 동작구 오피스텔청소 견적 - 청소 작업 안내,서울 동작구 오피스텔청소를 알아보는 분을 위한 안내입니다. 서울 동작구 오피스텔청소 견적 작업 전 확인사항부터 마무리 점검까지 자세히 정리했습니다.,https://clever-griffin-93819d.netlify.app/seoul-dongjak-gu-officetel-cleaning-quote/,서울 동작구 오피스텔청소 견적,12
서울 동작구 거주청소,seoul-dongjak-gu-home-cleaning,CHECK,96,title 길이 확인,서울 동작구 거주청소 | 체인지클린,"서울 동작구 거주청소 작업 범위와 준비사항, 진행 순서, 확인 항목을 정리했습니다. 서울 동작구 거주청소 현장에 맞춰 필요한 청소 내용을 확인해보세요.",https://clever-griffin-93819d.netlify.app/seoul-dongjak-gu-home-cleaning/,서울 동작구 거주청소,12
서울 동작구 거주청소 전문업체,seoul-dongjak-gu-home-cleaning-company,PASS,100,,서울 동작구 거주청소 전문업체 | 현장별 청소 정보,서울 동작구 거주청소를 알아보는 분을 위한 안내입니다. 서울 동작구 거주청소 전문업체 작업 전 확인사항부터 마무리 점검까지 자세히 정리했습니다.,https://clever-griffin-93819d.netlify.app/seoul-dongjak-gu-home-cleaning-company/,서울 동작구 거주청소 전문업체,12
서울 동작구 거주청소 잘하는곳,seoul-dongjak-gu-home-cleaning-best,PASS,100,,서울 동작구 거주청소 잘하는곳 - 청소 작업 안내,서울 동작구 거주청소 잘하는곳 관련 청소 과정과 체크포인트를 안내합니다. 공간 상태와 오염 범위를 확인한 뒤 현장에 맞는 작업을 진행합니다.,https://clever-griffin-93819d.netlify.app/seoul-dongjak-gu-home-cleaning-best/,서울 동작구 거주청소 잘하는곳,12
서울 동작구 거주청소 가격,seoul-dongjak-gu-home-cleaning-price,PASS,100,,서울 동작구 거주청소 가격 - 청소 작업 안내,서울 동작구 거주청소를 알아보는 분을 위한 안내입니다. 서울 동작구 거주청소 가격 작업 전 확인사항부터 마무리 점검까지 자세히 정리했습니다.,https://clever-griffin-93819d.netlify.app/seoul-dongjak-gu-home-cleaning-price/,서울 동작구 거주청소 가격,12
서울 동작구 거주청소 비용,seoul-dongjak-gu-home-cleaning-cost,PASS,100,,서울 동작구 거주청소 비용 | 현장별 청소 정보,서울 동작구 거주청소 비용 관련 청소 과정과 체크포인트를 안내합니다. 공간 상태와 오염 범위를 확인한 뒤 현장에 맞는 작업을 진행합니다.,https://clever-griffin-93819d.netlify.app/seoul-dongjak-gu-home-cleaning-cost/,서울 동작구 거주청소 비용,12
서울 동작구 거주청소 견적,seoul-dongjak-gu-home-cleaning-quote,PASS,100,,서울 동작구 거주청소 견적 | 체인지클린,서울 동작구 거주청소 견적 관련 청소 과정과 체크포인트를 안내합니다. 공간 상태와 오염 범위를 확인한 뒤 현장에 맞는 작업을 진행합니다.,https://clever-griffin-93819d.netlify.app/seoul-dongjak-gu-home-cleaning-quote/,서울 동작구 거주청소 견적,12
서울 관악구 입주청소,seoul-gwanak-gu-move-in-cleaning,PASS,100,,서울 관악구 입주청소 | 현장별 청소 정보,서울 관악구 입주청소를 알아보는 분을 위한 안내입니다. 서울 관악구 입주청소 작업 전 확인사항부터 마무리 점검까지 자세히 정리했습니다.,https://clever-griffin-93819d.netlify.app/seoul-gwanak-gu-move-in-cleaning/,서울 관악구 입주청소,12
서울 관악구 입주청소 전문업체,seoul-gwanak-gu-move-in-cleaning-company,PASS,100,,서울 관악구 입주청소 전문업체 | 체인지클린,서울 관악구 입주청소 전문업체 관련 청소 과정과 체크포인트를 안내합니다. 공간 상태와 오염 범위를 확인한 뒤 현장에 맞는 작업을 진행합니다.,https://clever-griffin-93819d.netlify.app/seoul-gwanak-gu-move-in-cleaning-company/,서울 관악구 입주청소 전문업체,12
서울 관악구 입주청소 잘하는곳,seoul-gwanak-gu-move-in-cleaning-best,PASS,100,,서울 관악구 입주청소 잘하는곳 - 청소 작업 안내,서울 관악구 입주청소 잘하는곳 관련 청소 과정과 체크포인트를 안내합니다. 공간 상태와 오염 범위를 확인한 뒤 현장에 맞는 작업을 진행합니다.,https://clever-griffin-93819d.netlify.app/seoul-gwanak-gu-move-in-cleaning-best/,서울 관악구 입주청소 잘하는곳,12
서울 관악구 입주청소 가격,seoul-gwanak-gu-move-in-cleaning-price,PASS,100,,서울 관악구 입주청소 가격 | 체인지클린,서울 관악구 입주청소 가격 관련 청소 과정과 체크포인트를 안내합니다. 공간 상태와 오염 범위를 확인한 뒤 현장에 맞는 작업을 진행합니다.,https://clever-griffin-93819d.netlify.app/seoul-gwanak-gu-move-in-cleaning-price/,서울 관악구 입주청소 가격,12
서울 관악구 입주청소 비용,seoul-gwanak-gu-move-in-cleaning-cost,PASS,100,,서울 관악구 입주청소 비용 | 현장별 청소 정보,서울 관악구 입주청소 비용 관련 청소 과정과 체크포인트를 안내합니다. 공간 상태와 오염 범위를 확인한 뒤 현장에 맞는 작업을 진행합니다.,https://clever-griffin-93819d.netlify.app/seoul-gwanak-gu-move-in-cleaning-cost/,서울 관악구 입주청소 비용,12
서울 관악구 입주청소 견적,seoul-gwanak-gu-move-in-cleaning-quote,PASS,100,,서울 관악구 입주청소 견적 - 청소 작업 안내,"서울 관악구 입주청소 견적 작업 범위와 준비사항, 진행 순서, 확인 항목을 정리했습니다. 서울 관악구 입주청소 현장에 맞춰 필요한 청소 내용을 확인해보세요.",https://clever-griffin-93819d.netlify.app/seoul-gwanak-gu-move-in-cleaning-quote/,서울 관악구 입주청소 견적,12
서울 관악구 이사청소,seoul-gwanak-gu-move-out-cleaning,CHECK,96,title 길이 확인,서울 관악구 이사청소 | 체인지클린,서울 관악구 이사청소 관련 청소 과정과 체크포인트를 안내합니다. 공간 상태와 오염 범위를 확인한 뒤 현장에 맞는 작업을 진행합니다.,https://clever-griffin-93819d.netlify.app/seoul-gwanak-gu-move-out-cleaning/,서울 관악구 이사청소,12
서울 관악구 이사청소 전문업체,seoul-gwanak-gu-move-out-cleaning-company,PASS,100,,서울 관악구 이사청소 전문업체 - 청소 작업 안내,서울 관악구 이사청소를 알아보는 분을 위한 안내입니다. 서울 관악구 이사청소 전문업체 작업 전 확인사항부터 마무리 점검까지 자세히 정리했습니다.,https://clever-griffin-93819d.netlify.app/seoul-gwanak-gu-move-out-cleaning-company/,서울 관악구 이사청소 전문업체,12
서울 관악구 이사청소 잘하는곳,seoul-gwanak-gu-move-out-cleaning-best,PASS,100,,서울 관악구 이사청소 잘하는곳 | 체인지클린,서울 관악구 이사청소 잘하는곳 관련 청소 과정과 체크포인트를 안내합니다. 공간 상태와 오염 범위를 확인한 뒤 현장에 맞는 작업을 진행합니다.,https://clever-griffin-93819d.netlify.app/seoul-gwanak-gu-move-out-cleaning-best/,서울 관악구 이사청소 잘하는곳,12
서울 관악구 이사청소 가격,seoul-gwanak-gu-move-out-cleaning-price,PASS,100,,서울 관악구 이사청소 가격 | 체인지클린,서울 관악구 이사청소 가격 관련 청소 과정과 체크포인트를 안내합니다. 공간 상태와 오염 범위를 확인한 뒤 현장에 맞는 작업을 진행합니다.,https://clever-griffin-93819d.netlify.app/seoul-gwanak-gu-move-out-cleaning-price/,서울 관악구 이사청소 가격,12
서울 관악구 이사청소 비용,seoul-gwanak-gu-move-out-cleaning-cost,PASS,100,,서울 관악구 이사청소 비용 - 청소 작업 안내,"서울 관악구 이사청소 비용 작업 범위와 준비사항, 진행 순서, 확인 항목을 정리했습니다. 서울 관악구 이사청소 현장에 맞춰 필요한 청소 내용을 확인해보세요.",https://clever-griffin-93819d.netlify.app/seoul-gwanak-gu-move-out-cleaning-cost/,서울 관악구 이사청소 비용,12
서울 관악구 이사청소 견적,seoul-gwanak-gu-move-out-cleaning-quote,PASS,100,,서울 관악구 이사청소 견적 - 청소 작업 안내,"서울 관악구 이사청소 견적 작업 범위와 준비사항, 진행 순서, 확인 항목을 정리했습니다. 서울 관악구 이사청소 현장에 맞춰 필요한 청소 내용을 확인해보세요.",https://clever-griffin-93819d.netlify.app/seoul-gwanak-gu-move-out-cleaning-quote/,서울 관악구 이사청소 견적,12
서울 관악구 준공청소,seoul-gwanak-gu-post-construction-cleaning,CHECK,96,title 길이 확인,서울 관악구 준공청소 | 체인지클린,서울 관악구 준공청소 관련 청소 과정과 체크포인트를 안내합니다. 공간 상태와 오염 범위를 확인한 뒤 현장에 맞는 작업을 진행합니다.,https://clever-griffin-93819d.netlify.app/seoul-gwanak-gu-post-construction-cleaning/,서울 관악구 준공청소,12
서울 관악구 준공청소 전문업체,seoul-gwanak-gu-post-construction-cleaning-company,PASS,100,,서울 관악구 준공청소 전문업체 | 현장별 청소 정보,서울 관악구 준공청소 전문업체 관련 청소 과정과 체크포인트를 안내합니다. 공간 상태와 오염 범위를 확인한 뒤 현장에 맞는 작업을 진행합니다.,https://clever-griffin-93819d.netlify.app/seoul-gwanak-gu-post-construction-cleaning-company/,서울 관악구 준공청소 전문업체,12
서울 관악구 준공청소 잘하는곳,seoul-gwanak-gu-post-construction-cleaning-best,PASS,100,,서울 관악구 준공청소 잘하는곳 | 체인지클린,서울 관악구 준공청소 잘하는곳 관련 청소 과정과 체크포인트를 안내합니다. 공간 상태와 오염 범위를 확인한 뒤 현장에 맞는 작업을 진행합니다.,https://clever-griffin-93819d.netlify.app/seoul-gwanak-gu-post-construction-cleaning-best/,서울 관악구 준공청소 잘하는곳,12
서울 관악구 준공청소 가격,seoul-gwanak-gu-post-construction-cleaning-price,PASS,100,,서울 관악구 준공청소 가격 | 체인지클린,서울 관악구 준공청소 가격 관련 청소 과정과 체크포인트를 안내합니다. 공간 상태와 오염 범위를 확인한 뒤 현장에 맞는 작업을 진행합니다.,https://clever-griffin-93819d.netlify.app/seoul-gwanak-gu-post-construction-cleaning-price/,서울 관악구 준공청소 가격,12
서울 관악구 준공청소 비용,seoul-gwanak-gu-post-construction-cleaning-cost,PASS,100,,서울 관악구 준공청소 비용 | 현장별 청소 정보,서울 관악구 준공청소를 알아보는 분을 위한 안내입니다. 서울 관악구 준공청소 비용 작업 전 확인사항부터 마무리 점검까지 자세히 정리했습니다.,https://clever-griffin-93819d.netlify.app/seoul-gwanak-gu-post-construction-cleaning-cost/,서울 관악구 준공청소 비용,12
서울 관악구 준공청소 견적,seoul-gwanak-gu-post-construction-cleaning-quote,PASS,100,,서울 관악구 준공청소 견적 - 청소 작업 안내,"서울 관악구 준공청소 견적 작업 범위와 준비사항, 진행 순서, 확인 항목을 정리했습니다. 서울 관악구 준공청소 현장에 맞춰 필요한 청소 내용을 확인해보세요.",https://clever-griffin-93819d.netlify.app/seoul-gwanak-gu-post-construction-cleaning-quote/,서울 관악구 준공청소 견적,12
서울 관악구 상가청소,seoul-gwanak-gu-store-cleaning,PASS,100,,서울 관악구 상가청소 | 현장별 청소 정보,"서울 관악구 상가청소 작업 범위와 준비사항, 진행 순서, 확인 항목을 정리했습니다. 서울 관악구 상가청소 현장에 맞춰 필요한 청소 내용을 확인해보세요.",https://clever-griffin-93819d.netlify.app/seoul-gwanak-gu-store-cleaning/,서울 관악구 상가청소,12
서울 관악구 상가청소 전문업체,seoul-gwanak-gu-store-cleaning-company,PASS,100,,서울 관악구 상가청소 전문업체 | 체인지클린,서울 관악구 상가청소를 알아보는 분을 위한 안내입니다. 서울 관악구 상가청소 전문업체 작업 전 확인사항부터 마무리 점검까지 자세히 정리했습니다.,https://clever-griffin-93819d.netlify.app/seoul-gwanak-gu-store-cleaning-company/,서울 관악구 상가청소 전문업체,12
서울 관악구 상가청소 잘하는곳,seoul-gwanak-gu-store-cleaning-best,PASS,100,,서울 관악구 상가청소 잘하는곳 - 청소 작업 안내,서울 관악구 상가청소 잘하는곳 관련 청소 과정과 체크포인트를 안내합니다. 공간 상태와 오염 범위를 확인한 뒤 현장에 맞는 작업을 진행합니다.,https://clever-griffin-93819d.netlify.app/seoul-gwanak-gu-store-cleaning-best/,서울 관악구 상가청소 잘하는곳,12
서울 관악구 상가청소 가격,seoul-gwanak-gu-store-cleaning-price,PASS,100,,서울 관악구 상가청소 가격 - 청소 작업 안내,서울 관악구 상가청소를 알아보는 분을 위한 안내입니다. 서울 관악구 상가청소 가격 작업 전 확인사항부터 마무리 점검까지 자세히 정리했습니다.,https://clever-griffin-93819d.netlify.app/seoul-gwanak-gu-store-cleaning-price/,서울 관악구 상가청소 가격,12
서울 관악구 상가청소 비용,seoul-gwanak-gu-store-cleaning-cost,PASS,100,,서울 관악구 상가청소 비용 | 체인지클린,서울 관악구 상가청소를 알아보는 분을 위한 안내입니다. 서울 관악구 상가청소 비용 작업 전 확인사항부터 마무리 점검까지 자세히 정리했습니다.,https://clever-griffin-93819d.netlify.app/seoul-gwanak-gu-store-cleaning-cost/,서울 관악구 상가청소 비용,12
서울 관악구 상가청소 견적,seoul-gwanak-gu-store-cleaning-quote,PASS,100,,서울 관악구 상가청소 견적 | 현장별 청소 정보,서울 관악구 상가청소를 알아보는 분을 위한 안내입니다. 서울 관악구 상가청소 견적 작업 전 확인사항부터 마무리 점검까지 자세히 정리했습니다.,https://clever-griffin-93819d.netlify.app/seoul-gwanak-gu-store-cleaning-quote/,서울 관악구 상가청소 견적,12
서울 관악구 사무실청소,seoul-gwanak-gu-office-cleaning,PASS,100,,서울 관악구 사무실청소 | 체인지클린,서울 관악구 사무실청소를 알아보는 분을 위한 안내입니다. 서울 관악구 사무실청소 작업 전 확인사항부터 마무리 점검까지 자세히 정리했습니다.,https://clever-griffin-93819d.netlify.app/seoul-gwanak-gu-office-cleaning/,서울 관악구 사무실청소,12
서울 관악구 사무실청소 전문업체,seoul-gwanak-gu-office-cleaning-company,PASS,100,,서울 관악구 사무실청소 전문업체 - 청소 작업 안내,"서울 관악구 사무실청소 전문업체 작업 범위와 준비사항, 진행 순서, 확인 항목을 정리했습니다. 서울 관악구 사무실청소 현장에 맞춰 필요한 청소 내용을 확인해보세요.",https://clever-griffin-93819d.netlify.app/seoul-gwanak-gu-office-cleaning-company/,서울 관악구 사무실청소 전문업체,12
서울 관악구 사무실청소 잘하는곳,seoul-gwanak-gu-office-cleaning-best,PASS,100,,서울 관악구 사무실청소 잘하는곳 | 체인지클린,서울 관악구 사무실청소 잘하는곳 관련 청소 과정과 체크포인트를 안내합니다. 공간 상태와 오염 범위를 확인한 뒤 현장에 맞는 작업을 진행합니다.,https://clever-griffin-93819d.netlify.app/seoul-gwanak-gu-office-cleaning-best/,서울 관악구 사무실청소 잘하는곳,12
서울 관악구 사무실청소 가격,seoul-gwanak-gu-office-cleaning-price,PASS,100,,서울 관악구 사무실청소 가격 - 청소 작업 안내,"서울 관악구 사무실청소 가격 작업 범위와 준비사항, 진행 순서, 확인 항목을 정리했습니다. 서울 관악구 사무실청소 현장에 맞춰 필요한 청소 내용을 확인해보세요.",https://clever-griffin-93819d.netlify.app/seoul-gwanak-gu-office-cleaning-price/,서울 관악구 사무실청소 가격,12
서울 관악구 사무실청소 비용,seoul-gwanak-gu-office-cleaning-cost,PASS,100,,서울 관악구 사무실청소 비용 - 청소 작업 안내,서울 관악구 사무실청소를 알아보는 분을 위한 안내입니다. 서울 관악구 사무실청소 비용 작업 전 확인사항부터 마무리 점검까지 자세히 정리했습니다.,https://clever-griffin-93819d.netlify.app/seoul-gwanak-gu-office-cleaning-cost/,서울 관악구 사무실청소 비용,12
서울 관악구 사무실청소 견적,seoul-gwanak-gu-office-cleaning-quote,PASS,100,,서울 관악구 사무실청소 견적 - 청소 작업 안내,서울 관악구 사무실청소 견적 관련 청소 과정과 체크포인트를 안내합니다. 공간 상태와 오염 범위를 확인한 뒤 현장에 맞는 작업을 진행합니다.,https://clever-griffin-93819d.netlify.app/seoul-gwanak-gu-office-cleaning-quote/,서울 관악구 사무실청소 견적,12
서울 관악구 빌라청소,seoul-gwanak-gu-villa-cleaning,CHECK,96,title 길이 확인,서울 관악구 빌라청소 | 체인지클린,서울 관악구 빌라청소 관련 청소 과정과 체크포인트를 안내합니다. 공간 상태와 오염 범위를 확인한 뒤 현장에 맞는 작업을 진행합니다.,https://clever-griffin-93819d.netlify.app/seoul-gwanak-gu-villa-cleaning/,서울 관악구 빌라청소,12
서울 관악구 빌라청소 전문업체,seoul-gwanak-gu-villa-cleaning-company,PASS,100,,서울 관악구 빌라청소 전문업체 | 현장별 청소 정보,서울 관악구 빌라청소를 알아보는 분을 위한 안내입니다. 서울 관악구 빌라청소 전문업체 작업 전 확인사항부터 마무리 점검까지 자세히 정리했습니다.,https://clever-griffin-93819d.netlify.app/seoul-gwanak-gu-villa-cleaning-company/,서울 관악구 빌라청소 전문업체,12
서울 관악구 빌라청소 잘하는곳,seoul-gwanak-gu-villa-cleaning-best,PASS,100,,서울 관악구 빌라청소 잘하는곳 | 체인지클린,"서울 관악구 빌라청소 잘하는곳 작업 범위와 준비사항, 진행 순서, 확인 항목을 정리했습니다. 서울 관악구 빌라청소 현장에 맞춰 필요한 청소 내용을 확인해보세요.",https://clever-griffin-93819d.netlify.app/seoul-gwanak-gu-villa-cleaning-best/,서울 관악구 빌라청소 잘하는곳,12
서울 관악구 빌라청소 가격,seoul-gwanak-gu-villa-cleaning-price,PASS,100,,서울 관악구 빌라청소 가격 | 체인지클린,"서울 관악구 빌라청소 가격 작업 범위와 준비사항, 진행 순서, 확인 항목을 정리했습니다. 서울 관악구 빌라청소 현장에 맞춰 필요한 청소 내용을 확인해보세요.",https://clever-griffin-93819d.netlify.app/seoul-gwanak-gu-villa-cleaning-price/,서울 관악구 빌라청소 가격,12
서울 관악구 빌라청소 비용,seoul-gwanak-gu-villa-cleaning-cost,PASS,100,,서울 관악구 빌라청소 비용 - 청소 작업 안내,서울 관악구 빌라청소를 알아보는 분을 위한 안내입니다. 서울 관악구 빌라청소 비용 작업 전 확인사항부터 마무리 점검까지 자세히 정리했습니다.,https://clever-griffin-93819d.netlify.app/seoul-gwanak-gu-villa-cleaning-cost/,서울 관악구 빌라청소 비용,12
서울 관악구 빌라청소 견적,seoul-gwanak-gu-villa-cleaning-quote,PASS,100,,서울 관악구 빌라청소 견적 - 청소 작업 안내,"서울 관악구 빌라청소 견적 작업 범위와 준비사항, 진행 순서, 확인 항목을 정리했습니다. 서울 관악구 빌라청소 현장에 맞춰 필요한 청소 내용을 확인해보세요.",https://clever-griffin-93819d.netlify.app/seoul-gwanak-gu-villa-cleaning-quote/,서울 관악구 빌라청소 견적,12
서울 관악구 아파트청소,seoul-gwanak-gu-apartment-cleaning,PASS,100,,서울 관악구 아파트청소 | 현장별 청소 정보,"서울 관악구 아파트청소 작업 범위와 준비사항, 진행 순서, 확인 항목을 정리했습니다. 서울 관악구 아파트청소 현장에 맞춰 필요한 청소 내용을 확인해보세요.",https://clever-griffin-93819d.netlify.app/seoul-gwanak-gu-apartment-cleaning/,서울 관악구 아파트청소,12
서울 관악구 아파트청소 전문업체,seoul-gwanak-gu-apartment-cleaning-company,PASS,100,,서울 관악구 아파트청소 전문업체 | 체인지클린,서울 관악구 아파트청소 전문업체 관련 청소 과정과 체크포인트를 안내합니다. 공간 상태와 오염 범위를 확인한 뒤 현장에 맞는 작업을 진행합니다.,https://clever-griffin-93819d.netlify.app/seoul-gwanak-gu-apartment-cleaning-company/,서울 관악구 아파트청소 전문업체,12
서울 관악구 아파트청소 잘하는곳,seoul-gwanak-gu-apartment-cleaning-best,PASS,100,,서울 관악구 아파트청소 잘하는곳 | 현장별 청소 정보,서울 관악구 아파트청소를 알아보는 분을 위한 안내입니다. 서울 관악구 아파트청소 잘하는곳 작업 전 확인사항부터 마무리 점검까지 자세히 정리했습니다.,https://clever-griffin-93819d.netlify.app/seoul-gwanak-gu-apartment-cleaning-best/,서울 관악구 아파트청소 잘하는곳,12
서울 관악구 아파트청소 가격,seoul-gwanak-gu-apartment-cleaning-price,PASS,100,,서울 관악구 아파트청소 가격 - 청소 작업 안내,"서울 관악구 아파트청소 가격 작업 범위와 준비사항, 진행 순서, 확인 항목을 정리했습니다. 서울 관악구 아파트청소 현장에 맞춰 필요한 청소 내용을 확인해보세요.",https://clever-griffin-93819d.netlify.app/seoul-gwanak-gu-apartment-cleaning-price/,서울 관악구 아파트청소 가격,12
서울 관악구 아파트청소 비용,seoul-gwanak-gu-apartment-cleaning-cost,PASS,100,,서울 관악구 아파트청소 비용 | 현장별 청소 정보,서울 관악구 아파트청소 비용 관련 청소 과정과 체크포인트를 안내합니다. 공간 상태와 오염 범위를 확인한 뒤 현장에 맞는 작업을 진행합니다.,https://clever-griffin-93819d.netlify.app/seoul-gwanak-gu-apartment-cleaning-cost/,서울 관악구 아파트청소 비용,12
서울 관악구 아파트청소 견적,seoul-gwanak-gu-apartment-cleaning-quote,PASS,100,,서울 관악구 아파트청소 견적 | 체인지클린,서울 관악구 아파트청소를 알아보는 분을 위한 안내입니다. 서울 관악구 아파트청소 견적 작업 전 확인사항부터 마무리 점검까지 자세히 정리했습니다.,https://clever-griffin-93819d.netlify.app/seoul-gwanak-gu-apartment-cleaning-quote/,서울 관악구 아파트청소 견적,12
서울 관악구 오피스텔청소,seoul-gwanak-gu-officetel-cleaning,PASS,100,,서울 관악구 오피스텔청소 | 체인지클린,서울 관악구 오피스텔청소 관련 청소 과정과 체크포인트를 안내합니다. 공간 상태와 오염 범위를 확인한 뒤 현장에 맞는 작업을 진행합니다.,https://clever-griffin-93819d.netlify.app/seoul-gwanak-gu-officetel-cleaning/,서울 관악구 오피스텔청소,12
서울 관악구 오피스텔청소 전문업체,seoul-gwanak-gu-officetel-cleaning-company,PASS,100,,서울 관악구 오피스텔청소 전문업체 | 체인지클린,"서울 관악구 오피스텔청소 전문업체 작업 범위와 준비사항, 진행 순서, 확인 항목을 정리했습니다. 서울 관악구 오피스텔청소 현장에 맞춰 필요한 청소 내용을 확인해보세요.",https://clever-griffin-93819d.netlify.app/seoul-gwanak-gu-officetel-cleaning-company/,서울 관악구 오피스텔청소 전문업체,12
서울 관악구 오피스텔청소 잘하는곳,seoul-gwanak-gu-officetel-cleaning-best,PASS,100,,서울 관악구 오피스텔청소 잘하는곳 | 현장별 청소 정보,서울 관악구 오피스텔청소를 알아보는 분을 위한 안내입니다. 서울 관악구 오피스텔청소 잘하는곳 작업 전 확인사항부터 마무리 점검까지 자세히 정리했습니다.,https://clever-griffin-93819d.netlify.app/seoul-gwanak-gu-officetel-cleaning-best/,서울 관악구 오피스텔청소 잘하는곳,12
서울 관악구 오피스텔청소 가격,seoul-gwanak-gu-officetel-cleaning-price,PASS,100,,서울 관악구 오피스텔청소 가격 | 현장별 청소 정보,"서울 관악구 오피스텔청소 가격 작업 범위와 준비사항, 진행 순서, 확인 항목을 정리했습니다. 서울 관악구 오피스텔청소 현장에 맞춰 필요한 청소 내용을 확인해보세요.",https://clever-griffin-93819d.netlify.app/seoul-gwanak-gu-officetel-cleaning-price/,서울 관악구 오피스텔청소 가격,12
서울 관악구 오피스텔청소 비용,seoul-gwanak-gu-officetel-cleaning-cost,PASS,100,,서울 관악구 오피스텔청소 비용 | 체인지클린,"서울 관악구 오피스텔청소 비용 작업 범위와 준비사항, 진행 순서, 확인 항목을 정리했습니다. 서울 관악구 오피스텔청소 현장에 맞춰 필요한 청소 내용을 확인해보세요.",https://clever-griffin-93819d.netlify.app/seoul-gwanak-gu-officetel-cleaning-cost/,서울 관악구 오피스텔청소 비용,12
서울 관악구 오피스텔청소 견적,seoul-gwanak-gu-officetel-cleaning-quote,PASS,100,,서울 관악구 오피스텔청소 견적 | 현장별 청소 정보,서울 관악구 오피스텔청소를 알아보는 분을 위한 안내입니다. 서울 관악구 오피스텔청소 견적 작업 전 확인사항부터 마무리 점검까지 자세히 정리했습니다.,https://clever-griffin-93819d.netlify.app/seoul-gwanak-gu-officetel-cleaning-quote/,서울 관악구 오피스텔청소 견적,12
서울 관악구 거주청소,seoul-gwanak-gu-home-cleaning,CHECK,96,title 길이 확인,서울 관악구 거주청소 | 체인지클린,"서울 관악구 거주청소 작업 범위와 준비사항, 진행 순서, 확인 항목을 정리했습니다. 서울 관악구 거주청소 현장에 맞춰 필요한 청소 내용을 확인해보세요.",https://clever-griffin-93819d.netlify.app/seoul-gwanak-gu-home-cleaning/,서울 관악구 거주청소,12
서울 관악구 거주청소 전문업체,seoul-gwanak-gu-home-cleaning-company,PASS,100,,서울 관악구 거주청소 전문업체 | 현장별 청소 정보,"서울 관악구 거주청소 전문업체 작업 범위와 준비사항, 진행 순서, 확인 항목을 정리했습니다. 서울 관악구 거주청소 현장에 맞춰 필요한 청소 내용을 확인해보세요.",https://clever-griffin-93819d.netlify.app/seoul-gwanak-gu-home-cleaning-company/,서울 관악구 거주청소 전문업체,12
서울 관악구 거주청소 잘하는곳,seoul-gwanak-gu-home-cleaning-best,PASS,100,,서울 관악구 거주청소 잘하는곳 | 현장별 청소 정보,"서울 관악구 거주청소 잘하는곳 작업 범위와 준비사항, 진행 순서, 확인 항목을 정리했습니다. 서울 관악구 거주청소 현장에 맞춰 필요한 청소 내용을 확인해보세요.",https://clever-griffin-93819d.netlify.app/seoul-gwanak-gu-home-cleaning-best/,서울 관악구 거주청소 잘하는곳,12
서울 관악구 거주청소 가격,seoul-gwanak-gu-home-cleaning-price,PASS,100,,서울 관악구 거주청소 가격 - 청소 작업 안내,"서울 관악구 거주청소 가격 작업 범위와 준비사항, 진행 순서, 확인 항목을 정리했습니다. 서울 관악구 거주청소 현장에 맞춰 필요한 청소 내용을 확인해보세요.",https://clever-griffin-93819d.netlify.app/seoul-gwanak-gu-home-cleaning-price/,서울 관악구 거주청소 가격,12
서울 관악구 거주청소 비용,seoul-gwanak-gu-home-cleaning-cost,PASS,100,,서울 관악구 거주청소 비용 | 현장별 청소 정보,서울 관악구 거주청소 비용 관련 청소 과정과 체크포인트를 안내합니다. 공간 상태와 오염 범위를 확인한 뒤 현장에 맞는 작업을 진행합니다.,https://clever-griffin-93819d.netlify.app/seoul-gwanak-gu-home-cleaning-cost/,서울 관악구 거주청소 비용,12
서울 관악구 거주청소 견적,seoul-gwanak-gu-home-cleaning-quote,PASS,100,,서울 관악구 거주청소 견적 | 현장별 청소 정보,서울 관악구 거주청소 견적 관련 청소 과정과 체크포인트를 안내합니다. 공간 상태와 오염 범위를 확인한 뒤 현장에 맞는 작업을 진행합니다.,https://clever-griffin-93819d.netlify.app/seoul-gwanak-gu-home-cleaning-quote/,서울 관악구 거주청소 견적,12
서울 영등포구 입주청소,seoul-yeongdeungpo-gu-move-in-cleaning,PASS,100,,서울 영등포구 입주청소 - 청소 작업 안내,"서울 영등포구 입주청소 작업 범위와 준비사항, 진행 순서, 확인 항목을 정리했습니다. 서울 영등포구 입주청소 현장에 맞춰 필요한 청소 내용을 확인해보세요.",https://clever-griffin-93819d.netlify.app/seoul-yeongdeungpo-gu-move-in-cleaning/,서울 영등포구 입주청소,12
서울 영등포구 입주청소 전문업체,seoul-yeongdeungpo-gu-move-in-cleaning-company,PASS,100,,서울 영등포구 입주청소 전문업체 - 청소 작업 안내,서울 영등포구 입주청소 전문업체 관련 청소 과정과 체크포인트를 안내합니다. 공간 상태와 오염 범위를 확인한 뒤 현장에 맞는 작업을 진행합니다.,https://clever-griffin-93819d.netlify.app/seoul-yeongdeungpo-gu-move-in-cleaning-company/,서울 영등포구 입주청소 전문업체,12
서울 영등포구 입주청소 잘하는곳,seoul-yeongdeungpo-gu-move-in-cleaning-best,PASS,100,,서울 영등포구 입주청소 잘하는곳 | 현장별 청소 정보,서울 영등포구 입주청소를 알아보는 분을 위한 안내입니다. 서울 영등포구 입주청소 잘하는곳 작업 전 확인사항부터 마무리 점검까지 자세히 정리했습니다.,https://clever-griffin-93819d.netlify.app/seoul-yeongdeungpo-gu-move-in-cleaning-best/,서울 영등포구 입주청소 잘하는곳,12
서울 영등포구 입주청소 가격,seoul-yeongdeungpo-gu-move-in-cleaning-price,PASS,100,,서울 영등포구 입주청소 가격 | 현장별 청소 정보,"서울 영등포구 입주청소 가격 작업 범위와 준비사항, 진행 순서, 확인 항목을 정리했습니다. 서울 영등포구 입주청소 현장에 맞춰 필요한 청소 내용을 확인해보세요.",https://clever-griffin-93819d.netlify.app/seoul-yeongdeungpo-gu-move-in-cleaning-price/,서울 영등포구 입주청소 가격,12
서울 영등포구 입주청소 비용,seoul-yeongdeungpo-gu-move-in-cleaning-cost,PASS,100,,서울 영등포구 입주청소 비용 | 현장별 청소 정보,서울 영등포구 입주청소를 알아보는 분을 위한 안내입니다. 서울 영등포구 입주청소 비용 작업 전 확인사항부터 마무리 점검까지 자세히 정리했습니다.,https://clever-griffin-93819d.netlify.app/seoul-yeongdeungpo-gu-move-in-cleaning-cost/,서울 영등포구 입주청소 비용,12
서울 영등포구 입주청소 견적,seoul-yeongdeungpo-gu-move-in-cleaning-quote,PASS,100,,서울 영등포구 입주청소 견적 | 체인지클린,서울 영등포구 입주청소를 알아보는 분을 위한 안내입니다. 서울 영등포구 입주청소 견적 작업 전 확인사항부터 마무리 점검까지 자세히 정리했습니다.,https://clever-griffin-93819d.netlify.app/seoul-yeongdeungpo-gu-move-in-cleaning-quote/,서울 영등포구 입주청소 견적,12
서울 영등포구 이사청소,seoul-yeongdeungpo-gu-move-out-cleaning,PASS,100,,서울 영등포구 이사청소 | 체인지클린,서울 영등포구 이사청소 관련 청소 과정과 체크포인트를 안내합니다. 공간 상태와 오염 범위를 확인한 뒤 현장에 맞는 작업을 진행합니다.,https://clever-griffin-93819d.netlify.app/seoul-yeongdeungpo-gu-move-out-cleaning/,서울 영등포구 이사청소,12
서울 영등포구 이사청소 전문업체,seoul-yeongdeungpo-gu-move-out-cleaning-company,PASS,100,,서울 영등포구 이사청소 전문업체 - 청소 작업 안내,"서울 영등포구 이사청소 전문업체 작업 범위와 준비사항, 진행 순서, 확인 항목을 정리했습니다. 서울 영등포구 이사청소 현장에 맞춰 필요한 청소 내용을 확인해보세요.",https://clever-griffin-93819d.netlify.app/seoul-yeongdeungpo-gu-move-out-cleaning-company/,서울 영등포구 이사청소 전문업체,12
서울 영등포구 이사청소 잘하는곳,seoul-yeongdeungpo-gu-move-out-cleaning-best,PASS,100,,서울 영등포구 이사청소 잘하는곳 | 현장별 청소 정보,서울 영등포구 이사청소를 알아보는 분을 위한 안내입니다. 서울 영등포구 이사청소 잘하는곳 작업 전 확인사항부터 마무리 점검까지 자세히 정리했습니다.,https://clever-griffin-93819d.netlify.app/seoul-yeongdeungpo-gu-move-out-cleaning-best/,서울 영등포구 이사청소 잘하는곳,12
서울 영등포구 이사청소 가격,seoul-yeongdeungpo-gu-move-out-cleaning-price,PASS,100,,서울 영등포구 이사청소 가격 | 현장별 청소 정보,서울 영등포구 이사청소 가격 관련 청소 과정과 체크포인트를 안내합니다. 공간 상태와 오염 범위를 확인한 뒤 현장에 맞는 작업을 진행합니다.,https://clever-griffin-93819d.netlify.app/seoul-yeongdeungpo-gu-move-out-cleaning-price/,서울 영등포구 이사청소 가격,12
서울 영등포구 이사청소 비용,seoul-yeongdeungpo-gu-move-out-cleaning-cost,PASS,100,,서울 영등포구 이사청소 비용 - 청소 작업 안내,"서울 영등포구 이사청소 비용 작업 범위와 준비사항, 진행 순서, 확인 항목을 정리했습니다. 서울 영등포구 이사청소 현장에 맞춰 필요한 청소 내용을 확인해보세요.",https://clever-griffin-93819d.netlify.app/seoul-yeongdeungpo-gu-move-out-cleaning-cost/,서울 영등포구 이사청소 비용,12
서울 영등포구 이사청소 견적,seoul-yeongdeungpo-gu-move-out-cleaning-quote,PASS,100,,서울 영등포구 이사청소 견적 - 청소 작업 안내,"서울 영등포구 이사청소 견적 작업 범위와 준비사항, 진행 순서, 확인 항목을 정리했습니다. 서울 영등포구 이사청소 현장에 맞춰 필요한 청소 내용을 확인해보세요.",https://clever-griffin-93819d.netlify.app/seoul-yeongdeungpo-gu-move-out-cleaning-quote/,서울 영등포구 이사청소 견적,12
서울 영등포구 준공청소,seoul-yeongdeungpo-gu-post-construction-cleaning,PASS,100,,서울 영등포구 준공청소 | 현장별 청소 정보,서울 영등포구 준공청소 관련 청소 과정과 체크포인트를 안내합니다. 공간 상태와 오염 범위를 확인한 뒤 현장에 맞는 작업을 진행합니다.,https://clever-griffin-93819d.netlify.app/seoul-yeongdeungpo-gu-post-construction-cleaning/,서울 영등포구 준공청소,12
서울 영등포구 준공청소 전문업체,seoul-yeongdeungpo-gu-post-construction-cleaning-company,PASS,100,,서울 영등포구 준공청소 전문업체 | 현장별 청소 정보,"서울 영등포구 준공청소 전문업체 작업 범위와 준비사항, 진행 순서, 확인 항목을 정리했습니다. 서울 영등포구 준공청소 현장에 맞춰 필요한 청소 내용을 확인해보세요.",https://clever-griffin-93819d.netlify.app/seoul-yeongdeungpo-gu-post-construction-cleaning-company/,서울 영등포구 준공청소 전문업체,12
서울 영등포구 준공청소 잘하는곳,seoul-yeongdeungpo-gu-post-construction-cleaning-best,PASS,100,,서울 영등포구 준공청소 잘하는곳 | 현장별 청소 정보,"서울 영등포구 준공청소 잘하는곳 작업 범위와 준비사항, 진행 순서, 확인 항목을 정리했습니다. 서울 영등포구 준공청소 현장에 맞춰 필요한 청소 내용을 확인해보세요.",https://clever-griffin-93819d.netlify.app/seoul-yeongdeungpo-gu-post-construction-cleaning-best/,서울 영등포구 준공청소 잘하는곳,12
서울 영등포구 준공청소 가격,seoul-yeongdeungpo-gu-post-construction-cleaning-price,PASS,100,,서울 영등포구 준공청소 가격 | 현장별 청소 정보,"서울 영등포구 준공청소 가격 작업 범위와 준비사항, 진행 순서, 확인 항목을 정리했습니다. 서울 영등포구 준공청소 현장에 맞춰 필요한 청소 내용을 확인해보세요.",https://clever-griffin-93819d.netlify.app/seoul-yeongdeungpo-gu-post-construction-cleaning-price/,서울 영등포구 준공청소 가격,12
서울 영등포구 준공청소 비용,seoul-yeongdeungpo-gu-post-construction-cleaning-cost,PASS,100,,서울 영등포구 준공청소 비용 - 청소 작업 안내,서울 영등포구 준공청소 비용 관련 청소 과정과 체크포인트를 안내합니다. 공간 상태와 오염 범위를 확인한 뒤 현장에 맞는 작업을 진행합니다.,https://clever-griffin-93819d.netlify.app/seoul-yeongdeungpo-gu-post-construction-cleaning-cost/,서울 영등포구 준공청소 비용,12
서울 영등포구 준공청소 견적,seoul-yeongdeungpo-gu-post-construction-cleaning-quote,PASS,100,,서울 영등포구 준공청소 견적 | 현장별 청소 정보,서울 영등포구 준공청소를 알아보는 분을 위한 안내입니다. 서울 영등포구 준공청소 견적 작업 전 확인사항부터 마무리 점검까지 자세히 정리했습니다.,https://clever-griffin-93819d.netlify.app/seoul-yeongdeungpo-gu-post-construction-cleaning-quote/,서울 영등포구 준공청소 견적,12
서울 영등포구 상가청소,seoul-yeongdeungpo-gu-store-cleaning,PASS,100,,서울 영등포구 상가청소 - 청소 작업 안내,서울 영등포구 상가청소를 알아보는 분을 위한 안내입니다. 서울 영등포구 상가청소 작업 전 확인사항부터 마무리 점검까지 자세히 정리했습니다.,https://clever-griffin-93819d.netlify.app/seoul-yeongdeungpo-gu-store-cleaning/,서울 영등포구 상가청소,12
서울 영등포구 상가청소 전문업체,seoul-yeongdeungpo-gu-store-cleaning-company,PASS,100,,서울 영등포구 상가청소 전문업체 - 청소 작업 안내,서울 영등포구 상가청소 전문업체 관련 청소 과정과 체크포인트를 안내합니다. 공간 상태와 오염 범위를 확인한 뒤 현장에 맞는 작업을 진행합니다.,https://clever-griffin-93819d.netlify.app/seoul-yeongdeungpo-gu-store-cleaning-company/,서울 영등포구 상가청소 전문업체,12
서울 영등포구 상가청소 잘하는곳,seoul-yeongdeungpo-gu-store-cleaning-best,PASS,100,,서울 영등포구 상가청소 잘하는곳 | 체인지클린,서울 영등포구 상가청소를 알아보는 분을 위한 안내입니다. 서울 영등포구 상가청소 잘하는곳 작업 전 확인사항부터 마무리 점검까지 자세히 정리했습니다.,https://clever-griffin-93819d.netlify.app/seoul-yeongdeungpo-gu-store-cleaning-best/,서울 영등포구 상가청소 잘하는곳,12
서울 영등포구 상가청소 가격,seoul-yeongdeungpo-gu-store-cleaning-price,PASS,100,,서울 영등포구 상가청소 가격 - 청소 작업 안내,서울 영등포구 상가청소 가격 관련 청소 과정과 체크포인트를 안내합니다. 공간 상태와 오염 범위를 확인한 뒤 현장에 맞는 작업을 진행합니다.,https://clever-griffin-93819d.netlify.app/seoul-yeongdeungpo-gu-store-cleaning-price/,서울 영등포구 상가청소 가격,12
서울 영등포구 상가청소 비용,seoul-yeongdeungpo-gu-store-cleaning-cost,PASS,100,,서울 영등포구 상가청소 비용 - 청소 작업 안내,서울 영등포구 상가청소 비용 관련 청소 과정과 체크포인트를 안내합니다. 공간 상태와 오염 범위를 확인한 뒤 현장에 맞는 작업을 진행합니다.,https://clever-griffin-93819d.netlify.app/seoul-yeongdeungpo-gu-store-cleaning-cost/,서울 영등포구 상가청소 비용,12
서울 영등포구 상가청소 견적,seoul-yeongdeungpo-gu-store-cleaning-quote,PASS,100,,서울 영등포구 상가청소 견적 | 체인지클린,서울 영등포구 상가청소를 알아보는 분을 위한 안내입니다. 서울 영등포구 상가청소 견적 작업 전 확인사항부터 마무리 점검까지 자세히 정리했습니다.,https://clever-griffin-93819d.netlify.app/seoul-yeongdeungpo-gu-store-cleaning-quote/,서울 영등포구 상가청소 견적,12
서울 영등포구 사무실청소,seoul-yeongdeungpo-gu-office-cleaning,PASS,100,,서울 영등포구 사무실청소 - 청소 작업 안내,"서울 영등포구 사무실청소 작업 범위와 준비사항, 진행 순서, 확인 항목을 정리했습니다. 서울 영등포구 사무실청소 현장에 맞춰 필요한 청소 내용을 확인해보세요.",https://clever-griffin-93819d.netlify.app/seoul-yeongdeungpo-gu-office-cleaning/,서울 영등포구 사무실청소,12
서울 영등포구 사무실청소 전문업체,seoul-yeongdeungpo-gu-office-cleaning-company,PASS,100,,서울 영등포구 사무실청소 전문업체 | 체인지클린,"서울 영등포구 사무실청소 전문업체 작업 범위와 준비사항, 진행 순서, 확인 항목을 정리했습니다. 서울 영등포구 사무실청소 현장에 맞춰 필요한 청소 내용을 확인해보세요.",https://clever-griffin-93819d.netlify.app/seoul-yeongdeungpo-gu-office-cleaning-company/,서울 영등포구 사무실청소 전문업체,12
서울 영등포구 사무실청소 잘하는곳,seoul-yeongdeungpo-gu-office-cleaning-best,PASS,100,,서울 영등포구 사무실청소 잘하는곳 | 체인지클린,서울 영등포구 사무실청소 잘하는곳 관련 청소 과정과 체크포인트를 안내합니다. 공간 상태와 오염 범위를 확인한 뒤 현장에 맞는 작업을 진행합니다.,https://clever-griffin-93819d.netlify.app/seoul-yeongdeungpo-gu-office-cleaning-best/,서울 영등포구 사무실청소 잘하는곳,12
서울 영등포구 사무실청소 가격,seoul-yeongdeungpo-gu-office-cleaning-price,PASS,100,,서울 영등포구 사무실청소 가격 | 현장별 청소 정보,"서울 영등포구 사무실청소 가격 작업 범위와 준비사항, 진행 순서, 확인 항목을 정리했습니다. 서울 영등포구 사무실청소 현장에 맞춰 필요한 청소 내용을 확인해보세요.",https://clever-griffin-93819d.netlify.app/seoul-yeongdeungpo-gu-office-cleaning-price/,서울 영등포구 사무실청소 가격,12
서울 영등포구 사무실청소 비용,seoul-yeongdeungpo-gu-office-cleaning-cost,PASS,100,,서울 영등포구 사무실청소 비용 | 체인지클린,"서울 영등포구 사무실청소 비용 작업 범위와 준비사항, 진행 순서, 확인 항목을 정리했습니다. 서울 영등포구 사무실청소 현장에 맞춰 필요한 청소 내용을 확인해보세요.",https://clever-griffin-93819d.netlify.app/seoul-yeongdeungpo-gu-office-cleaning-cost/,서울 영등포구 사무실청소 비용,12
서울 영등포구 사무실청소 견적,seoul-yeongdeungpo-gu-office-cleaning-quote,PASS,100,,서울 영등포구 사무실청소 견적 | 체인지클린,서울 영등포구 사무실청소 견적 관련 청소 과정과 체크포인트를 안내합니다. 공간 상태와 오염 범위를 확인한 뒤 현장에 맞는 작업을 진행합니다.,https://clever-griffin-93819d.netlify.app/seoul-yeongdeungpo-gu-office-cleaning-quote/,서울 영등포구 사무실청소 견적,12
서울 영등포구 빌라청소,seoul-yeongdeungpo-gu-villa-cleaning,PASS,100,,서울 영등포구 빌라청소 | 현장별 청소 정보,서울 영등포구 빌라청소를 알아보는 분을 위한 안내입니다. 서울 영등포구 빌라청소 작업 전 확인사항부터 마무리 점검까지 자세히 정리했습니다.,https://clever-griffin-93819d.netlify.app/seoul-yeongdeungpo-gu-villa-cleaning/,서울 영등포구 빌라청소,12
서울 영등포구 빌라청소 전문업체,seoul-yeongdeungpo-gu-villa-cleaning-company,PASS,100,,서울 영등포구 빌라청소 전문업체 | 체인지클린,서울 영등포구 빌라청소를 알아보는 분을 위한 안내입니다. 서울 영등포구 빌라청소 전문업체 작업 전 확인사항부터 마무리 점검까지 자세히 정리했습니다.,https://clever-griffin-93819d.netlify.app/seoul-yeongdeungpo-gu-villa-cleaning-company/,서울 영등포구 빌라청소 전문업체,12
서울 영등포구 빌라청소 잘하는곳,seoul-yeongdeungpo-gu-villa-cleaning-best,PASS,100,,서울 영등포구 빌라청소 잘하는곳 | 체인지클린,서울 영등포구 빌라청소 잘하는곳 관련 청소 과정과 체크포인트를 안내합니다. 공간 상태와 오염 범위를 확인한 뒤 현장에 맞는 작업을 진행합니다.,https://clever-griffin-93819d.netlify.app/seoul-yeongdeungpo-gu-villa-cleaning-best/,서울 영등포구 빌라청소 잘하는곳,12
서울 영등포구 빌라청소 가격,seoul-yeongdeungpo-gu-villa-cleaning-price,PASS,100,,서울 영등포구 빌라청소 가격 - 청소 작업 안내,"서울 영등포구 빌라청소 가격 작업 범위와 준비사항, 진행 순서, 확인 항목을 정리했습니다. 서울 영등포구 빌라청소 현장에 맞춰 필요한 청소 내용을 확인해보세요.",https://clever-griffin-93819d.netlify.app/seoul-yeongdeungpo-gu-villa-cleaning-price/,서울 영등포구 빌라청소 가격,12
서울 영등포구 빌라청소 비용,seoul-yeongdeungpo-gu-villa-cleaning-cost,PASS,100,,서울 영등포구 빌라청소 비용 - 청소 작업 안내,서울 영등포구 빌라청소를 알아보는 분을 위한 안내입니다. 서울 영등포구 빌라청소 비용 작업 전 확인사항부터 마무리 점검까지 자세히 정리했습니다.,https://clever-griffin-93819d.netlify.app/seoul-yeongdeungpo-gu-villa-cleaning-cost/,서울 영등포구 빌라청소 비용,12
서울 영등포구 빌라청소 견적,seoul-yeongdeungpo-gu-villa-cleaning-quote,PASS,100,,서울 영등포구 빌라청소 견적 - 청소 작업 안내,서울 영등포구 빌라청소 견적 관련 청소 과정과 체크포인트를 안내합니다. 공간 상태와 오염 범위를 확인한 뒤 현장에 맞는 작업을 진행합니다.,https://clever-griffin-93819d.netlify.app/seoul-yeongdeungpo-gu-villa-cleaning-quote/,서울 영등포구 빌라청소 견적,12
서울 영등포구 아파트청소,seoul-yeongdeungpo-gu-apartment-cleaning,PASS,100,,서울 영등포구 아파트청소 - 청소 작업 안내,서울 영등포구 아파트청소를 알아보는 분을 위한 안내입니다. 서울 영등포구 아파트청소 작업 전 확인사항부터 마무리 점검까지 자세히 정리했습니다.,https://clever-griffin-93819d.netlify.app/seoul-yeongdeungpo-gu-apartment-cleaning/,서울 영등포구 아파트청소,12
서울 영등포구 아파트청소 전문업체,seoul-yeongdeungpo-gu-apartment-cleaning-company,PASS,100,,서울 영등포구 아파트청소 전문업체 - 청소 작업 안내,"서울 영등포구 아파트청소 전문업체 작업 범위와 준비사항, 진행 순서, 확인 항목을 정리했습니다. 서울 영등포구 아파트청소 현장에 맞춰 필요한 청소 내용을 확인해보세요.",https://clever-griffin-93819d.netlify.app/seoul-yeongdeungpo-gu-apartment-cleaning-company/,서울 영등포구 아파트청소 전문업체,12
서울 영등포구 아파트청소 잘하는곳,seoul-yeongdeungpo-gu-apartment-cleaning-best,PASS,100,,서울 영등포구 아파트청소 잘하는곳 | 현장별 청소 정보,"서울 영등포구 아파트청소 잘하는곳 작업 범위와 준비사항, 진행 순서, 확인 항목을 정리했습니다. 서울 영등포구 아파트청소 현장에 맞춰 필요한 청소 내용을 확인해보세요.",https://clever-griffin-93819d.netlify.app/seoul-yeongdeungpo-gu-apartment-cleaning-best/,서울 영등포구 아파트청소 잘하는곳,12
서울 영등포구 아파트청소 가격,seoul-yeongdeungpo-gu-apartment-cleaning-price,PASS,100,,서울 영등포구 아파트청소 가격 - 청소 작업 안내,서울 영등포구 아파트청소를 알아보는 분을 위한 안내입니다. 서울 영등포구 아파트청소 가격 작업 전 확인사항부터 마무리 점검까지 자세히 정리했습니다.,https://clever-griffin-93819d.netlify.app/seoul-yeongdeungpo-gu-apartment-cleaning-price/,서울 영등포구 아파트청소 가격,12
서울 영등포구 아파트청소 비용,seoul-yeongdeungpo-gu-apartment-cleaning-cost,PASS,100,,서울 영등포구 아파트청소 비용 - 청소 작업 안내,"서울 영등포구 아파트청소 비용 작업 범위와 준비사항, 진행 순서, 확인 항목을 정리했습니다. 서울 영등포구 아파트청소 현장에 맞춰 필요한 청소 내용을 확인해보세요.",https://clever-griffin-93819d.netlify.app/seoul-yeongdeungpo-gu-apartment-cleaning-cost/,서울 영등포구 아파트청소 비용,12
서울 영등포구 아파트청소 견적,seoul-yeongdeungpo-gu-apartment-cleaning-quote,PASS,100,,서울 영등포구 아파트청소 견적 | 현장별 청소 정보,서울 영등포구 아파트청소를 알아보는 분을 위한 안내입니다. 서울 영등포구 아파트청소 견적 작업 전 확인사항부터 마무리 점검까지 자세히 정리했습니다.,https://clever-griffin-93819d.netlify.app/seoul-yeongdeungpo-gu-apartment-cleaning-quote/,서울 영등포구 아파트청소 견적,12
서울 영등포구 오피스텔청소,seoul-yeongdeungpo-gu-officetel-cleaning,PASS,100,,서울 영등포구 오피스텔청소 | 현장별 청소 정보,서울 영등포구 오피스텔청소 관련 청소 과정과 체크포인트를 안내합니다. 공간 상태와 오염 범위를 확인한 뒤 현장에 맞는 작업을 진행합니다.,https://clever-griffin-93819d.netlify.app/seoul-yeongdeungpo-gu-officetel-cleaning/,서울 영등포구 오피스텔청소,12
서울 영등포구 오피스텔청소 전문업체,seoul-yeongdeungpo-gu-officetel-cleaning-company,PASS,100,,서울 영등포구 오피스텔청소 전문업체 | 현장별 청소 정보,서울 영등포구 오피스텔청소를 알아보는 분을 위한 안내입니다. 서울 영등포구 오피스텔청소 전문업체 작업 전 확인사항부터 마무리 점검까지 자세히 정리했습니다.,https://clever-griffin-93819d.netlify.app/seoul-yeongdeungpo-gu-officetel-cleaning-company/,서울 영등포구 오피스텔청소 전문업체,12
서울 영등포구 오피스텔청소 잘하는곳,seoul-yeongdeungpo-gu-officetel-cleaning-best,PASS,100,,서울 영등포구 오피스텔청소 잘하는곳 - 청소 작업 안내,서울 영등포구 오피스텔청소를 알아보는 분을 위한 안내입니다. 서울 영등포구 오피스텔청소 잘하는곳 작업 전 확인사항부터 마무리 점검까지 자세히 정리했습니다.,https://clever-griffin-93819d.netlify.app/seoul-yeongdeungpo-gu-officetel-cleaning-best/,서울 영등포구 오피스텔청소 잘하는곳,12
서울 영등포구 오피스텔청소 가격,seoul-yeongdeungpo-gu-officetel-cleaning-price,PASS,100,,서울 영등포구 오피스텔청소 가격 | 체인지클린,"서울 영등포구 오피스텔청소 가격 작업 범위와 준비사항, 진행 순서, 확인 항목을 정리했습니다. 서울 영등포구 오피스텔청소 현장에 맞춰 필요한 청소 내용을 확인해보세요.",https://clever-griffin-93819d.netlify.app/seoul-yeongdeungpo-gu-officetel-cleaning-price/,서울 영등포구 오피스텔청소 가격,12
서울 영등포구 오피스텔청소 비용,seoul-yeongdeungpo-gu-officetel-cleaning-cost,PASS,100,,서울 영등포구 오피스텔청소 비용 | 체인지클린,서울 영등포구 오피스텔청소를 알아보는 분을 위한 안내입니다. 서울 영등포구 오피스텔청소 비용 작업 전 확인사항부터 마무리 점검까지 자세히 정리했습니다.,https://clever-griffin-93819d.netlify.app/seoul-yeongdeungpo-gu-officetel-cleaning-cost/,서울 영등포구 오피스텔청소 비용,12
서울 영등포구 오피스텔청소 견적,seoul-yeongdeungpo-gu-officetel-cleaning-quote,PASS,100,,서울 영등포구 오피스텔청소 견적 | 체인지클린,서울 영등포구 오피스텔청소를 알아보는 분을 위한 안내입니다. 서울 영등포구 오피스텔청소 견적 작업 전 확인사항부터 마무리 점검까지 자세히 정리했습니다.,https://clever-griffin-93819d.netlify.app/seoul-yeongdeungpo-gu-officetel-cleaning-quote/,서울 영등포구 오피스텔청소 견적,12
서울 영등포구 거주청소,seoul-yeongdeungpo-gu-home-cleaning,PASS,100,,서울 영등포구 거주청소 - 청소 작업 안내,"서울 영등포구 거주청소 작업 범위와 준비사항, 진행 순서, 확인 항목을 정리했습니다. 서울 영등포구 거주청소 현장에 맞춰 필요한 청소 내용을 확인해보세요.",https://clever-griffin-93819d.netlify.app/seoul-yeongdeungpo-gu-home-cleaning/,서울 영등포구 거주청소,12
서울 영등포구 거주청소 전문업체,seoul-yeongdeungpo-gu-home-cleaning-company,PASS,100,,서울 영등포구 거주청소 전문업체 | 체인지클린,서울 영등포구 거주청소 전문업체 관련 청소 과정과 체크포인트를 안내합니다. 공간 상태와 오염 범위를 확인한 뒤 현장에 맞는 작업을 진행합니다.,https://clever-griffin-93819d.netlify.app/seoul-yeongdeungpo-gu-home-cleaning-company/,서울 영등포구 거주청소 전문업체,12
서울 영등포구 거주청소 잘하는곳,seoul-yeongdeungpo-gu-home-cleaning-best,PASS,100,,서울 영등포구 거주청소 잘하는곳 | 현장별 청소 정보,서울 영등포구 거주청소 잘하는곳 관련 청소 과정과 체크포인트를 안내합니다. 공간 상태와 오염 범위를 확인한 뒤 현장에 맞는 작업을 진행합니다.,https://clever-griffin-93819d.netlify.app/seoul-yeongdeungpo-gu-home-cleaning-best/,서울 영등포구 거주청소 잘하는곳,12
서울 영등포구 거주청소 가격,seoul-yeongdeungpo-gu-home-cleaning-price,PASS,100,,서울 영등포구 거주청소 가격 | 현장별 청소 정보,"서울 영등포구 거주청소 가격 작업 범위와 준비사항, 진행 순서, 확인 항목을 정리했습니다. 서울 영등포구 거주청소 현장에 맞춰 필요한 청소 내용을 확인해보세요.",https://clever-griffin-93819d.netlify.app/seoul-yeongdeungpo-gu-home-cleaning-price/,서울 영등포구 거주청소 가격,12
서울 영등포구 거주청소 비용,seoul-yeongdeungpo-gu-home-cleaning-cost,PASS,100,,서울 영등포구 거주청소 비용 | 현장별 청소 정보,"서울 영등포구 거주청소 비용 작업 범위와 준비사항, 진행 순서, 확인 항목을 정리했습니다. 서울 영등포구 거주청소 현장에 맞춰 필요한 청소 내용을 확인해보세요.",https://clever-griffin-93819d.netlify.app/seoul-yeongdeungpo-gu-home-cleaning-cost/,서울 영등포구 거주청소 비용,12
서울 영등포구 거주청소 견적,seoul-yeongdeungpo-gu-home-cleaning-quote,PASS,100,,서울 영등포구 거주청소 견적 | 체인지클린,서울 영등포구 거주청소 견적 관련 청소 과정과 체크포인트를 안내합니다. 공간 상태와 오염 범위를 확인한 뒤 현장에 맞는 작업을 진행합니다.,https://clever-griffin-93819d.netlify.app/seoul-yeongdeungpo-gu-home-cleaning-quote/,서울 영등포구 거주청소 견적,12
서울 구로구 입주청소,seoul-guro-gu-move-in-cleaning,PASS,100,,서울 구로구 입주청소 | 현장별 청소 정보,서울 구로구 입주청소 관련 청소 과정과 체크포인트를 안내합니다. 공간 상태와 오염 범위를 확인한 뒤 현장에 맞는 작업을 진행합니다.,https://clever-griffin-93819d.netlify.app/seoul-guro-gu-move-in-cleaning/,서울 구로구 입주청소,12
서울 구로구 입주청소 전문업체,seoul-guro-gu-move-in-cleaning-company,PASS,100,,서울 구로구 입주청소 전문업체 - 청소 작업 안내,서울 구로구 입주청소 전문업체 관련 청소 과정과 체크포인트를 안내합니다. 공간 상태와 오염 범위를 확인한 뒤 현장에 맞는 작업을 진행합니다.,https://clever-griffin-93819d.netlify.app/seoul-guro-gu-move-in-cleaning-company/,서울 구로구 입주청소 전문업체,12
서울 구로구 입주청소 잘하는곳,seoul-guro-gu-move-in-cleaning-best,PASS,100,,서울 구로구 입주청소 잘하는곳 | 체인지클린,서울 구로구 입주청소를 알아보는 분을 위한 안내입니다. 서울 구로구 입주청소 잘하는곳 작업 전 확인사항부터 마무리 점검까지 자세히 정리했습니다.,https://clever-griffin-93819d.netlify.app/seoul-guro-gu-move-in-cleaning-best/,서울 구로구 입주청소 잘하는곳,12
서울 구로구 입주청소 가격,seoul-guro-gu-move-in-cleaning-price,PASS,100,,서울 구로구 입주청소 가격 - 청소 작업 안내,"서울 구로구 입주청소 가격 작업 범위와 준비사항, 진행 순서, 확인 항목을 정리했습니다. 서울 구로구 입주청소 현장에 맞춰 필요한 청소 내용을 확인해보세요.",https://clever-griffin-93819d.netlify.app/seoul-guro-gu-move-in-cleaning-price/,서울 구로구 입주청소 가격,12
서울 구로구 입주청소 비용,seoul-guro-gu-move-in-cleaning-cost,PASS,100,,서울 구로구 입주청소 비용 | 체인지클린,"서울 구로구 입주청소 비용 작업 범위와 준비사항, 진행 순서, 확인 항목을 정리했습니다. 서울 구로구 입주청소 현장에 맞춰 필요한 청소 내용을 확인해보세요.",https://clever-griffin-93819d.netlify.app/seoul-guro-gu-move-in-cleaning-cost/,서울 구로구 입주청소 비용,12
서울 구로구 입주청소 견적,seoul-guro-gu-move-in-cleaning-quote,PASS,100,,서울 구로구 입주청소 견적 | 체인지클린,서울 구로구 입주청소 견적 관련 청소 과정과 체크포인트를 안내합니다. 공간 상태와 오염 범위를 확인한 뒤 현장에 맞는 작업을 진행합니다.,https://clever-griffin-93819d.netlify.app/seoul-guro-gu-move-in-cleaning-quote/,서울 구로구 입주청소 견적,12
서울 구로구 이사청소,seoul-guro-gu-move-out-cleaning,PASS,100,,서울 구로구 이사청소 | 현장별 청소 정보,서울 구로구 이사청소를 알아보는 분을 위한 안내입니다. 서울 구로구 이사청소 작업 전 확인사항부터 마무리 점검까지 자세히 정리했습니다.,https://clever-griffin-93819d.netlify.app/seoul-guro-gu-move-out-cleaning/,서울 구로구 이사청소,12
서울 구로구 이사청소 전문업체,seoul-guro-gu-move-out-cleaning-company,PASS,100,,서울 구로구 이사청소 전문업체 | 현장별 청소 정보,"서울 구로구 이사청소 전문업체 작업 범위와 준비사항, 진행 순서, 확인 항목을 정리했습니다. 서울 구로구 이사청소 현장에 맞춰 필요한 청소 내용을 확인해보세요.",https://clever-griffin-93819d.netlify.app/seoul-guro-gu-move-out-cleaning-company/,서울 구로구 이사청소 전문업체,12
서울 구로구 이사청소 잘하는곳,seoul-guro-gu-move-out-cleaning-best,PASS,100,,서울 구로구 이사청소 잘하는곳 - 청소 작업 안내,서울 구로구 이사청소를 알아보는 분을 위한 안내입니다. 서울 구로구 이사청소 잘하는곳 작업 전 확인사항부터 마무리 점검까지 자세히 정리했습니다.,https://clever-griffin-93819d.netlify.app/seoul-guro-gu-move-out-cleaning-best/,서울 구로구 이사청소 잘하는곳,12
서울 구로구 이사청소 가격,seoul-guro-gu-move-out-cleaning-price,PASS,100,,서울 구로구 이사청소 가격 - 청소 작업 안내,서울 구로구 이사청소를 알아보는 분을 위한 안내입니다. 서울 구로구 이사청소 가격 작업 전 확인사항부터 마무리 점검까지 자세히 정리했습니다.,https://clever-griffin-93819d.netlify.app/seoul-guro-gu-move-out-cleaning-price/,서울 구로구 이사청소 가격,12
서울 구로구 이사청소 비용,seoul-guro-gu-move-out-cleaning-cost,PASS,100,,서울 구로구 이사청소 비용 - 청소 작업 안내,서울 구로구 이사청소를 알아보는 분을 위한 안내입니다. 서울 구로구 이사청소 비용 작업 전 확인사항부터 마무리 점검까지 자세히 정리했습니다.,https://clever-griffin-93819d.netlify.app/seoul-guro-gu-move-out-cleaning-cost/,서울 구로구 이사청소 비용,12
서울 구로구 이사청소 견적,seoul-guro-gu-move-out-cleaning-quote,PASS,100,,서울 구로구 이사청소 견적 | 체인지클린,서울 구로구 이사청소를 알아보는 분을 위한 안내입니다. 서울 구로구 이사청소 견적 작업 전 확인사항부터 마무리 점검까지 자세히 정리했습니다.,https://clever-griffin-93819d.netlify.app/seoul-guro-gu-move-out-cleaning-quote/,서울 구로구 이사청소 견적,12
서울 구로구 준공청소,seoul-guro-gu-post-construction-cleaning,PASS,100,,서울 구로구 준공청소 - 청소 작업 안내,"서울 구로구 준공청소 작업 범위와 준비사항, 진행 순서, 확인 항목을 정리했습니다. 서울 구로구 준공청소 현장에 맞춰 필요한 청소 내용을 확인해보세요.",https://clever-griffin-93819d.netlify.app/seoul-guro-gu-post-construction-cleaning/,서울 구로구 준공청소,12
서울 구로구 준공청소 전문업체,seoul-guro-gu-post-construction-cleaning-company,PASS,100,,서울 구로구 준공청소 전문업체 | 체인지클린,서울 구로구 준공청소를 알아보는 분을 위한 안내입니다. 서울 구로구 준공청소 전문업체 작업 전 확인사항부터 마무리 점검까지 자세히 정리했습니다.,https://clever-griffin-93819d.netlify.app/seoul-guro-gu-post-construction-cleaning-company/,서울 구로구 준공청소 전문업체,12
서울 구로구 준공청소 잘하는곳,seoul-guro-gu-post-construction-cleaning-best,PASS,100,,서울 구로구 준공청소 잘하는곳 - 청소 작업 안내,서울 구로구 준공청소를 알아보는 분을 위한 안내입니다. 서울 구로구 준공청소 잘하는곳 작업 전 확인사항부터 마무리 점검까지 자세히 정리했습니다.,https://clever-griffin-93819d.netlify.app/seoul-guro-gu-post-construction-cleaning-best/,서울 구로구 준공청소 잘하는곳,12
서울 구로구 준공청소 가격,seoul-guro-gu-post-construction-cleaning-price,PASS,100,,서울 구로구 준공청소 가격 | 체인지클린,"서울 구로구 준공청소 가격 작업 범위와 준비사항, 진행 순서, 확인 항목을 정리했습니다. 서울 구로구 준공청소 현장에 맞춰 필요한 청소 내용을 확인해보세요.",https://clever-griffin-93819d.netlify.app/seoul-guro-gu-post-construction-cleaning-price/,서울 구로구 준공청소 가격,12
서울 구로구 준공청소 비용,seoul-guro-gu-post-construction-cleaning-cost,PASS,100,,서울 구로구 준공청소 비용 | 현장별 청소 정보,서울 구로구 준공청소 비용 관련 청소 과정과 체크포인트를 안내합니다. 공간 상태와 오염 범위를 확인한 뒤 현장에 맞는 작업을 진행합니다.,https://clever-griffin-93819d.netlify.app/seoul-guro-gu-post-construction-cleaning-cost/,서울 구로구 준공청소 비용,12
서울 구로구 준공청소 견적,seoul-guro-gu-post-construction-cleaning-quote,PASS,100,,서울 구로구 준공청소 견적 | 현장별 청소 정보,서울 구로구 준공청소 견적 관련 청소 과정과 체크포인트를 안내합니다. 공간 상태와 오염 범위를 확인한 뒤 현장에 맞는 작업을 진행합니다.,https://clever-griffin-93819d.netlify.app/seoul-guro-gu-post-construction-cleaning-quote/,서울 구로구 준공청소 견적,12
서울 구로구 상가청소,seoul-guro-gu-store-cleaning,CHECK,96,title 길이 확인,서울 구로구 상가청소 | 체인지클린,서울 구로구 상가청소 관련 청소 과정과 체크포인트를 안내합니다. 공간 상태와 오염 범위를 확인한 뒤 현장에 맞는 작업을 진행합니다.,https://clever-griffin-93819d.netlify.app/seoul-guro-gu-store-cleaning/,서울 구로구 상가청소,12
서울 구로구 상가청소 전문업체,seoul-guro-gu-store-cleaning-company,PASS,100,,서울 구로구 상가청소 전문업체 - 청소 작업 안내,"서울 구로구 상가청소 전문업체 작업 범위와 준비사항, 진행 순서, 확인 항목을 정리했습니다. 서울 구로구 상가청소 현장에 맞춰 필요한 청소 내용을 확인해보세요.",https://clever-griffin-93819d.netlify.app/seoul-guro-gu-store-cleaning-company/,서울 구로구 상가청소 전문업체,12
서울 구로구 상가청소 잘하는곳,seoul-guro-gu-store-cleaning-best,PASS,100,,서울 구로구 상가청소 잘하는곳 | 체인지클린,"서울 구로구 상가청소 잘하는곳 작업 범위와 준비사항, 진행 순서, 확인 항목을 정리했습니다. 서울 구로구 상가청소 현장에 맞춰 필요한 청소 내용을 확인해보세요.",https://clever-griffin-93819d.netlify.app/seoul-guro-gu-store-cleaning-best/,서울 구로구 상가청소 잘하는곳,12
서울 구로구 상가청소 가격,seoul-guro-gu-store-cleaning-price,PASS,100,,서울 구로구 상가청소 가격 - 청소 작업 안내,"서울 구로구 상가청소 가격 작업 범위와 준비사항, 진행 순서, 확인 항목을 정리했습니다. 서울 구로구 상가청소 현장에 맞춰 필요한 청소 내용을 확인해보세요.",https://clever-griffin-93819d.netlify.app/seoul-guro-gu-store-cleaning-price/,서울 구로구 상가청소 가격,12
서울 구로구 상가청소 비용,seoul-guro-gu-store-cleaning-cost,PASS,100,,서울 구로구 상가청소 비용 | 체인지클린,서울 구로구 상가청소를 알아보는 분을 위한 안내입니다. 서울 구로구 상가청소 비용 작업 전 확인사항부터 마무리 점검까지 자세히 정리했습니다.,https://clever-griffin-93819d.netlify.app/seoul-guro-gu-store-cleaning-cost/,서울 구로구 상가청소 비용,12
서울 구로구 상가청소 견적,seoul-guro-gu-store-cleaning-quote,PASS,100,,서울 구로구 상가청소 견적 | 현장별 청소 정보,서울 구로구 상가청소 견적 관련 청소 과정과 체크포인트를 안내합니다. 공간 상태와 오염 범위를 확인한 뒤 현장에 맞는 작업을 진행합니다.,https://clever-griffin-93819d.netlify.app/seoul-guro-gu-store-cleaning-quote/,서울 구로구 상가청소 견적,12
서울 구로구 사무실청소,seoul-guro-gu-office-cleaning,PASS,100,,서울 구로구 사무실청소 | 현장별 청소 정보,서울 구로구 사무실청소를 알아보는 분을 위한 안내입니다. 서울 구로구 사무실청소 작업 전 확인사항부터 마무리 점검까지 자세히 정리했습니다.,https://clever-griffin-93819d.netlify.app/seoul-guro-gu-office-cleaning/,서울 구로구 사무실청소,12
서울 구로구 사무실청소 전문업체,seoul-guro-gu-office-cleaning-company,PASS,100,,서울 구로구 사무실청소 전문업체 | 현장별 청소 정보,서울 구로구 사무실청소를 알아보는 분을 위한 안내입니다. 서울 구로구 사무실청소 전문업체 작업 전 확인사항부터 마무리 점검까지 자세히 정리했습니다.,https://clever-griffin-93819d.netlify.app/seoul-guro-gu-office-cleaning-company/,서울 구로구 사무실청소 전문업체,12
서울 구로구 사무실청소 잘하는곳,seoul-guro-gu-office-cleaning-best,PASS,100,,서울 구로구 사무실청소 잘하는곳 | 현장별 청소 정보,서울 구로구 사무실청소 잘하는곳 관련 청소 과정과 체크포인트를 안내합니다. 공간 상태와 오염 범위를 확인한 뒤 현장에 맞는 작업을 진행합니다.,https://clever-griffin-93819d.netlify.app/seoul-guro-gu-office-cleaning-best/,서울 구로구 사무실청소 잘하는곳,12
서울 구로구 사무실청소 가격,seoul-guro-gu-office-cleaning-price,PASS,100,,서울 구로구 사무실청소 가격 | 체인지클린,"서울 구로구 사무실청소 가격 작업 범위와 준비사항, 진행 순서, 확인 항목을 정리했습니다. 서울 구로구 사무실청소 현장에 맞춰 필요한 청소 내용을 확인해보세요.",https://clever-griffin-93819d.netlify.app/seoul-guro-gu-office-cleaning-price/,서울 구로구 사무실청소 가격,12
서울 구로구 사무실청소 비용,seoul-guro-gu-office-cleaning-cost,PASS,100,,서울 구로구 사무실청소 비용 | 현장별 청소 정보,서울 구로구 사무실청소 비용 관련 청소 과정과 체크포인트를 안내합니다. 공간 상태와 오염 범위를 확인한 뒤 현장에 맞는 작업을 진행합니다.,https://clever-griffin-93819d.netlify.app/seoul-guro-gu-office-cleaning-cost/,서울 구로구 사무실청소 비용,12
서울 구로구 사무실청소 견적,seoul-guro-gu-office-cleaning-quote,PASS,100,,서울 구로구 사무실청소 견적 | 체인지클린,서울 구로구 사무실청소를 알아보는 분을 위한 안내입니다. 서울 구로구 사무실청소 견적 작업 전 확인사항부터 마무리 점검까지 자세히 정리했습니다.,https://clever-griffin-93819d.netlify.app/seoul-guro-gu-office-cleaning-quote/,서울 구로구 사무실청소 견적,12
서울 구로구 빌라청소,seoul-guro-gu-villa-cleaning,CHECK,96,title 길이 확인,서울 구로구 빌라청소 | 체인지클린,서울 구로구 빌라청소를 알아보는 분을 위한 안내입니다. 서울 구로구 빌라청소 작업 전 확인사항부터 마무리 점검까지 자세히 정리했습니다.,https://clever-griffin-93819d.netlify.app/seoul-guro-gu-villa-cleaning/,서울 구로구 빌라청소,12
서울 구로구 빌라청소 전문업체,seoul-guro-gu-villa-cleaning-company,PASS,100,,서울 구로구 빌라청소 전문업체 | 체인지클린,서울 구로구 빌라청소를 알아보는 분을 위한 안내입니다. 서울 구로구 빌라청소 전문업체 작업 전 확인사항부터 마무리 점검까지 자세히 정리했습니다.,https://clever-griffin-93819d.netlify.app/seoul-guro-gu-villa-cleaning-company/,서울 구로구 빌라청소 전문업체,12
서울 구로구 빌라청소 잘하는곳,seoul-guro-gu-villa-cleaning-best,PASS,100,,서울 구로구 빌라청소 잘하는곳 | 현장별 청소 정보,서울 구로구 빌라청소 잘하는곳 관련 청소 과정과 체크포인트를 안내합니다. 공간 상태와 오염 범위를 확인한 뒤 현장에 맞는 작업을 진행합니다.,https://clever-griffin-93819d.netlify.app/seoul-guro-gu-villa-cleaning-best/,서울 구로구 빌라청소 잘하는곳,12
서울 구로구 빌라청소 가격,seoul-guro-gu-villa-cleaning-price,PASS,100,,서울 구로구 빌라청소 가격 | 현장별 청소 정보,서울 구로구 빌라청소를 알아보는 분을 위한 안내입니다. 서울 구로구 빌라청소 가격 작업 전 확인사항부터 마무리 점검까지 자세히 정리했습니다.,https://clever-griffin-93819d.netlify.app/seoul-guro-gu-villa-cleaning-price/,서울 구로구 빌라청소 가격,12
서울 구로구 빌라청소 비용,seoul-guro-gu-villa-cleaning-cost,PASS,100,,서울 구로구 빌라청소 비용 | 현장별 청소 정보,"서울 구로구 빌라청소 비용 작업 범위와 준비사항, 진행 순서, 확인 항목을 정리했습니다. 서울 구로구 빌라청소 현장에 맞춰 필요한 청소 내용을 확인해보세요.",https://clever-griffin-93819d.netlify.app/seoul-guro-gu-villa-cleaning-cost/,서울 구로구 빌라청소 비용,12
서울 구로구 빌라청소 견적,seoul-guro-gu-villa-cleaning-quote,PASS,100,,서울 구로구 빌라청소 견적 - 청소 작업 안내,서울 구로구 빌라청소를 알아보는 분을 위한 안내입니다. 서울 구로구 빌라청소 견적 작업 전 확인사항부터 마무리 점검까지 자세히 정리했습니다.,https://clever-griffin-93819d.netlify.app/seoul-guro-gu-villa-cleaning-quote/,서울 구로구 빌라청소 견적,12
서울 구로구 아파트청소,seoul-guro-gu-apartment-cleaning,PASS,100,,서울 구로구 아파트청소 - 청소 작업 안내,"서울 구로구 아파트청소 작업 범위와 준비사항, 진행 순서, 확인 항목을 정리했습니다. 서울 구로구 아파트청소 현장에 맞춰 필요한 청소 내용을 확인해보세요.",https://clever-griffin-93819d.netlify.app/seoul-guro-gu-apartment-cleaning/,서울 구로구 아파트청소,12
서울 구로구 아파트청소 전문업체,seoul-guro-gu-apartment-cleaning-company,PASS,100,,서울 구로구 아파트청소 전문업체 | 현장별 청소 정보,"서울 구로구 아파트청소 전문업체 작업 범위와 준비사항, 진행 순서, 확인 항목을 정리했습니다. 서울 구로구 아파트청소 현장에 맞춰 필요한 청소 내용을 확인해보세요.",https://clever-griffin-93819d.netlify.app/seoul-guro-gu-apartment-cleaning-company/,서울 구로구 아파트청소 전문업체,12
서울 구로구 아파트청소 잘하는곳,seoul-guro-gu-apartment-cleaning-best,PASS,100,,서울 구로구 아파트청소 잘하는곳 | 현장별 청소 정보,서울 구로구 아파트청소를 알아보는 분을 위한 안내입니다. 서울 구로구 아파트청소 잘하는곳 작업 전 확인사항부터 마무리 점검까지 자세히 정리했습니다.,https://clever-griffin-93819d.netlify.app/seoul-guro-gu-apartment-cleaning-best/,서울 구로구 아파트청소 잘하는곳,12
서울 구로구 아파트청소 가격,seoul-guro-gu-apartment-cleaning-price,PASS,100,,서울 구로구 아파트청소 가격 | 체인지클린,서울 구로구 아파트청소 가격 관련 청소 과정과 체크포인트를 안내합니다. 공간 상태와 오염 범위를 확인한 뒤 현장에 맞는 작업을 진행합니다.,https://clever-griffin-93819d.netlify.app/seoul-guro-gu-apartment-cleaning-price/,서울 구로구 아파트청소 가격,12
서울 구로구 아파트청소 비용,seoul-guro-gu-apartment-cleaning-cost,PASS,100,,서울 구로구 아파트청소 비용 - 청소 작업 안내,서울 구로구 아파트청소를 알아보는 분을 위한 안내입니다. 서울 구로구 아파트청소 비용 작업 전 확인사항부터 마무리 점검까지 자세히 정리했습니다.,https://clever-griffin-93819d.netlify.app/seoul-guro-gu-apartment-cleaning-cost/,서울 구로구 아파트청소 비용,12
서울 구로구 아파트청소 견적,seoul-guro-gu-apartment-cleaning-quote,PASS,100,,서울 구로구 아파트청소 견적 | 현장별 청소 정보,"서울 구로구 아파트청소 견적 작업 범위와 준비사항, 진행 순서, 확인 항목을 정리했습니다. 서울 구로구 아파트청소 현장에 맞춰 필요한 청소 내용을 확인해보세요.",https://clever-griffin-93819d.netlify.app/seoul-guro-gu-apartment-cleaning-quote/,서울 구로구 아파트청소 견적,12
서울 구로구 오피스텔청소,seoul-guro-gu-officetel-cleaning,PASS,100,,서울 구로구 오피스텔청소 | 현장별 청소 정보,"서울 구로구 오피스텔청소 작업 범위와 준비사항, 진행 순서, 확인 항목을 정리했습니다. 서울 구로구 오피스텔청소 현장에 맞춰 필요한 청소 내용을 확인해보세요.",https://clever-griffin-93819d.netlify.app/seoul-guro-gu-officetel-cleaning/,서울 구로구 오피스텔청소,12
서울 구로구 오피스텔청소 전문업체,seoul-guro-gu-officetel-cleaning-company,PASS,100,,서울 구로구 오피스텔청소 전문업체 | 현장별 청소 정보,"서울 구로구 오피스텔청소 전문업체 작업 범위와 준비사항, 진행 순서, 확인 항목을 정리했습니다. 서울 구로구 오피스텔청소 현장에 맞춰 필요한 청소 내용을 확인해보세요.",https://clever-griffin-93819d.netlify.app/seoul-guro-gu-officetel-cleaning-company/,서울 구로구 오피스텔청소 전문업체,12
서울 구로구 오피스텔청소 잘하는곳,seoul-guro-gu-officetel-cleaning-best,PASS,100,,서울 구로구 오피스텔청소 잘하는곳 - 청소 작업 안내,"서울 구로구 오피스텔청소 잘하는곳 작업 범위와 준비사항, 진행 순서, 확인 항목을 정리했습니다. 서울 구로구 오피스텔청소 현장에 맞춰 필요한 청소 내용을 확인해보세요.",https://clever-griffin-93819d.netlify.app/seoul-guro-gu-officetel-cleaning-best/,서울 구로구 오피스텔청소 잘하는곳,12
서울 구로구 오피스텔청소 가격,seoul-guro-gu-officetel-cleaning-price,PASS,100,,서울 구로구 오피스텔청소 가격 | 현장별 청소 정보,서울 구로구 오피스텔청소를 알아보는 분을 위한 안내입니다. 서울 구로구 오피스텔청소 가격 작업 전 확인사항부터 마무리 점검까지 자세히 정리했습니다.,https://clever-griffin-93819d.netlify.app/seoul-guro-gu-officetel-cleaning-price/,서울 구로구 오피스텔청소 가격,12
서울 구로구 오피스텔청소 비용,seoul-guro-gu-officetel-cleaning-cost,PASS,100,,서울 구로구 오피스텔청소 비용 | 현장별 청소 정보,"서울 구로구 오피스텔청소 비용 작업 범위와 준비사항, 진행 순서, 확인 항목을 정리했습니다. 서울 구로구 오피스텔청소 현장에 맞춰 필요한 청소 내용을 확인해보세요.",https://clever-griffin-93819d.netlify.app/seoul-guro-gu-officetel-cleaning-cost/,서울 구로구 오피스텔청소 비용,12
서울 구로구 오피스텔청소 견적,seoul-guro-gu-officetel-cleaning-quote,PASS,100,,서울 구로구 오피스텔청소 견적 | 체인지클린,"서울 구로구 오피스텔청소 견적 작업 범위와 준비사항, 진행 순서, 확인 항목을 정리했습니다. 서울 구로구 오피스텔청소 현장에 맞춰 필요한 청소 내용을 확인해보세요.",https://clever-griffin-93819d.netlify.app/seoul-guro-gu-officetel-cleaning-quote/,서울 구로구 오피스텔청소 견적,12
서울 구로구 거주청소,seoul-guro-gu-home-cleaning,PASS,100,,서울 구로구 거주청소 - 청소 작업 안내,서울 구로구 거주청소 관련 청소 과정과 체크포인트를 안내합니다. 공간 상태와 오염 범위를 확인한 뒤 현장에 맞는 작업을 진행합니다.,https://clever-griffin-93819d.netlify.app/seoul-guro-gu-home-cleaning/,서울 구로구 거주청소,12
서울 구로구 거주청소 전문업체,seoul-guro-gu-home-cleaning-company,PASS,100,,서울 구로구 거주청소 전문업체 | 체인지클린,"서울 구로구 거주청소 전문업체 작업 범위와 준비사항, 진행 순서, 확인 항목을 정리했습니다. 서울 구로구 거주청소 현장에 맞춰 필요한 청소 내용을 확인해보세요.",https://clever-griffin-93819d.netlify.app/seoul-guro-gu-home-cleaning-company/,서울 구로구 거주청소 전문업체,12
서울 구로구 거주청소 잘하는곳,seoul-guro-gu-home-cleaning-best,PASS,100,,서울 구로구 거주청소 잘하는곳 - 청소 작업 안내,서울 구로구 거주청소 잘하는곳 관련 청소 과정과 체크포인트를 안내합니다. 공간 상태와 오염 범위를 확인한 뒤 현장에 맞는 작업을 진행합니다.,https://clever-griffin-93819d.netlify.app/seoul-guro-gu-home-cleaning-best/,서울 구로구 거주청소 잘하는곳,12
서울 구로구 거주청소 가격,seoul-guro-gu-home-cleaning-price,PASS,100,,서울 구로구 거주청소 가격 | 현장별 청소 정보,"서울 구로구 거주청소 가격 작업 범위와 준비사항, 진행 순서, 확인 항목을 정리했습니다. 서울 구로구 거주청소 현장에 맞춰 필요한 청소 내용을 확인해보세요.",https://clever-griffin-93819d.netlify.app/seoul-guro-gu-home-cleaning-price/,서울 구로구 거주청소 가격,12
서울 구로구 거주청소 비용,seoul-guro-gu-home-cleaning-cost,PASS,100,,서울 구로구 거주청소 비용 - 청소 작업 안내,"서울 구로구 거주청소 비용 작업 범위와 준비사항, 진행 순서, 확인 항목을 정리했습니다. 서울 구로구 거주청소 현장에 맞춰 필요한 청소 내용을 확인해보세요.",https://clever-griffin-93819d.netlify.app/seoul-guro-gu-home-cleaning-cost/,서울 구로구 거주청소 비용,12
서울 구로구 거주청소 견적,seoul-guro-gu-home-cleaning-quote,PASS,100,,서울 구로구 거주청소 견적 | 체인지클린,"서울 구로구 거주청소 견적 작업 범위와 준비사항, 진행 순서, 확인 항목을 정리했습니다. 서울 구로구 거주청소 현장에 맞춰 필요한 청소 내용을 확인해보세요.",https://clever-griffin-93819d.netlify.app/seoul-guro-gu-home-cleaning-quote/,서울 구로구 거주청소 견적,12
서울 금천구 입주청소,seoul-geumcheon-gu-move-in-cleaning,PASS,100,,서울 금천구 입주청소 | 현장별 청소 정보,"서울 금천구 입주청소 작업 범위와 준비사항, 진행 순서, 확인 항목을 정리했습니다. 서울 금천구 입주청소 현장에 맞춰 필요한 청소 내용을 확인해보세요.",https://clever-griffin-93819d.netlify.app/seoul-geumcheon-gu-move-in-cleaning/,서울 금천구 입주청소,12
서울 금천구 입주청소 전문업체,seoul-geumcheon-gu-move-in-cleaning-company,PASS,100,,서울 금천구 입주청소 전문업체 - 청소 작업 안내,"서울 금천구 입주청소 전문업체 작업 범위와 준비사항, 진행 순서, 확인 항목을 정리했습니다. 서울 금천구 입주청소 현장에 맞춰 필요한 청소 내용을 확인해보세요.",https://clever-griffin-93819d.netlify.app/seoul-geumcheon-gu-move-in-cleaning-company/,서울 금천구 입주청소 전문업체,12
서울 금천구 입주청소 잘하는곳,seoul-geumcheon-gu-move-in-cleaning-best,PASS,100,,서울 금천구 입주청소 잘하는곳 | 체인지클린,서울 금천구 입주청소 잘하는곳 관련 청소 과정과 체크포인트를 안내합니다. 공간 상태와 오염 범위를 확인한 뒤 현장에 맞는 작업을 진행합니다.,https://clever-griffin-93819d.netlify.app/seoul-geumcheon-gu-move-in-cleaning-best/,서울 금천구 입주청소 잘하는곳,12
서울 금천구 입주청소 가격,seoul-geumcheon-gu-move-in-cleaning-price,PASS,100,,서울 금천구 입주청소 가격 - 청소 작업 안내,서울 금천구 입주청소를 알아보는 분을 위한 안내입니다. 서울 금천구 입주청소 가격 작업 전 확인사항부터 마무리 점검까지 자세히 정리했습니다.,https://clever-griffin-93819d.netlify.app/seoul-geumcheon-gu-move-in-cleaning-price/,서울 금천구 입주청소 가격,12
서울 금천구 입주청소 비용,seoul-geumcheon-gu-move-in-cleaning-cost,PASS,100,,서울 금천구 입주청소 비용 | 현장별 청소 정보,서울 금천구 입주청소 비용 관련 청소 과정과 체크포인트를 안내합니다. 공간 상태와 오염 범위를 확인한 뒤 현장에 맞는 작업을 진행합니다.,https://clever-griffin-93819d.netlify.app/seoul-geumcheon-gu-move-in-cleaning-cost/,서울 금천구 입주청소 비용,12
서울 금천구 입주청소 견적,seoul-geumcheon-gu-move-in-cleaning-quote,PASS,100,,서울 금천구 입주청소 견적 - 청소 작업 안내,서울 금천구 입주청소 견적 관련 청소 과정과 체크포인트를 안내합니다. 공간 상태와 오염 범위를 확인한 뒤 현장에 맞는 작업을 진행합니다.,https://clever-griffin-93819d.netlify.app/seoul-geumcheon-gu-move-in-cleaning-quote/,서울 금천구 입주청소 견적,12
서울 금천구 이사청소,seoul-geumcheon-gu-move-out-cleaning,PASS,100,,서울 금천구 이사청소 | 현장별 청소 정보,서울 금천구 이사청소를 알아보는 분을 위한 안내입니다. 서울 금천구 이사청소 작업 전 확인사항부터 마무리 점검까지 자세히 정리했습니다.,https://clever-griffin-93819d.netlify.app/seoul-geumcheon-gu-move-out-cleaning/,서울 금천구 이사청소,12
서울 금천구 이사청소 전문업체,seoul-geumcheon-gu-move-out-cleaning-company,PASS,100,,서울 금천구 이사청소 전문업체 | 체인지클린,서울 금천구 이사청소 전문업체 관련 청소 과정과 체크포인트를 안내합니다. 공간 상태와 오염 범위를 확인한 뒤 현장에 맞는 작업을 진행합니다.,https://clever-griffin-93819d.netlify.app/seoul-geumcheon-gu-move-out-cleaning-company/,서울 금천구 이사청소 전문업체,12
서울 금천구 이사청소 잘하는곳,seoul-geumcheon-gu-move-out-cleaning-best,PASS,100,,서울 금천구 이사청소 잘하는곳 - 청소 작업 안내,"서울 금천구 이사청소 잘하는곳 작업 범위와 준비사항, 진행 순서, 확인 항목을 정리했습니다. 서울 금천구 이사청소 현장에 맞춰 필요한 청소 내용을 확인해보세요.",https://clever-griffin-93819d.netlify.app/seoul-geumcheon-gu-move-out-cleaning-best/,서울 금천구 이사청소 잘하는곳,12
서울 금천구 이사청소 가격,seoul-geumcheon-gu-move-out-cleaning-price,PASS,100,,서울 금천구 이사청소 가격 - 청소 작업 안내,서울 금천구 이사청소 가격 관련 청소 과정과 체크포인트를 안내합니다. 공간 상태와 오염 범위를 확인한 뒤 현장에 맞는 작업을 진행합니다.,https://clever-griffin-93819d.netlify.app/seoul-geumcheon-gu-move-out-cleaning-price/,서울 금천구 이사청소 가격,12
서울 금천구 이사청소 비용,seoul-geumcheon-gu-move-out-cleaning-cost,PASS,100,,서울 금천구 이사청소 비용 | 현장별 청소 정보,서울 금천구 이사청소 비용 관련 청소 과정과 체크포인트를 안내합니다. 공간 상태와 오염 범위를 확인한 뒤 현장에 맞는 작업을 진행합니다.,https://clever-griffin-93819d.netlify.app/seoul-geumcheon-gu-move-out-cleaning-cost/,서울 금천구 이사청소 비용,12
서울 금천구 이사청소 견적,seoul-geumcheon-gu-move-out-cleaning-quote,PASS,100,,서울 금천구 이사청소 견적 - 청소 작업 안내,"서울 금천구 이사청소 견적 작업 범위와 준비사항, 진행 순서, 확인 항목을 정리했습니다. 서울 금천구 이사청소 현장에 맞춰 필요한 청소 내용을 확인해보세요.",https://clever-griffin-93819d.netlify.app/seoul-geumcheon-gu-move-out-cleaning-quote/,서울 금천구 이사청소 견적,12
서울 금천구 준공청소,seoul-geumcheon-gu-post-construction-cleaning,CHECK,96,title 길이 확인,서울 금천구 준공청소 | 체인지클린,"서울 금천구 준공청소 작업 범위와 준비사항, 진행 순서, 확인 항목을 정리했습니다. 서울 금천구 준공청소 현장에 맞춰 필요한 청소 내용을 확인해보세요.",https://clever-griffin-93819d.netlify.app/seoul-geumcheon-gu-post-construction-cleaning/,서울 금천구 준공청소,12
서울 금천구 준공청소 전문업체,seoul-geumcheon-gu-post-construction-cleaning-company,PASS,100,,서울 금천구 준공청소 전문업체 - 청소 작업 안내,서울 금천구 준공청소를 알아보는 분을 위한 안내입니다. 서울 금천구 준공청소 전문업체 작업 전 확인사항부터 마무리 점검까지 자세히 정리했습니다.,https://clever-griffin-93819d.netlify.app/seoul-geumcheon-gu-post-construction-cleaning-company/,서울 금천구 준공청소 전문업체,12
서울 금천구 준공청소 잘하는곳,seoul-geumcheon-gu-post-construction-cleaning-best,PASS,100,,서울 금천구 준공청소 잘하는곳 | 현장별 청소 정보,"서울 금천구 준공청소 잘하는곳 작업 범위와 준비사항, 진행 순서, 확인 항목을 정리했습니다. 서울 금천구 준공청소 현장에 맞춰 필요한 청소 내용을 확인해보세요.",https://clever-griffin-93819d.netlify.app/seoul-geumcheon-gu-post-construction-cleaning-best/,서울 금천구 준공청소 잘하는곳,12
서울 금천구 준공청소 가격,seoul-geumcheon-gu-post-construction-cleaning-price,PASS,100,,서울 금천구 준공청소 가격 | 체인지클린,"서울 금천구 준공청소 가격 작업 범위와 준비사항, 진행 순서, 확인 항목을 정리했습니다. 서울 금천구 준공청소 현장에 맞춰 필요한 청소 내용을 확인해보세요.",https://clever-griffin-93819d.netlify.app/seoul-geumcheon-gu-post-construction-cleaning-price/,서울 금천구 준공청소 가격,12
서울 금천구 준공청소 비용,seoul-geumcheon-gu-post-construction-cleaning-cost,PASS,100,,서울 금천구 준공청소 비용 | 체인지클린,"서울 금천구 준공청소 비용 작업 범위와 준비사항, 진행 순서, 확인 항목을 정리했습니다. 서울 금천구 준공청소 현장에 맞춰 필요한 청소 내용을 확인해보세요.",https://clever-griffin-93819d.netlify.app/seoul-geumcheon-gu-post-construction-cleaning-cost/,서울 금천구 준공청소 비용,12
서울 금천구 준공청소 견적,seoul-geumcheon-gu-post-construction-cleaning-quote,PASS,100,,서울 금천구 준공청소 견적 - 청소 작업 안내,서울 금천구 준공청소를 알아보는 분을 위한 안내입니다. 서울 금천구 준공청소 견적 작업 전 확인사항부터 마무리 점검까지 자세히 정리했습니다.,https://clever-griffin-93819d.netlify.app/seoul-geumcheon-gu-post-construction-cleaning-quote/,서울 금천구 준공청소 견적,12
서울 금천구 상가청소,seoul-geumcheon-gu-store-cleaning,PASS,100,,서울 금천구 상가청소 | 현장별 청소 정보,서울 금천구 상가청소를 알아보는 분을 위한 안내입니다. 서울 금천구 상가청소 작업 전 확인사항부터 마무리 점검까지 자세히 정리했습니다.,https://clever-griffin-93819d.netlify.app/seoul-geumcheon-gu-store-cleaning/,서울 금천구 상가청소,12
서울 금천구 상가청소 전문업체,seoul-geumcheon-gu-store-cleaning-company,PASS,100,,서울 금천구 상가청소 전문업체 | 체인지클린,서울 금천구 상가청소 전문업체 관련 청소 과정과 체크포인트를 안내합니다. 공간 상태와 오염 범위를 확인한 뒤 현장에 맞는 작업을 진행합니다.,https://clever-griffin-93819d.netlify.app/seoul-geumcheon-gu-store-cleaning-company/,서울 금천구 상가청소 전문업체,12
서울 금천구 상가청소 잘하는곳,seoul-geumcheon-gu-store-cleaning-best,PASS,100,,서울 금천구 상가청소 잘하는곳 | 체인지클린,"서울 금천구 상가청소 잘하는곳 작업 범위와 준비사항, 진행 순서, 확인 항목을 정리했습니다. 서울 금천구 상가청소 현장에 맞춰 필요한 청소 내용을 확인해보세요.",https://clever-griffin-93819d.netlify.app/seoul-geumcheon-gu-store-cleaning-best/,서울 금천구 상가청소 잘하는곳,12
서울 금천구 상가청소 가격,seoul-geumcheon-gu-store-cleaning-price,PASS,100,,서울 금천구 상가청소 가격 | 체인지클린,"서울 금천구 상가청소 가격 작업 범위와 준비사항, 진행 순서, 확인 항목을 정리했습니다. 서울 금천구 상가청소 현장에 맞춰 필요한 청소 내용을 확인해보세요.",https://clever-griffin-93819d.netlify.app/seoul-geumcheon-gu-store-cleaning-price/,서울 금천구 상가청소 가격,12
서울 금천구 상가청소 비용,seoul-geumcheon-gu-store-cleaning-cost,PASS,100,,서울 금천구 상가청소 비용 | 현장별 청소 정보,서울 금천구 상가청소를 알아보는 분을 위한 안내입니다. 서울 금천구 상가청소 비용 작업 전 확인사항부터 마무리 점검까지 자세히 정리했습니다.,https://clever-griffin-93819d.netlify.app/seoul-geumcheon-gu-store-cleaning-cost/,서울 금천구 상가청소 비용,12
서울 금천구 상가청소 견적,seoul-geumcheon-gu-store-cleaning-quote,PASS,100,,서울 금천구 상가청소 견적 | 현장별 청소 정보,서울 금천구 상가청소 견적 관련 청소 과정과 체크포인트를 안내합니다. 공간 상태와 오염 범위를 확인한 뒤 현장에 맞는 작업을 진행합니다.,https://clever-griffin-93819d.netlify.app/seoul-geumcheon-gu-store-cleaning-quote/,서울 금천구 상가청소 견적,12
서울 금천구 사무실청소,seoul-geumcheon-gu-office-cleaning,PASS,100,,서울 금천구 사무실청소 - 청소 작업 안내,서울 금천구 사무실청소를 알아보는 분을 위한 안내입니다. 서울 금천구 사무실청소 작업 전 확인사항부터 마무리 점검까지 자세히 정리했습니다.,https://clever-griffin-93819d.netlify.app/seoul-geumcheon-gu-office-cleaning/,서울 금천구 사무실청소,12
서울 금천구 사무실청소 전문업체,seoul-geumcheon-gu-office-cleaning-company,PASS,100,,서울 금천구 사무실청소 전문업체 - 청소 작업 안내,서울 금천구 사무실청소 전문업체 관련 청소 과정과 체크포인트를 안내합니다. 공간 상태와 오염 범위를 확인한 뒤 현장에 맞는 작업을 진행합니다.,https://clever-griffin-93819d.netlify.app/seoul-geumcheon-gu-office-cleaning-company/,서울 금천구 사무실청소 전문업체,12
서울 금천구 사무실청소 잘하는곳,seoul-geumcheon-gu-office-cleaning-best,PASS,100,,서울 금천구 사무실청소 잘하는곳 | 체인지클린,서울 금천구 사무실청소 잘하는곳 관련 청소 과정과 체크포인트를 안내합니다. 공간 상태와 오염 범위를 확인한 뒤 현장에 맞는 작업을 진행합니다.,https://clever-griffin-93819d.netlify.app/seoul-geumcheon-gu-office-cleaning-best/,서울 금천구 사무실청소 잘하는곳,12
서울 금천구 사무실청소 가격,seoul-geumcheon-gu-office-cleaning-price,PASS,100,,서울 금천구 사무실청소 가격 | 체인지클린,"서울 금천구 사무실청소 가격 작업 범위와 준비사항, 진행 순서, 확인 항목을 정리했습니다. 서울 금천구 사무실청소 현장에 맞춰 필요한 청소 내용을 확인해보세요.",https://clever-griffin-93819d.netlify.app/seoul-geumcheon-gu-office-cleaning-price/,서울 금천구 사무실청소 가격,12
서울 금천구 사무실청소 비용,seoul-geumcheon-gu-office-cleaning-cost,PASS,100,,서울 금천구 사무실청소 비용 | 체인지클린,"서울 금천구 사무실청소 비용 작업 범위와 준비사항, 진행 순서, 확인 항목을 정리했습니다. 서울 금천구 사무실청소 현장에 맞춰 필요한 청소 내용을 확인해보세요.",https://clever-griffin-93819d.netlify.app/seoul-geumcheon-gu-office-cleaning-cost/,서울 금천구 사무실청소 비용,12
서울 금천구 사무실청소 견적,seoul-geumcheon-gu-office-cleaning-quote,PASS,100,,서울 금천구 사무실청소 견적 | 체인지클린,"서울 금천구 사무실청소 견적 작업 범위와 준비사항, 진행 순서, 확인 항목을 정리했습니다. 서울 금천구 사무실청소 현장에 맞춰 필요한 청소 내용을 확인해보세요.",https://clever-griffin-93819d.netlify.app/seoul-geumcheon-gu-office-cleaning-quote/,서울 금천구 사무실청소 견적,12
서울 금천구 빌라청소,seoul-geumcheon-gu-villa-cleaning,PASS,100,,서울 금천구 빌라청소 | 현장별 청소 정보,"서울 금천구 빌라청소 작업 범위와 준비사항, 진행 순서, 확인 항목을 정리했습니다. 서울 금천구 빌라청소 현장에 맞춰 필요한 청소 내용을 확인해보세요.",https://clever-griffin-93819d.netlify.app/seoul-geumcheon-gu-villa-cleaning/,서울 금천구 빌라청소,12
서울 금천구 빌라청소 전문업체,seoul-geumcheon-gu-villa-cleaning-company,PASS,100,,서울 금천구 빌라청소 전문업체 | 체인지클린,서울 금천구 빌라청소 전문업체 관련 청소 과정과 체크포인트를 안내합니다. 공간 상태와 오염 범위를 확인한 뒤 현장에 맞는 작업을 진행합니다.,https://clever-griffin-93819d.netlify.app/seoul-geumcheon-gu-villa-cleaning-company/,서울 금천구 빌라청소 전문업체,12
서울 금천구 빌라청소 잘하는곳,seoul-geumcheon-gu-villa-cleaning-best,PASS,100,,서울 금천구 빌라청소 잘하는곳 - 청소 작업 안내,서울 금천구 빌라청소 잘하는곳 관련 청소 과정과 체크포인트를 안내합니다. 공간 상태와 오염 범위를 확인한 뒤 현장에 맞는 작업을 진행합니다.,https://clever-griffin-93819d.netlify.app/seoul-geumcheon-gu-villa-cleaning-best/,서울 금천구 빌라청소 잘하는곳,12
서울 금천구 빌라청소 가격,seoul-geumcheon-gu-villa-cleaning-price,PASS,100,,서울 금천구 빌라청소 가격 | 체인지클린,서울 금천구 빌라청소 가격 관련 청소 과정과 체크포인트를 안내합니다. 공간 상태와 오염 범위를 확인한 뒤 현장에 맞는 작업을 진행합니다.,https://clever-griffin-93819d.netlify.app/seoul-geumcheon-gu-villa-cleaning-price/,서울 금천구 빌라청소 가격,12
서울 금천구 빌라청소 비용,seoul-geumcheon-gu-villa-cleaning-cost,PASS,100,,서울 금천구 빌라청소 비용 | 체인지클린,"서울 금천구 빌라청소 비용 작업 범위와 준비사항, 진행 순서, 확인 항목을 정리했습니다. 서울 금천구 빌라청소 현장에 맞춰 필요한 청소 내용을 확인해보세요.",https://clever-griffin-93819d.netlify.app/seoul-geumcheon-gu-villa-cleaning-cost/,서울 금천구 빌라청소 비용,12
서울 금천구 빌라청소 견적,seoul-geumcheon-gu-villa-cleaning-quote,PASS,100,,서울 금천구 빌라청소 견적 | 현장별 청소 정보,서울 금천구 빌라청소 견적 관련 청소 과정과 체크포인트를 안내합니다. 공간 상태와 오염 범위를 확인한 뒤 현장에 맞는 작업을 진행합니다.,https://clever-griffin-93819d.netlify.app/seoul-geumcheon-gu-villa-cleaning-quote/,서울 금천구 빌라청소 견적,12
서울 금천구 아파트청소,seoul-geumcheon-gu-apartment-cleaning,PASS,100,,서울 금천구 아파트청소 | 체인지클린,서울 금천구 아파트청소 관련 청소 과정과 체크포인트를 안내합니다. 공간 상태와 오염 범위를 확인한 뒤 현장에 맞는 작업을 진행합니다.,https://clever-griffin-93819d.netlify.app/seoul-geumcheon-gu-apartment-cleaning/,서울 금천구 아파트청소,12
서울 금천구 아파트청소 전문업체,seoul-geumcheon-gu-apartment-cleaning-company,PASS,100,,서울 금천구 아파트청소 전문업체 - 청소 작업 안내,"서울 금천구 아파트청소 전문업체 작업 범위와 준비사항, 진행 순서, 확인 항목을 정리했습니다. 서울 금천구 아파트청소 현장에 맞춰 필요한 청소 내용을 확인해보세요.",https://clever-griffin-93819d.netlify.app/seoul-geumcheon-gu-apartment-cleaning-company/,서울 금천구 아파트청소 전문업체,12
서울 금천구 아파트청소 잘하는곳,seoul-geumcheon-gu-apartment-cleaning-best,PASS,100,,서울 금천구 아파트청소 잘하는곳 | 체인지클린,"서울 금천구 아파트청소 잘하는곳 작업 범위와 준비사항, 진행 순서, 확인 항목을 정리했습니다. 서울 금천구 아파트청소 현장에 맞춰 필요한 청소 내용을 확인해보세요.",https://clever-griffin-93819d.netlify.app/seoul-geumcheon-gu-apartment-cleaning-best/,서울 금천구 아파트청소 잘하는곳,12
서울 금천구 아파트청소 가격,seoul-geumcheon-gu-apartment-cleaning-price,PASS,100,,서울 금천구 아파트청소 가격 | 체인지클린,서울 금천구 아파트청소를 알아보는 분을 위한 안내입니다. 서울 금천구 아파트청소 가격 작업 전 확인사항부터 마무리 점검까지 자세히 정리했습니다.,https://clever-griffin-93819d.netlify.app/seoul-geumcheon-gu-apartment-cleaning-price/,서울 금천구 아파트청소 가격,12
서울 금천구 아파트청소 비용,seoul-geumcheon-gu-apartment-cleaning-cost,PASS,100,,서울 금천구 아파트청소 비용 | 체인지클린,서울 금천구 아파트청소를 알아보는 분을 위한 안내입니다. 서울 금천구 아파트청소 비용 작업 전 확인사항부터 마무리 점검까지 자세히 정리했습니다.,https://clever-griffin-93819d.netlify.app/seoul-geumcheon-gu-apartment-cleaning-cost/,서울 금천구 아파트청소 비용,12
서울 금천구 아파트청소 견적,seoul-geumcheon-gu-apartment-cleaning-quote,PASS,100,,서울 금천구 아파트청소 견적 - 청소 작업 안내,서울 금천구 아파트청소 견적 관련 청소 과정과 체크포인트를 안내합니다. 공간 상태와 오염 범위를 확인한 뒤 현장에 맞는 작업을 진행합니다.,https://clever-griffin-93819d.netlify.app/seoul-geumcheon-gu-apartment-cleaning-quote/,서울 금천구 아파트청소 견적,12
서울 금천구 오피스텔청소,seoul-geumcheon-gu-officetel-cleaning,PASS,100,,서울 금천구 오피스텔청소 | 현장별 청소 정보,"서울 금천구 오피스텔청소 작업 범위와 준비사항, 진행 순서, 확인 항목을 정리했습니다. 서울 금천구 오피스텔청소 현장에 맞춰 필요한 청소 내용을 확인해보세요.",https://clever-griffin-93819d.netlify.app/seoul-geumcheon-gu-officetel-cleaning/,서울 금천구 오피스텔청소,12
서울 금천구 오피스텔청소 전문업체,seoul-geumcheon-gu-officetel-cleaning-company,PASS,100,,서울 금천구 오피스텔청소 전문업체 | 체인지클린,서울 금천구 오피스텔청소 전문업체 관련 청소 과정과 체크포인트를 안내합니다. 공간 상태와 오염 범위를 확인한 뒤 현장에 맞는 작업을 진행합니다.,https://clever-griffin-93819d.netlify.app/seoul-geumcheon-gu-officetel-cleaning-company/,서울 금천구 오피스텔청소 전문업체,12
서울 금천구 오피스텔청소 잘하는곳,seoul-geumcheon-gu-officetel-cleaning-best,PASS,100,,서울 금천구 오피스텔청소 잘하는곳 - 청소 작업 안내,서울 금천구 오피스텔청소를 알아보는 분을 위한 안내입니다. 서울 금천구 오피스텔청소 잘하는곳 작업 전 확인사항부터 마무리 점검까지 자세히 정리했습니다.,https://clever-griffin-93819d.netlify.app/seoul-geumcheon-gu-officetel-cleaning-best/,서울 금천구 오피스텔청소 잘하는곳,12
서울 금천구 오피스텔청소 가격,seoul-geumcheon-gu-officetel-cleaning-price,PASS,100,,서울 금천구 오피스텔청소 가격 - 청소 작업 안내,"서울 금천구 오피스텔청소 가격 작업 범위와 준비사항, 진행 순서, 확인 항목을 정리했습니다. 서울 금천구 오피스텔청소 현장에 맞춰 필요한 청소 내용을 확인해보세요.",https://clever-griffin-93819d.netlify.app/seoul-geumcheon-gu-officetel-cleaning-price/,서울 금천구 오피스텔청소 가격,12
서울 금천구 오피스텔청소 비용,seoul-geumcheon-gu-officetel-cleaning-cost,PASS,100,,서울 금천구 오피스텔청소 비용 - 청소 작업 안내,서울 금천구 오피스텔청소를 알아보는 분을 위한 안내입니다. 서울 금천구 오피스텔청소 비용 작업 전 확인사항부터 마무리 점검까지 자세히 정리했습니다.,https://clever-griffin-93819d.netlify.app/seoul-geumcheon-gu-officetel-cleaning-cost/,서울 금천구 오피스텔청소 비용,12
서울 금천구 오피스텔청소 견적,seoul-geumcheon-gu-officetel-cleaning-quote,PASS,100,,서울 금천구 오피스텔청소 견적 - 청소 작업 안내,서울 금천구 오피스텔청소 견적 관련 청소 과정과 체크포인트를 안내합니다. 공간 상태와 오염 범위를 확인한 뒤 현장에 맞는 작업을 진행합니다.,https://clever-griffin-93819d.netlify.app/seoul-geumcheon-gu-officetel-cleaning-quote/,서울 금천구 오피스텔청소 견적,12
서울 금천구 거주청소,seoul-geumcheon-gu-home-cleaning,PASS,100,,서울 금천구 거주청소 - 청소 작업 안내,서울 금천구 거주청소를 알아보는 분을 위한 안내입니다. 서울 금천구 거주청소 작업 전 확인사항부터 마무리 점검까지 자세히 정리했습니다.,https://clever-griffin-93819d.netlify.app/seoul-geumcheon-gu-home-cleaning/,서울 금천구 거주청소,12
서울 금천구 거주청소 전문업체,seoul-geumcheon-gu-home-cleaning-company,PASS,100,,서울 금천구 거주청소 전문업체 | 체인지클린,서울 금천구 거주청소를 알아보는 분을 위한 안내입니다. 서울 금천구 거주청소 전문업체 작업 전 확인사항부터 마무리 점검까지 자세히 정리했습니다.,https://clever-griffin-93819d.netlify.app/seoul-geumcheon-gu-home-cleaning-company/,서울 금천구 거주청소 전문업체,12
서울 금천구 거주청소 잘하는곳,seoul-geumcheon-gu-home-cleaning-best,PASS,100,,서울 금천구 거주청소 잘하는곳 | 체인지클린,서울 금천구 거주청소를 알아보는 분을 위한 안내입니다. 서울 금천구 거주청소 잘하는곳 작업 전 확인사항부터 마무리 점검까지 자세히 정리했습니다.,https://clever-griffin-93819d.netlify.app/seoul-geumcheon-gu-home-cleaning-best/,서울 금천구 거주청소 잘하는곳,12
서울 금천구 거주청소 가격,seoul-geumcheon-gu-home-cleaning-price,PASS,100,,서울 금천구 거주청소 가격 - 청소 작업 안내,"서울 금천구 거주청소 가격 작업 범위와 준비사항, 진행 순서, 확인 항목을 정리했습니다. 서울 금천구 거주청소 현장에 맞춰 필요한 청소 내용을 확인해보세요.",https://clever-griffin-93819d.netlify.app/seoul-geumcheon-gu-home-cleaning-price/,서울 금천구 거주청소 가격,12
서울 금천구 거주청소 비용,seoul-geumcheon-gu-home-cleaning-cost,PASS,100,,서울 금천구 거주청소 비용 | 체인지클린,서울 금천구 거주청소 비용 관련 청소 과정과 체크포인트를 안내합니다. 공간 상태와 오염 범위를 확인한 뒤 현장에 맞는 작업을 진행합니다.,https://clever-griffin-93819d.netlify.app/seoul-geumcheon-gu-home-cleaning-cost/,서울 금천구 거주청소 비용,12
서울 금천구 거주청소 견적,seoul-geumcheon-gu-home-cleaning-quote,PASS,100,,서울 금천구 거주청소 견적 | 현장별 청소 정보,"서울 금천구 거주청소 견적 작업 범위와 준비사항, 진행 순서, 확인 항목을 정리했습니다. 서울 금천구 거주청소 현장에 맞춰 필요한 청소 내용을 확인해보세요.",https://clever-griffin-93819d.netlify.app/seoul-geumcheon-gu-home-cleaning-quote/,서울 금천구 거주청소 견적,12
서울 양천구 입주청소,seoul-yangcheon-gu-move-in-cleaning,PASS,100,,서울 양천구 입주청소 | 현장별 청소 정보,"서울 양천구 입주청소 작업 범위와 준비사항, 진행 순서, 확인 항목을 정리했습니다. 서울 양천구 입주청소 현장에 맞춰 필요한 청소 내용을 확인해보세요.",https://clever-griffin-93819d.netlify.app/seoul-yangcheon-gu-move-in-cleaning/,서울 양천구 입주청소,12
서울 양천구 입주청소 전문업체,seoul-yangcheon-gu-move-in-cleaning-company,PASS,100,,서울 양천구 입주청소 전문업체 | 현장별 청소 정보,서울 양천구 입주청소를 알아보는 분을 위한 안내입니다. 서울 양천구 입주청소 전문업체 작업 전 확인사항부터 마무리 점검까지 자세히 정리했습니다.,https://clever-griffin-93819d.netlify.app/seoul-yangcheon-gu-move-in-cleaning-company/,서울 양천구 입주청소 전문업체,12
서울 양천구 입주청소 잘하는곳,seoul-yangcheon-gu-move-in-cleaning-best,PASS,100,,서울 양천구 입주청소 잘하는곳 - 청소 작업 안내,서울 양천구 입주청소 잘하는곳 관련 청소 과정과 체크포인트를 안내합니다. 공간 상태와 오염 범위를 확인한 뒤 현장에 맞는 작업을 진행합니다.,https://clever-griffin-93819d.netlify.app/seoul-yangcheon-gu-move-in-cleaning-best/,서울 양천구 입주청소 잘하는곳,12
서울 양천구 입주청소 가격,seoul-yangcheon-gu-move-in-cleaning-price,PASS,100,,서울 양천구 입주청소 가격 - 청소 작업 안내,서울 양천구 입주청소를 알아보는 분을 위한 안내입니다. 서울 양천구 입주청소 가격 작업 전 확인사항부터 마무리 점검까지 자세히 정리했습니다.,https://clever-griffin-93819d.netlify.app/seoul-yangcheon-gu-move-in-cleaning-price/,서울 양천구 입주청소 가격,12
서울 양천구 입주청소 비용,seoul-yangcheon-gu-move-in-cleaning-cost,PASS,100,,서울 양천구 입주청소 비용 - 청소 작업 안내,"서울 양천구 입주청소 비용 작업 범위와 준비사항, 진행 순서, 확인 항목을 정리했습니다. 서울 양천구 입주청소 현장에 맞춰 필요한 청소 내용을 확인해보세요.",https://clever-griffin-93819d.netlify.app/seoul-yangcheon-gu-move-in-cleaning-cost/,서울 양천구 입주청소 비용,12
서울 양천구 입주청소 견적,seoul-yangcheon-gu-move-in-cleaning-quote,PASS,100,,서울 양천구 입주청소 견적 | 체인지클린,"서울 양천구 입주청소 견적 작업 범위와 준비사항, 진행 순서, 확인 항목을 정리했습니다. 서울 양천구 입주청소 현장에 맞춰 필요한 청소 내용을 확인해보세요.",https://clever-griffin-93819d.netlify.app/seoul-yangcheon-gu-move-in-cleaning-quote/,서울 양천구 입주청소 견적,12
서울 양천구 이사청소,seoul-yangcheon-gu-move-out-cleaning,PASS,100,,서울 양천구 이사청소 - 청소 작업 안내,서울 양천구 이사청소 관련 청소 과정과 체크포인트를 안내합니다. 공간 상태와 오염 범위를 확인한 뒤 현장에 맞는 작업을 진행합니다.,https://clever-griffin-93819d.netlify.app/seoul-yangcheon-gu-move-out-cleaning/,서울 양천구 이사청소,12
서울 양천구 이사청소 전문업체,seoul-yangcheon-gu-move-out-cleaning-company,PASS,100,,서울 양천구 이사청소 전문업체 | 체인지클린,"서울 양천구 이사청소 전문업체 작업 범위와 준비사항, 진행 순서, 확인 항목을 정리했습니다. 서울 양천구 이사청소 현장에 맞춰 필요한 청소 내용을 확인해보세요.",https://clever-griffin-93819d.netlify.app/seoul-yangcheon-gu-move-out-cleaning-company/,서울 양천구 이사청소 전문업체,12
서울 양천구 이사청소 잘하는곳,seoul-yangcheon-gu-move-out-cleaning-best,PASS,100,,서울 양천구 이사청소 잘하는곳 - 청소 작업 안내,서울 양천구 이사청소 잘하는곳 관련 청소 과정과 체크포인트를 안내합니다. 공간 상태와 오염 범위를 확인한 뒤 현장에 맞는 작업을 진행합니다.,https://clever-griffin-93819d.netlify.app/seoul-yangcheon-gu-move-out-cleaning-best/,서울 양천구 이사청소 잘하는곳,12
서울 양천구 이사청소 가격,seoul-yangcheon-gu-move-out-cleaning-price,PASS,100,,서울 양천구 이사청소 가격 - 청소 작업 안내,서울 양천구 이사청소를 알아보는 분을 위한 안내입니다. 서울 양천구 이사청소 가격 작업 전 확인사항부터 마무리 점검까지 자세히 정리했습니다.,https://clever-griffin-93819d.netlify.app/seoul-yangcheon-gu-move-out-cleaning-price/,서울 양천구 이사청소 가격,12
서울 양천구 이사청소 비용,seoul-yangcheon-gu-move-out-cleaning-cost,PASS,100,,서울 양천구 이사청소 비용 - 청소 작업 안내,서울 양천구 이사청소를 알아보는 분을 위한 안내입니다. 서울 양천구 이사청소 비용 작업 전 확인사항부터 마무리 점검까지 자세히 정리했습니다.,https://clever-griffin-93819d.netlify.app/seoul-yangcheon-gu-move-out-cleaning-cost/,서울 양천구 이사청소 비용,12
서울 양천구 이사청소 견적,seoul-yangcheon-gu-move-out-cleaning-quote,PASS,100,,서울 양천구 이사청소 견적 | 체인지클린,"서울 양천구 이사청소 견적 작업 범위와 준비사항, 진행 순서, 확인 항목을 정리했습니다. 서울 양천구 이사청소 현장에 맞춰 필요한 청소 내용을 확인해보세요.",https://clever-griffin-93819d.netlify.app/seoul-yangcheon-gu-move-out-cleaning-quote/,서울 양천구 이사청소 견적,12
서울 양천구 준공청소,seoul-yangcheon-gu-post-construction-cleaning,PASS,100,,서울 양천구 준공청소 | 현장별 청소 정보,서울 양천구 준공청소 관련 청소 과정과 체크포인트를 안내합니다. 공간 상태와 오염 범위를 확인한 뒤 현장에 맞는 작업을 진행합니다.,https://clever-griffin-93819d.netlify.app/seoul-yangcheon-gu-post-construction-cleaning/,서울 양천구 준공청소,12
서울 양천구 준공청소 전문업체,seoul-yangcheon-gu-post-construction-cleaning-company,PASS,100,,서울 양천구 준공청소 전문업체 | 체인지클린,"서울 양천구 준공청소 전문업체 작업 범위와 준비사항, 진행 순서, 확인 항목을 정리했습니다. 서울 양천구 준공청소 현장에 맞춰 필요한 청소 내용을 확인해보세요.",https://clever-griffin-93819d.netlify.app/seoul-yangcheon-gu-post-construction-cleaning-company/,서울 양천구 준공청소 전문업체,12
서울 양천구 준공청소 잘하는곳,seoul-yangcheon-gu-post-construction-cleaning-best,PASS,100,,서울 양천구 준공청소 잘하는곳 | 현장별 청소 정보,서울 양천구 준공청소를 알아보는 분을 위한 안내입니다. 서울 양천구 준공청소 잘하는곳 작업 전 확인사항부터 마무리 점검까지 자세히 정리했습니다.,https://clever-griffin-93819d.netlify.app/seoul-yangcheon-gu-post-construction-cleaning-best/,서울 양천구 준공청소 잘하는곳,12
서울 양천구 준공청소 가격,seoul-yangcheon-gu-post-construction-cleaning-price,PASS,100,,서울 양천구 준공청소 가격 - 청소 작업 안내,서울 양천구 준공청소를 알아보는 분을 위한 안내입니다. 서울 양천구 준공청소 가격 작업 전 확인사항부터 마무리 점검까지 자세히 정리했습니다.,https://clever-griffin-93819d.netlify.app/seoul-yangcheon-gu-post-construction-cleaning-price/,서울 양천구 준공청소 가격,12
서울 양천구 준공청소 비용,seoul-yangcheon-gu-post-construction-cleaning-cost,PASS,100,,서울 양천구 준공청소 비용 | 현장별 청소 정보,서울 양천구 준공청소 비용 관련 청소 과정과 체크포인트를 안내합니다. 공간 상태와 오염 범위를 확인한 뒤 현장에 맞는 작업을 진행합니다.,https://clever-griffin-93819d.netlify.app/seoul-yangcheon-gu-post-construction-cleaning-cost/,서울 양천구 준공청소 비용,12
서울 양천구 준공청소 견적,seoul-yangcheon-gu-post-construction-cleaning-quote,PASS,100,,서울 양천구 준공청소 견적 | 현장별 청소 정보,서울 양천구 준공청소를 알아보는 분을 위한 안내입니다. 서울 양천구 준공청소 견적 작업 전 확인사항부터 마무리 점검까지 자세히 정리했습니다.,https://clever-griffin-93819d.netlify.app/seoul-yangcheon-gu-post-construction-cleaning-quote/,서울 양천구 준공청소 견적,12
서울 양천구 상가청소,seoul-yangcheon-gu-store-cleaning,CHECK,96,title 길이 확인,서울 양천구 상가청소 | 체인지클린,"서울 양천구 상가청소 작업 범위와 준비사항, 진행 순서, 확인 항목을 정리했습니다. 서울 양천구 상가청소 현장에 맞춰 필요한 청소 내용을 확인해보세요.",https://clever-griffin-93819d.netlify.app/seoul-yangcheon-gu-store-cleaning/,서울 양천구 상가청소,12
서울 양천구 상가청소 전문업체,seoul-yangcheon-gu-store-cleaning-company,PASS,100,,서울 양천구 상가청소 전문업체 - 청소 작업 안내,서울 양천구 상가청소 전문업체 관련 청소 과정과 체크포인트를 안내합니다. 공간 상태와 오염 범위를 확인한 뒤 현장에 맞는 작업을 진행합니다.,https://clever-griffin-93819d.netlify.app/seoul-yangcheon-gu-store-cleaning-company/,서울 양천구 상가청소 전문업체,12
서울 양천구 상가청소 잘하는곳,seoul-yangcheon-gu-store-cleaning-best,PASS,100,,서울 양천구 상가청소 잘하는곳 | 현장별 청소 정보,서울 양천구 상가청소를 알아보는 분을 위한 안내입니다. 서울 양천구 상가청소 잘하는곳 작업 전 확인사항부터 마무리 점검까지 자세히 정리했습니다.,https://clever-griffin-93819d.netlify.app/seoul-yangcheon-gu-store-cleaning-best/,서울 양천구 상가청소 잘하는곳,12
서울 양천구 상가청소 가격,seoul-yangcheon-gu-store-cleaning-price,PASS,100,,서울 양천구 상가청소 가격 | 현장별 청소 정보,서울 양천구 상가청소 가격 관련 청소 과정과 체크포인트를 안내합니다. 공간 상태와 오염 범위를 확인한 뒤 현장에 맞는 작업을 진행합니다.,https://clever-griffin-93819d.netlify.app/seoul-yangcheon-gu-store-cleaning-price/,서울 양천구 상가청소 가격,12
서울 양천구 상가청소 비용,seoul-yangcheon-gu-store-cleaning-cost,PASS,100,,서울 양천구 상가청소 비용 | 체인지클린,서울 양천구 상가청소를 알아보는 분을 위한 안내입니다. 서울 양천구 상가청소 비용 작업 전 확인사항부터 마무리 점검까지 자세히 정리했습니다.,https://clever-griffin-93819d.netlify.app/seoul-yangcheon-gu-store-cleaning-cost/,서울 양천구 상가청소 비용,12
서울 양천구 상가청소 견적,seoul-yangcheon-gu-store-cleaning-quote,PASS,100,,서울 양천구 상가청소 견적 - 청소 작업 안내,서울 양천구 상가청소 견적 관련 청소 과정과 체크포인트를 안내합니다. 공간 상태와 오염 범위를 확인한 뒤 현장에 맞는 작업을 진행합니다.,https://clever-griffin-93819d.netlify.app/seoul-yangcheon-gu-store-cleaning-quote/,서울 양천구 상가청소 견적,12
서울 양천구 사무실청소,seoul-yangcheon-gu-office-cleaning,PASS,100,,서울 양천구 사무실청소 | 현장별 청소 정보,서울 양천구 사무실청소 관련 청소 과정과 체크포인트를 안내합니다. 공간 상태와 오염 범위를 확인한 뒤 현장에 맞는 작업을 진행합니다.,https://clever-griffin-93819d.netlify.app/seoul-yangcheon-gu-office-cleaning/,서울 양천구 사무실청소,12
서울 양천구 사무실청소 전문업체,seoul-yangcheon-gu-office-cleaning-company,PASS,100,,서울 양천구 사무실청소 전문업체 | 현장별 청소 정보,서울 양천구 사무실청소 전문업체 관련 청소 과정과 체크포인트를 안내합니다. 공간 상태와 오염 범위를 확인한 뒤 현장에 맞는 작업을 진행합니다.,https://clever-griffin-93819d.netlify.app/seoul-yangcheon-gu-office-cleaning-company/,서울 양천구 사무실청소 전문업체,12
서울 양천구 사무실청소 잘하는곳,seoul-yangcheon-gu-office-cleaning-best,PASS,100,,서울 양천구 사무실청소 잘하는곳 | 현장별 청소 정보,서울 양천구 사무실청소 잘하는곳 관련 청소 과정과 체크포인트를 안내합니다. 공간 상태와 오염 범위를 확인한 뒤 현장에 맞는 작업을 진행합니다.,https://clever-griffin-93819d.netlify.app/seoul-yangcheon-gu-office-cleaning-best/,서울 양천구 사무실청소 잘하는곳,12
서울 양천구 사무실청소 가격,seoul-yangcheon-gu-office-cleaning-price,PASS,100,,서울 양천구 사무실청소 가격 - 청소 작업 안내,서울 양천구 사무실청소를 알아보는 분을 위한 안내입니다. 서울 양천구 사무실청소 가격 작업 전 확인사항부터 마무리 점검까지 자세히 정리했습니다.,https://clever-griffin-93819d.netlify.app/seoul-yangcheon-gu-office-cleaning-price/,서울 양천구 사무실청소 가격,12
서울 양천구 사무실청소 비용,seoul-yangcheon-gu-office-cleaning-cost,PASS,100,,서울 양천구 사무실청소 비용 - 청소 작업 안내,서울 양천구 사무실청소 비용 관련 청소 과정과 체크포인트를 안내합니다. 공간 상태와 오염 범위를 확인한 뒤 현장에 맞는 작업을 진행합니다.,https://clever-griffin-93819d.netlify.app/seoul-yangcheon-gu-office-cleaning-cost/,서울 양천구 사무실청소 비용,12
서울 양천구 사무실청소 견적,seoul-yangcheon-gu-office-cleaning-quote,PASS,100,,서울 양천구 사무실청소 견적 | 현장별 청소 정보,"서울 양천구 사무실청소 견적 작업 범위와 준비사항, 진행 순서, 확인 항목을 정리했습니다. 서울 양천구 사무실청소 현장에 맞춰 필요한 청소 내용을 확인해보세요.",https://clever-griffin-93819d.netlify.app/seoul-yangcheon-gu-office-cleaning-quote/,서울 양천구 사무실청소 견적,12
서울 양천구 빌라청소,seoul-yangcheon-gu-villa-cleaning,PASS,100,,서울 양천구 빌라청소 - 청소 작업 안내,"서울 양천구 빌라청소 작업 범위와 준비사항, 진행 순서, 확인 항목을 정리했습니다. 서울 양천구 빌라청소 현장에 맞춰 필요한 청소 내용을 확인해보세요.",https://clever-griffin-93819d.netlify.app/seoul-yangcheon-gu-villa-cleaning/,서울 양천구 빌라청소,12
서울 양천구 빌라청소 전문업체,seoul-yangcheon-gu-villa-cleaning-company,PASS,100,,서울 양천구 빌라청소 전문업체 | 체인지클린,서울 양천구 빌라청소를 알아보는 분을 위한 안내입니다. 서울 양천구 빌라청소 전문업체 작업 전 확인사항부터 마무리 점검까지 자세히 정리했습니다.,https://clever-griffin-93819d.netlify.app/seoul-yangcheon-gu-villa-cleaning-company/,서울 양천구 빌라청소 전문업체,12
서울 양천구 빌라청소 잘하는곳,seoul-yangcheon-gu-villa-cleaning-best,PASS,100,,서울 양천구 빌라청소 잘하는곳 | 현장별 청소 정보,서울 양천구 빌라청소를 알아보는 분을 위한 안내입니다. 서울 양천구 빌라청소 잘하는곳 작업 전 확인사항부터 마무리 점검까지 자세히 정리했습니다.,https://clever-griffin-93819d.netlify.app/seoul-yangcheon-gu-villa-cleaning-best/,서울 양천구 빌라청소 잘하는곳,12
서울 양천구 빌라청소 가격,seoul-yangcheon-gu-villa-cleaning-price,PASS,100,,서울 양천구 빌라청소 가격 | 체인지클린,서울 양천구 빌라청소를 알아보는 분을 위한 안내입니다. 서울 양천구 빌라청소 가격 작업 전 확인사항부터 마무리 점검까지 자세히 정리했습니다.,https://clever-griffin-93819d.netlify.app/seoul-yangcheon-gu-villa-cleaning-price/,서울 양천구 빌라청소 가격,12
서울 양천구 빌라청소 비용,seoul-yangcheon-gu-villa-cleaning-cost,PASS,100,,서울 양천구 빌라청소 비용 | 체인지클린,서울 양천구 빌라청소 비용 관련 청소 과정과 체크포인트를 안내합니다. 공간 상태와 오염 범위를 확인한 뒤 현장에 맞는 작업을 진행합니다.,https://clever-griffin-93819d.netlify.app/seoul-yangcheon-gu-villa-cleaning-cost/,서울 양천구 빌라청소 비용,12
서울 양천구 빌라청소 견적,seoul-yangcheon-gu-villa-cleaning-quote,PASS,100,,서울 양천구 빌라청소 견적 | 체인지클린,"서울 양천구 빌라청소 견적 작업 범위와 준비사항, 진행 순서, 확인 항목을 정리했습니다. 서울 양천구 빌라청소 현장에 맞춰 필요한 청소 내용을 확인해보세요.",https://clever-griffin-93819d.netlify.app/seoul-yangcheon-gu-villa-cleaning-quote/,서울 양천구 빌라청소 견적,12
서울 양천구 아파트청소,seoul-yangcheon-gu-apartment-cleaning,PASS,100,,서울 양천구 아파트청소 | 체인지클린,서울 양천구 아파트청소 관련 청소 과정과 체크포인트를 안내합니다. 공간 상태와 오염 범위를 확인한 뒤 현장에 맞는 작업을 진행합니다.,https://clever-griffin-93819d.netlify.app/seoul-yangcheon-gu-apartment-cleaning/,서울 양천구 아파트청소,12
서울 양천구 아파트청소 전문업체,seoul-yangcheon-gu-apartment-cleaning-company,PASS,100,,서울 양천구 아파트청소 전문업체 | 체인지클린,서울 양천구 아파트청소를 알아보는 분을 위한 안내입니다. 서울 양천구 아파트청소 전문업체 작업 전 확인사항부터 마무리 점검까지 자세히 정리했습니다.,https://clever-griffin-93819d.netlify.app/seoul-yangcheon-gu-apartment-cleaning-company/,서울 양천구 아파트청소 전문업체,12
서울 양천구 아파트청소 잘하는곳,seoul-yangcheon-gu-apartment-cleaning-best,PASS,100,,서울 양천구 아파트청소 잘하는곳 | 현장별 청소 정보,서울 양천구 아파트청소 잘하는곳 관련 청소 과정과 체크포인트를 안내합니다. 공간 상태와 오염 범위를 확인한 뒤 현장에 맞는 작업을 진행합니다.,https://clever-griffin-93819d.netlify.app/seoul-yangcheon-gu-apartment-cleaning-best/,서울 양천구 아파트청소 잘하는곳,12
서울 양천구 아파트청소 가격,seoul-yangcheon-gu-apartment-cleaning-price,PASS,100,,서울 양천구 아파트청소 가격 - 청소 작업 안내,"서울 양천구 아파트청소 가격 작업 범위와 준비사항, 진행 순서, 확인 항목을 정리했습니다. 서울 양천구 아파트청소 현장에 맞춰 필요한 청소 내용을 확인해보세요.",https://clever-griffin-93819d.netlify.app/seoul-yangcheon-gu-apartment-cleaning-price/,서울 양천구 아파트청소 가격,12
서울 양천구 아파트청소 비용,seoul-yangcheon-gu-apartment-cleaning-cost,PASS,100,,서울 양천구 아파트청소 비용 | 체인지클린,서울 양천구 아파트청소 비용 관련 청소 과정과 체크포인트를 안내합니다. 공간 상태와 오염 범위를 확인한 뒤 현장에 맞는 작업을 진행합니다.,https://clever-griffin-93819d.netlify.app/seoul-yangcheon-gu-apartment-cleaning-cost/,서울 양천구 아파트청소 비용,12
서울 양천구 아파트청소 견적,seoul-yangcheon-gu-apartment-cleaning-quote,PASS,100,,서울 양천구 아파트청소 견적 | 체인지클린,서울 양천구 아파트청소 견적 관련 청소 과정과 체크포인트를 안내합니다. 공간 상태와 오염 범위를 확인한 뒤 현장에 맞는 작업을 진행합니다.,https://clever-griffin-93819d.netlify.app/seoul-yangcheon-gu-apartment-cleaning-quote/,서울 양천구 아파트청소 견적,12
서울 양천구 오피스텔청소,seoul-yangcheon-gu-officetel-cleaning,PASS,100,,서울 양천구 오피스텔청소 | 체인지클린,"서울 양천구 오피스텔청소 작업 범위와 준비사항, 진행 순서, 확인 항목을 정리했습니다. 서울 양천구 오피스텔청소 현장에 맞춰 필요한 청소 내용을 확인해보세요.",https://clever-griffin-93819d.netlify.app/seoul-yangcheon-gu-officetel-cleaning/,서울 양천구 오피스텔청소,12
서울 양천구 오피스텔청소 전문업체,seoul-yangcheon-gu-officetel-cleaning-company,PASS,100,,서울 양천구 오피스텔청소 전문업체 - 청소 작업 안내,서울 양천구 오피스텔청소를 알아보는 분을 위한 안내입니다. 서울 양천구 오피스텔청소 전문업체 작업 전 확인사항부터 마무리 점검까지 자세히 정리했습니다.,https://clever-griffin-93819d.netlify.app/seoul-yangcheon-gu-officetel-cleaning-company/,서울 양천구 오피스텔청소 전문업체,12
서울 양천구 오피스텔청소 잘하는곳,seoul-yangcheon-gu-officetel-cleaning-best,PASS,100,,서울 양천구 오피스텔청소 잘하는곳 | 체인지클린,서울 양천구 오피스텔청소 잘하는곳 관련 청소 과정과 체크포인트를 안내합니다. 공간 상태와 오염 범위를 확인한 뒤 현장에 맞는 작업을 진행합니다.,https://clever-griffin-93819d.netlify.app/seoul-yangcheon-gu-officetel-cleaning-best/,서울 양천구 오피스텔청소 잘하는곳,12
서울 양천구 오피스텔청소 가격,seoul-yangcheon-gu-officetel-cleaning-price,PASS,100,,서울 양천구 오피스텔청소 가격 | 현장별 청소 정보,서울 양천구 오피스텔청소 가격 관련 청소 과정과 체크포인트를 안내합니다. 공간 상태와 오염 범위를 확인한 뒤 현장에 맞는 작업을 진행합니다.,https://clever-griffin-93819d.netlify.app/seoul-yangcheon-gu-officetel-cleaning-price/,서울 양천구 오피스텔청소 가격,12
서울 양천구 오피스텔청소 비용,seoul-yangcheon-gu-officetel-cleaning-cost,PASS,100,,서울 양천구 오피스텔청소 비용 - 청소 작업 안내,"서울 양천구 오피스텔청소 비용 작업 범위와 준비사항, 진행 순서, 확인 항목을 정리했습니다. 서울 양천구 오피스텔청소 현장에 맞춰 필요한 청소 내용을 확인해보세요.",https://clever-griffin-93819d.netlify.app/seoul-yangcheon-gu-officetel-cleaning-cost/,서울 양천구 오피스텔청소 비용,12
서울 양천구 오피스텔청소 견적,seoul-yangcheon-gu-officetel-cleaning-quote,PASS,100,,서울 양천구 오피스텔청소 견적 | 현장별 청소 정보,서울 양천구 오피스텔청소를 알아보는 분을 위한 안내입니다. 서울 양천구 오피스텔청소 견적 작업 전 확인사항부터 마무리 점검까지 자세히 정리했습니다.,https://clever-griffin-93819d.netlify.app/seoul-yangcheon-gu-officetel-cleaning-quote/,서울 양천구 오피스텔청소 견적,12
서울 양천구 거주청소,seoul-yangcheon-gu-home-cleaning,PASS,100,,서울 양천구 거주청소 - 청소 작업 안내,"서울 양천구 거주청소 작업 범위와 준비사항, 진행 순서, 확인 항목을 정리했습니다. 서울 양천구 거주청소 현장에 맞춰 필요한 청소 내용을 확인해보세요.",https://clever-griffin-93819d.netlify.app/seoul-yangcheon-gu-home-cleaning/,서울 양천구 거주청소,12
서울 양천구 거주청소 전문업체,seoul-yangcheon-gu-home-cleaning-company,PASS,100,,서울 양천구 거주청소 전문업체 | 체인지클린,"서울 양천구 거주청소 전문업체 작업 범위와 준비사항, 진행 순서, 확인 항목을 정리했습니다. 서울 양천구 거주청소 현장에 맞춰 필요한 청소 내용을 확인해보세요.",https://clever-griffin-93819d.netlify.app/seoul-yangcheon-gu-home-cleaning-company/,서울 양천구 거주청소 전문업체,12
서울 양천구 거주청소 잘하는곳,seoul-yangcheon-gu-home-cleaning-best,PASS,100,,서울 양천구 거주청소 잘하는곳 | 체인지클린,서울 양천구 거주청소를 알아보는 분을 위한 안내입니다. 서울 양천구 거주청소 잘하는곳 작업 전 확인사항부터 마무리 점검까지 자세히 정리했습니다.,https://clever-griffin-93819d.netlify.app/seoul-yangcheon-gu-home-cleaning-best/,서울 양천구 거주청소 잘하는곳,12
서울 양천구 거주청소 가격,seoul-yangcheon-gu-home-cleaning-price,PASS,100,,서울 양천구 거주청소 가격 | 체인지클린,서울 양천구 거주청소를 알아보는 분을 위한 안내입니다. 서울 양천구 거주청소 가격 작업 전 확인사항부터 마무리 점검까지 자세히 정리했습니다.,https://clever-griffin-93819d.netlify.app/seoul-yangcheon-gu-home-cleaning-price/,서울 양천구 거주청소 가격,12
서울 양천구 거주청소 비용,seoul-yangcheon-gu-home-cleaning-cost,PASS,100,,서울 양천구 거주청소 비용 | 현장별 청소 정보,서울 양천구 거주청소를 알아보는 분을 위한 안내입니다. 서울 양천구 거주청소 비용 작업 전 확인사항부터 마무리 점검까지 자세히 정리했습니다.,https://clever-griffin-93819d.netlify.app/seoul-yangcheon-gu-home-cleaning-cost/,서울 양천구 거주청소 비용,12
서울 양천구 거주청소 견적,seoul-yangcheon-gu-home-cleaning-quote,PASS,100,,서울 양천구 거주청소 견적 | 현장별 청소 정보,서울 양천구 거주청소 견적 관련 청소 과정과 체크포인트를 안내합니다. 공간 상태와 오염 범위를 확인한 뒤 현장에 맞는 작업을 진행합니다.,https://clever-griffin-93819d.netlify.app/seoul-yangcheon-gu-home-cleaning-quote/,서울 양천구 거주청소 견적,12
서울 강서구 입주청소,seoul-gangseo-gu-move-in-cleaning,PASS,100,,서울 강서구 입주청소 | 현장별 청소 정보,서울 강서구 입주청소 관련 청소 과정과 체크포인트를 안내합니다. 공간 상태와 오염 범위를 확인한 뒤 현장에 맞는 작업을 진행합니다.,https://clever-griffin-93819d.netlify.app/seoul-gangseo-gu-move-in-cleaning/,서울 강서구 입주청소,12
서울 강서구 입주청소 전문업체,seoul-gangseo-gu-move-in-cleaning-company,PASS,100,,서울 강서구 입주청소 전문업체 | 현장별 청소 정보,서울 강서구 입주청소를 알아보는 분을 위한 안내입니다. 서울 강서구 입주청소 전문업체 작업 전 확인사항부터 마무리 점검까지 자세히 정리했습니다.,https://clever-griffin-93819d.netlify.app/seoul-gangseo-gu-move-in-cleaning-company/,서울 강서구 입주청소 전문업체,12
서울 강서구 입주청소 잘하는곳,seoul-gangseo-gu-move-in-cleaning-best,PASS,100,,서울 강서구 입주청소 잘하는곳 | 체인지클린,"서울 강서구 입주청소 잘하는곳 작업 범위와 준비사항, 진행 순서, 확인 항목을 정리했습니다. 서울 강서구 입주청소 현장에 맞춰 필요한 청소 내용을 확인해보세요.",https://clever-griffin-93819d.netlify.app/seoul-gangseo-gu-move-in-cleaning-best/,서울 강서구 입주청소 잘하는곳,12
서울 강서구 입주청소 가격,seoul-gangseo-gu-move-in-cleaning-price,PASS,100,,서울 강서구 입주청소 가격 | 체인지클린,서울 강서구 입주청소를 알아보는 분을 위한 안내입니다. 서울 강서구 입주청소 가격 작업 전 확인사항부터 마무리 점검까지 자세히 정리했습니다.,https://clever-griffin-93819d.netlify.app/seoul-gangseo-gu-move-in-cleaning-price/,서울 강서구 입주청소 가격,12
서울 강서구 입주청소 비용,seoul-gangseo-gu-move-in-cleaning-cost,PASS,100,,서울 강서구 입주청소 비용 | 체인지클린,서울 강서구 입주청소 비용 관련 청소 과정과 체크포인트를 안내합니다. 공간 상태와 오염 범위를 확인한 뒤 현장에 맞는 작업을 진행합니다.,https://clever-griffin-93819d.netlify.app/seoul-gangseo-gu-move-in-cleaning-cost/,서울 강서구 입주청소 비용,12
서울 강서구 입주청소 견적,seoul-gangseo-gu-move-in-cleaning-quote,PASS,100,,서울 강서구 입주청소 견적 | 체인지클린,"서울 강서구 입주청소 견적 작업 범위와 준비사항, 진행 순서, 확인 항목을 정리했습니다. 서울 강서구 입주청소 현장에 맞춰 필요한 청소 내용을 확인해보세요.",https://clever-griffin-93819d.netlify.app/seoul-gangseo-gu-move-in-cleaning-quote/,서울 강서구 입주청소 견적,12
서울 강서구 이사청소,seoul-gangseo-gu-move-out-cleaning,CHECK,96,title 길이 확인,서울 강서구 이사청소 | 체인지클린,서울 강서구 이사청소를 알아보는 분을 위한 안내입니다. 서울 강서구 이사청소 작업 전 확인사항부터 마무리 점검까지 자세히 정리했습니다.,https://clever-griffin-93819d.netlify.app/seoul-gangseo-gu-move-out-cleaning/,서울 강서구 이사청소,12
서울 강서구 이사청소 전문업체,seoul-gangseo-gu-move-out-cleaning-company,PASS,100,,서울 강서구 이사청소 전문업체 | 현장별 청소 정보,"서울 강서구 이사청소 전문업체 작업 범위와 준비사항, 진행 순서, 확인 항목을 정리했습니다. 서울 강서구 이사청소 현장에 맞춰 필요한 청소 내용을 확인해보세요.",https://clever-griffin-93819d.netlify.app/seoul-gangseo-gu-move-out-cleaning-company/,서울 강서구 이사청소 전문업체,12
서울 강서구 이사청소 잘하는곳,seoul-gangseo-gu-move-out-cleaning-best,PASS,100,,서울 강서구 이사청소 잘하는곳 | 체인지클린,서울 강서구 이사청소 잘하는곳 관련 청소 과정과 체크포인트를 안내합니다. 공간 상태와 오염 범위를 확인한 뒤 현장에 맞는 작업을 진행합니다.,https://clever-griffin-93819d.netlify.app/seoul-gangseo-gu-move-out-cleaning-best/,서울 강서구 이사청소 잘하는곳,12
서울 강서구 이사청소 가격,seoul-gangseo-gu-move-out-cleaning-price,PASS,100,,서울 강서구 이사청소 가격 - 청소 작업 안내,서울 강서구 이사청소 가격 관련 청소 과정과 체크포인트를 안내합니다. 공간 상태와 오염 범위를 확인한 뒤 현장에 맞는 작업을 진행합니다.,https://clever-griffin-93819d.netlify.app/seoul-gangseo-gu-move-out-cleaning-price/,서울 강서구 이사청소 가격,12
서울 강서구 이사청소 비용,seoul-gangseo-gu-move-out-cleaning-cost,PASS,100,,서울 강서구 이사청소 비용 | 체인지클린,서울 강서구 이사청소 비용 관련 청소 과정과 체크포인트를 안내합니다. 공간 상태와 오염 범위를 확인한 뒤 현장에 맞는 작업을 진행합니다.,https://clever-griffin-93819d.netlify.app/seoul-gangseo-gu-move-out-cleaning-cost/,서울 강서구 이사청소 비용,12
서울 강서구 이사청소 견적,seoul-gangseo-gu-move-out-cleaning-quote,PASS,100,,서울 강서구 이사청소 견적 | 체인지클린,서울 강서구 이사청소를 알아보는 분을 위한 안내입니다. 서울 강서구 이사청소 견적 작업 전 확인사항부터 마무리 점검까지 자세히 정리했습니다.,https://clever-griffin-93819d.netlify.app/seoul-gangseo-gu-move-out-cleaning-quote/,서울 강서구 이사청소 견적,12
서울 강서구 준공청소,seoul-gangseo-gu-post-construction-cleaning,PASS,100,,서울 강서구 준공청소 | 현장별 청소 정보,"서울 강서구 준공청소 작업 범위와 준비사항, 진행 순서, 확인 항목을 정리했습니다. 서울 강서구 준공청소 현장에 맞춰 필요한 청소 내용을 확인해보세요.",https://clever-griffin-93819d.netlify.app/seoul-gangseo-gu-post-construction-cleaning/,서울 강서구 준공청소,12
서울 강서구 준공청소 전문업체,seoul-gangseo-gu-post-construction-cleaning-company,PASS,100,,서울 강서구 준공청소 전문업체 | 현장별 청소 정보,서울 강서구 준공청소를 알아보는 분을 위한 안내입니다. 서울 강서구 준공청소 전문업체 작업 전 확인사항부터 마무리 점검까지 자세히 정리했습니다.,https://clever-griffin-93819d.netlify.app/seoul-gangseo-gu-post-construction-cleaning-company/,서울 강서구 준공청소 전문업체,12
서울 강서구 준공청소 잘하는곳,seoul-gangseo-gu-post-construction-cleaning-best,PASS,100,,서울 강서구 준공청소 잘하는곳 | 현장별 청소 정보,서울 강서구 준공청소를 알아보는 분을 위한 안내입니다. 서울 강서구 준공청소 잘하는곳 작업 전 확인사항부터 마무리 점검까지 자세히 정리했습니다.,https://clever-griffin-93819d.netlify.app/seoul-gangseo-gu-post-construction-cleaning-best/,서울 강서구 준공청소 잘하는곳,12
서울 강서구 준공청소 가격,seoul-gangseo-gu-post-construction-cleaning-price,PASS,100,,서울 강서구 준공청소 가격 | 체인지클린,서울 강서구 준공청소를 알아보는 분을 위한 안내입니다. 서울 강서구 준공청소 가격 작업 전 확인사항부터 마무리 점검까지 자세히 정리했습니다.,https://clever-griffin-93819d.netlify.app/seoul-gangseo-gu-post-construction-cleaning-price/,서울 강서구 준공청소 가격,12
서울 강서구 준공청소 비용,seoul-gangseo-gu-post-construction-cleaning-cost,PASS,100,,서울 강서구 준공청소 비용 | 현장별 청소 정보,서울 강서구 준공청소 비용 관련 청소 과정과 체크포인트를 안내합니다. 공간 상태와 오염 범위를 확인한 뒤 현장에 맞는 작업을 진행합니다.,https://clever-griffin-93819d.netlify.app/seoul-gangseo-gu-post-construction-cleaning-cost/,서울 강서구 준공청소 비용,12
서울 강서구 준공청소 견적,seoul-gangseo-gu-post-construction-cleaning-quote,PASS,100,,서울 강서구 준공청소 견적 | 체인지클린,서울 강서구 준공청소를 알아보는 분을 위한 안내입니다. 서울 강서구 준공청소 견적 작업 전 확인사항부터 마무리 점검까지 자세히 정리했습니다.,https://clever-griffin-93819d.netlify.app/seoul-gangseo-gu-post-construction-cleaning-quote/,서울 강서구 준공청소 견적,12
서울 강서구 상가청소,seoul-gangseo-gu-store-cleaning,PASS,100,,서울 강서구 상가청소 | 현장별 청소 정보,"서울 강서구 상가청소 작업 범위와 준비사항, 진행 순서, 확인 항목을 정리했습니다. 서울 강서구 상가청소 현장에 맞춰 필요한 청소 내용을 확인해보세요.",https://clever-griffin-93819d.netlify.app/seoul-gangseo-gu-store-cleaning/,서울 강서구 상가청소,12
서울 강서구 상가청소 전문업체,seoul-gangseo-gu-store-cleaning-company,PASS,100,,서울 강서구 상가청소 전문업체 - 청소 작업 안내,서울 강서구 상가청소를 알아보는 분을 위한 안내입니다. 서울 강서구 상가청소 전문업체 작업 전 확인사항부터 마무리 점검까지 자세히 정리했습니다.,https://clever-griffin-93819d.netlify.app/seoul-gangseo-gu-store-cleaning-company/,서울 강서구 상가청소 전문업체,12
서울 강서구 상가청소 잘하는곳,seoul-gangseo-gu-store-cleaning-best,PASS,100,,서울 강서구 상가청소 잘하는곳 | 현장별 청소 정보,서울 강서구 상가청소 잘하는곳 관련 청소 과정과 체크포인트를 안내합니다. 공간 상태와 오염 범위를 확인한 뒤 현장에 맞는 작업을 진행합니다.,https://clever-griffin-93819d.netlify.app/seoul-gangseo-gu-store-cleaning-best/,서울 강서구 상가청소 잘하는곳,12
서울 강서구 상가청소 가격,seoul-gangseo-gu-store-cleaning-price,PASS,100,,서울 강서구 상가청소 가격 - 청소 작업 안내,"서울 강서구 상가청소 가격 작업 범위와 준비사항, 진행 순서, 확인 항목을 정리했습니다. 서울 강서구 상가청소 현장에 맞춰 필요한 청소 내용을 확인해보세요.",https://clever-griffin-93819d.netlify.app/seoul-gangseo-gu-store-cleaning-price/,서울 강서구 상가청소 가격,12
서울 강서구 상가청소 비용,seoul-gangseo-gu-store-cleaning-cost,PASS,100,,서울 강서구 상가청소 비용 | 체인지클린,서울 강서구 상가청소를 알아보는 분을 위한 안내입니다. 서울 강서구 상가청소 비용 작업 전 확인사항부터 마무리 점검까지 자세히 정리했습니다.,https://clever-griffin-93819d.netlify.app/seoul-gangseo-gu-store-cleaning-cost/,서울 강서구 상가청소 비용,12
서울 강서구 상가청소 견적,seoul-gangseo-gu-store-cleaning-quote,PASS,100,,서울 강서구 상가청소 견적 | 체인지클린,"서울 강서구 상가청소 견적 작업 범위와 준비사항, 진행 순서, 확인 항목을 정리했습니다. 서울 강서구 상가청소 현장에 맞춰 필요한 청소 내용을 확인해보세요.",https://clever-griffin-93819d.netlify.app/seoul-gangseo-gu-store-cleaning-quote/,서울 강서구 상가청소 견적,12
서울 강서구 사무실청소,seoul-gangseo-gu-office-cleaning,PASS,100,,서울 강서구 사무실청소 | 체인지클린,서울 강서구 사무실청소를 알아보는 분을 위한 안내입니다. 서울 강서구 사무실청소 작업 전 확인사항부터 마무리 점검까지 자세히 정리했습니다.,https://clever-griffin-93819d.netlify.app/seoul-gangseo-gu-office-cleaning/,서울 강서구 사무실청소,12
서울 강서구 사무실청소 전문업체,seoul-gangseo-gu-office-cleaning-company,PASS,100,,서울 강서구 사무실청소 전문업체 - 청소 작업 안내,서울 강서구 사무실청소를 알아보는 분을 위한 안내입니다. 서울 강서구 사무실청소 전문업체 작업 전 확인사항부터 마무리 점검까지 자세히 정리했습니다.,https://clever-griffin-93819d.netlify.app/seoul-gangseo-gu-office-cleaning-company/,서울 강서구 사무실청소 전문업체,12
서울 강서구 사무실청소 잘하는곳,seoul-gangseo-gu-office-cleaning-best,PASS,100,,서울 강서구 사무실청소 잘하는곳 | 현장별 청소 정보,서울 강서구 사무실청소 잘하는곳 관련 청소 과정과 체크포인트를 안내합니다. 공간 상태와 오염 범위를 확인한 뒤 현장에 맞는 작업을 진행합니다.,https://clever-griffin-93819d.netlify.app/seoul-gangseo-gu-office-cleaning-best/,서울 강서구 사무실청소 잘하는곳,12
서울 강서구 사무실청소 가격,seoul-gangseo-gu-office-cleaning-price,PASS,100,,서울 강서구 사무실청소 가격 - 청소 작업 안내,"서울 강서구 사무실청소 가격 작업 범위와 준비사항, 진행 순서, 확인 항목을 정리했습니다. 서울 강서구 사무실청소 현장에 맞춰 필요한 청소 내용을 확인해보세요.",https://clever-griffin-93819d.netlify.app/seoul-gangseo-gu-office-cleaning-price/,서울 강서구 사무실청소 가격,12
서울 강서구 사무실청소 비용,seoul-gangseo-gu-office-cleaning-cost,PASS,100,,서울 강서구 사무실청소 비용 | 체인지클린,서울 강서구 사무실청소를 알아보는 분을 위한 안내입니다. 서울 강서구 사무실청소 비용 작업 전 확인사항부터 마무리 점검까지 자세히 정리했습니다.,https://clever-griffin-93819d.netlify.app/seoul-gangseo-gu-office-cleaning-cost/,서울 강서구 사무실청소 비용,12
서울 강서구 사무실청소 견적,seoul-gangseo-gu-office-cleaning-quote,PASS,100,,서울 강서구 사무실청소 견적 | 현장별 청소 정보,"서울 강서구 사무실청소 견적 작업 범위와 준비사항, 진행 순서, 확인 항목을 정리했습니다. 서울 강서구 사무실청소 현장에 맞춰 필요한 청소 내용을 확인해보세요.",https://clever-griffin-93819d.netlify.app/seoul-gangseo-gu-office-cleaning-quote/,서울 강서구 사무실청소 견적,12
서울 강서구 빌라청소,seoul-gangseo-gu-villa-cleaning,PASS,100,,서울 강서구 빌라청소 - 청소 작업 안내,"서울 강서구 빌라청소 작업 범위와 준비사항, 진행 순서, 확인 항목을 정리했습니다. 서울 강서구 빌라청소 현장에 맞춰 필요한 청소 내용을 확인해보세요.",https://clever-griffin-93819d.netlify.app/seoul-gangseo-gu-villa-cleaning/,서울 강서구 빌라청소,12
서울 강서구 빌라청소 전문업체,seoul-gangseo-gu-villa-cleaning-company,PASS,100,,서울 강서구 빌라청소 전문업체 | 체인지클린,"서울 강서구 빌라청소 전문업체 작업 범위와 준비사항, 진행 순서, 확인 항목을 정리했습니다. 서울 강서구 빌라청소 현장에 맞춰 필요한 청소 내용을 확인해보세요.",https://clever-griffin-93819d.netlify.app/seoul-gangseo-gu-villa-cleaning-company/,서울 강서구 빌라청소 전문업체,12
서울 강서구 빌라청소 잘하는곳,seoul-gangseo-gu-villa-cleaning-best,PASS,100,,서울 강서구 빌라청소 잘하는곳 | 체인지클린,서울 강서구 빌라청소 잘하는곳 관련 청소 과정과 체크포인트를 안내합니다. 공간 상태와 오염 범위를 확인한 뒤 현장에 맞는 작업을 진행합니다.,https://clever-griffin-93819d.netlify.app/seoul-gangseo-gu-villa-cleaning-best/,서울 강서구 빌라청소 잘하는곳,12
서울 강서구 빌라청소 가격,seoul-gangseo-gu-villa-cleaning-price,PASS,100,,서울 강서구 빌라청소 가격 - 청소 작업 안내,"서울 강서구 빌라청소 가격 작업 범위와 준비사항, 진행 순서, 확인 항목을 정리했습니다. 서울 강서구 빌라청소 현장에 맞춰 필요한 청소 내용을 확인해보세요.",https://clever-griffin-93819d.netlify.app/seoul-gangseo-gu-villa-cleaning-price/,서울 강서구 빌라청소 가격,12
서울 강서구 빌라청소 비용,seoul-gangseo-gu-villa-cleaning-cost,PASS,100,,서울 강서구 빌라청소 비용 | 체인지클린,서울 강서구 빌라청소를 알아보는 분을 위한 안내입니다. 서울 강서구 빌라청소 비용 작업 전 확인사항부터 마무리 점검까지 자세히 정리했습니다.,https://clever-griffin-93819d.netlify.app/seoul-gangseo-gu-villa-cleaning-cost/,서울 강서구 빌라청소 비용,12
서울 강서구 빌라청소 견적,seoul-gangseo-gu-villa-cleaning-quote,PASS,100,,서울 강서구 빌라청소 견적 | 현장별 청소 정보,"서울 강서구 빌라청소 견적 작업 범위와 준비사항, 진행 순서, 확인 항목을 정리했습니다. 서울 강서구 빌라청소 현장에 맞춰 필요한 청소 내용을 확인해보세요.",https://clever-griffin-93819d.netlify.app/seoul-gangseo-gu-villa-cleaning-quote/,서울 강서구 빌라청소 견적,12
서울 강서구 아파트청소,seoul-gangseo-gu-apartment-cleaning,PASS,100,,서울 강서구 아파트청소 | 현장별 청소 정보,"서울 강서구 아파트청소 작업 범위와 준비사항, 진행 순서, 확인 항목을 정리했습니다. 서울 강서구 아파트청소 현장에 맞춰 필요한 청소 내용을 확인해보세요.",https://clever-griffin-93819d.netlify.app/seoul-gangseo-gu-apartment-cleaning/,서울 강서구 아파트청소,12
서울 강서구 아파트청소 전문업체,seoul-gangseo-gu-apartment-cleaning-company,PASS,100,,서울 강서구 아파트청소 전문업체 | 현장별 청소 정보,서울 강서구 아파트청소 전문업체 관련 청소 과정과 체크포인트를 안내합니다. 공간 상태와 오염 범위를 확인한 뒤 현장에 맞는 작업을 진행합니다.,https://clever-griffin-93819d.netlify.app/seoul-gangseo-gu-apartment-cleaning-company/,서울 강서구 아파트청소 전문업체,12
서울 강서구 아파트청소 잘하는곳,seoul-gangseo-gu-apartment-cleaning-best,PASS,100,,서울 강서구 아파트청소 잘하는곳 - 청소 작업 안내,서울 강서구 아파트청소 잘하는곳 관련 청소 과정과 체크포인트를 안내합니다. 공간 상태와 오염 범위를 확인한 뒤 현장에 맞는 작업을 진행합니다.,https://clever-griffin-93819d.netlify.app/seoul-gangseo-gu-apartment-cleaning-best/,서울 강서구 아파트청소 잘하는곳,12
서울 강서구 아파트청소 가격,seoul-gangseo-gu-apartment-cleaning-price,PASS,100,,서울 강서구 아파트청소 가격 | 체인지클린,서울 강서구 아파트청소 가격 관련 청소 과정과 체크포인트를 안내합니다. 공간 상태와 오염 범위를 확인한 뒤 현장에 맞는 작업을 진행합니다.,https://clever-griffin-93819d.netlify.app/seoul-gangseo-gu-apartment-cleaning-price/,서울 강서구 아파트청소 가격,12
서울 강서구 아파트청소 비용,seoul-gangseo-gu-apartment-cleaning-cost,PASS,100,,서울 강서구 아파트청소 비용 | 체인지클린,서울 강서구 아파트청소 비용 관련 청소 과정과 체크포인트를 안내합니다. 공간 상태와 오염 범위를 확인한 뒤 현장에 맞는 작업을 진행합니다.,https://clever-griffin-93819d.netlify.app/seoul-gangseo-gu-apartment-cleaning-cost/,서울 강서구 아파트청소 비용,12
서울 강서구 아파트청소 견적,seoul-gangseo-gu-apartment-cleaning-quote,PASS,100,,서울 강서구 아파트청소 견적 | 현장별 청소 정보,서울 강서구 아파트청소 견적 관련 청소 과정과 체크포인트를 안내합니다. 공간 상태와 오염 범위를 확인한 뒤 현장에 맞는 작업을 진행합니다.,https://clever-griffin-93819d.netlify.app/seoul-gangseo-gu-apartment-cleaning-quote/,서울 강서구 아파트청소 견적,12
서울 강서구 오피스텔청소,seoul-gangseo-gu-officetel-cleaning,PASS,100,,서울 강서구 오피스텔청소 | 체인지클린,"서울 강서구 오피스텔청소 작업 범위와 준비사항, 진행 순서, 확인 항목을 정리했습니다. 서울 강서구 오피스텔청소 현장에 맞춰 필요한 청소 내용을 확인해보세요.",https://clever-griffin-93819d.netlify.app/seoul-gangseo-gu-officetel-cleaning/,서울 강서구 오피스텔청소,12
서울 강서구 오피스텔청소 전문업체,seoul-gangseo-gu-officetel-cleaning-company,PASS,100,,서울 강서구 오피스텔청소 전문업체 | 체인지클린,서울 강서구 오피스텔청소 전문업체 관련 청소 과정과 체크포인트를 안내합니다. 공간 상태와 오염 범위를 확인한 뒤 현장에 맞는 작업을 진행합니다.,https://clever-griffin-93819d.netlify.app/seoul-gangseo-gu-officetel-cleaning-company/,서울 강서구 오피스텔청소 전문업체,12
서울 강서구 오피스텔청소 잘하는곳,seoul-gangseo-gu-officetel-cleaning-best,PASS,100,,서울 강서구 오피스텔청소 잘하는곳 - 청소 작업 안내,서울 강서구 오피스텔청소를 알아보는 분을 위한 안내입니다. 서울 강서구 오피스텔청소 잘하는곳 작업 전 확인사항부터 마무리 점검까지 자세히 정리했습니다.,https://clever-griffin-93819d.netlify.app/seoul-gangseo-gu-officetel-cleaning-best/,서울 강서구 오피스텔청소 잘하는곳,12
서울 강서구 오피스텔청소 가격,seoul-gangseo-gu-officetel-cleaning-price,PASS,100,,서울 강서구 오피스텔청소 가격 | 체인지클린,"서울 강서구 오피스텔청소 가격 작업 범위와 준비사항, 진행 순서, 확인 항목을 정리했습니다. 서울 강서구 오피스텔청소 현장에 맞춰 필요한 청소 내용을 확인해보세요.",https://clever-griffin-93819d.netlify.app/seoul-gangseo-gu-officetel-cleaning-price/,서울 강서구 오피스텔청소 가격,12
서울 강서구 오피스텔청소 비용,seoul-gangseo-gu-officetel-cleaning-cost,PASS,100,,서울 강서구 오피스텔청소 비용 | 체인지클린,서울 강서구 오피스텔청소를 알아보는 분을 위한 안내입니다. 서울 강서구 오피스텔청소 비용 작업 전 확인사항부터 마무리 점검까지 자세히 정리했습니다.,https://clever-griffin-93819d.netlify.app/seoul-gangseo-gu-officetel-cleaning-cost/,서울 강서구 오피스텔청소 비용,12
서울 강서구 오피스텔청소 견적,seoul-gangseo-gu-officetel-cleaning-quote,PASS,100,,서울 강서구 오피스텔청소 견적 | 현장별 청소 정보,서울 강서구 오피스텔청소 견적 관련 청소 과정과 체크포인트를 안내합니다. 공간 상태와 오염 범위를 확인한 뒤 현장에 맞는 작업을 진행합니다.,https://clever-griffin-93819d.netlify.app/seoul-gangseo-gu-officetel-cleaning-quote/,서울 강서구 오피스텔청소 견적,12
서울 강서구 거주청소,seoul-gangseo-gu-home-cleaning,PASS,100,,서울 강서구 거주청소 | 현장별 청소 정보,서울 강서구 거주청소를 알아보는 분을 위한 안내입니다. 서울 강서구 거주청소 작업 전 확인사항부터 마무리 점검까지 자세히 정리했습니다.,https://clever-griffin-93819d.netlify.app/seoul-gangseo-gu-home-cleaning/,서울 강서구 거주청소,12
서울 강서구 거주청소 전문업체,seoul-gangseo-gu-home-cleaning-company,PASS,100,,서울 강서구 거주청소 전문업체 | 현장별 청소 정보,서울 강서구 거주청소 전문업체 관련 청소 과정과 체크포인트를 안내합니다. 공간 상태와 오염 범위를 확인한 뒤 현장에 맞는 작업을 진행합니다.,https://clever-griffin-93819d.netlify.app/seoul-gangseo-gu-home-cleaning-company/,서울 강서구 거주청소 전문업체,12
서울 강서구 거주청소 잘하는곳,seoul-gangseo-gu-home-cleaning-best,PASS,100,,서울 강서구 거주청소 잘하는곳 - 청소 작업 안내,서울 강서구 거주청소를 알아보는 분을 위한 안내입니다. 서울 강서구 거주청소 잘하는곳 작업 전 확인사항부터 마무리 점검까지 자세히 정리했습니다.,https://clever-griffin-93819d.netlify.app/seoul-gangseo-gu-home-cleaning-best/,서울 강서구 거주청소 잘하는곳,12
서울 강서구 거주청소 가격,seoul-gangseo-gu-home-cleaning-price,PASS,100,,서울 강서구 거주청소 가격 | 체인지클린,서울 강서구 거주청소 가격 관련 청소 과정과 체크포인트를 안내합니다. 공간 상태와 오염 범위를 확인한 뒤 현장에 맞는 작업을 진행합니다.,https://clever-griffin-93819d.netlify.app/seoul-gangseo-gu-home-cleaning-price/,서울 강서구 거주청소 가격,12
서울 강서구 거주청소 비용,seoul-gangseo-gu-home-cleaning-cost,PASS,100,,서울 강서구 거주청소 비용 | 체인지클린,서울 강서구 거주청소 비용 관련 청소 과정과 체크포인트를 안내합니다. 공간 상태와 오염 범위를 확인한 뒤 현장에 맞는 작업을 진행합니다.,https://clever-griffin-93819d.netlify.app/seoul-gangseo-gu-home-cleaning-cost/,서울 강서구 거주청소 비용,12
서울 강서구 거주청소 견적,seoul-gangseo-gu-home-cleaning-quote,PASS,100,,서울 강서구 거주청소 견적 | 체인지클린,"서울 강서구 거주청소 견적 작업 범위와 준비사항, 진행 순서, 확인 항목을 정리했습니다. 서울 강서구 거주청소 현장에 맞춰 필요한 청소 내용을 확인해보세요.",https://clever-griffin-93819d.netlify.app/seoul-gangseo-gu-home-cleaning-quote/,서울 강서구 거주청소 견적,12
서울 은평구 입주청소,seoul-eunpyeong-gu-move-in-cleaning,PASS,100,,서울 은평구 입주청소 - 청소 작업 안내,"서울 은평구 입주청소 작업 범위와 준비사항, 진행 순서, 확인 항목을 정리했습니다. 서울 은평구 입주청소 현장에 맞춰 필요한 청소 내용을 확인해보세요.",https://clever-griffin-93819d.netlify.app/seoul-eunpyeong-gu-move-in-cleaning/,서울 은평구 입주청소,12
서울 은평구 입주청소 전문업체,seoul-eunpyeong-gu-move-in-cleaning-company,PASS,100,,서울 은평구 입주청소 전문업체 - 청소 작업 안내,서울 은평구 입주청소 전문업체 관련 청소 과정과 체크포인트를 안내합니다. 공간 상태와 오염 범위를 확인한 뒤 현장에 맞는 작업을 진행합니다.,https://clever-griffin-93819d.netlify.app/seoul-eunpyeong-gu-move-in-cleaning-company/,서울 은평구 입주청소 전문업체,12
서울 은평구 입주청소 잘하는곳,seoul-eunpyeong-gu-move-in-cleaning-best,PASS,100,,서울 은평구 입주청소 잘하는곳 - 청소 작업 안내,서울 은평구 입주청소 잘하는곳 관련 청소 과정과 체크포인트를 안내합니다. 공간 상태와 오염 범위를 확인한 뒤 현장에 맞는 작업을 진행합니다.,https://clever-griffin-93819d.netlify.app/seoul-eunpyeong-gu-move-in-cleaning-best/,서울 은평구 입주청소 잘하는곳,12
서울 은평구 입주청소 가격,seoul-eunpyeong-gu-move-in-cleaning-price,PASS,100,,서울 은평구 입주청소 가격 | 현장별 청소 정보,서울 은평구 입주청소 가격 관련 청소 과정과 체크포인트를 안내합니다. 공간 상태와 오염 범위를 확인한 뒤 현장에 맞는 작업을 진행합니다.,https://clever-griffin-93819d.netlify.app/seoul-eunpyeong-gu-move-in-cleaning-price/,서울 은평구 입주청소 가격,12
서울 은평구 입주청소 비용,seoul-eunpyeong-gu-move-in-cleaning-cost,PASS,100,,서울 은평구 입주청소 비용 | 현장별 청소 정보,"서울 은평구 입주청소 비용 작업 범위와 준비사항, 진행 순서, 확인 항목을 정리했습니다. 서울 은평구 입주청소 현장에 맞춰 필요한 청소 내용을 확인해보세요.",https://clever-griffin-93819d.netlify.app/seoul-eunpyeong-gu-move-in-cleaning-cost/,서울 은평구 입주청소 비용,12
서울 은평구 입주청소 견적,seoul-eunpyeong-gu-move-in-cleaning-quote,PASS,100,,서울 은평구 입주청소 견적 | 체인지클린,서울 은평구 입주청소 견적 관련 청소 과정과 체크포인트를 안내합니다. 공간 상태와 오염 범위를 확인한 뒤 현장에 맞는 작업을 진행합니다.,https://clever-griffin-93819d.netlify.app/seoul-eunpyeong-gu-move-in-cleaning-quote/,서울 은평구 입주청소 견적,12
서울 은평구 이사청소,seoul-eunpyeong-gu-move-out-cleaning,CHECK,96,title 길이 확인,서울 은평구 이사청소 | 체인지클린,"서울 은평구 이사청소 작업 범위와 준비사항, 진행 순서, 확인 항목을 정리했습니다. 서울 은평구 이사청소 현장에 맞춰 필요한 청소 내용을 확인해보세요.",https://clever-griffin-93819d.netlify.app/seoul-eunpyeong-gu-move-out-cleaning/,서울 은평구 이사청소,12
서울 은평구 이사청소 전문업체,seoul-eunpyeong-gu-move-out-cleaning-company,PASS,100,,서울 은평구 이사청소 전문업체 | 현장별 청소 정보,"서울 은평구 이사청소 전문업체 작업 범위와 준비사항, 진행 순서, 확인 항목을 정리했습니다. 서울 은평구 이사청소 현장에 맞춰 필요한 청소 내용을 확인해보세요.",https://clever-griffin-93819d.netlify.app/seoul-eunpyeong-gu-move-out-cleaning-company/,서울 은평구 이사청소 전문업체,12
서울 은평구 이사청소 잘하는곳,seoul-eunpyeong-gu-move-out-cleaning-best,PASS,100,,서울 은평구 이사청소 잘하는곳 | 체인지클린,서울 은평구 이사청소를 알아보는 분을 위한 안내입니다. 서울 은평구 이사청소 잘하는곳 작업 전 확인사항부터 마무리 점검까지 자세히 정리했습니다.,https://clever-griffin-93819d.netlify.app/seoul-eunpyeong-gu-move-out-cleaning-best/,서울 은평구 이사청소 잘하는곳,12
서울 은평구 이사청소 가격,seoul-eunpyeong-gu-move-out-cleaning-price,PASS,100,,서울 은평구 이사청소 가격 | 현장별 청소 정보,서울 은평구 이사청소 가격 관련 청소 과정과 체크포인트를 안내합니다. 공간 상태와 오염 범위를 확인한 뒤 현장에 맞는 작업을 진행합니다.,https://clever-griffin-93819d.netlify.app/seoul-eunpyeong-gu-move-out-cleaning-price/,서울 은평구 이사청소 가격,12
서울 은평구 이사청소 비용,seoul-eunpyeong-gu-move-out-cleaning-cost,PASS,100,,서울 은평구 이사청소 비용 | 현장별 청소 정보,"서울 은평구 이사청소 비용 작업 범위와 준비사항, 진행 순서, 확인 항목을 정리했습니다. 서울 은평구 이사청소 현장에 맞춰 필요한 청소 내용을 확인해보세요.",https://clever-griffin-93819d.netlify.app/seoul-eunpyeong-gu-move-out-cleaning-cost/,서울 은평구 이사청소 비용,12
서울 은평구 이사청소 견적,seoul-eunpyeong-gu-move-out-cleaning-quote,PASS,100,,서울 은평구 이사청소 견적 | 현장별 청소 정보,서울 은평구 이사청소 견적 관련 청소 과정과 체크포인트를 안내합니다. 공간 상태와 오염 범위를 확인한 뒤 현장에 맞는 작업을 진행합니다.,https://clever-griffin-93819d.netlify.app/seoul-eunpyeong-gu-move-out-cleaning-quote/,서울 은평구 이사청소 견적,12
서울 은평구 준공청소,seoul-eunpyeong-gu-post-construction-cleaning,PASS,100,,서울 은평구 준공청소 | 현장별 청소 정보,서울 은평구 준공청소를 알아보는 분을 위한 안내입니다. 서울 은평구 준공청소 작업 전 확인사항부터 마무리 점검까지 자세히 정리했습니다.,https://clever-griffin-93819d.netlify.app/seoul-eunpyeong-gu-post-construction-cleaning/,서울 은평구 준공청소,12
서울 은평구 준공청소 전문업체,seoul-eunpyeong-gu-post-construction-cleaning-company,PASS,100,,서울 은평구 준공청소 전문업체 - 청소 작업 안내,서울 은평구 준공청소 전문업체 관련 청소 과정과 체크포인트를 안내합니다. 공간 상태와 오염 범위를 확인한 뒤 현장에 맞는 작업을 진행합니다.,https://clever-griffin-93819d.netlify.app/seoul-eunpyeong-gu-post-construction-cleaning-company/,서울 은평구 준공청소 전문업체,12
서울 은평구 준공청소 잘하는곳,seoul-eunpyeong-gu-post-construction-cleaning-best,PASS,100,,서울 은평구 준공청소 잘하는곳 | 체인지클린,"서울 은평구 준공청소 잘하는곳 작업 범위와 준비사항, 진행 순서, 확인 항목을 정리했습니다. 서울 은평구 준공청소 현장에 맞춰 필요한 청소 내용을 확인해보세요.",https://clever-griffin-93819d.netlify.app/seoul-eunpyeong-gu-post-construction-cleaning-best/,서울 은평구 준공청소 잘하는곳,12
서울 은평구 준공청소 가격,seoul-eunpyeong-gu-post-construction-cleaning-price,PASS,100,,서울 은평구 준공청소 가격 | 현장별 청소 정보,"서울 은평구 준공청소 가격 작업 범위와 준비사항, 진행 순서, 확인 항목을 정리했습니다. 서울 은평구 준공청소 현장에 맞춰 필요한 청소 내용을 확인해보세요.",https://clever-griffin-93819d.netlify.app/seoul-eunpyeong-gu-post-construction-cleaning-price/,서울 은평구 준공청소 가격,12
서울 은평구 준공청소 비용,seoul-eunpyeong-gu-post-construction-cleaning-cost,PASS,100,,서울 은평구 준공청소 비용 | 체인지클린,"서울 은평구 준공청소 비용 작업 범위와 준비사항, 진행 순서, 확인 항목을 정리했습니다. 서울 은평구 준공청소 현장에 맞춰 필요한 청소 내용을 확인해보세요.",https://clever-griffin-93819d.netlify.app/seoul-eunpyeong-gu-post-construction-cleaning-cost/,서울 은평구 준공청소 비용,12
서울 은평구 준공청소 견적,seoul-eunpyeong-gu-post-construction-cleaning-quote,PASS,100,,서울 은평구 준공청소 견적 - 청소 작업 안내,서울 은평구 준공청소 견적 관련 청소 과정과 체크포인트를 안내합니다. 공간 상태와 오염 범위를 확인한 뒤 현장에 맞는 작업을 진행합니다.,https://clever-griffin-93819d.netlify.app/seoul-eunpyeong-gu-post-construction-cleaning-quote/,서울 은평구 준공청소 견적,12
서울 은평구 상가청소,seoul-eunpyeong-gu-store-cleaning,CHECK,96,title 길이 확인,서울 은평구 상가청소 | 체인지클린,서울 은평구 상가청소 관련 청소 과정과 체크포인트를 안내합니다. 공간 상태와 오염 범위를 확인한 뒤 현장에 맞는 작업을 진행합니다.,https://clever-griffin-93819d.netlify.app/seoul-eunpyeong-gu-store-cleaning/,서울 은평구 상가청소,12
서울 은평구 상가청소 전문업체,seoul-eunpyeong-gu-store-cleaning-company,PASS,100,,서울 은평구 상가청소 전문업체 | 현장별 청소 정보,"서울 은평구 상가청소 전문업체 작업 범위와 준비사항, 진행 순서, 확인 항목을 정리했습니다. 서울 은평구 상가청소 현장에 맞춰 필요한 청소 내용을 확인해보세요.",https://clever-griffin-93819d.netlify.app/seoul-eunpyeong-gu-store-cleaning-company/,서울 은평구 상가청소 전문업체,12
서울 은평구 상가청소 잘하는곳,seoul-eunpyeong-gu-store-cleaning-best,PASS,100,,서울 은평구 상가청소 잘하는곳 - 청소 작업 안내,서울 은평구 상가청소를 알아보는 분을 위한 안내입니다. 서울 은평구 상가청소 잘하는곳 작업 전 확인사항부터 마무리 점검까지 자세히 정리했습니다.,https://clever-griffin-93819d.netlify.app/seoul-eunpyeong-gu-store-cleaning-best/,서울 은평구 상가청소 잘하는곳,12
서울 은평구 상가청소 가격,seoul-eunpyeong-gu-store-cleaning-price,PASS,100,,서울 은평구 상가청소 가격 | 현장별 청소 정보,"서울 은평구 상가청소 가격 작업 범위와 준비사항, 진행 순서, 확인 항목을 정리했습니다. 서울 은평구 상가청소 현장에 맞춰 필요한 청소 내용을 확인해보세요.",https://clever-griffin-93819d.netlify.app/seoul-eunpyeong-gu-store-cleaning-price/,서울 은평구 상가청소 가격,12
서울 은평구 상가청소 비용,seoul-eunpyeong-gu-store-cleaning-cost,PASS,100,,서울 은평구 상가청소 비용 | 현장별 청소 정보,서울 은평구 상가청소를 알아보는 분을 위한 안내입니다. 서울 은평구 상가청소 비용 작업 전 확인사항부터 마무리 점검까지 자세히 정리했습니다.,https://clever-griffin-93819d.netlify.app/seoul-eunpyeong-gu-store-cleaning-cost/,서울 은평구 상가청소 비용,12
서울 은평구 상가청소 견적,seoul-eunpyeong-gu-store-cleaning-quote,PASS,100,,서울 은평구 상가청소 견적 - 청소 작업 안내,서울 은평구 상가청소 견적 관련 청소 과정과 체크포인트를 안내합니다. 공간 상태와 오염 범위를 확인한 뒤 현장에 맞는 작업을 진행합니다.,https://clever-griffin-93819d.netlify.app/seoul-eunpyeong-gu-store-cleaning-quote/,서울 은평구 상가청소 견적,12
서울 은평구 사무실청소,seoul-eunpyeong-gu-office-cleaning,PASS,100,,서울 은평구 사무실청소 - 청소 작업 안내,서울 은평구 사무실청소를 알아보는 분을 위한 안내입니다. 서울 은평구 사무실청소 작업 전 확인사항부터 마무리 점검까지 자세히 정리했습니다.,https://clever-griffin-93819d.netlify.app/seoul-eunpyeong-gu-office-cleaning/,서울 은평구 사무실청소,12
서울 은평구 사무실청소 전문업체,seoul-eunpyeong-gu-office-cleaning-company,PASS,100,,서울 은평구 사무실청소 전문업체 | 현장별 청소 정보,서울 은평구 사무실청소를 알아보는 분을 위한 안내입니다. 서울 은평구 사무실청소 전문업체 작업 전 확인사항부터 마무리 점검까지 자세히 정리했습니다.,https://clever-griffin-93819d.netlify.app/seoul-eunpyeong-gu-office-cleaning-company/,서울 은평구 사무실청소 전문업체,12
서울 은평구 사무실청소 잘하는곳,seoul-eunpyeong-gu-office-cleaning-best,PASS,100,,서울 은평구 사무실청소 잘하는곳 - 청소 작업 안내,"서울 은평구 사무실청소 잘하는곳 작업 범위와 준비사항, 진행 순서, 확인 항목을 정리했습니다. 서울 은평구 사무실청소 현장에 맞춰 필요한 청소 내용을 확인해보세요.",https://clever-griffin-93819d.netlify.app/seoul-eunpyeong-gu-office-cleaning-best/,서울 은평구 사무실청소 잘하는곳,12
서울 은평구 사무실청소 가격,seoul-eunpyeong-gu-office-cleaning-price,PASS,100,,서울 은평구 사무실청소 가격 - 청소 작업 안내,서울 은평구 사무실청소를 알아보는 분을 위한 안내입니다. 서울 은평구 사무실청소 가격 작업 전 확인사항부터 마무리 점검까지 자세히 정리했습니다.,https://clever-griffin-93819d.netlify.app/seoul-eunpyeong-gu-office-cleaning-price/,서울 은평구 사무실청소 가격,12
서울 은평구 사무실청소 비용,seoul-eunpyeong-gu-office-cleaning-cost,PASS,100,,서울 은평구 사무실청소 비용 - 청소 작업 안내,서울 은평구 사무실청소를 알아보는 분을 위한 안내입니다. 서울 은평구 사무실청소 비용 작업 전 확인사항부터 마무리 점검까지 자세히 정리했습니다.,https://clever-griffin-93819d.netlify.app/seoul-eunpyeong-gu-office-cleaning-cost/,서울 은평구 사무실청소 비용,12
서울 은평구 사무실청소 견적,seoul-eunpyeong-gu-office-cleaning-quote,PASS,100,,서울 은평구 사무실청소 견적 - 청소 작업 안내,"서울 은평구 사무실청소 견적 작업 범위와 준비사항, 진행 순서, 확인 항목을 정리했습니다. 서울 은평구 사무실청소 현장에 맞춰 필요한 청소 내용을 확인해보세요.",https://clever-griffin-93819d.netlify.app/seoul-eunpyeong-gu-office-cleaning-quote/,서울 은평구 사무실청소 견적,12
서울 은평구 빌라청소,seoul-eunpyeong-gu-villa-cleaning,CHECK,96,title 길이 확인,서울 은평구 빌라청소 | 체인지클린,서울 은평구 빌라청소 관련 청소 과정과 체크포인트를 안내합니다. 공간 상태와 오염 범위를 확인한 뒤 현장에 맞는 작업을 진행합니다.,https://clever-griffin-93819d.netlify.app/seoul-eunpyeong-gu-villa-cleaning/,서울 은평구 빌라청소,12
서울 은평구 빌라청소 전문업체,seoul-eunpyeong-gu-villa-cleaning-company,PASS,100,,서울 은평구 빌라청소 전문업체 | 현장별 청소 정보,서울 은평구 빌라청소를 알아보는 분을 위한 안내입니다. 서울 은평구 빌라청소 전문업체 작업 전 확인사항부터 마무리 점검까지 자세히 정리했습니다.,https://clever-griffin-93819d.netlify.app/seoul-eunpyeong-gu-villa-cleaning-company/,서울 은평구 빌라청소 전문업체,12
서울 은평구 빌라청소 잘하는곳,seoul-eunpyeong-gu-villa-cleaning-best,PASS,100,,서울 은평구 빌라청소 잘하는곳 - 청소 작업 안내,서울 은평구 빌라청소를 알아보는 분을 위한 안내입니다. 서울 은평구 빌라청소 잘하는곳 작업 전 확인사항부터 마무리 점검까지 자세히 정리했습니다.,https://clever-griffin-93819d.netlify.app/seoul-eunpyeong-gu-villa-cleaning-best/,서울 은평구 빌라청소 잘하는곳,12
서울 은평구 빌라청소 가격,seoul-eunpyeong-gu-villa-cleaning-price,PASS,100,,서울 은평구 빌라청소 가격 - 청소 작업 안내,"서울 은평구 빌라청소 가격 작업 범위와 준비사항, 진행 순서, 확인 항목을 정리했습니다. 서울 은평구 빌라청소 현장에 맞춰 필요한 청소 내용을 확인해보세요.",https://clever-griffin-93819d.netlify.app/seoul-eunpyeong-gu-villa-cleaning-price/,서울 은평구 빌라청소 가격,12
서울 은평구 빌라청소 비용,seoul-eunpyeong-gu-villa-cleaning-cost,PASS,100,,서울 은평구 빌라청소 비용 - 청소 작업 안내,서울 은평구 빌라청소를 알아보는 분을 위한 안내입니다. 서울 은평구 빌라청소 비용 작업 전 확인사항부터 마무리 점검까지 자세히 정리했습니다.,https://clever-griffin-93819d.netlify.app/seoul-eunpyeong-gu-villa-cleaning-cost/,서울 은평구 빌라청소 비용,12
서울 은평구 빌라청소 견적,seoul-eunpyeong-gu-villa-cleaning-quote,PASS,100,,서울 은평구 빌라청소 견적 | 체인지클린,"서울 은평구 빌라청소 견적 작업 범위와 준비사항, 진행 순서, 확인 항목을 정리했습니다. 서울 은평구 빌라청소 현장에 맞춰 필요한 청소 내용을 확인해보세요.",https://clever-griffin-93819d.netlify.app/seoul-eunpyeong-gu-villa-cleaning-quote/,서울 은평구 빌라청소 견적,12
서울 은평구 아파트청소,seoul-eunpyeong-gu-apartment-cleaning,PASS,100,,서울 은평구 아파트청소 | 체인지클린,서울 은평구 아파트청소를 알아보는 분을 위한 안내입니다. 서울 은평구 아파트청소 작업 전 확인사항부터 마무리 점검까지 자세히 정리했습니다.,https://clever-griffin-93819d.netlify.app/seoul-eunpyeong-gu-apartment-cleaning/,서울 은평구 아파트청소,12
서울 은평구 아파트청소 전문업체,seoul-eunpyeong-gu-apartment-cleaning-company,PASS,100,,서울 은평구 아파트청소 전문업체 - 청소 작업 안내,"서울 은평구 아파트청소 전문업체 작업 범위와 준비사항, 진행 순서, 확인 항목을 정리했습니다. 서울 은평구 아파트청소 현장에 맞춰 필요한 청소 내용을 확인해보세요.",https://clever-griffin-93819d.netlify.app/seoul-eunpyeong-gu-apartment-cleaning-company/,서울 은평구 아파트청소 전문업체,12
서울 은평구 아파트청소 잘하는곳,seoul-eunpyeong-gu-apartment-cleaning-best,PASS,100,,서울 은평구 아파트청소 잘하는곳 - 청소 작업 안내,"서울 은평구 아파트청소 잘하는곳 작업 범위와 준비사항, 진행 순서, 확인 항목을 정리했습니다. 서울 은평구 아파트청소 현장에 맞춰 필요한 청소 내용을 확인해보세요.",https://clever-griffin-93819d.netlify.app/seoul-eunpyeong-gu-apartment-cleaning-best/,서울 은평구 아파트청소 잘하는곳,12
서울 은평구 아파트청소 가격,seoul-eunpyeong-gu-apartment-cleaning-price,PASS,100,,서울 은평구 아파트청소 가격 - 청소 작업 안내,"서울 은평구 아파트청소 가격 작업 범위와 준비사항, 진행 순서, 확인 항목을 정리했습니다. 서울 은평구 아파트청소 현장에 맞춰 필요한 청소 내용을 확인해보세요.",https://clever-griffin-93819d.netlify.app/seoul-eunpyeong-gu-apartment-cleaning-price/,서울 은평구 아파트청소 가격,12
서울 은평구 아파트청소 비용,seoul-eunpyeong-gu-apartment-cleaning-cost,PASS,100,,서울 은평구 아파트청소 비용 | 현장별 청소 정보,"서울 은평구 아파트청소 비용 작업 범위와 준비사항, 진행 순서, 확인 항목을 정리했습니다. 서울 은평구 아파트청소 현장에 맞춰 필요한 청소 내용을 확인해보세요.",https://clever-griffin-93819d.netlify.app/seoul-eunpyeong-gu-apartment-cleaning-cost/,서울 은평구 아파트청소 비용,12
서울 은평구 아파트청소 견적,seoul-eunpyeong-gu-apartment-cleaning-quote,PASS,100,,서울 은평구 아파트청소 견적 | 현장별 청소 정보,"서울 은평구 아파트청소 견적 작업 범위와 준비사항, 진행 순서, 확인 항목을 정리했습니다. 서울 은평구 아파트청소 현장에 맞춰 필요한 청소 내용을 확인해보세요.",https://clever-griffin-93819d.netlify.app/seoul-eunpyeong-gu-apartment-cleaning-quote/,서울 은평구 아파트청소 견적,12
서울 은평구 오피스텔청소,seoul-eunpyeong-gu-officetel-cleaning,PASS,100,,서울 은평구 오피스텔청소 | 체인지클린,"서울 은평구 오피스텔청소 작업 범위와 준비사항, 진행 순서, 확인 항목을 정리했습니다. 서울 은평구 오피스텔청소 현장에 맞춰 필요한 청소 내용을 확인해보세요.",https://clever-griffin-93819d.netlify.app/seoul-eunpyeong-gu-officetel-cleaning/,서울 은평구 오피스텔청소,12
서울 은평구 오피스텔청소 전문업체,seoul-eunpyeong-gu-officetel-cleaning-company,PASS,100,,서울 은평구 오피스텔청소 전문업체 - 청소 작업 안내,서울 은평구 오피스텔청소를 알아보는 분을 위한 안내입니다. 서울 은평구 오피스텔청소 전문업체 작업 전 확인사항부터 마무리 점검까지 자세히 정리했습니다.,https://clever-griffin-93819d.netlify.app/seoul-eunpyeong-gu-officetel-cleaning-company/,서울 은평구 오피스텔청소 전문업체,12
서울 은평구 오피스텔청소 잘하는곳,seoul-eunpyeong-gu-officetel-cleaning-best,PASS,100,,서울 은평구 오피스텔청소 잘하는곳 | 현장별 청소 정보,서울 은평구 오피스텔청소 잘하는곳 관련 청소 과정과 체크포인트를 안내합니다. 공간 상태와 오염 범위를 확인한 뒤 현장에 맞는 작업을 진행합니다.,https://clever-griffin-93819d.netlify.app/seoul-eunpyeong-gu-officetel-cleaning-best/,서울 은평구 오피스텔청소 잘하는곳,12
서울 은평구 오피스텔청소 가격,seoul-eunpyeong-gu-officetel-cleaning-price,PASS,100,,서울 은평구 오피스텔청소 가격 - 청소 작업 안내,서울 은평구 오피스텔청소 가격 관련 청소 과정과 체크포인트를 안내합니다. 공간 상태와 오염 범위를 확인한 뒤 현장에 맞는 작업을 진행합니다.,https://clever-griffin-93819d.netlify.app/seoul-eunpyeong-gu-officetel-cleaning-price/,서울 은평구 오피스텔청소 가격,12
서울 은평구 오피스텔청소 비용,seoul-eunpyeong-gu-officetel-cleaning-cost,PASS,100,,서울 은평구 오피스텔청소 비용 | 체인지클린,서울 은평구 오피스텔청소 비용 관련 청소 과정과 체크포인트를 안내합니다. 공간 상태와 오염 범위를 확인한 뒤 현장에 맞는 작업을 진행합니다.,https://clever-griffin-93819d.netlify.app/seoul-eunpyeong-gu-officetel-cleaning-cost/,서울 은평구 오피스텔청소 비용,12
서울 은평구 오피스텔청소 견적,seoul-eunpyeong-gu-officetel-cleaning-quote,PASS,100,,서울 은평구 오피스텔청소 견적 | 현장별 청소 정보,서울 은평구 오피스텔청소를 알아보는 분을 위한 안내입니다. 서울 은평구 오피스텔청소 견적 작업 전 확인사항부터 마무리 점검까지 자세히 정리했습니다.,https://clever-griffin-93819d.netlify.app/seoul-eunpyeong-gu-officetel-cleaning-quote/,서울 은평구 오피스텔청소 견적,12
서울 은평구 거주청소,seoul-eunpyeong-gu-home-cleaning,CHECK,96,title 길이 확인,서울 은평구 거주청소 | 체인지클린,"서울 은평구 거주청소 작업 범위와 준비사항, 진행 순서, 확인 항목을 정리했습니다. 서울 은평구 거주청소 현장에 맞춰 필요한 청소 내용을 확인해보세요.",https://clever-griffin-93819d.netlify.app/seoul-eunpyeong-gu-home-cleaning/,서울 은평구 거주청소,12
서울 은평구 거주청소 전문업체,seoul-eunpyeong-gu-home-cleaning-company,PASS,100,,서울 은평구 거주청소 전문업체 - 청소 작업 안내,서울 은평구 거주청소 전문업체 관련 청소 과정과 체크포인트를 안내합니다. 공간 상태와 오염 범위를 확인한 뒤 현장에 맞는 작업을 진행합니다.,https://clever-griffin-93819d.netlify.app/seoul-eunpyeong-gu-home-cleaning-company/,서울 은평구 거주청소 전문업체,12
서울 은평구 거주청소 잘하는곳,seoul-eunpyeong-gu-home-cleaning-best,PASS,100,,서울 은평구 거주청소 잘하는곳 | 체인지클린,"서울 은평구 거주청소 잘하는곳 작업 범위와 준비사항, 진행 순서, 확인 항목을 정리했습니다. 서울 은평구 거주청소 현장에 맞춰 필요한 청소 내용을 확인해보세요.",https://clever-griffin-93819d.netlify.app/seoul-eunpyeong-gu-home-cleaning-best/,서울 은평구 거주청소 잘하는곳,12
서울 은평구 거주청소 가격,seoul-eunpyeong-gu-home-cleaning-price,PASS,100,,서울 은평구 거주청소 가격 - 청소 작업 안내,서울 은평구 거주청소를 알아보는 분을 위한 안내입니다. 서울 은평구 거주청소 가격 작업 전 확인사항부터 마무리 점검까지 자세히 정리했습니다.,https://clever-griffin-93819d.netlify.app/seoul-eunpyeong-gu-home-cleaning-price/,서울 은평구 거주청소 가격,12
서울 은평구 거주청소 비용,seoul-eunpyeong-gu-home-cleaning-cost,PASS,100,,서울 은평구 거주청소 비용 - 청소 작업 안내,서울 은평구 거주청소 비용 관련 청소 과정과 체크포인트를 안내합니다. 공간 상태와 오염 범위를 확인한 뒤 현장에 맞는 작업을 진행합니다.,https://clever-griffin-93819d.netlify.app/seoul-eunpyeong-gu-home-cleaning-cost/,서울 은평구 거주청소 비용,12
서울 은평구 거주청소 견적,seoul-eunpyeong-gu-home-cleaning-quote,PASS,100,,서울 은평구 거주청소 견적 | 체인지클린,서울 은평구 거주청소를 알아보는 분을 위한 안내입니다. 서울 은평구 거주청소 견적 작업 전 확인사항부터 마무리 점검까지 자세히 정리했습니다.,https://clever-griffin-93819d.netlify.app/seoul-eunpyeong-gu-home-cleaning-quote/,서울 은평구 거주청소 견적,12
서울 서대문구 입주청소,seoul-seodaemun-gu-move-in-cleaning,PASS,100,,서울 서대문구 입주청소 | 체인지클린,"서울 서대문구 입주청소 작업 범위와 준비사항, 진행 순서, 확인 항목을 정리했습니다. 서울 서대문구 입주청소 현장에 맞춰 필요한 청소 내용을 확인해보세요.",https://clever-griffin-93819d.netlify.app/seoul-seodaemun-gu-move-in-cleaning/,서울 서대문구 입주청소,12
서울 서대문구 입주청소 전문업체,seoul-seodaemun-gu-move-in-cleaning-company,PASS,100,,서울 서대문구 입주청소 전문업체 | 체인지클린,서울 서대문구 입주청소를 알아보는 분을 위한 안내입니다. 서울 서대문구 입주청소 전문업체 작업 전 확인사항부터 마무리 점검까지 자세히 정리했습니다.,https://clever-griffin-93819d.netlify.app/seoul-seodaemun-gu-move-in-cleaning-company/,서울 서대문구 입주청소 전문업체,12
서울 서대문구 입주청소 잘하는곳,seoul-seodaemun-gu-move-in-cleaning-best,PASS,100,,서울 서대문구 입주청소 잘하는곳 - 청소 작업 안내,서울 서대문구 입주청소를 알아보는 분을 위한 안내입니다. 서울 서대문구 입주청소 잘하는곳 작업 전 확인사항부터 마무리 점검까지 자세히 정리했습니다.,https://clever-griffin-93819d.netlify.app/seoul-seodaemun-gu-move-in-cleaning-best/,서울 서대문구 입주청소 잘하는곳,12
서울 서대문구 입주청소 가격,seoul-seodaemun-gu-move-in-cleaning-price,PASS,100,,서울 서대문구 입주청소 가격 | 현장별 청소 정보,서울 서대문구 입주청소 가격 관련 청소 과정과 체크포인트를 안내합니다. 공간 상태와 오염 범위를 확인한 뒤 현장에 맞는 작업을 진행합니다.,https://clever-griffin-93819d.netlify.app/seoul-seodaemun-gu-move-in-cleaning-price/,서울 서대문구 입주청소 가격,12
서울 서대문구 입주청소 비용,seoul-seodaemun-gu-move-in-cleaning-cost,PASS,100,,서울 서대문구 입주청소 비용 | 현장별 청소 정보,서울 서대문구 입주청소 비용 관련 청소 과정과 체크포인트를 안내합니다. 공간 상태와 오염 범위를 확인한 뒤 현장에 맞는 작업을 진행합니다.,https://clever-griffin-93819d.netlify.app/seoul-seodaemun-gu-move-in-cleaning-cost/,서울 서대문구 입주청소 비용,12
서울 서대문구 입주청소 견적,seoul-seodaemun-gu-move-in-cleaning-quote,PASS,100,,서울 서대문구 입주청소 견적 | 체인지클린,"서울 서대문구 입주청소 견적 작업 범위와 준비사항, 진행 순서, 확인 항목을 정리했습니다. 서울 서대문구 입주청소 현장에 맞춰 필요한 청소 내용을 확인해보세요.",https://clever-griffin-93819d.netlify.app/seoul-seodaemun-gu-move-in-cleaning-quote/,서울 서대문구 입주청소 견적,12
서울 서대문구 이사청소,seoul-seodaemun-gu-move-out-cleaning,PASS,100,,서울 서대문구 이사청소 | 체인지클린,"서울 서대문구 이사청소 작업 범위와 준비사항, 진행 순서, 확인 항목을 정리했습니다. 서울 서대문구 이사청소 현장에 맞춰 필요한 청소 내용을 확인해보세요.",https://clever-griffin-93819d.netlify.app/seoul-seodaemun-gu-move-out-cleaning/,서울 서대문구 이사청소,12
서울 서대문구 이사청소 전문업체,seoul-seodaemun-gu-move-out-cleaning-company,PASS,100,,서울 서대문구 이사청소 전문업체 - 청소 작업 안내,"서울 서대문구 이사청소 전문업체 작업 범위와 준비사항, 진행 순서, 확인 항목을 정리했습니다. 서울 서대문구 이사청소 현장에 맞춰 필요한 청소 내용을 확인해보세요.",https://clever-griffin-93819d.netlify.app/seoul-seodaemun-gu-move-out-cleaning-company/,서울 서대문구 이사청소 전문업체,12
서울 서대문구 이사청소 잘하는곳,seoul-seodaemun-gu-move-out-cleaning-best,PASS,100,,서울 서대문구 이사청소 잘하는곳 | 현장별 청소 정보,"서울 서대문구 이사청소 잘하는곳 작업 범위와 준비사항, 진행 순서, 확인 항목을 정리했습니다. 서울 서대문구 이사청소 현장에 맞춰 필요한 청소 내용을 확인해보세요.",https://clever-griffin-93819d.netlify.app/seoul-seodaemun-gu-move-out-cleaning-best/,서울 서대문구 이사청소 잘하는곳,12
서울 서대문구 이사청소 가격,seoul-seodaemun-gu-move-out-cleaning-price,PASS,100,,서울 서대문구 이사청소 가격 | 체인지클린,"서울 서대문구 이사청소 가격 작업 범위와 준비사항, 진행 순서, 확인 항목을 정리했습니다. 서울 서대문구 이사청소 현장에 맞춰 필요한 청소 내용을 확인해보세요.",https://clever-griffin-93819d.netlify.app/seoul-seodaemun-gu-move-out-cleaning-price/,서울 서대문구 이사청소 가격,12
서울 서대문구 이사청소 비용,seoul-seodaemun-gu-move-out-cleaning-cost,PASS,100,,서울 서대문구 이사청소 비용 | 체인지클린,서울 서대문구 이사청소 비용 관련 청소 과정과 체크포인트를 안내합니다. 공간 상태와 오염 범위를 확인한 뒤 현장에 맞는 작업을 진행합니다.,https://clever-griffin-93819d.netlify.app/seoul-seodaemun-gu-move-out-cleaning-cost/,서울 서대문구 이사청소 비용,12
서울 서대문구 이사청소 견적,seoul-seodaemun-gu-move-out-cleaning-quote,PASS,100,,서울 서대문구 이사청소 견적 - 청소 작업 안내,"서울 서대문구 이사청소 견적 작업 범위와 준비사항, 진행 순서, 확인 항목을 정리했습니다. 서울 서대문구 이사청소 현장에 맞춰 필요한 청소 내용을 확인해보세요.",https://clever-griffin-93819d.netlify.app/seoul-seodaemun-gu-move-out-cleaning-quote/,서울 서대문구 이사청소 견적,12
서울 서대문구 준공청소,seoul-seodaemun-gu-post-construction-cleaning,PASS,100,,서울 서대문구 준공청소 - 청소 작업 안내,서울 서대문구 준공청소 관련 청소 과정과 체크포인트를 안내합니다. 공간 상태와 오염 범위를 확인한 뒤 현장에 맞는 작업을 진행합니다.,https://clever-griffin-93819d.netlify.app/seoul-seodaemun-gu-post-construction-cleaning/,서울 서대문구 준공청소,12
서울 서대문구 준공청소 전문업체,seoul-seodaemun-gu-post-construction-cleaning-company,PASS,100,,서울 서대문구 준공청소 전문업체 | 체인지클린,"서울 서대문구 준공청소 전문업체 작업 범위와 준비사항, 진행 순서, 확인 항목을 정리했습니다. 서울 서대문구 준공청소 현장에 맞춰 필요한 청소 내용을 확인해보세요.",https://clever-griffin-93819d.netlify.app/seoul-seodaemun-gu-post-construction-cleaning-company/,서울 서대문구 준공청소 전문업체,12
서울 서대문구 준공청소 잘하는곳,seoul-seodaemun-gu-post-construction-cleaning-best,PASS,100,,서울 서대문구 준공청소 잘하는곳 | 체인지클린,서울 서대문구 준공청소를 알아보는 분을 위한 안내입니다. 서울 서대문구 준공청소 잘하는곳 작업 전 확인사항부터 마무리 점검까지 자세히 정리했습니다.,https://clever-griffin-93819d.netlify.app/seoul-seodaemun-gu-post-construction-cleaning-best/,서울 서대문구 준공청소 잘하는곳,12
서울 서대문구 준공청소 가격,seoul-seodaemun-gu-post-construction-cleaning-price,PASS,100,,서울 서대문구 준공청소 가격 | 현장별 청소 정보,서울 서대문구 준공청소를 알아보는 분을 위한 안내입니다. 서울 서대문구 준공청소 가격 작업 전 확인사항부터 마무리 점검까지 자세히 정리했습니다.,https://clever-griffin-93819d.netlify.app/seoul-seodaemun-gu-post-construction-cleaning-price/,서울 서대문구 준공청소 가격,12
서울 서대문구 준공청소 비용,seoul-seodaemun-gu-post-construction-cleaning-cost,PASS,100,,서울 서대문구 준공청소 비용 - 청소 작업 안내,서울 서대문구 준공청소 비용 관련 청소 과정과 체크포인트를 안내합니다. 공간 상태와 오염 범위를 확인한 뒤 현장에 맞는 작업을 진행합니다.,https://clever-griffin-93819d.netlify.app/seoul-seodaemun-gu-post-construction-cleaning-cost/,서울 서대문구 준공청소 비용,12
서울 서대문구 준공청소 견적,seoul-seodaemun-gu-post-construction-cleaning-quote,PASS,100,,서울 서대문구 준공청소 견적 - 청소 작업 안내,서울 서대문구 준공청소 견적 관련 청소 과정과 체크포인트를 안내합니다. 공간 상태와 오염 범위를 확인한 뒤 현장에 맞는 작업을 진행합니다.,https://clever-griffin-93819d.netlify.app/seoul-seodaemun-gu-post-construction-cleaning-quote/,서울 서대문구 준공청소 견적,12
서울 서대문구 상가청소,seoul-seodaemun-gu-store-cleaning,PASS,100,,서울 서대문구 상가청소 - 청소 작업 안내,서울 서대문구 상가청소를 알아보는 분을 위한 안내입니다. 서울 서대문구 상가청소 작업 전 확인사항부터 마무리 점검까지 자세히 정리했습니다.,https://clever-griffin-93819d.netlify.app/seoul-seodaemun-gu-store-cleaning/,서울 서대문구 상가청소,12
서울 서대문구 상가청소 전문업체,seoul-seodaemun-gu-store-cleaning-company,PASS,100,,서울 서대문구 상가청소 전문업체 | 체인지클린,"서울 서대문구 상가청소 전문업체 작업 범위와 준비사항, 진행 순서, 확인 항목을 정리했습니다. 서울 서대문구 상가청소 현장에 맞춰 필요한 청소 내용을 확인해보세요.",https://clever-griffin-93819d.netlify.app/seoul-seodaemun-gu-store-cleaning-company/,서울 서대문구 상가청소 전문업체,12
서울 서대문구 상가청소 잘하는곳,seoul-seodaemun-gu-store-cleaning-best,PASS,100,,서울 서대문구 상가청소 잘하는곳 | 체인지클린,서울 서대문구 상가청소를 알아보는 분을 위한 안내입니다. 서울 서대문구 상가청소 잘하는곳 작업 전 확인사항부터 마무리 점검까지 자세히 정리했습니다.,https://clever-griffin-93819d.netlify.app/seoul-seodaemun-gu-store-cleaning-best/,서울 서대문구 상가청소 잘하는곳,12
서울 서대문구 상가청소 가격,seoul-seodaemun-gu-store-cleaning-price,PASS,100,,서울 서대문구 상가청소 가격 | 현장별 청소 정보,"서울 서대문구 상가청소 가격 작업 범위와 준비사항, 진행 순서, 확인 항목을 정리했습니다. 서울 서대문구 상가청소 현장에 맞춰 필요한 청소 내용을 확인해보세요.",https://clever-griffin-93819d.netlify.app/seoul-seodaemun-gu-store-cleaning-price/,서울 서대문구 상가청소 가격,12
서울 서대문구 상가청소 비용,seoul-seodaemun-gu-store-cleaning-cost,PASS,100,,서울 서대문구 상가청소 비용 - 청소 작업 안내,서울 서대문구 상가청소를 알아보는 분을 위한 안내입니다. 서울 서대문구 상가청소 비용 작업 전 확인사항부터 마무리 점검까지 자세히 정리했습니다.,https://clever-griffin-93819d.netlify.app/seoul-seodaemun-gu-store-cleaning-cost/,서울 서대문구 상가청소 비용,12
서울 서대문구 상가청소 견적,seoul-seodaemun-gu-store-cleaning-quote,PASS,100,,서울 서대문구 상가청소 견적 | 현장별 청소 정보,서울 서대문구 상가청소를 알아보는 분을 위한 안내입니다. 서울 서대문구 상가청소 견적 작업 전 확인사항부터 마무리 점검까지 자세히 정리했습니다.,https://clever-griffin-93819d.netlify.app/seoul-seodaemun-gu-store-cleaning-quote/,서울 서대문구 상가청소 견적,12
서울 서대문구 사무실청소,seoul-seodaemun-gu-office-cleaning,PASS,100,,서울 서대문구 사무실청소 - 청소 작업 안내,"서울 서대문구 사무실청소 작업 범위와 준비사항, 진행 순서, 확인 항목을 정리했습니다. 서울 서대문구 사무실청소 현장에 맞춰 필요한 청소 내용을 확인해보세요.",https://clever-griffin-93819d.netlify.app/seoul-seodaemun-gu-office-cleaning/,서울 서대문구 사무실청소,12
서울 서대문구 사무실청소 전문업체,seoul-seodaemun-gu-office-cleaning-company,PASS,100,,서울 서대문구 사무실청소 전문업체 | 체인지클린,서울 서대문구 사무실청소를 알아보는 분을 위한 안내입니다. 서울 서대문구 사무실청소 전문업체 작업 전 확인사항부터 마무리 점검까지 자세히 정리했습니다.,https://clever-griffin-93819d.netlify.app/seoul-seodaemun-gu-office-cleaning-company/,서울 서대문구 사무실청소 전문업체,12
서울 서대문구 사무실청소 잘하는곳,seoul-seodaemun-gu-office-cleaning-best,PASS,100,,서울 서대문구 사무실청소 잘하는곳 | 현장별 청소 정보,서울 서대문구 사무실청소를 알아보는 분을 위한 안내입니다. 서울 서대문구 사무실청소 잘하는곳 작업 전 확인사항부터 마무리 점검까지 자세히 정리했습니다.,https://clever-griffin-93819d.netlify.app/seoul-seodaemun-gu-office-cleaning-best/,서울 서대문구 사무실청소 잘하는곳,12
서울 서대문구 사무실청소 가격,seoul-seodaemun-gu-office-cleaning-price,PASS,100,,서울 서대문구 사무실청소 가격 | 체인지클린,서울 서대문구 사무실청소를 알아보는 분을 위한 안내입니다. 서울 서대문구 사무실청소 가격 작업 전 확인사항부터 마무리 점검까지 자세히 정리했습니다.,https://clever-griffin-93819d.netlify.app/seoul-seodaemun-gu-office-cleaning-price/,서울 서대문구 사무실청소 가격,12
서울 서대문구 사무실청소 비용,seoul-seodaemun-gu-office-cleaning-cost,PASS,100,,서울 서대문구 사무실청소 비용 | 체인지클린,"서울 서대문구 사무실청소 비용 작업 범위와 준비사항, 진행 순서, 확인 항목을 정리했습니다. 서울 서대문구 사무실청소 현장에 맞춰 필요한 청소 내용을 확인해보세요.",https://clever-griffin-93819d.netlify.app/seoul-seodaemun-gu-office-cleaning-cost/,서울 서대문구 사무실청소 비용,12
서울 서대문구 사무실청소 견적,seoul-seodaemun-gu-office-cleaning-quote,PASS,100,,서울 서대문구 사무실청소 견적 | 현장별 청소 정보,"서울 서대문구 사무실청소 견적 작업 범위와 준비사항, 진행 순서, 확인 항목을 정리했습니다. 서울 서대문구 사무실청소 현장에 맞춰 필요한 청소 내용을 확인해보세요.",https://clever-griffin-93819d.netlify.app/seoul-seodaemun-gu-office-cleaning-quote/,서울 서대문구 사무실청소 견적,12
서울 서대문구 빌라청소,seoul-seodaemun-gu-villa-cleaning,PASS,100,,서울 서대문구 빌라청소 | 체인지클린,"서울 서대문구 빌라청소 작업 범위와 준비사항, 진행 순서, 확인 항목을 정리했습니다. 서울 서대문구 빌라청소 현장에 맞춰 필요한 청소 내용을 확인해보세요.",https://clever-griffin-93819d.netlify.app/seoul-seodaemun-gu-villa-cleaning/,서울 서대문구 빌라청소,12
서울 서대문구 빌라청소 전문업체,seoul-seodaemun-gu-villa-cleaning-company,PASS,100,,서울 서대문구 빌라청소 전문업체 - 청소 작업 안내,서울 서대문구 빌라청소를 알아보는 분을 위한 안내입니다. 서울 서대문구 빌라청소 전문업체 작업 전 확인사항부터 마무리 점검까지 자세히 정리했습니다.,https://clever-griffin-93819d.netlify.app/seoul-seodaemun-gu-villa-cleaning-company/,서울 서대문구 빌라청소 전문업체,12
서울 서대문구 빌라청소 잘하는곳,seoul-seodaemun-gu-villa-cleaning-best,PASS,100,,서울 서대문구 빌라청소 잘하는곳 - 청소 작업 안내,서울 서대문구 빌라청소를 알아보는 분을 위한 안내입니다. 서울 서대문구 빌라청소 잘하는곳 작업 전 확인사항부터 마무리 점검까지 자세히 정리했습니다.,https://clever-griffin-93819d.netlify.app/seoul-seodaemun-gu-villa-cleaning-best/,서울 서대문구 빌라청소 잘하는곳,12
서울 서대문구 빌라청소 가격,seoul-seodaemun-gu-villa-cleaning-price,PASS,100,,서울 서대문구 빌라청소 가격 | 현장별 청소 정보,"서울 서대문구 빌라청소 가격 작업 범위와 준비사항, 진행 순서, 확인 항목을 정리했습니다. 서울 서대문구 빌라청소 현장에 맞춰 필요한 청소 내용을 확인해보세요.",https://clever-griffin-93819d.netlify.app/seoul-seodaemun-gu-villa-cleaning-price/,서울 서대문구 빌라청소 가격,12
서울 서대문구 빌라청소 비용,seoul-seodaemun-gu-villa-cleaning-cost,PASS,100,,서울 서대문구 빌라청소 비용 - 청소 작업 안내,서울 서대문구 빌라청소 비용 관련 청소 과정과 체크포인트를 안내합니다. 공간 상태와 오염 범위를 확인한 뒤 현장에 맞는 작업을 진행합니다.,https://clever-griffin-93819d.netlify.app/seoul-seodaemun-gu-villa-cleaning-cost/,서울 서대문구 빌라청소 비용,12
서울 서대문구 빌라청소 견적,seoul-seodaemun-gu-villa-cleaning-quote,PASS,100,,서울 서대문구 빌라청소 견적 | 현장별 청소 정보,서울 서대문구 빌라청소를 알아보는 분을 위한 안내입니다. 서울 서대문구 빌라청소 견적 작업 전 확인사항부터 마무리 점검까지 자세히 정리했습니다.,https://clever-griffin-93819d.netlify.app/seoul-seodaemun-gu-villa-cleaning-quote/,서울 서대문구 빌라청소 견적,12
서울 서대문구 아파트청소,seoul-seodaemun-gu-apartment-cleaning,PASS,100,,서울 서대문구 아파트청소 - 청소 작업 안내,서울 서대문구 아파트청소 관련 청소 과정과 체크포인트를 안내합니다. 공간 상태와 오염 범위를 확인한 뒤 현장에 맞는 작업을 진행합니다.,https://clever-griffin-93819d.netlify.app/seoul-seodaemun-gu-apartment-cleaning/,서울 서대문구 아파트청소,12
서울 서대문구 아파트청소 전문업체,seoul-seodaemun-gu-apartment-cleaning-company,PASS,100,,서울 서대문구 아파트청소 전문업체 | 현장별 청소 정보,서울 서대문구 아파트청소를 알아보는 분을 위한 안내입니다. 서울 서대문구 아파트청소 전문업체 작업 전 확인사항부터 마무리 점검까지 자세히 정리했습니다.,https://clever-griffin-93819d.netlify.app/seoul-seodaemun-gu-apartment-cleaning-company/,서울 서대문구 아파트청소 전문업체,12
서울 서대문구 아파트청소 잘하는곳,seoul-seodaemun-gu-apartment-cleaning-best,PASS,100,,서울 서대문구 아파트청소 잘하는곳 | 체인지클린,서울 서대문구 아파트청소를 알아보는 분을 위한 안내입니다. 서울 서대문구 아파트청소 잘하는곳 작업 전 확인사항부터 마무리 점검까지 자세히 정리했습니다.,https://clever-griffin-93819d.netlify.app/seoul-seodaemun-gu-apartment-cleaning-best/,서울 서대문구 아파트청소 잘하는곳,12
서울 서대문구 아파트청소 가격,seoul-seodaemun-gu-apartment-cleaning-price,PASS,100,,서울 서대문구 아파트청소 가격 | 현장별 청소 정보,서울 서대문구 아파트청소를 알아보는 분을 위한 안내입니다. 서울 서대문구 아파트청소 가격 작업 전 확인사항부터 마무리 점검까지 자세히 정리했습니다.,https://clever-griffin-93819d.netlify.app/seoul-seodaemun-gu-apartment-cleaning-price/,서울 서대문구 아파트청소 가격,12
서울 서대문구 아파트청소 비용,seoul-seodaemun-gu-apartment-cleaning-cost,PASS,100,,서울 서대문구 아파트청소 비용 | 현장별 청소 정보,서울 서대문구 아파트청소 비용 관련 청소 과정과 체크포인트를 안내합니다. 공간 상태와 오염 범위를 확인한 뒤 현장에 맞는 작업을 진행합니다.,https://clever-griffin-93819d.netlify.app/seoul-seodaemun-gu-apartment-cleaning-cost/,서울 서대문구 아파트청소 비용,12
서울 서대문구 아파트청소 견적,seoul-seodaemun-gu-apartment-cleaning-quote,PASS,100,,서울 서대문구 아파트청소 견적 | 현장별 청소 정보,서울 서대문구 아파트청소를 알아보는 분을 위한 안내입니다. 서울 서대문구 아파트청소 견적 작업 전 확인사항부터 마무리 점검까지 자세히 정리했습니다.,https://clever-griffin-93819d.netlify.app/seoul-seodaemun-gu-apartment-cleaning-quote/,서울 서대문구 아파트청소 견적,12
서울 서대문구 오피스텔청소,seoul-seodaemun-gu-officetel-cleaning,PASS,100,,서울 서대문구 오피스텔청소 | 현장별 청소 정보,서울 서대문구 오피스텔청소 관련 청소 과정과 체크포인트를 안내합니다. 공간 상태와 오염 범위를 확인한 뒤 현장에 맞는 작업을 진행합니다.,https://clever-griffin-93819d.netlify.app/seoul-seodaemun-gu-officetel-cleaning/,서울 서대문구 오피스텔청소,12
서울 서대문구 오피스텔청소 전문업체,seoul-seodaemun-gu-officetel-cleaning-company,PASS,100,,서울 서대문구 오피스텔청소 전문업체 | 체인지클린,"서울 서대문구 오피스텔청소 전문업체 작업 범위와 준비사항, 진행 순서, 확인 항목을 정리했습니다. 서울 서대문구 오피스텔청소 현장에 맞춰 필요한 청소 내용을 확인해보세요.",https://clever-griffin-93819d.netlify.app/seoul-seodaemun-gu-officetel-cleaning-company/,서울 서대문구 오피스텔청소 전문업체,12
서울 서대문구 오피스텔청소 잘하는곳,seoul-seodaemun-gu-officetel-cleaning-best,PASS,100,,서울 서대문구 오피스텔청소 잘하는곳 | 체인지클린,서울 서대문구 오피스텔청소 잘하는곳 관련 청소 과정과 체크포인트를 안내합니다. 공간 상태와 오염 범위를 확인한 뒤 현장에 맞는 작업을 진행합니다.,https://clever-griffin-93819d.netlify.app/seoul-seodaemun-gu-officetel-cleaning-best/,서울 서대문구 오피스텔청소 잘하는곳,12
서울 서대문구 오피스텔청소 가격,seoul-seodaemun-gu-officetel-cleaning-price,PASS,100,,서울 서대문구 오피스텔청소 가격 | 현장별 청소 정보,서울 서대문구 오피스텔청소 가격 관련 청소 과정과 체크포인트를 안내합니다. 공간 상태와 오염 범위를 확인한 뒤 현장에 맞는 작업을 진행합니다.,https://clever-griffin-93819d.netlify.app/seoul-seodaemun-gu-officetel-cleaning-price/,서울 서대문구 오피스텔청소 가격,12
서울 서대문구 오피스텔청소 비용,seoul-seodaemun-gu-officetel-cleaning-cost,PASS,100,,서울 서대문구 오피스텔청소 비용 | 현장별 청소 정보,서울 서대문구 오피스텔청소를 알아보는 분을 위한 안내입니다. 서울 서대문구 오피스텔청소 비용 작업 전 확인사항부터 마무리 점검까지 자세히 정리했습니다.,https://clever-griffin-93819d.netlify.app/seoul-seodaemun-gu-officetel-cleaning-cost/,서울 서대문구 오피스텔청소 비용,12
서울 서대문구 오피스텔청소 견적,seoul-seodaemun-gu-officetel-cleaning-quote,PASS,100,,서울 서대문구 오피스텔청소 견적 | 현장별 청소 정보,"서울 서대문구 오피스텔청소 견적 작업 범위와 준비사항, 진행 순서, 확인 항목을 정리했습니다. 서울 서대문구 오피스텔청소 현장에 맞춰 필요한 청소 내용을 확인해보세요.",https://clever-griffin-93819d.netlify.app/seoul-seodaemun-gu-officetel-cleaning-quote/,서울 서대문구 오피스텔청소 견적,12
서울 서대문구 거주청소,seoul-seodaemun-gu-home-cleaning,PASS,100,,서울 서대문구 거주청소 - 청소 작업 안내,서울 서대문구 거주청소 관련 청소 과정과 체크포인트를 안내합니다. 공간 상태와 오염 범위를 확인한 뒤 현장에 맞는 작업을 진행합니다.,https://clever-griffin-93819d.netlify.app/seoul-seodaemun-gu-home-cleaning/,서울 서대문구 거주청소,12
서울 서대문구 거주청소 전문업체,seoul-seodaemun-gu-home-cleaning-company,PASS,100,,서울 서대문구 거주청소 전문업체 | 체인지클린,서울 서대문구 거주청소를 알아보는 분을 위한 안내입니다. 서울 서대문구 거주청소 전문업체 작업 전 확인사항부터 마무리 점검까지 자세히 정리했습니다.,https://clever-griffin-93819d.netlify.app/seoul-seodaemun-gu-home-cleaning-company/,서울 서대문구 거주청소 전문업체,12
서울 서대문구 거주청소 잘하는곳,seoul-seodaemun-gu-home-cleaning-best,PASS,100,,서울 서대문구 거주청소 잘하는곳 - 청소 작업 안내,서울 서대문구 거주청소를 알아보는 분을 위한 안내입니다. 서울 서대문구 거주청소 잘하는곳 작업 전 확인사항부터 마무리 점검까지 자세히 정리했습니다.,https://clever-griffin-93819d.netlify.app/seoul-seodaemun-gu-home-cleaning-best/,서울 서대문구 거주청소 잘하는곳,12
서울 서대문구 거주청소 가격,seoul-seodaemun-gu-home-cleaning-price,PASS,100,,서울 서대문구 거주청소 가격 | 체인지클린,"서울 서대문구 거주청소 가격 작업 범위와 준비사항, 진행 순서, 확인 항목을 정리했습니다. 서울 서대문구 거주청소 현장에 맞춰 필요한 청소 내용을 확인해보세요.",https://clever-griffin-93819d.netlify.app/seoul-seodaemun-gu-home-cleaning-price/,서울 서대문구 거주청소 가격,12
서울 서대문구 거주청소 비용,seoul-seodaemun-gu-home-cleaning-cost,PASS,100,,서울 서대문구 거주청소 비용 - 청소 작업 안내,"서울 서대문구 거주청소 비용 작업 범위와 준비사항, 진행 순서, 확인 항목을 정리했습니다. 서울 서대문구 거주청소 현장에 맞춰 필요한 청소 내용을 확인해보세요.",https://clever-griffin-93819d.netlify.app/seoul-seodaemun-gu-home-cleaning-cost/,서울 서대문구 거주청소 비용,12
서울 서대문구 거주청소 견적,seoul-seodaemun-gu-home-cleaning-quote,PASS,100,,서울 서대문구 거주청소 견적 | 현장별 청소 정보,"서울 서대문구 거주청소 견적 작업 범위와 준비사항, 진행 순서, 확인 항목을 정리했습니다. 서울 서대문구 거주청소 현장에 맞춰 필요한 청소 내용을 확인해보세요.",https://clever-griffin-93819d.netlify.app/seoul-seodaemun-gu-home-cleaning-quote/,서울 서대문구 거주청소 견적,12
서울 종로구 입주청소,seoul-jongno-gu-move-in-cleaning,CHECK,96,title 길이 확인,서울 종로구 입주청소 | 체인지클린,서울 종로구 입주청소를 알아보는 분을 위한 안내입니다. 서울 종로구 입주청소 작업 전 확인사항부터 마무리 점검까지 자세히 정리했습니다.,https://clever-griffin-93819d.netlify.app/seoul-jongno-gu-move-in-cleaning/,서울 종로구 입주청소,12
서울 종로구 입주청소 전문업체,seoul-jongno-gu-move-in-cleaning-company,PASS,100,,서울 종로구 입주청소 전문업체 - 청소 작업 안내,서울 종로구 입주청소를 알아보는 분을 위한 안내입니다. 서울 종로구 입주청소 전문업체 작업 전 확인사항부터 마무리 점검까지 자세히 정리했습니다.,https://clever-griffin-93819d.netlify.app/seoul-jongno-gu-move-in-cleaning-company/,서울 종로구 입주청소 전문업체,12
서울 종로구 입주청소 잘하는곳,seoul-jongno-gu-move-in-cleaning-best,PASS,100,,서울 종로구 입주청소 잘하는곳 | 체인지클린,"서울 종로구 입주청소 잘하는곳 작업 범위와 준비사항, 진행 순서, 확인 항목을 정리했습니다. 서울 종로구 입주청소 현장에 맞춰 필요한 청소 내용을 확인해보세요.",https://clever-griffin-93819d.netlify.app/seoul-jongno-gu-move-in-cleaning-best/,서울 종로구 입주청소 잘하는곳,12
서울 종로구 입주청소 가격,seoul-jongno-gu-move-in-cleaning-price,PASS,100,,서울 종로구 입주청소 가격 - 청소 작업 안내,서울 종로구 입주청소를 알아보는 분을 위한 안내입니다. 서울 종로구 입주청소 가격 작업 전 확인사항부터 마무리 점검까지 자세히 정리했습니다.,https://clever-griffin-93819d.netlify.app/seoul-jongno-gu-move-in-cleaning-price/,서울 종로구 입주청소 가격,12
서울 종로구 입주청소 비용,seoul-jongno-gu-move-in-cleaning-cost,PASS,100,,서울 종로구 입주청소 비용 | 현장별 청소 정보,"서울 종로구 입주청소 비용 작업 범위와 준비사항, 진행 순서, 확인 항목을 정리했습니다. 서울 종로구 입주청소 현장에 맞춰 필요한 청소 내용을 확인해보세요.",https://clever-griffin-93819d.netlify.app/seoul-jongno-gu-move-in-cleaning-cost/,서울 종로구 입주청소 비용,12
서울 종로구 입주청소 견적,seoul-jongno-gu-move-in-cleaning-quote,PASS,100,,서울 종로구 입주청소 견적 | 체인지클린,"서울 종로구 입주청소 견적 작업 범위와 준비사항, 진행 순서, 확인 항목을 정리했습니다. 서울 종로구 입주청소 현장에 맞춰 필요한 청소 내용을 확인해보세요.",https://clever-griffin-93819d.netlify.app/seoul-jongno-gu-move-in-cleaning-quote/,서울 종로구 입주청소 견적,12
서울 종로구 이사청소,seoul-jongno-gu-move-out-cleaning,CHECK,96,title 길이 확인,서울 종로구 이사청소 | 체인지클린,서울 종로구 이사청소를 알아보는 분을 위한 안내입니다. 서울 종로구 이사청소 작업 전 확인사항부터 마무리 점검까지 자세히 정리했습니다.,https://clever-griffin-93819d.netlify.app/seoul-jongno-gu-move-out-cleaning/,서울 종로구 이사청소,12
서울 종로구 이사청소 전문업체,seoul-jongno-gu-move-out-cleaning-company,PASS,100,,서울 종로구 이사청소 전문업체 - 청소 작업 안내,서울 종로구 이사청소를 알아보는 분을 위한 안내입니다. 서울 종로구 이사청소 전문업체 작업 전 확인사항부터 마무리 점검까지 자세히 정리했습니다.,https://clever-griffin-93819d.netlify.app/seoul-jongno-gu-move-out-cleaning-company/,서울 종로구 이사청소 전문업체,12
서울 종로구 이사청소 잘하는곳,seoul-jongno-gu-move-out-cleaning-best,PASS,100,,서울 종로구 이사청소 잘하는곳 - 청소 작업 안내,"서울 종로구 이사청소 잘하는곳 작업 범위와 준비사항, 진행 순서, 확인 항목을 정리했습니다. 서울 종로구 이사청소 현장에 맞춰 필요한 청소 내용을 확인해보세요.",https://clever-griffin-93819d.netlify.app/seoul-jongno-gu-move-out-cleaning-best/,서울 종로구 이사청소 잘하는곳,12
서울 종로구 이사청소 가격,seoul-jongno-gu-move-out-cleaning-price,PASS,100,,서울 종로구 이사청소 가격 | 체인지클린,"서울 종로구 이사청소 가격 작업 범위와 준비사항, 진행 순서, 확인 항목을 정리했습니다. 서울 종로구 이사청소 현장에 맞춰 필요한 청소 내용을 확인해보세요.",https://clever-griffin-93819d.netlify.app/seoul-jongno-gu-move-out-cleaning-price/,서울 종로구 이사청소 가격,12
서울 종로구 이사청소 비용,seoul-jongno-gu-move-out-cleaning-cost,PASS,100,,서울 종로구 이사청소 비용 - 청소 작업 안내,서울 종로구 이사청소 비용 관련 청소 과정과 체크포인트를 안내합니다. 공간 상태와 오염 범위를 확인한 뒤 현장에 맞는 작업을 진행합니다.,https://clever-griffin-93819d.netlify.app/seoul-jongno-gu-move-out-cleaning-cost/,서울 종로구 이사청소 비용,12
서울 종로구 이사청소 견적,seoul-jongno-gu-move-out-cleaning-quote,PASS,100,,서울 종로구 이사청소 견적 | 현장별 청소 정보,서울 종로구 이사청소를 알아보는 분을 위한 안내입니다. 서울 종로구 이사청소 견적 작업 전 확인사항부터 마무리 점검까지 자세히 정리했습니다.,https://clever-griffin-93819d.netlify.app/seoul-jongno-gu-move-out-cleaning-quote/,서울 종로구 이사청소 견적,12
서울 종로구 준공청소,seoul-jongno-gu-post-construction-cleaning,CHECK,96,title 길이 확인,서울 종로구 준공청소 | 체인지클린,"서울 종로구 준공청소 작업 범위와 준비사항, 진행 순서, 확인 항목을 정리했습니다. 서울 종로구 준공청소 현장에 맞춰 필요한 청소 내용을 확인해보세요.",https://clever-griffin-93819d.netlify.app/seoul-jongno-gu-post-construction-cleaning/,서울 종로구 준공청소,12
서울 종로구 준공청소 전문업체,seoul-jongno-gu-post-construction-cleaning-company,PASS,100,,서울 종로구 준공청소 전문업체 | 체인지클린,서울 종로구 준공청소를 알아보는 분을 위한 안내입니다. 서울 종로구 준공청소 전문업체 작업 전 확인사항부터 마무리 점검까지 자세히 정리했습니다.,https://clever-griffin-93819d.netlify.app/seoul-jongno-gu-post-construction-cleaning-company/,서울 종로구 준공청소 전문업체,12
서울 종로구 준공청소 잘하는곳,seoul-jongno-gu-post-construction-cleaning-best,PASS,100,,서울 종로구 준공청소 잘하는곳 | 체인지클린,"서울 종로구 준공청소 잘하는곳 작업 범위와 준비사항, 진행 순서, 확인 항목을 정리했습니다. 서울 종로구 준공청소 현장에 맞춰 필요한 청소 내용을 확인해보세요.",https://clever-griffin-93819d.netlify.app/seoul-jongno-gu-post-construction-cleaning-best/,서울 종로구 준공청소 잘하는곳,12
서울 종로구 준공청소 가격,seoul-jongno-gu-post-construction-cleaning-price,PASS,100,,서울 종로구 준공청소 가격 | 체인지클린,"서울 종로구 준공청소 가격 작업 범위와 준비사항, 진행 순서, 확인 항목을 정리했습니다. 서울 종로구 준공청소 현장에 맞춰 필요한 청소 내용을 확인해보세요.",https://clever-griffin-93819d.netlify.app/seoul-jongno-gu-post-construction-cleaning-price/,서울 종로구 준공청소 가격,12
서울 종로구 준공청소 비용,seoul-jongno-gu-post-construction-cleaning-cost,PASS,100,,서울 종로구 준공청소 비용 - 청소 작업 안내,서울 종로구 준공청소 비용 관련 청소 과정과 체크포인트를 안내합니다. 공간 상태와 오염 범위를 확인한 뒤 현장에 맞는 작업을 진행합니다.,https://clever-griffin-93819d.netlify.app/seoul-jongno-gu-post-construction-cleaning-cost/,서울 종로구 준공청소 비용,12
서울 종로구 준공청소 견적,seoul-jongno-gu-post-construction-cleaning-quote,PASS,100,,서울 종로구 준공청소 견적 - 청소 작업 안내,서울 종로구 준공청소를 알아보는 분을 위한 안내입니다. 서울 종로구 준공청소 견적 작업 전 확인사항부터 마무리 점검까지 자세히 정리했습니다.,https://clever-griffin-93819d.netlify.app/seoul-jongno-gu-post-construction-cleaning-quote/,서울 종로구 준공청소 견적,12
서울 종로구 상가청소,seoul-jongno-gu-store-cleaning,CHECK,96,title 길이 확인,서울 종로구 상가청소 | 체인지클린,"서울 종로구 상가청소 작업 범위와 준비사항, 진행 순서, 확인 항목을 정리했습니다. 서울 종로구 상가청소 현장에 맞춰 필요한 청소 내용을 확인해보세요.",https://clever-griffin-93819d.netlify.app/seoul-jongno-gu-store-cleaning/,서울 종로구 상가청소,12
서울 종로구 상가청소 전문업체,seoul-jongno-gu-store-cleaning-company,PASS,100,,서울 종로구 상가청소 전문업체 | 체인지클린,서울 종로구 상가청소를 알아보는 분을 위한 안내입니다. 서울 종로구 상가청소 전문업체 작업 전 확인사항부터 마무리 점검까지 자세히 정리했습니다.,https://clever-griffin-93819d.netlify.app/seoul-jongno-gu-store-cleaning-company/,서울 종로구 상가청소 전문업체,12
서울 종로구 상가청소 잘하는곳,seoul-jongno-gu-store-cleaning-best,PASS,100,,서울 종로구 상가청소 잘하는곳 | 현장별 청소 정보,서울 종로구 상가청소를 알아보는 분을 위한 안내입니다. 서울 종로구 상가청소 잘하는곳 작업 전 확인사항부터 마무리 점검까지 자세히 정리했습니다.,https://clever-griffin-93819d.netlify.app/seoul-jongno-gu-store-cleaning-best/,서울 종로구 상가청소 잘하는곳,12
서울 종로구 상가청소 가격,seoul-jongno-gu-store-cleaning-price,PASS,100,,서울 종로구 상가청소 가격 | 체인지클린,"서울 종로구 상가청소 가격 작업 범위와 준비사항, 진행 순서, 확인 항목을 정리했습니다. 서울 종로구 상가청소 현장에 맞춰 필요한 청소 내용을 확인해보세요.",https://clever-griffin-93819d.netlify.app/seoul-jongno-gu-store-cleaning-price/,서울 종로구 상가청소 가격,12
서울 종로구 상가청소 비용,seoul-jongno-gu-store-cleaning-cost,PASS,100,,서울 종로구 상가청소 비용 - 청소 작업 안내,서울 종로구 상가청소 비용 관련 청소 과정과 체크포인트를 안내합니다. 공간 상태와 오염 범위를 확인한 뒤 현장에 맞는 작업을 진행합니다.,https://clever-griffin-93819d.netlify.app/seoul-jongno-gu-store-cleaning-cost/,서울 종로구 상가청소 비용,12
서울 종로구 상가청소 견적,seoul-jongno-gu-store-cleaning-quote,PASS,100,,서울 종로구 상가청소 견적 | 체인지클린,서울 종로구 상가청소 견적 관련 청소 과정과 체크포인트를 안내합니다. 공간 상태와 오염 범위를 확인한 뒤 현장에 맞는 작업을 진행합니다.,https://clever-griffin-93819d.netlify.app/seoul-jongno-gu-store-cleaning-quote/,서울 종로구 상가청소 견적,12
서울 종로구 사무실청소,seoul-jongno-gu-office-cleaning,PASS,100,,서울 종로구 사무실청소 - 청소 작업 안내,서울 종로구 사무실청소 관련 청소 과정과 체크포인트를 안내합니다. 공간 상태와 오염 범위를 확인한 뒤 현장에 맞는 작업을 진행합니다.,https://clever-griffin-93819d.netlify.app/seoul-jongno-gu-office-cleaning/,서울 종로구 사무실청소,12
서울 종로구 사무실청소 전문업체,seoul-jongno-gu-office-cleaning-company,PASS,100,,서울 종로구 사무실청소 전문업체 | 현장별 청소 정보,"서울 종로구 사무실청소 전문업체 작업 범위와 준비사항, 진행 순서, 확인 항목을 정리했습니다. 서울 종로구 사무실청소 현장에 맞춰 필요한 청소 내용을 확인해보세요.",https://clever-griffin-93819d.netlify.app/seoul-jongno-gu-office-cleaning-company/,서울 종로구 사무실청소 전문업체,12
서울 종로구 사무실청소 잘하는곳,seoul-jongno-gu-office-cleaning-best,PASS,100,,서울 종로구 사무실청소 잘하는곳 | 현장별 청소 정보,서울 종로구 사무실청소를 알아보는 분을 위한 안내입니다. 서울 종로구 사무실청소 잘하는곳 작업 전 확인사항부터 마무리 점검까지 자세히 정리했습니다.,https://clever-griffin-93819d.netlify.app/seoul-jongno-gu-office-cleaning-best/,서울 종로구 사무실청소 잘하는곳,12
서울 종로구 사무실청소 가격,seoul-jongno-gu-office-cleaning-price,PASS,100,,서울 종로구 사무실청소 가격 - 청소 작업 안내,"서울 종로구 사무실청소 가격 작업 범위와 준비사항, 진행 순서, 확인 항목을 정리했습니다. 서울 종로구 사무실청소 현장에 맞춰 필요한 청소 내용을 확인해보세요.",https://clever-griffin-93819d.netlify.app/seoul-jongno-gu-office-cleaning-price/,서울 종로구 사무실청소 가격,12
서울 종로구 사무실청소 비용,seoul-jongno-gu-office-cleaning-cost,PASS,100,,서울 종로구 사무실청소 비용 | 체인지클린,서울 종로구 사무실청소 비용 관련 청소 과정과 체크포인트를 안내합니다. 공간 상태와 오염 범위를 확인한 뒤 현장에 맞는 작업을 진행합니다.,https://clever-griffin-93819d.netlify.app/seoul-jongno-gu-office-cleaning-cost/,서울 종로구 사무실청소 비용,12
서울 종로구 사무실청소 견적,seoul-jongno-gu-office-cleaning-quote,PASS,100,,서울 종로구 사무실청소 견적 - 청소 작업 안내,서울 종로구 사무실청소 견적 관련 청소 과정과 체크포인트를 안내합니다. 공간 상태와 오염 범위를 확인한 뒤 현장에 맞는 작업을 진행합니다.,https://clever-griffin-93819d.netlify.app/seoul-jongno-gu-office-cleaning-quote/,서울 종로구 사무실청소 견적,12
서울 종로구 빌라청소,seoul-jongno-gu-villa-cleaning,CHECK,96,title 길이 확인,서울 종로구 빌라청소 | 체인지클린,"서울 종로구 빌라청소 작업 범위와 준비사항, 진행 순서, 확인 항목을 정리했습니다. 서울 종로구 빌라청소 현장에 맞춰 필요한 청소 내용을 확인해보세요.",https://clever-griffin-93819d.netlify.app/seoul-jongno-gu-villa-cleaning/,서울 종로구 빌라청소,12
서울 종로구 빌라청소 전문업체,seoul-jongno-gu-villa-cleaning-company,PASS,100,,서울 종로구 빌라청소 전문업체 | 현장별 청소 정보,서울 종로구 빌라청소를 알아보는 분을 위한 안내입니다. 서울 종로구 빌라청소 전문업체 작업 전 확인사항부터 마무리 점검까지 자세히 정리했습니다.,https://clever-griffin-93819d.netlify.app/seoul-jongno-gu-villa-cleaning-company/,서울 종로구 빌라청소 전문업체,12
서울 종로구 빌라청소 잘하는곳,seoul-jongno-gu-villa-cleaning-best,PASS,100,,서울 종로구 빌라청소 잘하는곳 | 체인지클린,서울 종로구 빌라청소 잘하는곳 관련 청소 과정과 체크포인트를 안내합니다. 공간 상태와 오염 범위를 확인한 뒤 현장에 맞는 작업을 진행합니다.,https://clever-griffin-93819d.netlify.app/seoul-jongno-gu-villa-cleaning-best/,서울 종로구 빌라청소 잘하는곳,12
서울 종로구 빌라청소 가격,seoul-jongno-gu-villa-cleaning-price,PASS,100,,서울 종로구 빌라청소 가격 - 청소 작업 안내,서울 종로구 빌라청소를 알아보는 분을 위한 안내입니다. 서울 종로구 빌라청소 가격 작업 전 확인사항부터 마무리 점검까지 자세히 정리했습니다.,https://clever-griffin-93819d.netlify.app/seoul-jongno-gu-villa-cleaning-price/,서울 종로구 빌라청소 가격,12
서울 종로구 빌라청소 비용,seoul-jongno-gu-villa-cleaning-cost,PASS,100,,서울 종로구 빌라청소 비용 | 현장별 청소 정보,"서울 종로구 빌라청소 비용 작업 범위와 준비사항, 진행 순서, 확인 항목을 정리했습니다. 서울 종로구 빌라청소 현장에 맞춰 필요한 청소 내용을 확인해보세요.",https://clever-griffin-93819d.netlify.app/seoul-jongno-gu-villa-cleaning-cost/,서울 종로구 빌라청소 비용,12
서울 종로구 빌라청소 견적,seoul-jongno-gu-villa-cleaning-quote,PASS,100,,서울 종로구 빌라청소 견적 | 현장별 청소 정보,"서울 종로구 빌라청소 견적 작업 범위와 준비사항, 진행 순서, 확인 항목을 정리했습니다. 서울 종로구 빌라청소 현장에 맞춰 필요한 청소 내용을 확인해보세요.",https://clever-griffin-93819d.netlify.app/seoul-jongno-gu-villa-cleaning-quote/,서울 종로구 빌라청소 견적,12
서울 종로구 아파트청소,seoul-jongno-gu-apartment-cleaning,PASS,100,,서울 종로구 아파트청소 | 현장별 청소 정보,서울 종로구 아파트청소를 알아보는 분을 위한 안내입니다. 서울 종로구 아파트청소 작업 전 확인사항부터 마무리 점검까지 자세히 정리했습니다.,https://clever-griffin-93819d.netlify.app/seoul-jongno-gu-apartment-cleaning/,서울 종로구 아파트청소,12
서울 종로구 아파트청소 전문업체,seoul-jongno-gu-apartment-cleaning-company,PASS,100,,서울 종로구 아파트청소 전문업체 | 현장별 청소 정보,서울 종로구 아파트청소를 알아보는 분을 위한 안내입니다. 서울 종로구 아파트청소 전문업체 작업 전 확인사항부터 마무리 점검까지 자세히 정리했습니다.,https://clever-griffin-93819d.netlify.app/seoul-jongno-gu-apartment-cleaning-company/,서울 종로구 아파트청소 전문업체,12
서울 종로구 아파트청소 잘하는곳,seoul-jongno-gu-apartment-cleaning-best,PASS,100,,서울 종로구 아파트청소 잘하는곳 | 체인지클린,"서울 종로구 아파트청소 잘하는곳 작업 범위와 준비사항, 진행 순서, 확인 항목을 정리했습니다. 서울 종로구 아파트청소 현장에 맞춰 필요한 청소 내용을 확인해보세요.",https://clever-griffin-93819d.netlify.app/seoul-jongno-gu-apartment-cleaning-best/,서울 종로구 아파트청소 잘하는곳,12
서울 종로구 아파트청소 가격,seoul-jongno-gu-apartment-cleaning-price,PASS,100,,서울 종로구 아파트청소 가격 | 체인지클린,"서울 종로구 아파트청소 가격 작업 범위와 준비사항, 진행 순서, 확인 항목을 정리했습니다. 서울 종로구 아파트청소 현장에 맞춰 필요한 청소 내용을 확인해보세요.",https://clever-griffin-93819d.netlify.app/seoul-jongno-gu-apartment-cleaning-price/,서울 종로구 아파트청소 가격,12
서울 종로구 아파트청소 비용,seoul-jongno-gu-apartment-cleaning-cost,PASS,100,,서울 종로구 아파트청소 비용 - 청소 작업 안내,서울 종로구 아파트청소를 알아보는 분을 위한 안내입니다. 서울 종로구 아파트청소 비용 작업 전 확인사항부터 마무리 점검까지 자세히 정리했습니다.,https://clever-griffin-93819d.netlify.app/seoul-jongno-gu-apartment-cleaning-cost/,서울 종로구 아파트청소 비용,12
서울 종로구 아파트청소 견적,seoul-jongno-gu-apartment-cleaning-quote,PASS,100,,서울 종로구 아파트청소 견적 - 청소 작업 안내,"서울 종로구 아파트청소 견적 작업 범위와 준비사항, 진행 순서, 확인 항목을 정리했습니다. 서울 종로구 아파트청소 현장에 맞춰 필요한 청소 내용을 확인해보세요.",https://clever-griffin-93819d.netlify.app/seoul-jongno-gu-apartment-cleaning-quote/,서울 종로구 아파트청소 견적,12
서울 종로구 오피스텔청소,seoul-jongno-gu-officetel-cleaning,PASS,100,,서울 종로구 오피스텔청소 | 현장별 청소 정보,서울 종로구 오피스텔청소를 알아보는 분을 위한 안내입니다. 서울 종로구 오피스텔청소 작업 전 확인사항부터 마무리 점검까지 자세히 정리했습니다.,https://clever-griffin-93819d.netlify.app/seoul-jongno-gu-officetel-cleaning/,서울 종로구 오피스텔청소,12
서울 종로구 오피스텔청소 전문업체,seoul-jongno-gu-officetel-cleaning-company,PASS,100,,서울 종로구 오피스텔청소 전문업체 | 체인지클린,서울 종로구 오피스텔청소를 알아보는 분을 위한 안내입니다. 서울 종로구 오피스텔청소 전문업체 작업 전 확인사항부터 마무리 점검까지 자세히 정리했습니다.,https://clever-griffin-93819d.netlify.app/seoul-jongno-gu-officetel-cleaning-company/,서울 종로구 오피스텔청소 전문업체,12
서울 종로구 오피스텔청소 잘하는곳,seoul-jongno-gu-officetel-cleaning-best,PASS,100,,서울 종로구 오피스텔청소 잘하는곳 - 청소 작업 안내,서울 종로구 오피스텔청소 잘하는곳 관련 청소 과정과 체크포인트를 안내합니다. 공간 상태와 오염 범위를 확인한 뒤 현장에 맞는 작업을 진행합니다.,https://clever-griffin-93819d.netlify.app/seoul-jongno-gu-officetel-cleaning-best/,서울 종로구 오피스텔청소 잘하는곳,12
서울 종로구 오피스텔청소 가격,seoul-jongno-gu-officetel-cleaning-price,PASS,100,,서울 종로구 오피스텔청소 가격 | 체인지클린,서울 종로구 오피스텔청소를 알아보는 분을 위한 안내입니다. 서울 종로구 오피스텔청소 가격 작업 전 확인사항부터 마무리 점검까지 자세히 정리했습니다.,https://clever-griffin-93819d.netlify.app/seoul-jongno-gu-officetel-cleaning-price/,서울 종로구 오피스텔청소 가격,12
서울 종로구 오피스텔청소 비용,seoul-jongno-gu-officetel-cleaning-cost,PASS,100,,서울 종로구 오피스텔청소 비용 | 체인지클린,서울 종로구 오피스텔청소 비용 관련 청소 과정과 체크포인트를 안내합니다. 공간 상태와 오염 범위를 확인한 뒤 현장에 맞는 작업을 진행합니다.,https://clever-griffin-93819d.netlify.app/seoul-jongno-gu-officetel-cleaning-cost/,서울 종로구 오피스텔청소 비용,12
서울 종로구 오피스텔청소 견적,seoul-jongno-gu-officetel-cleaning-quote,PASS,100,,서울 종로구 오피스텔청소 견적 - 청소 작업 안내,"서울 종로구 오피스텔청소 견적 작업 범위와 준비사항, 진행 순서, 확인 항목을 정리했습니다. 서울 종로구 오피스텔청소 현장에 맞춰 필요한 청소 내용을 확인해보세요.",https://clever-griffin-93819d.netlify.app/seoul-jongno-gu-officetel-cleaning-quote/,서울 종로구 오피스텔청소 견적,12
서울 종로구 거주청소,seoul-jongno-gu-home-cleaning,PASS,100,,서울 종로구 거주청소 - 청소 작업 안내,서울 종로구 거주청소를 알아보는 분을 위한 안내입니다. 서울 종로구 거주청소 작업 전 확인사항부터 마무리 점검까지 자세히 정리했습니다.,https://clever-griffin-93819d.netlify.app/seoul-jongno-gu-home-cleaning/,서울 종로구 거주청소,12
서울 종로구 거주청소 전문업체,seoul-jongno-gu-home-cleaning-company,PASS,100,,서울 종로구 거주청소 전문업체 | 현장별 청소 정보,"서울 종로구 거주청소 전문업체 작업 범위와 준비사항, 진행 순서, 확인 항목을 정리했습니다. 서울 종로구 거주청소 현장에 맞춰 필요한 청소 내용을 확인해보세요.",https://clever-griffin-93819d.netlify.app/seoul-jongno-gu-home-cleaning-company/,서울 종로구 거주청소 전문업체,12
서울 종로구 거주청소 잘하는곳,seoul-jongno-gu-home-cleaning-best,PASS,100,,서울 종로구 거주청소 잘하는곳 | 체인지클린,서울 종로구 거주청소를 알아보는 분을 위한 안내입니다. 서울 종로구 거주청소 잘하는곳 작업 전 확인사항부터 마무리 점검까지 자세히 정리했습니다.,https://clever-griffin-93819d.netlify.app/seoul-jongno-gu-home-cleaning-best/,서울 종로구 거주청소 잘하는곳,12
서울 종로구 거주청소 가격,seoul-jongno-gu-home-cleaning-price,PASS,100,,서울 종로구 거주청소 가격 | 체인지클린,"서울 종로구 거주청소 가격 작업 범위와 준비사항, 진행 순서, 확인 항목을 정리했습니다. 서울 종로구 거주청소 현장에 맞춰 필요한 청소 내용을 확인해보세요.",https://clever-griffin-93819d.netlify.app/seoul-jongno-gu-home-cleaning-price/,서울 종로구 거주청소 가격,12
서울 종로구 거주청소 비용,seoul-jongno-gu-home-cleaning-cost,PASS,100,,서울 종로구 거주청소 비용 | 현장별 청소 정보,서울 종로구 거주청소 비용 관련 청소 과정과 체크포인트를 안내합니다. 공간 상태와 오염 범위를 확인한 뒤 현장에 맞는 작업을 진행합니다.,https://clever-griffin-93819d.netlify.app/seoul-jongno-gu-home-cleaning-cost/,서울 종로구 거주청소 비용,12
서울 종로구 거주청소 견적,seoul-jongno-gu-home-cleaning-quote,PASS,100,,서울 종로구 거주청소 견적 - 청소 작업 안내,서울 종로구 거주청소 견적 관련 청소 과정과 체크포인트를 안내합니다. 공간 상태와 오염 범위를 확인한 뒤 현장에 맞는 작업을 진행합니다.,https://clever-griffin-93819d.netlify.app/seoul-jongno-gu-home-cleaning-quote/,서울 종로구 거주청소 견적,12
서울 중구 입주청소,seoul-jung-gu-move-in-cleaning,PASS,100,,서울 중구 입주청소 | 현장별 청소 정보,"서울 중구 입주청소 작업 범위와 준비사항, 진행 순서, 확인 항목을 정리했습니다. 서울 중구 입주청소 현장에 맞춰 필요한 청소 내용을 확인해보세요.",https://clever-griffin-93819d.netlify.app/seoul-jung-gu-move-in-cleaning/,서울 중구 입주청소,12
서울 중구 입주청소 전문업체,seoul-jung-gu-move-in-cleaning-company,PASS,100,,서울 중구 입주청소 전문업체 | 체인지클린,서울 중구 입주청소를 알아보는 분을 위한 안내입니다. 서울 중구 입주청소 전문업체 작업 전 확인사항부터 마무리 점검까지 자세히 정리했습니다.,https://clever-griffin-93819d.netlify.app/seoul-jung-gu-move-in-cleaning-company/,서울 중구 입주청소 전문업체,12
서울 중구 입주청소 잘하는곳,seoul-jung-gu-move-in-cleaning-best,PASS,100,,서울 중구 입주청소 잘하는곳 | 현장별 청소 정보,서울 중구 입주청소 잘하는곳 관련 청소 과정과 체크포인트를 안내합니다. 공간 상태와 오염 범위를 확인한 뒤 현장에 맞는 작업을 진행합니다.,https://clever-griffin-93819d.netlify.app/seoul-jung-gu-move-in-cleaning-best/,서울 중구 입주청소 잘하는곳,12
서울 중구 입주청소 가격,seoul-jung-gu-move-in-cleaning-price,PASS,100,,서울 중구 입주청소 가격 - 청소 작업 안내,서울 중구 입주청소를 알아보는 분을 위한 안내입니다. 서울 중구 입주청소 가격 작업 전 확인사항부터 마무리 점검까지 자세히 정리했습니다.,https://clever-griffin-93819d.netlify.app/seoul-jung-gu-move-in-cleaning-price/,서울 중구 입주청소 가격,12
서울 중구 입주청소 비용,seoul-jung-gu-move-in-cleaning-cost,PASS,100,,서울 중구 입주청소 비용 | 체인지클린,"서울 중구 입주청소 비용 작업 범위와 준비사항, 진행 순서, 확인 항목을 정리했습니다. 서울 중구 입주청소 현장에 맞춰 필요한 청소 내용을 확인해보세요.",https://clever-griffin-93819d.netlify.app/seoul-jung-gu-move-in-cleaning-cost/,서울 중구 입주청소 비용,12
서울 중구 입주청소 견적,seoul-jung-gu-move-in-cleaning-quote,PASS,100,,서울 중구 입주청소 견적 | 체인지클린,"서울 중구 입주청소 견적 작업 범위와 준비사항, 진행 순서, 확인 항목을 정리했습니다. 서울 중구 입주청소 현장에 맞춰 필요한 청소 내용을 확인해보세요.",https://clever-griffin-93819d.netlify.app/seoul-jung-gu-move-in-cleaning-quote/,서울 중구 입주청소 견적,12
서울 중구 이사청소,seoul-jung-gu-move-out-cleaning,CHECK,96,title 길이 확인,서울 중구 이사청소 | 체인지클린,서울 중구 이사청소 관련 청소 과정과 체크포인트를 안내합니다. 공간 상태와 오염 범위를 확인한 뒤 현장에 맞는 작업을 진행합니다.,https://clever-griffin-93819d.netlify.app/seoul-jung-gu-move-out-cleaning/,서울 중구 이사청소,12
서울 중구 이사청소 전문업체,seoul-jung-gu-move-out-cleaning-company,PASS,100,,서울 중구 이사청소 전문업체 | 체인지클린,서울 중구 이사청소 전문업체 관련 청소 과정과 체크포인트를 안내합니다. 공간 상태와 오염 범위를 확인한 뒤 현장에 맞는 작업을 진행합니다.,https://clever-griffin-93819d.netlify.app/seoul-jung-gu-move-out-cleaning-company/,서울 중구 이사청소 전문업체,12
서울 중구 이사청소 잘하는곳,seoul-jung-gu-move-out-cleaning-best,PASS,100,,서울 중구 이사청소 잘하는곳 - 청소 작업 안내,서울 중구 이사청소 잘하는곳 관련 청소 과정과 체크포인트를 안내합니다. 공간 상태와 오염 범위를 확인한 뒤 현장에 맞는 작업을 진행합니다.,https://clever-griffin-93819d.netlify.app/seoul-jung-gu-move-out-cleaning-best/,서울 중구 이사청소 잘하는곳,12
서울 중구 이사청소 가격,seoul-jung-gu-move-out-cleaning-price,PASS,100,,서울 중구 이사청소 가격 | 체인지클린,서울 중구 이사청소 가격 관련 청소 과정과 체크포인트를 안내합니다. 공간 상태와 오염 범위를 확인한 뒤 현장에 맞는 작업을 진행합니다.,https://clever-griffin-93819d.netlify.app/seoul-jung-gu-move-out-cleaning-price/,서울 중구 이사청소 가격,12
서울 중구 이사청소 비용,seoul-jung-gu-move-out-cleaning-cost,PASS,100,,서울 중구 이사청소 비용 - 청소 작업 안내,"서울 중구 이사청소 비용 작업 범위와 준비사항, 진행 순서, 확인 항목을 정리했습니다. 서울 중구 이사청소 현장에 맞춰 필요한 청소 내용을 확인해보세요.",https://clever-griffin-93819d.netlify.app/seoul-jung-gu-move-out-cleaning-cost/,서울 중구 이사청소 비용,12
서울 중구 이사청소 견적,seoul-jung-gu-move-out-cleaning-quote,PASS,100,,서울 중구 이사청소 견적 | 현장별 청소 정보,서울 중구 이사청소 견적 관련 청소 과정과 체크포인트를 안내합니다. 공간 상태와 오염 범위를 확인한 뒤 현장에 맞는 작업을 진행합니다.,https://clever-griffin-93819d.netlify.app/seoul-jung-gu-move-out-cleaning-quote/,서울 중구 이사청소 견적,12
서울 중구 준공청소,seoul-jung-gu-post-construction-cleaning,CHECK,96,title 길이 확인,서울 중구 준공청소 | 체인지클린,"서울 중구 준공청소 작업 범위와 준비사항, 진행 순서, 확인 항목을 정리했습니다. 서울 중구 준공청소 현장에 맞춰 필요한 청소 내용을 확인해보세요.",https://clever-griffin-93819d.netlify.app/seoul-jung-gu-post-construction-cleaning/,서울 중구 준공청소,12
서울 중구 준공청소 전문업체,seoul-jung-gu-post-construction-cleaning-company,PASS,100,,서울 중구 준공청소 전문업체 | 현장별 청소 정보,"서울 중구 준공청소 전문업체 작업 범위와 준비사항, 진행 순서, 확인 항목을 정리했습니다. 서울 중구 준공청소 현장에 맞춰 필요한 청소 내용을 확인해보세요.",https://clever-griffin-93819d.netlify.app/seoul-jung-gu-post-construction-cleaning-company/,서울 중구 준공청소 전문업체,12
서울 중구 준공청소 잘하는곳,seoul-jung-gu-post-construction-cleaning-best,PASS,100,,서울 중구 준공청소 잘하는곳 | 체인지클린,서울 중구 준공청소를 알아보는 분을 위한 안내입니다. 서울 중구 준공청소 잘하는곳 작업 전 확인사항부터 마무리 점검까지 자세히 정리했습니다.,https://clever-griffin-93819d.netlify.app/seoul-jung-gu-post-construction-cleaning-best/,서울 중구 준공청소 잘하는곳,12
서울 중구 준공청소 가격,seoul-jung-gu-post-construction-cleaning-price,PASS,100,,서울 중구 준공청소 가격 | 체인지클린,서울 중구 준공청소 가격 관련 청소 과정과 체크포인트를 안내합니다. 공간 상태와 오염 범위를 확인한 뒤 현장에 맞는 작업을 진행합니다.,https://clever-griffin-93819d.netlify.app/seoul-jung-gu-post-construction-cleaning-price/,서울 중구 준공청소 가격,12
서울 중구 준공청소 비용,seoul-jung-gu-post-construction-cleaning-cost,PASS,100,,서울 중구 준공청소 비용 | 체인지클린,서울 중구 준공청소 비용 관련 청소 과정과 체크포인트를 안내합니다. 공간 상태와 오염 범위를 확인한 뒤 현장에 맞는 작업을 진행합니다.,https://clever-griffin-93819d.netlify.app/seoul-jung-gu-post-construction-cleaning-cost/,서울 중구 준공청소 비용,12
서울 중구 준공청소 견적,seoul-jung-gu-post-construction-cleaning-quote,PASS,100,,서울 중구 준공청소 견적 - 청소 작업 안내,서울 중구 준공청소 견적 관련 청소 과정과 체크포인트를 안내합니다. 공간 상태와 오염 범위를 확인한 뒤 현장에 맞는 작업을 진행합니다.,https://clever-griffin-93819d.netlify.app/seoul-jung-gu-post-construction-cleaning-quote/,서울 중구 준공청소 견적,12
서울 중구 상가청소,seoul-jung-gu-store-cleaning,PASS,100,,서울 중구 상가청소 - 청소 작업 안내,서울 중구 상가청소 관련 청소 과정과 체크포인트를 안내합니다. 공간 상태와 오염 범위를 확인한 뒤 현장에 맞는 작업을 진행합니다.,https://clever-griffin-93819d.netlify.app/seoul-jung-gu-store-cleaning/,서울 중구 상가청소,12
서울 중구 상가청소 전문업체,seoul-jung-gu-store-cleaning-company,PASS,100,,서울 중구 상가청소 전문업체 - 청소 작업 안내,서울 중구 상가청소 전문업체 관련 청소 과정과 체크포인트를 안내합니다. 공간 상태와 오염 범위를 확인한 뒤 현장에 맞는 작업을 진행합니다.,https://clever-griffin-93819d.netlify.app/seoul-jung-gu-store-cleaning-company/,서울 중구 상가청소 전문업체,12
서울 중구 상가청소 잘하는곳,seoul-jung-gu-store-cleaning-best,PASS,100,,서울 중구 상가청소 잘하는곳 | 현장별 청소 정보,서울 중구 상가청소 잘하는곳 관련 청소 과정과 체크포인트를 안내합니다. 공간 상태와 오염 범위를 확인한 뒤 현장에 맞는 작업을 진행합니다.,https://clever-griffin-93819d.netlify.app/seoul-jung-gu-store-cleaning-best/,서울 중구 상가청소 잘하는곳,12
서울 중구 상가청소 가격,seoul-jung-gu-store-cleaning-price,PASS,100,,서울 중구 상가청소 가격 | 현장별 청소 정보,서울 중구 상가청소를 알아보는 분을 위한 안내입니다. 서울 중구 상가청소 가격 작업 전 확인사항부터 마무리 점검까지 자세히 정리했습니다.,https://clever-griffin-93819d.netlify.app/seoul-jung-gu-store-cleaning-price/,서울 중구 상가청소 가격,12
서울 중구 상가청소 비용,seoul-jung-gu-store-cleaning-cost,PASS,100,,서울 중구 상가청소 비용 | 현장별 청소 정보,서울 중구 상가청소를 알아보는 분을 위한 안내입니다. 서울 중구 상가청소 비용 작업 전 확인사항부터 마무리 점검까지 자세히 정리했습니다.,https://clever-griffin-93819d.netlify.app/seoul-jung-gu-store-cleaning-cost/,서울 중구 상가청소 비용,12
서울 중구 상가청소 견적,seoul-jung-gu-store-cleaning-quote,PASS,100,,서울 중구 상가청소 견적 | 체인지클린,"서울 중구 상가청소 견적 작업 범위와 준비사항, 진행 순서, 확인 항목을 정리했습니다. 서울 중구 상가청소 현장에 맞춰 필요한 청소 내용을 확인해보세요.",https://clever-griffin-93819d.netlify.app/seoul-jung-gu-store-cleaning-quote/,서울 중구 상가청소 견적,12
서울 중구 사무실청소,seoul-jung-gu-office-cleaning,PASS,100,,서울 중구 사무실청소 - 청소 작업 안내,"서울 중구 사무실청소 작업 범위와 준비사항, 진행 순서, 확인 항목을 정리했습니다. 서울 중구 사무실청소 현장에 맞춰 필요한 청소 내용을 확인해보세요.",https://clever-griffin-93819d.netlify.app/seoul-jung-gu-office-cleaning/,서울 중구 사무실청소,12
서울 중구 사무실청소 전문업체,seoul-jung-gu-office-cleaning-company,PASS,100,,서울 중구 사무실청소 전문업체 | 체인지클린,서울 중구 사무실청소를 알아보는 분을 위한 안내입니다. 서울 중구 사무실청소 전문업체 작업 전 확인사항부터 마무리 점검까지 자세히 정리했습니다.,https://clever-griffin-93819d.netlify.app/seoul-jung-gu-office-cleaning-company/,서울 중구 사무실청소 전문업체,12
서울 중구 사무실청소 잘하는곳,seoul-jung-gu-office-cleaning-best,PASS,100,,서울 중구 사무실청소 잘하는곳 | 체인지클린,"서울 중구 사무실청소 잘하는곳 작업 범위와 준비사항, 진행 순서, 확인 항목을 정리했습니다. 서울 중구 사무실청소 현장에 맞춰 필요한 청소 내용을 확인해보세요.",https://clever-griffin-93819d.netlify.app/seoul-jung-gu-office-cleaning-best/,서울 중구 사무실청소 잘하는곳,12
서울 중구 사무실청소 가격,seoul-jung-gu-office-cleaning-price,PASS,100,,서울 중구 사무실청소 가격 | 체인지클린,"서울 중구 사무실청소 가격 작업 범위와 준비사항, 진행 순서, 확인 항목을 정리했습니다. 서울 중구 사무실청소 현장에 맞춰 필요한 청소 내용을 확인해보세요.",https://clever-griffin-93819d.netlify.app/seoul-jung-gu-office-cleaning-price/,서울 중구 사무실청소 가격,12
서울 중구 사무실청소 비용,seoul-jung-gu-office-cleaning-cost,PASS,100,,서울 중구 사무실청소 비용 | 체인지클린,"서울 중구 사무실청소 비용 작업 범위와 준비사항, 진행 순서, 확인 항목을 정리했습니다. 서울 중구 사무실청소 현장에 맞춰 필요한 청소 내용을 확인해보세요.",https://clever-griffin-93819d.netlify.app/seoul-jung-gu-office-cleaning-cost/,서울 중구 사무실청소 비용,12
서울 중구 사무실청소 견적,seoul-jung-gu-office-cleaning-quote,PASS,100,,서울 중구 사무실청소 견적 - 청소 작업 안내,서울 중구 사무실청소를 알아보는 분을 위한 안내입니다. 서울 중구 사무실청소 견적 작업 전 확인사항부터 마무리 점검까지 자세히 정리했습니다.,https://clever-griffin-93819d.netlify.app/seoul-jung-gu-office-cleaning-quote/,서울 중구 사무실청소 견적,12
서울 중구 빌라청소,seoul-jung-gu-villa-cleaning,CHECK,96,title 길이 확인,서울 중구 빌라청소 | 체인지클린,서울 중구 빌라청소 관련 청소 과정과 체크포인트를 안내합니다. 공간 상태와 오염 범위를 확인한 뒤 현장에 맞는 작업을 진행합니다.,https://clever-griffin-93819d.netlify.app/seoul-jung-gu-villa-cleaning/,서울 중구 빌라청소,12
서울 중구 빌라청소 전문업체,seoul-jung-gu-villa-cleaning-company,PASS,100,,서울 중구 빌라청소 전문업체 | 현장별 청소 정보,서울 중구 빌라청소 전문업체 관련 청소 과정과 체크포인트를 안내합니다. 공간 상태와 오염 범위를 확인한 뒤 현장에 맞는 작업을 진행합니다.,https://clever-griffin-93819d.netlify.app/seoul-jung-gu-villa-cleaning-company/,서울 중구 빌라청소 전문업체,12
서울 중구 빌라청소 잘하는곳,seoul-jung-gu-villa-cleaning-best,PASS,100,,서울 중구 빌라청소 잘하는곳 | 체인지클린,서울 중구 빌라청소 잘하는곳 관련 청소 과정과 체크포인트를 안내합니다. 공간 상태와 오염 범위를 확인한 뒤 현장에 맞는 작업을 진행합니다.,https://clever-griffin-93819d.netlify.app/seoul-jung-gu-villa-cleaning-best/,서울 중구 빌라청소 잘하는곳,12
서울 중구 빌라청소 가격,seoul-jung-gu-villa-cleaning-price,PASS,100,,서울 중구 빌라청소 가격 - 청소 작업 안내,서울 중구 빌라청소 가격 관련 청소 과정과 체크포인트를 안내합니다. 공간 상태와 오염 범위를 확인한 뒤 현장에 맞는 작업을 진행합니다.,https://clever-griffin-93819d.netlify.app/seoul-jung-gu-villa-cleaning-price/,서울 중구 빌라청소 가격,12
서울 중구 빌라청소 비용,seoul-jung-gu-villa-cleaning-cost,PASS,100,,서울 중구 빌라청소 비용 | 현장별 청소 정보,서울 중구 빌라청소를 알아보는 분을 위한 안내입니다. 서울 중구 빌라청소 비용 작업 전 확인사항부터 마무리 점검까지 자세히 정리했습니다.,https://clever-griffin-93819d.netlify.app/seoul-jung-gu-villa-cleaning-cost/,서울 중구 빌라청소 비용,12
서울 중구 빌라청소 견적,seoul-jung-gu-villa-cleaning-quote,PASS,100,,서울 중구 빌라청소 견적 | 체인지클린,서울 중구 빌라청소를 알아보는 분을 위한 안내입니다. 서울 중구 빌라청소 견적 작업 전 확인사항부터 마무리 점검까지 자세히 정리했습니다.,https://clever-griffin-93819d.netlify.app/seoul-jung-gu-villa-cleaning-quote/,서울 중구 빌라청소 견적,12
서울 중구 아파트청소,seoul-jung-gu-apartment-cleaning,PASS,100,,서울 중구 아파트청소 | 현장별 청소 정보,서울 중구 아파트청소를 알아보는 분을 위한 안내입니다. 서울 중구 아파트청소 작업 전 확인사항부터 마무리 점검까지 자세히 정리했습니다.,https://clever-griffin-93819d.netlify.app/seoul-jung-gu-apartment-cleaning/,서울 중구 아파트청소,12
서울 중구 아파트청소 전문업체,seoul-jung-gu-apartment-cleaning-company,PASS,100,,서울 중구 아파트청소 전문업체 | 현장별 청소 정보,"서울 중구 아파트청소 전문업체 작업 범위와 준비사항, 진행 순서, 확인 항목을 정리했습니다. 서울 중구 아파트청소 현장에 맞춰 필요한 청소 내용을 확인해보세요.",https://clever-griffin-93819d.netlify.app/seoul-jung-gu-apartment-cleaning-company/,서울 중구 아파트청소 전문업체,12
서울 중구 아파트청소 잘하는곳,seoul-jung-gu-apartment-cleaning-best,PASS,100,,서울 중구 아파트청소 잘하는곳 - 청소 작업 안내,서울 중구 아파트청소를 알아보는 분을 위한 안내입니다. 서울 중구 아파트청소 잘하는곳 작업 전 확인사항부터 마무리 점검까지 자세히 정리했습니다.,https://clever-griffin-93819d.netlify.app/seoul-jung-gu-apartment-cleaning-best/,서울 중구 아파트청소 잘하는곳,12
서울 중구 아파트청소 가격,seoul-jung-gu-apartment-cleaning-price,PASS,100,,서울 중구 아파트청소 가격 | 현장별 청소 정보,서울 중구 아파트청소를 알아보는 분을 위한 안내입니다. 서울 중구 아파트청소 가격 작업 전 확인사항부터 마무리 점검까지 자세히 정리했습니다.,https://clever-griffin-93819d.netlify.app/seoul-jung-gu-apartment-cleaning-price/,서울 중구 아파트청소 가격,12
서울 중구 아파트청소 비용,seoul-jung-gu-apartment-cleaning-cost,PASS,100,,서울 중구 아파트청소 비용 | 체인지클린,서울 중구 아파트청소를 알아보는 분을 위한 안내입니다. 서울 중구 아파트청소 비용 작업 전 확인사항부터 마무리 점검까지 자세히 정리했습니다.,https://clever-griffin-93819d.netlify.app/seoul-jung-gu-apartment-cleaning-cost/,서울 중구 아파트청소 비용,12
서울 중구 아파트청소 견적,seoul-jung-gu-apartment-cleaning-quote,PASS,100,,서울 중구 아파트청소 견적 | 체인지클린,"서울 중구 아파트청소 견적 작업 범위와 준비사항, 진행 순서, 확인 항목을 정리했습니다. 서울 중구 아파트청소 현장에 맞춰 필요한 청소 내용을 확인해보세요.",https://clever-griffin-93819d.netlify.app/seoul-jung-gu-apartment-cleaning-quote/,서울 중구 아파트청소 견적,12
서울 중구 오피스텔청소,seoul-jung-gu-officetel-cleaning,PASS,100,,서울 중구 오피스텔청소 | 체인지클린,서울 중구 오피스텔청소를 알아보는 분을 위한 안내입니다. 서울 중구 오피스텔청소 작업 전 확인사항부터 마무리 점검까지 자세히 정리했습니다.,https://clever-griffin-93819d.netlify.app/seoul-jung-gu-officetel-cleaning/,서울 중구 오피스텔청소,12
서울 중구 오피스텔청소 전문업체,seoul-jung-gu-officetel-cleaning-company,PASS,100,,서울 중구 오피스텔청소 전문업체 - 청소 작업 안내,"서울 중구 오피스텔청소 전문업체 작업 범위와 준비사항, 진행 순서, 확인 항목을 정리했습니다. 서울 중구 오피스텔청소 현장에 맞춰 필요한 청소 내용을 확인해보세요.",https://clever-griffin-93819d.netlify.app/seoul-jung-gu-officetel-cleaning-company/,서울 중구 오피스텔청소 전문업체,12
서울 중구 오피스텔청소 잘하는곳,seoul-jung-gu-officetel-cleaning-best,PASS,100,,서울 중구 오피스텔청소 잘하는곳 - 청소 작업 안내,"서울 중구 오피스텔청소 잘하는곳 작업 범위와 준비사항, 진행 순서, 확인 항목을 정리했습니다. 서울 중구 오피스텔청소 현장에 맞춰 필요한 청소 내용을 확인해보세요.",https://clever-griffin-93819d.netlify.app/seoul-jung-gu-officetel-cleaning-best/,서울 중구 오피스텔청소 잘하는곳,12
서울 중구 오피스텔청소 가격,seoul-jung-gu-officetel-cleaning-price,PASS,100,,서울 중구 오피스텔청소 가격 | 현장별 청소 정보,서울 중구 오피스텔청소를 알아보는 분을 위한 안내입니다. 서울 중구 오피스텔청소 가격 작업 전 확인사항부터 마무리 점검까지 자세히 정리했습니다.,https://clever-griffin-93819d.netlify.app/seoul-jung-gu-officetel-cleaning-price/,서울 중구 오피스텔청소 가격,12
서울 중구 오피스텔청소 비용,seoul-jung-gu-officetel-cleaning-cost,PASS,100,,서울 중구 오피스텔청소 비용 | 체인지클린,"서울 중구 오피스텔청소 비용 작업 범위와 준비사항, 진행 순서, 확인 항목을 정리했습니다. 서울 중구 오피스텔청소 현장에 맞춰 필요한 청소 내용을 확인해보세요.",https://clever-griffin-93819d.netlify.app/seoul-jung-gu-officetel-cleaning-cost/,서울 중구 오피스텔청소 비용,12
서울 중구 오피스텔청소 견적,seoul-jung-gu-officetel-cleaning-quote,PASS,100,,서울 중구 오피스텔청소 견적 - 청소 작업 안내,서울 중구 오피스텔청소 견적 관련 청소 과정과 체크포인트를 안내합니다. 공간 상태와 오염 범위를 확인한 뒤 현장에 맞는 작업을 진행합니다.,https://clever-griffin-93819d.netlify.app/seoul-jung-gu-officetel-cleaning-quote/,서울 중구 오피스텔청소 견적,12
서울 중구 거주청소,seoul-jung-gu-home-cleaning,PASS,100,,서울 중구 거주청소 | 현장별 청소 정보,"서울 중구 거주청소 작업 범위와 준비사항, 진행 순서, 확인 항목을 정리했습니다. 서울 중구 거주청소 현장에 맞춰 필요한 청소 내용을 확인해보세요.",https://clever-griffin-93819d.netlify.app/seoul-jung-gu-home-cleaning/,서울 중구 거주청소,12
서울 중구 거주청소 전문업체,seoul-jung-gu-home-cleaning-company,PASS,100,,서울 중구 거주청소 전문업체 - 청소 작업 안내,서울 중구 거주청소를 알아보는 분을 위한 안내입니다. 서울 중구 거주청소 전문업체 작업 전 확인사항부터 마무리 점검까지 자세히 정리했습니다.,https://clever-griffin-93819d.netlify.app/seoul-jung-gu-home-cleaning-company/,서울 중구 거주청소 전문업체,12
서울 중구 거주청소 잘하는곳,seoul-jung-gu-home-cleaning-best,PASS,100,,서울 중구 거주청소 잘하는곳 | 체인지클린,"서울 중구 거주청소 잘하는곳 작업 범위와 준비사항, 진행 순서, 확인 항목을 정리했습니다. 서울 중구 거주청소 현장에 맞춰 필요한 청소 내용을 확인해보세요.",https://clever-griffin-93819d.netlify.app/seoul-jung-gu-home-cleaning-best/,서울 중구 거주청소 잘하는곳,12
서울 중구 거주청소 가격,seoul-jung-gu-home-cleaning-price,PASS,100,,서울 중구 거주청소 가격 | 체인지클린,"서울 중구 거주청소 가격 작업 범위와 준비사항, 진행 순서, 확인 항목을 정리했습니다. 서울 중구 거주청소 현장에 맞춰 필요한 청소 내용을 확인해보세요.",https://clever-griffin-93819d.netlify.app/seoul-jung-gu-home-cleaning-price/,서울 중구 거주청소 가격,12
서울 중구 거주청소 비용,seoul-jung-gu-home-cleaning-cost,PASS,100,,서울 중구 거주청소 비용 - 청소 작업 안내,"서울 중구 거주청소 비용 작업 범위와 준비사항, 진행 순서, 확인 항목을 정리했습니다. 서울 중구 거주청소 현장에 맞춰 필요한 청소 내용을 확인해보세요.",https://clever-griffin-93819d.netlify.app/seoul-jung-gu-home-cleaning-cost/,서울 중구 거주청소 비용,12
서울 중구 거주청소 견적,seoul-jung-gu-home-cleaning-quote,PASS,100,,서울 중구 거주청소 견적 - 청소 작업 안내,"서울 중구 거주청소 견적 작업 범위와 준비사항, 진행 순서, 확인 항목을 정리했습니다. 서울 중구 거주청소 현장에 맞춰 필요한 청소 내용을 확인해보세요.",https://clever-griffin-93819d.netlify.app/seoul-jung-gu-home-cleaning-quote/,서울 중구 거주청소 견적,12
서울 동대문구 입주청소,seoul-dongdaemun-gu-move-in-cleaning,PASS,100,,서울 동대문구 입주청소 | 체인지클린,"서울 동대문구 입주청소 작업 범위와 준비사항, 진행 순서, 확인 항목을 정리했습니다. 서울 동대문구 입주청소 현장에 맞춰 필요한 청소 내용을 확인해보세요.",https://clever-griffin-93819d.netlify.app/seoul-dongdaemun-gu-move-in-cleaning/,서울 동대문구 입주청소,12
서울 동대문구 입주청소 전문업체,seoul-dongdaemun-gu-move-in-cleaning-company,PASS,100,,서울 동대문구 입주청소 전문업체 | 현장별 청소 정보,"서울 동대문구 입주청소 전문업체 작업 범위와 준비사항, 진행 순서, 확인 항목을 정리했습니다. 서울 동대문구 입주청소 현장에 맞춰 필요한 청소 내용을 확인해보세요.",https://clever-griffin-93819d.netlify.app/seoul-dongdaemun-gu-move-in-cleaning-company/,서울 동대문구 입주청소 전문업체,12
서울 동대문구 입주청소 잘하는곳,seoul-dongdaemun-gu-move-in-cleaning-best,PASS,100,,서울 동대문구 입주청소 잘하는곳 | 체인지클린,서울 동대문구 입주청소 잘하는곳 관련 청소 과정과 체크포인트를 안내합니다. 공간 상태와 오염 범위를 확인한 뒤 현장에 맞는 작업을 진행합니다.,https://clever-griffin-93819d.netlify.app/seoul-dongdaemun-gu-move-in-cleaning-best/,서울 동대문구 입주청소 잘하는곳,12
서울 동대문구 입주청소 가격,seoul-dongdaemun-gu-move-in-cleaning-price,PASS,100,,서울 동대문구 입주청소 가격 - 청소 작업 안내,서울 동대문구 입주청소를 알아보는 분을 위한 안내입니다. 서울 동대문구 입주청소 가격 작업 전 확인사항부터 마무리 점검까지 자세히 정리했습니다.,https://clever-griffin-93819d.netlify.app/seoul-dongdaemun-gu-move-in-cleaning-price/,서울 동대문구 입주청소 가격,12
서울 동대문구 입주청소 비용,seoul-dongdaemun-gu-move-in-cleaning-cost,PASS,100,,서울 동대문구 입주청소 비용 | 체인지클린,서울 동대문구 입주청소 비용 관련 청소 과정과 체크포인트를 안내합니다. 공간 상태와 오염 범위를 확인한 뒤 현장에 맞는 작업을 진행합니다.,https://clever-griffin-93819d.netlify.app/seoul-dongdaemun-gu-move-in-cleaning-cost/,서울 동대문구 입주청소 비용,12
서울 동대문구 입주청소 견적,seoul-dongdaemun-gu-move-in-cleaning-quote,PASS,100,,서울 동대문구 입주청소 견적 - 청소 작업 안내,서울 동대문구 입주청소를 알아보는 분을 위한 안내입니다. 서울 동대문구 입주청소 견적 작업 전 확인사항부터 마무리 점검까지 자세히 정리했습니다.,https://clever-griffin-93819d.netlify.app/seoul-dongdaemun-gu-move-in-cleaning-quote/,서울 동대문구 입주청소 견적,12
서울 동대문구 이사청소,seoul-dongdaemun-gu-move-out-cleaning,PASS,100,,서울 동대문구 이사청소 | 체인지클린,서울 동대문구 이사청소를 알아보는 분을 위한 안내입니다. 서울 동대문구 이사청소 작업 전 확인사항부터 마무리 점검까지 자세히 정리했습니다.,https://clever-griffin-93819d.netlify.app/seoul-dongdaemun-gu-move-out-cleaning/,서울 동대문구 이사청소,12
서울 동대문구 이사청소 전문업체,seoul-dongdaemun-gu-move-out-cleaning-company,PASS,100,,서울 동대문구 이사청소 전문업체 | 현장별 청소 정보,서울 동대문구 이사청소 전문업체 관련 청소 과정과 체크포인트를 안내합니다. 공간 상태와 오염 범위를 확인한 뒤 현장에 맞는 작업을 진행합니다.,https://clever-griffin-93819d.netlify.app/seoul-dongdaemun-gu-move-out-cleaning-company/,서울 동대문구 이사청소 전문업체,12
서울 동대문구 이사청소 잘하는곳,seoul-dongdaemun-gu-move-out-cleaning-best,PASS,100,,서울 동대문구 이사청소 잘하는곳 | 체인지클린,서울 동대문구 이사청소 잘하는곳 관련 청소 과정과 체크포인트를 안내합니다. 공간 상태와 오염 범위를 확인한 뒤 현장에 맞는 작업을 진행합니다.,https://clever-griffin-93819d.netlify.app/seoul-dongdaemun-gu-move-out-cleaning-best/,서울 동대문구 이사청소 잘하는곳,12
서울 동대문구 이사청소 가격,seoul-dongdaemun-gu-move-out-cleaning-price,PASS,100,,서울 동대문구 이사청소 가격 - 청소 작업 안내,서울 동대문구 이사청소 가격 관련 청소 과정과 체크포인트를 안내합니다. 공간 상태와 오염 범위를 확인한 뒤 현장에 맞는 작업을 진행합니다.,https://clever-griffin-93819d.netlify.app/seoul-dongdaemun-gu-move-out-cleaning-price/,서울 동대문구 이사청소 가격,12
서울 동대문구 이사청소 비용,seoul-dongdaemun-gu-move-out-cleaning-cost,PASS,100,,서울 동대문구 이사청소 비용 - 청소 작업 안내,"서울 동대문구 이사청소 비용 작업 범위와 준비사항, 진행 순서, 확인 항목을 정리했습니다. 서울 동대문구 이사청소 현장에 맞춰 필요한 청소 내용을 확인해보세요.",https://clever-griffin-93819d.netlify.app/seoul-dongdaemun-gu-move-out-cleaning-cost/,서울 동대문구 이사청소 비용,12
서울 동대문구 이사청소 견적,seoul-dongdaemun-gu-move-out-cleaning-quote,PASS,100,,서울 동대문구 이사청소 견적 - 청소 작업 안내,서울 동대문구 이사청소를 알아보는 분을 위한 안내입니다. 서울 동대문구 이사청소 견적 작업 전 확인사항부터 마무리 점검까지 자세히 정리했습니다.,https://clever-griffin-93819d.netlify.app/seoul-dongdaemun-gu-move-out-cleaning-quote/,서울 동대문구 이사청소 견적,12
서울 동대문구 준공청소,seoul-dongdaemun-gu-post-construction-cleaning,PASS,100,,서울 동대문구 준공청소 - 청소 작업 안내,서울 동대문구 준공청소를 알아보는 분을 위한 안내입니다. 서울 동대문구 준공청소 작업 전 확인사항부터 마무리 점검까지 자세히 정리했습니다.,https://clever-griffin-93819d.netlify.app/seoul-dongdaemun-gu-post-construction-cleaning/,서울 동대문구 준공청소,12
서울 동대문구 준공청소 전문업체,seoul-dongdaemun-gu-post-construction-cleaning-company,PASS,100,,서울 동대문구 준공청소 전문업체 - 청소 작업 안내,"서울 동대문구 준공청소 전문업체 작업 범위와 준비사항, 진행 순서, 확인 항목을 정리했습니다. 서울 동대문구 준공청소 현장에 맞춰 필요한 청소 내용을 확인해보세요.",https://clever-griffin-93819d.netlify.app/seoul-dongdaemun-gu-post-construction-cleaning-company/,서울 동대문구 준공청소 전문업체,12
서울 동대문구 준공청소 잘하는곳,seoul-dongdaemun-gu-post-construction-cleaning-best,PASS,100,,서울 동대문구 준공청소 잘하는곳 | 체인지클린,서울 동대문구 준공청소 잘하는곳 관련 청소 과정과 체크포인트를 안내합니다. 공간 상태와 오염 범위를 확인한 뒤 현장에 맞는 작업을 진행합니다.,https://clever-griffin-93819d.netlify.app/seoul-dongdaemun-gu-post-construction-cleaning-best/,서울 동대문구 준공청소 잘하는곳,12
서울 동대문구 준공청소 가격,seoul-dongdaemun-gu-post-construction-cleaning-price,PASS,100,,서울 동대문구 준공청소 가격 - 청소 작업 안내,서울 동대문구 준공청소 가격 관련 청소 과정과 체크포인트를 안내합니다. 공간 상태와 오염 범위를 확인한 뒤 현장에 맞는 작업을 진행합니다.,https://clever-griffin-93819d.netlify.app/seoul-dongdaemun-gu-post-construction-cleaning-price/,서울 동대문구 준공청소 가격,12
서울 동대문구 준공청소 비용,seoul-dongdaemun-gu-post-construction-cleaning-cost,PASS,100,,서울 동대문구 준공청소 비용 - 청소 작업 안내,서울 동대문구 준공청소를 알아보는 분을 위한 안내입니다. 서울 동대문구 준공청소 비용 작업 전 확인사항부터 마무리 점검까지 자세히 정리했습니다.,https://clever-griffin-93819d.netlify.app/seoul-dongdaemun-gu-post-construction-cleaning-cost/,서울 동대문구 준공청소 비용,12
서울 동대문구 준공청소 견적,seoul-dongdaemun-gu-post-construction-cleaning-quote,PASS,100,,서울 동대문구 준공청소 견적 | 체인지클린,서울 동대문구 준공청소를 알아보는 분을 위한 안내입니다. 서울 동대문구 준공청소 견적 작업 전 확인사항부터 마무리 점검까지 자세히 정리했습니다.,https://clever-griffin-93819d.netlify.app/seoul-dongdaemun-gu-post-construction-cleaning-quote/,서울 동대문구 준공청소 견적,12
서울 동대문구 상가청소,seoul-dongdaemun-gu-store-cleaning,PASS,100,,서울 동대문구 상가청소 | 현장별 청소 정보,"서울 동대문구 상가청소 작업 범위와 준비사항, 진행 순서, 확인 항목을 정리했습니다. 서울 동대문구 상가청소 현장에 맞춰 필요한 청소 내용을 확인해보세요.",https://clever-griffin-93819d.netlify.app/seoul-dongdaemun-gu-store-cleaning/,서울 동대문구 상가청소,12
서울 동대문구 상가청소 전문업체,seoul-dongdaemun-gu-store-cleaning-company,PASS,100,,서울 동대문구 상가청소 전문업체 | 현장별 청소 정보,서울 동대문구 상가청소 전문업체 관련 청소 과정과 체크포인트를 안내합니다. 공간 상태와 오염 범위를 확인한 뒤 현장에 맞는 작업을 진행합니다.,https://clever-griffin-93819d.netlify.app/seoul-dongdaemun-gu-store-cleaning-company/,서울 동대문구 상가청소 전문업체,12
서울 동대문구 상가청소 잘하는곳,seoul-dongdaemun-gu-store-cleaning-best,PASS,100,,서울 동대문구 상가청소 잘하는곳 | 체인지클린,서울 동대문구 상가청소를 알아보는 분을 위한 안내입니다. 서울 동대문구 상가청소 잘하는곳 작업 전 확인사항부터 마무리 점검까지 자세히 정리했습니다.,https://clever-griffin-93819d.netlify.app/seoul-dongdaemun-gu-store-cleaning-best/,서울 동대문구 상가청소 잘하는곳,12
서울 동대문구 상가청소 가격,seoul-dongdaemun-gu-store-cleaning-price,PASS,100,,서울 동대문구 상가청소 가격 - 청소 작업 안내,서울 동대문구 상가청소를 알아보는 분을 위한 안내입니다. 서울 동대문구 상가청소 가격 작업 전 확인사항부터 마무리 점검까지 자세히 정리했습니다.,https://clever-griffin-93819d.netlify.app/seoul-dongdaemun-gu-store-cleaning-price/,서울 동대문구 상가청소 가격,12
서울 동대문구 상가청소 비용,seoul-dongdaemun-gu-store-cleaning-cost,PASS,100,,서울 동대문구 상가청소 비용 - 청소 작업 안내,"서울 동대문구 상가청소 비용 작업 범위와 준비사항, 진행 순서, 확인 항목을 정리했습니다. 서울 동대문구 상가청소 현장에 맞춰 필요한 청소 내용을 확인해보세요.",https://clever-griffin-93819d.netlify.app/seoul-dongdaemun-gu-store-cleaning-cost/,서울 동대문구 상가청소 비용,12
서울 동대문구 상가청소 견적,seoul-dongdaemun-gu-store-cleaning-quote,PASS,100,,서울 동대문구 상가청소 견적 | 현장별 청소 정보,"서울 동대문구 상가청소 견적 작업 범위와 준비사항, 진행 순서, 확인 항목을 정리했습니다. 서울 동대문구 상가청소 현장에 맞춰 필요한 청소 내용을 확인해보세요.",https://clever-griffin-93819d.netlify.app/seoul-dongdaemun-gu-store-cleaning-quote/,서울 동대문구 상가청소 견적,12
서울 동대문구 사무실청소,seoul-dongdaemun-gu-office-cleaning,PASS,100,,서울 동대문구 사무실청소 - 청소 작업 안내,서울 동대문구 사무실청소 관련 청소 과정과 체크포인트를 안내합니다. 공간 상태와 오염 범위를 확인한 뒤 현장에 맞는 작업을 진행합니다.,https://clever-griffin-93819d.netlify.app/seoul-dongdaemun-gu-office-cleaning/,서울 동대문구 사무실청소,12
서울 동대문구 사무실청소 전문업체,seoul-dongdaemun-gu-office-cleaning-company,PASS,100,,서울 동대문구 사무실청소 전문업체 | 현장별 청소 정보,서울 동대문구 사무실청소를 알아보는 분을 위한 안내입니다. 서울 동대문구 사무실청소 전문업체 작업 전 확인사항부터 마무리 점검까지 자세히 정리했습니다.,https://clever-griffin-93819d.netlify.app/seoul-dongdaemun-gu-office-cleaning-company/,서울 동대문구 사무실청소 전문업체,12
서울 동대문구 사무실청소 잘하는곳,seoul-dongdaemun-gu-office-cleaning-best,PASS,100,,서울 동대문구 사무실청소 잘하는곳 | 현장별 청소 정보,"서울 동대문구 사무실청소 잘하는곳 작업 범위와 준비사항, 진행 순서, 확인 항목을 정리했습니다. 서울 동대문구 사무실청소 현장에 맞춰 필요한 청소 내용을 확인해보세요.",https://clever-griffin-93819d.netlify.app/seoul-dongdaemun-gu-office-cleaning-best/,서울 동대문구 사무실청소 잘하는곳,12
서울 동대문구 사무실청소 가격,seoul-dongdaemun-gu-office-cleaning-price,PASS,100,,서울 동대문구 사무실청소 가격 | 체인지클린,"서울 동대문구 사무실청소 가격 작업 범위와 준비사항, 진행 순서, 확인 항목을 정리했습니다. 서울 동대문구 사무실청소 현장에 맞춰 필요한 청소 내용을 확인해보세요.",https://clever-griffin-93819d.netlify.app/seoul-dongdaemun-gu-office-cleaning-price/,서울 동대문구 사무실청소 가격,12
서울 동대문구 사무실청소 비용,seoul-dongdaemun-gu-office-cleaning-cost,PASS,100,,서울 동대문구 사무실청소 비용 | 현장별 청소 정보,서울 동대문구 사무실청소 비용 관련 청소 과정과 체크포인트를 안내합니다. 공간 상태와 오염 범위를 확인한 뒤 현장에 맞는 작업을 진행합니다.,https://clever-griffin-93819d.netlify.app/seoul-dongdaemun-gu-office-cleaning-cost/,서울 동대문구 사무실청소 비용,12
서울 동대문구 사무실청소 견적,seoul-dongdaemun-gu-office-cleaning-quote,PASS,100,,서울 동대문구 사무실청소 견적 | 체인지클린,서울 동대문구 사무실청소 견적 관련 청소 과정과 체크포인트를 안내합니다. 공간 상태와 오염 범위를 확인한 뒤 현장에 맞는 작업을 진행합니다.,https://clever-griffin-93819d.netlify.app/seoul-dongdaemun-gu-office-cleaning-quote/,서울 동대문구 사무실청소 견적,12
서울 동대문구 빌라청소,seoul-dongdaemun-gu-villa-cleaning,PASS,100,,서울 동대문구 빌라청소 - 청소 작업 안내,서울 동대문구 빌라청소 관련 청소 과정과 체크포인트를 안내합니다. 공간 상태와 오염 범위를 확인한 뒤 현장에 맞는 작업을 진행합니다.,https://clever-griffin-93819d.netlify.app/seoul-dongdaemun-gu-villa-cleaning/,서울 동대문구 빌라청소,12
서울 동대문구 빌라청소 전문업체,seoul-dongdaemun-gu-villa-cleaning-company,PASS,100,,서울 동대문구 빌라청소 전문업체 - 청소 작업 안내,"서울 동대문구 빌라청소 전문업체 작업 범위와 준비사항, 진행 순서, 확인 항목을 정리했습니다. 서울 동대문구 빌라청소 현장에 맞춰 필요한 청소 내용을 확인해보세요.",https://clever-griffin-93819d.netlify.app/seoul-dongdaemun-gu-villa-cleaning-company/,서울 동대문구 빌라청소 전문업체,12
서울 동대문구 빌라청소 잘하는곳,seoul-dongdaemun-gu-villa-cleaning-best,PASS,100,,서울 동대문구 빌라청소 잘하는곳 - 청소 작업 안내,서울 동대문구 빌라청소 잘하는곳 관련 청소 과정과 체크포인트를 안내합니다. 공간 상태와 오염 범위를 확인한 뒤 현장에 맞는 작업을 진행합니다.,https://clever-griffin-93819d.netlify.app/seoul-dongdaemun-gu-villa-cleaning-best/,서울 동대문구 빌라청소 잘하는곳,12
서울 동대문구 빌라청소 가격,seoul-dongdaemun-gu-villa-cleaning-price,PASS,100,,서울 동대문구 빌라청소 가격 | 체인지클린,서울 동대문구 빌라청소를 알아보는 분을 위한 안내입니다. 서울 동대문구 빌라청소 가격 작업 전 확인사항부터 마무리 점검까지 자세히 정리했습니다.,https://clever-griffin-93819d.netlify.app/seoul-dongdaemun-gu-villa-cleaning-price/,서울 동대문구 빌라청소 가격,12
서울 동대문구 빌라청소 비용,seoul-dongdaemun-gu-villa-cleaning-cost,PASS,100,,서울 동대문구 빌라청소 비용 | 현장별 청소 정보,"서울 동대문구 빌라청소 비용 작업 범위와 준비사항, 진행 순서, 확인 항목을 정리했습니다. 서울 동대문구 빌라청소 현장에 맞춰 필요한 청소 내용을 확인해보세요.",https://clever-griffin-93819d.netlify.app/seoul-dongdaemun-gu-villa-cleaning-cost/,서울 동대문구 빌라청소 비용,12
서울 동대문구 빌라청소 견적,seoul-dongdaemun-gu-villa-cleaning-quote,PASS,100,,서울 동대문구 빌라청소 견적 - 청소 작업 안내,"서울 동대문구 빌라청소 견적 작업 범위와 준비사항, 진행 순서, 확인 항목을 정리했습니다. 서울 동대문구 빌라청소 현장에 맞춰 필요한 청소 내용을 확인해보세요.",https://clever-griffin-93819d.netlify.app/seoul-dongdaemun-gu-villa-cleaning-quote/,서울 동대문구 빌라청소 견적,12
서울 동대문구 아파트청소,seoul-dongdaemun-gu-apartment-cleaning,PASS,100,,서울 동대문구 아파트청소 | 체인지클린,서울 동대문구 아파트청소를 알아보는 분을 위한 안내입니다. 서울 동대문구 아파트청소 작업 전 확인사항부터 마무리 점검까지 자세히 정리했습니다.,https://clever-griffin-93819d.netlify.app/seoul-dongdaemun-gu-apartment-cleaning/,서울 동대문구 아파트청소,12
서울 동대문구 아파트청소 전문업체,seoul-dongdaemun-gu-apartment-cleaning-company,PASS,100,,서울 동대문구 아파트청소 전문업체 - 청소 작업 안내,서울 동대문구 아파트청소를 알아보는 분을 위한 안내입니다. 서울 동대문구 아파트청소 전문업체 작업 전 확인사항부터 마무리 점검까지 자세히 정리했습니다.,https://clever-griffin-93819d.netlify.app/seoul-dongdaemun-gu-apartment-cleaning-company/,서울 동대문구 아파트청소 전문업체,12
서울 동대문구 아파트청소 잘하는곳,seoul-dongdaemun-gu-apartment-cleaning-best,PASS,100,,서울 동대문구 아파트청소 잘하는곳 | 체인지클린,서울 동대문구 아파트청소를 알아보는 분을 위한 안내입니다. 서울 동대문구 아파트청소 잘하는곳 작업 전 확인사항부터 마무리 점검까지 자세히 정리했습니다.,https://clever-griffin-93819d.netlify.app/seoul-dongdaemun-gu-apartment-cleaning-best/,서울 동대문구 아파트청소 잘하는곳,12
서울 동대문구 아파트청소 가격,seoul-dongdaemun-gu-apartment-cleaning-price,PASS,100,,서울 동대문구 아파트청소 가격 | 현장별 청소 정보,서울 동대문구 아파트청소 가격 관련 청소 과정과 체크포인트를 안내합니다. 공간 상태와 오염 범위를 확인한 뒤 현장에 맞는 작업을 진행합니다.,https://clever-griffin-93819d.netlify.app/seoul-dongdaemun-gu-apartment-cleaning-price/,서울 동대문구 아파트청소 가격,12
서울 동대문구 아파트청소 비용,seoul-dongdaemun-gu-apartment-cleaning-cost,PASS,100,,서울 동대문구 아파트청소 비용 - 청소 작업 안내,서울 동대문구 아파트청소 비용 관련 청소 과정과 체크포인트를 안내합니다. 공간 상태와 오염 범위를 확인한 뒤 현장에 맞는 작업을 진행합니다.,https://clever-griffin-93819d.netlify.app/seoul-dongdaemun-gu-apartment-cleaning-cost/,서울 동대문구 아파트청소 비용,12
서울 동대문구 아파트청소 견적,seoul-dongdaemun-gu-apartment-cleaning-quote,PASS,100,,서울 동대문구 아파트청소 견적 - 청소 작업 안내,"서울 동대문구 아파트청소 견적 작업 범위와 준비사항, 진행 순서, 확인 항목을 정리했습니다. 서울 동대문구 아파트청소 현장에 맞춰 필요한 청소 내용을 확인해보세요.",https://clever-griffin-93819d.netlify.app/seoul-dongdaemun-gu-apartment-cleaning-quote/,서울 동대문구 아파트청소 견적,12
서울 동대문구 오피스텔청소,seoul-dongdaemun-gu-officetel-cleaning,PASS,100,,서울 동대문구 오피스텔청소 | 현장별 청소 정보,"서울 동대문구 오피스텔청소 작업 범위와 준비사항, 진행 순서, 확인 항목을 정리했습니다. 서울 동대문구 오피스텔청소 현장에 맞춰 필요한 청소 내용을 확인해보세요.",https://clever-griffin-93819d.netlify.app/seoul-dongdaemun-gu-officetel-cleaning/,서울 동대문구 오피스텔청소,12
서울 동대문구 오피스텔청소 전문업체,seoul-dongdaemun-gu-officetel-cleaning-company,PASS,100,,서울 동대문구 오피스텔청소 전문업체 | 체인지클린,서울 동대문구 오피스텔청소를 알아보는 분을 위한 안내입니다. 서울 동대문구 오피스텔청소 전문업체 작업 전 확인사항부터 마무리 점검까지 자세히 정리했습니다.,https://clever-griffin-93819d.netlify.app/seoul-dongdaemun-gu-officetel-cleaning-company/,서울 동대문구 오피스텔청소 전문업체,12
서울 동대문구 오피스텔청소 잘하는곳,seoul-dongdaemun-gu-officetel-cleaning-best,PASS,100,,서울 동대문구 오피스텔청소 잘하는곳 | 체인지클린,서울 동대문구 오피스텔청소를 알아보는 분을 위한 안내입니다. 서울 동대문구 오피스텔청소 잘하는곳 작업 전 확인사항부터 마무리 점검까지 자세히 정리했습니다.,https://clever-griffin-93819d.netlify.app/seoul-dongdaemun-gu-officetel-cleaning-best/,서울 동대문구 오피스텔청소 잘하는곳,12
서울 동대문구 오피스텔청소 가격,seoul-dongdaemun-gu-officetel-cleaning-price,PASS,100,,서울 동대문구 오피스텔청소 가격 | 체인지클린,서울 동대문구 오피스텔청소 가격 관련 청소 과정과 체크포인트를 안내합니다. 공간 상태와 오염 범위를 확인한 뒤 현장에 맞는 작업을 진행합니다.,https://clever-griffin-93819d.netlify.app/seoul-dongdaemun-gu-officetel-cleaning-price/,서울 동대문구 오피스텔청소 가격,12
서울 동대문구 오피스텔청소 비용,seoul-dongdaemun-gu-officetel-cleaning-cost,PASS,100,,서울 동대문구 오피스텔청소 비용 | 체인지클린,서울 동대문구 오피스텔청소 비용 관련 청소 과정과 체크포인트를 안내합니다. 공간 상태와 오염 범위를 확인한 뒤 현장에 맞는 작업을 진행합니다.,https://clever-griffin-93819d.netlify.app/seoul-dongdaemun-gu-officetel-cleaning-cost/,서울 동대문구 오피스텔청소 비용,12
서울 동대문구 오피스텔청소 견적,seoul-dongdaemun-gu-officetel-cleaning-quote,PASS,100,,서울 동대문구 오피스텔청소 견적 | 현장별 청소 정보,"서울 동대문구 오피스텔청소 견적 작업 범위와 준비사항, 진행 순서, 확인 항목을 정리했습니다. 서울 동대문구 오피스텔청소 현장에 맞춰 필요한 청소 내용을 확인해보세요.",https://clever-griffin-93819d.netlify.app/seoul-dongdaemun-gu-officetel-cleaning-quote/,서울 동대문구 오피스텔청소 견적,12
서울 동대문구 거주청소,seoul-dongdaemun-gu-home-cleaning,PASS,100,,서울 동대문구 거주청소 | 체인지클린,서울 동대문구 거주청소를 알아보는 분을 위한 안내입니다. 서울 동대문구 거주청소 작업 전 확인사항부터 마무리 점검까지 자세히 정리했습니다.,https://clever-griffin-93819d.netlify.app/seoul-dongdaemun-gu-home-cleaning/,서울 동대문구 거주청소,12
서울 동대문구 거주청소 전문업체,seoul-dongdaemun-gu-home-cleaning-company,PASS,100,,서울 동대문구 거주청소 전문업체 | 체인지클린,서울 동대문구 거주청소를 알아보는 분을 위한 안내입니다. 서울 동대문구 거주청소 전문업체 작업 전 확인사항부터 마무리 점검까지 자세히 정리했습니다.,https://clever-griffin-93819d.netlify.app/seoul-dongdaemun-gu-home-cleaning-company/,서울 동대문구 거주청소 전문업체,12
서울 동대문구 거주청소 잘하는곳,seoul-dongdaemun-gu-home-cleaning-best,PASS,100,,서울 동대문구 거주청소 잘하는곳 - 청소 작업 안내,서울 동대문구 거주청소를 알아보는 분을 위한 안내입니다. 서울 동대문구 거주청소 잘하는곳 작업 전 확인사항부터 마무리 점검까지 자세히 정리했습니다.,https://clever-griffin-93819d.netlify.app/seoul-dongdaemun-gu-home-cleaning-best/,서울 동대문구 거주청소 잘하는곳,12
서울 동대문구 거주청소 가격,seoul-dongdaemun-gu-home-cleaning-price,PASS,100,,서울 동대문구 거주청소 가격 | 현장별 청소 정보,서울 동대문구 거주청소 가격 관련 청소 과정과 체크포인트를 안내합니다. 공간 상태와 오염 범위를 확인한 뒤 현장에 맞는 작업을 진행합니다.,https://clever-griffin-93819d.netlify.app/seoul-dongdaemun-gu-home-cleaning-price/,서울 동대문구 거주청소 가격,12
서울 동대문구 거주청소 비용,seoul-dongdaemun-gu-home-cleaning-cost,PASS,100,,서울 동대문구 거주청소 비용 | 현장별 청소 정보,서울 동대문구 거주청소 비용 관련 청소 과정과 체크포인트를 안내합니다. 공간 상태와 오염 범위를 확인한 뒤 현장에 맞는 작업을 진행합니다.,https://clever-griffin-93819d.netlify.app/seoul-dongdaemun-gu-home-cleaning-cost/,서울 동대문구 거주청소 비용,12
서울 동대문구 거주청소 견적,seoul-dongdaemun-gu-home-cleaning-quote,PASS,100,,서울 동대문구 거주청소 견적 - 청소 작업 안내,"서울 동대문구 거주청소 견적 작업 범위와 준비사항, 진행 순서, 확인 항목을 정리했습니다. 서울 동대문구 거주청소 현장에 맞춰 필요한 청소 내용을 확인해보세요.",https://clever-griffin-93819d.netlify.app/seoul-dongdaemun-gu-home-cleaning-quote/,서울 동대문구 거주청소 견적,12
서울 중랑구 입주청소,seoul-jungnang-gu-move-in-cleaning,CHECK,96,title 길이 확인,서울 중랑구 입주청소 | 체인지클린,서울 중랑구 입주청소를 알아보는 분을 위한 안내입니다. 서울 중랑구 입주청소 작업 전 확인사항부터 마무리 점검까지 자세히 정리했습니다.,https://clever-griffin-93819d.netlify.app/seoul-jungnang-gu-move-in-cleaning/,서울 중랑구 입주청소,12
서울 중랑구 입주청소 전문업체,seoul-jungnang-gu-move-in-cleaning-company,PASS,100,,서울 중랑구 입주청소 전문업체 - 청소 작업 안내,서울 중랑구 입주청소를 알아보는 분을 위한 안내입니다. 서울 중랑구 입주청소 전문업체 작업 전 확인사항부터 마무리 점검까지 자세히 정리했습니다.,https://clever-griffin-93819d.netlify.app/seoul-jungnang-gu-move-in-cleaning-company/,서울 중랑구 입주청소 전문업체,12
서울 중랑구 입주청소 잘하는곳,seoul-jungnang-gu-move-in-cleaning-best,PASS,100,,서울 중랑구 입주청소 잘하는곳 - 청소 작업 안내,"서울 중랑구 입주청소 잘하는곳 작업 범위와 준비사항, 진행 순서, 확인 항목을 정리했습니다. 서울 중랑구 입주청소 현장에 맞춰 필요한 청소 내용을 확인해보세요.",https://clever-griffin-93819d.netlify.app/seoul-jungnang-gu-move-in-cleaning-best/,서울 중랑구 입주청소 잘하는곳,12
서울 중랑구 입주청소 가격,seoul-jungnang-gu-move-in-cleaning-price,PASS,100,,서울 중랑구 입주청소 가격 | 현장별 청소 정보,서울 중랑구 입주청소를 알아보는 분을 위한 안내입니다. 서울 중랑구 입주청소 가격 작업 전 확인사항부터 마무리 점검까지 자세히 정리했습니다.,https://clever-griffin-93819d.netlify.app/seoul-jungnang-gu-move-in-cleaning-price/,서울 중랑구 입주청소 가격,12
서울 중랑구 입주청소 비용,seoul-jungnang-gu-move-in-cleaning-cost,PASS,100,,서울 중랑구 입주청소 비용 | 체인지클린,"서울 중랑구 입주청소 비용 작업 범위와 준비사항, 진행 순서, 확인 항목을 정리했습니다. 서울 중랑구 입주청소 현장에 맞춰 필요한 청소 내용을 확인해보세요.",https://clever-griffin-93819d.netlify.app/seoul-jungnang-gu-move-in-cleaning-cost/,서울 중랑구 입주청소 비용,12
서울 중랑구 입주청소 견적,seoul-jungnang-gu-move-in-cleaning-quote,PASS,100,,서울 중랑구 입주청소 견적 - 청소 작업 안내,서울 중랑구 입주청소 견적 관련 청소 과정과 체크포인트를 안내합니다. 공간 상태와 오염 범위를 확인한 뒤 현장에 맞는 작업을 진행합니다.,https://clever-griffin-93819d.netlify.app/seoul-jungnang-gu-move-in-cleaning-quote/,서울 중랑구 입주청소 견적,12
서울 중랑구 이사청소,seoul-jungnang-gu-move-out-cleaning,CHECK,96,title 길이 확인,서울 중랑구 이사청소 | 체인지클린,서울 중랑구 이사청소를 알아보는 분을 위한 안내입니다. 서울 중랑구 이사청소 작업 전 확인사항부터 마무리 점검까지 자세히 정리했습니다.,https://clever-griffin-93819d.netlify.app/seoul-jungnang-gu-move-out-cleaning/,서울 중랑구 이사청소,12
서울 중랑구 이사청소 전문업체,seoul-jungnang-gu-move-out-cleaning-company,PASS,100,,서울 중랑구 이사청소 전문업체 | 체인지클린,"서울 중랑구 이사청소 전문업체 작업 범위와 준비사항, 진행 순서, 확인 항목을 정리했습니다. 서울 중랑구 이사청소 현장에 맞춰 필요한 청소 내용을 확인해보세요.",https://clever-griffin-93819d.netlify.app/seoul-jungnang-gu-move-out-cleaning-company/,서울 중랑구 이사청소 전문업체,12
서울 중랑구 이사청소 잘하는곳,seoul-jungnang-gu-move-out-cleaning-best,PASS,100,,서울 중랑구 이사청소 잘하는곳 - 청소 작업 안내,서울 중랑구 이사청소를 알아보는 분을 위한 안내입니다. 서울 중랑구 이사청소 잘하는곳 작업 전 확인사항부터 마무리 점검까지 자세히 정리했습니다.,https://clever-griffin-93819d.netlify.app/seoul-jungnang-gu-move-out-cleaning-best/,서울 중랑구 이사청소 잘하는곳,12
서울 중랑구 이사청소 가격,seoul-jungnang-gu-move-out-cleaning-price,PASS,100,,서울 중랑구 이사청소 가격 - 청소 작업 안내,서울 중랑구 이사청소를 알아보는 분을 위한 안내입니다. 서울 중랑구 이사청소 가격 작업 전 확인사항부터 마무리 점검까지 자세히 정리했습니다.,https://clever-griffin-93819d.netlify.app/seoul-jungnang-gu-move-out-cleaning-price/,서울 중랑구 이사청소 가격,12
서울 중랑구 이사청소 비용,seoul-jungnang-gu-move-out-cleaning-cost,PASS,100,,서울 중랑구 이사청소 비용 | 체인지클린,서울 중랑구 이사청소 비용 관련 청소 과정과 체크포인트를 안내합니다. 공간 상태와 오염 범위를 확인한 뒤 현장에 맞는 작업을 진행합니다.,https://clever-griffin-93819d.netlify.app/seoul-jungnang-gu-move-out-cleaning-cost/,서울 중랑구 이사청소 비용,12
서울 중랑구 이사청소 견적,seoul-jungnang-gu-move-out-cleaning-quote,PASS,100,,서울 중랑구 이사청소 견적 | 현장별 청소 정보,서울 중랑구 이사청소를 알아보는 분을 위한 안내입니다. 서울 중랑구 이사청소 견적 작업 전 확인사항부터 마무리 점검까지 자세히 정리했습니다.,https://clever-griffin-93819d.netlify.app/seoul-jungnang-gu-move-out-cleaning-quote/,서울 중랑구 이사청소 견적,12
서울 중랑구 준공청소,seoul-jungnang-gu-post-construction-cleaning,CHECK,96,title 길이 확인,서울 중랑구 준공청소 | 체인지클린,"서울 중랑구 준공청소 작업 범위와 준비사항, 진행 순서, 확인 항목을 정리했습니다. 서울 중랑구 준공청소 현장에 맞춰 필요한 청소 내용을 확인해보세요.",https://clever-griffin-93819d.netlify.app/seoul-jungnang-gu-post-construction-cleaning/,서울 중랑구 준공청소,12
서울 중랑구 준공청소 전문업체,seoul-jungnang-gu-post-construction-cleaning-company,PASS,100,,서울 중랑구 준공청소 전문업체 - 청소 작업 안내,서울 중랑구 준공청소 전문업체 관련 청소 과정과 체크포인트를 안내합니다. 공간 상태와 오염 범위를 확인한 뒤 현장에 맞는 작업을 진행합니다.,https://clever-griffin-93819d.netlify.app/seoul-jungnang-gu-post-construction-cleaning-company/,서울 중랑구 준공청소 전문업체,12
서울 중랑구 준공청소 잘하는곳,seoul-jungnang-gu-post-construction-cleaning-best,PASS,100,,서울 중랑구 준공청소 잘하는곳 | 체인지클린,"서울 중랑구 준공청소 잘하는곳 작업 범위와 준비사항, 진행 순서, 확인 항목을 정리했습니다. 서울 중랑구 준공청소 현장에 맞춰 필요한 청소 내용을 확인해보세요.",https://clever-griffin-93819d.netlify.app/seoul-jungnang-gu-post-construction-cleaning-best/,서울 중랑구 준공청소 잘하는곳,12
서울 중랑구 준공청소 가격,seoul-jungnang-gu-post-construction-cleaning-price,PASS,100,,서울 중랑구 준공청소 가격 | 현장별 청소 정보,"서울 중랑구 준공청소 가격 작업 범위와 준비사항, 진행 순서, 확인 항목을 정리했습니다. 서울 중랑구 준공청소 현장에 맞춰 필요한 청소 내용을 확인해보세요.",https://clever-griffin-93819d.netlify.app/seoul-jungnang-gu-post-construction-cleaning-price/,서울 중랑구 준공청소 가격,12
서울 중랑구 준공청소 비용,seoul-jungnang-gu-post-construction-cleaning-cost,PASS,100,,서울 중랑구 준공청소 비용 | 현장별 청소 정보,"서울 중랑구 준공청소 비용 작업 범위와 준비사항, 진행 순서, 확인 항목을 정리했습니다. 서울 중랑구 준공청소 현장에 맞춰 필요한 청소 내용을 확인해보세요.",https://clever-griffin-93819d.netlify.app/seoul-jungnang-gu-post-construction-cleaning-cost/,서울 중랑구 준공청소 비용,12
서울 중랑구 준공청소 견적,seoul-jungnang-gu-post-construction-cleaning-quote,PASS,100,,서울 중랑구 준공청소 견적 - 청소 작업 안내,서울 중랑구 준공청소 견적 관련 청소 과정과 체크포인트를 안내합니다. 공간 상태와 오염 범위를 확인한 뒤 현장에 맞는 작업을 진행합니다.,https://clever-griffin-93819d.netlify.app/seoul-jungnang-gu-post-construction-cleaning-quote/,서울 중랑구 준공청소 견적,12
서울 중랑구 상가청소,seoul-jungnang-gu-store-cleaning,PASS,100,,서울 중랑구 상가청소 - 청소 작업 안내,서울 중랑구 상가청소를 알아보는 분을 위한 안내입니다. 서울 중랑구 상가청소 작업 전 확인사항부터 마무리 점검까지 자세히 정리했습니다.,https://clever-griffin-93819d.netlify.app/seoul-jungnang-gu-store-cleaning/,서울 중랑구 상가청소,12
서울 중랑구 상가청소 전문업체,seoul-jungnang-gu-store-cleaning-company,PASS,100,,서울 중랑구 상가청소 전문업체 | 체인지클린,서울 중랑구 상가청소 전문업체 관련 청소 과정과 체크포인트를 안내합니다. 공간 상태와 오염 범위를 확인한 뒤 현장에 맞는 작업을 진행합니다.,https://clever-griffin-93819d.netlify.app/seoul-jungnang-gu-store-cleaning-company/,서울 중랑구 상가청소 전문업체,12
서울 중랑구 상가청소 잘하는곳,seoul-jungnang-gu-store-cleaning-best,PASS,100,,서울 중랑구 상가청소 잘하는곳 | 체인지클린,서울 중랑구 상가청소 잘하는곳 관련 청소 과정과 체크포인트를 안내합니다. 공간 상태와 오염 범위를 확인한 뒤 현장에 맞는 작업을 진행합니다.,https://clever-griffin-93819d.netlify.app/seoul-jungnang-gu-store-cleaning-best/,서울 중랑구 상가청소 잘하는곳,12
서울 중랑구 상가청소 가격,seoul-jungnang-gu-store-cleaning-price,PASS,100,,서울 중랑구 상가청소 가격 | 현장별 청소 정보,서울 중랑구 상가청소를 알아보는 분을 위한 안내입니다. 서울 중랑구 상가청소 가격 작업 전 확인사항부터 마무리 점검까지 자세히 정리했습니다.,https://clever-griffin-93819d.netlify.app/seoul-jungnang-gu-store-cleaning-price/,서울 중랑구 상가청소 가격,12
서울 중랑구 상가청소 비용,seoul-jungnang-gu-store-cleaning-cost,PASS,100,,서울 중랑구 상가청소 비용 | 체인지클린,서울 중랑구 상가청소 비용 관련 청소 과정과 체크포인트를 안내합니다. 공간 상태와 오염 범위를 확인한 뒤 현장에 맞는 작업을 진행합니다.,https://clever-griffin-93819d.netlify.app/seoul-jungnang-gu-store-cleaning-cost/,서울 중랑구 상가청소 비용,12
서울 중랑구 상가청소 견적,seoul-jungnang-gu-store-cleaning-quote,PASS,100,,서울 중랑구 상가청소 견적 | 체인지클린,서울 중랑구 상가청소를 알아보는 분을 위한 안내입니다. 서울 중랑구 상가청소 견적 작업 전 확인사항부터 마무리 점검까지 자세히 정리했습니다.,https://clever-griffin-93819d.netlify.app/seoul-jungnang-gu-store-cleaning-quote/,서울 중랑구 상가청소 견적,12
서울 중랑구 사무실청소,seoul-jungnang-gu-office-cleaning,PASS,100,,서울 중랑구 사무실청소 | 체인지클린,"서울 중랑구 사무실청소 작업 범위와 준비사항, 진행 순서, 확인 항목을 정리했습니다. 서울 중랑구 사무실청소 현장에 맞춰 필요한 청소 내용을 확인해보세요.",https://clever-griffin-93819d.netlify.app/seoul-jungnang-gu-office-cleaning/,서울 중랑구 사무실청소,12
서울 중랑구 사무실청소 전문업체,seoul-jungnang-gu-office-cleaning-company,PASS,100,,서울 중랑구 사무실청소 전문업체 | 현장별 청소 정보,서울 중랑구 사무실청소를 알아보는 분을 위한 안내입니다. 서울 중랑구 사무실청소 전문업체 작업 전 확인사항부터 마무리 점검까지 자세히 정리했습니다.,https://clever-griffin-93819d.netlify.app/seoul-jungnang-gu-office-cleaning-company/,서울 중랑구 사무실청소 전문업체,12
서울 중랑구 사무실청소 잘하는곳,seoul-jungnang-gu-office-cleaning-best,PASS,100,,서울 중랑구 사무실청소 잘하는곳 | 현장별 청소 정보,"서울 중랑구 사무실청소 잘하는곳 작업 범위와 준비사항, 진행 순서, 확인 항목을 정리했습니다. 서울 중랑구 사무실청소 현장에 맞춰 필요한 청소 내용을 확인해보세요.",https://clever-griffin-93819d.netlify.app/seoul-jungnang-gu-office-cleaning-best/,서울 중랑구 사무실청소 잘하는곳,12
서울 중랑구 사무실청소 가격,seoul-jungnang-gu-office-cleaning-price,PASS,100,,서울 중랑구 사무실청소 가격 - 청소 작업 안내,"서울 중랑구 사무실청소 가격 작업 범위와 준비사항, 진행 순서, 확인 항목을 정리했습니다. 서울 중랑구 사무실청소 현장에 맞춰 필요한 청소 내용을 확인해보세요.",https://clever-griffin-93819d.netlify.app/seoul-jungnang-gu-office-cleaning-price/,서울 중랑구 사무실청소 가격,12
서울 중랑구 사무실청소 비용,seoul-jungnang-gu-office-cleaning-cost,PASS,100,,서울 중랑구 사무실청소 비용 | 현장별 청소 정보,"서울 중랑구 사무실청소 비용 작업 범위와 준비사항, 진행 순서, 확인 항목을 정리했습니다. 서울 중랑구 사무실청소 현장에 맞춰 필요한 청소 내용을 확인해보세요.",https://clever-griffin-93819d.netlify.app/seoul-jungnang-gu-office-cleaning-cost/,서울 중랑구 사무실청소 비용,12
서울 중랑구 사무실청소 견적,seoul-jungnang-gu-office-cleaning-quote,PASS,100,,서울 중랑구 사무실청소 견적 | 현장별 청소 정보,서울 중랑구 사무실청소 견적 관련 청소 과정과 체크포인트를 안내합니다. 공간 상태와 오염 범위를 확인한 뒤 현장에 맞는 작업을 진행합니다.,https://clever-griffin-93819d.netlify.app/seoul-jungnang-gu-office-cleaning-quote/,서울 중랑구 사무실청소 견적,12
서울 중랑구 빌라청소,seoul-jungnang-gu-villa-cleaning,CHECK,96,title 길이 확인,서울 중랑구 빌라청소 | 체인지클린,"서울 중랑구 빌라청소 작업 범위와 준비사항, 진행 순서, 확인 항목을 정리했습니다. 서울 중랑구 빌라청소 현장에 맞춰 필요한 청소 내용을 확인해보세요.",https://clever-griffin-93819d.netlify.app/seoul-jungnang-gu-villa-cleaning/,서울 중랑구 빌라청소,12
서울 중랑구 빌라청소 전문업체,seoul-jungnang-gu-villa-cleaning-company,PASS,100,,서울 중랑구 빌라청소 전문업체 | 현장별 청소 정보,서울 중랑구 빌라청소를 알아보는 분을 위한 안내입니다. 서울 중랑구 빌라청소 전문업체 작업 전 확인사항부터 마무리 점검까지 자세히 정리했습니다.,https://clever-griffin-93819d.netlify.app/seoul-jungnang-gu-villa-cleaning-company/,서울 중랑구 빌라청소 전문업체,12
서울 중랑구 빌라청소 잘하는곳,seoul-jungnang-gu-villa-cleaning-best,PASS,100,,서울 중랑구 빌라청소 잘하는곳 - 청소 작업 안내,"서울 중랑구 빌라청소 잘하는곳 작업 범위와 준비사항, 진행 순서, 확인 항목을 정리했습니다. 서울 중랑구 빌라청소 현장에 맞춰 필요한 청소 내용을 확인해보세요.",https://clever-griffin-93819d.netlify.app/seoul-jungnang-gu-villa-cleaning-best/,서울 중랑구 빌라청소 잘하는곳,12
서울 중랑구 빌라청소 가격,seoul-jungnang-gu-villa-cleaning-price,PASS,100,,서울 중랑구 빌라청소 가격 | 체인지클린,"서울 중랑구 빌라청소 가격 작업 범위와 준비사항, 진행 순서, 확인 항목을 정리했습니다. 서울 중랑구 빌라청소 현장에 맞춰 필요한 청소 내용을 확인해보세요.",https://clever-griffin-93819d.netlify.app/seoul-jungnang-gu-villa-cleaning-price/,서울 중랑구 빌라청소 가격,12
서울 중랑구 빌라청소 비용,seoul-jungnang-gu-villa-cleaning-cost,PASS,100,,서울 중랑구 빌라청소 비용 | 체인지클린,서울 중랑구 빌라청소 비용 관련 청소 과정과 체크포인트를 안내합니다. 공간 상태와 오염 범위를 확인한 뒤 현장에 맞는 작업을 진행합니다.,https://clever-griffin-93819d.netlify.app/seoul-jungnang-gu-villa-cleaning-cost/,서울 중랑구 빌라청소 비용,12
서울 중랑구 빌라청소 견적,seoul-jungnang-gu-villa-cleaning-quote,PASS,100,,서울 중랑구 빌라청소 견적 - 청소 작업 안내,"서울 중랑구 빌라청소 견적 작업 범위와 준비사항, 진행 순서, 확인 항목을 정리했습니다. 서울 중랑구 빌라청소 현장에 맞춰 필요한 청소 내용을 확인해보세요.",https://clever-griffin-93819d.netlify.app/seoul-jungnang-gu-villa-cleaning-quote/,서울 중랑구 빌라청소 견적,12
서울 중랑구 아파트청소,seoul-jungnang-gu-apartment-cleaning,PASS,100,,서울 중랑구 아파트청소 | 체인지클린,서울 중랑구 아파트청소를 알아보는 분을 위한 안내입니다. 서울 중랑구 아파트청소 작업 전 확인사항부터 마무리 점검까지 자세히 정리했습니다.,https://clever-griffin-93819d.netlify.app/seoul-jungnang-gu-apartment-cleaning/,서울 중랑구 아파트청소,12
서울 중랑구 아파트청소 전문업체,seoul-jungnang-gu-apartment-cleaning-company,PASS,100,,서울 중랑구 아파트청소 전문업체 | 체인지클린,"서울 중랑구 아파트청소 전문업체 작업 범위와 준비사항, 진행 순서, 확인 항목을 정리했습니다. 서울 중랑구 아파트청소 현장에 맞춰 필요한 청소 내용을 확인해보세요.",https://clever-griffin-93819d.netlify.app/seoul-jungnang-gu-apartment-cleaning-company/,서울 중랑구 아파트청소 전문업체,12
서울 중랑구 아파트청소 잘하는곳,seoul-jungnang-gu-apartment-cleaning-best,PASS,100,,서울 중랑구 아파트청소 잘하는곳 | 현장별 청소 정보,서울 중랑구 아파트청소를 알아보는 분을 위한 안내입니다. 서울 중랑구 아파트청소 잘하는곳 작업 전 확인사항부터 마무리 점검까지 자세히 정리했습니다.,https://clever-griffin-93819d.netlify.app/seoul-jungnang-gu-apartment-cleaning-best/,서울 중랑구 아파트청소 잘하는곳,12
서울 중랑구 아파트청소 가격,seoul-jungnang-gu-apartment-cleaning-price,PASS,100,,서울 중랑구 아파트청소 가격 | 현장별 청소 정보,서울 중랑구 아파트청소를 알아보는 분을 위한 안내입니다. 서울 중랑구 아파트청소 가격 작업 전 확인사항부터 마무리 점검까지 자세히 정리했습니다.,https://clever-griffin-93819d.netlify.app/seoul-jungnang-gu-apartment-cleaning-price/,서울 중랑구 아파트청소 가격,12
서울 중랑구 아파트청소 비용,seoul-jungnang-gu-apartment-cleaning-cost,PASS,100,,서울 중랑구 아파트청소 비용 | 현장별 청소 정보,서울 중랑구 아파트청소를 알아보는 분을 위한 안내입니다. 서울 중랑구 아파트청소 비용 작업 전 확인사항부터 마무리 점검까지 자세히 정리했습니다.,https://clever-griffin-93819d.netlify.app/seoul-jungnang-gu-apartment-cleaning-cost/,서울 중랑구 아파트청소 비용,12
서울 중랑구 아파트청소 견적,seoul-jungnang-gu-apartment-cleaning-quote,PASS,100,,서울 중랑구 아파트청소 견적 - 청소 작업 안내,서울 중랑구 아파트청소 견적 관련 청소 과정과 체크포인트를 안내합니다. 공간 상태와 오염 범위를 확인한 뒤 현장에 맞는 작업을 진행합니다.,https://clever-griffin-93819d.netlify.app/seoul-jungnang-gu-apartment-cleaning-quote/,서울 중랑구 아파트청소 견적,12
서울 중랑구 오피스텔청소,seoul-jungnang-gu-officetel-cleaning,PASS,100,,서울 중랑구 오피스텔청소 | 체인지클린,서울 중랑구 오피스텔청소를 알아보는 분을 위한 안내입니다. 서울 중랑구 오피스텔청소 작업 전 확인사항부터 마무리 점검까지 자세히 정리했습니다.,https://clever-griffin-93819d.netlify.app/seoul-jungnang-gu-officetel-cleaning/,서울 중랑구 오피스텔청소,12
서울 중랑구 오피스텔청소 전문업체,seoul-jungnang-gu-officetel-cleaning-company,PASS,100,,서울 중랑구 오피스텔청소 전문업체 | 현장별 청소 정보,서울 중랑구 오피스텔청소를 알아보는 분을 위한 안내입니다. 서울 중랑구 오피스텔청소 전문업체 작업 전 확인사항부터 마무리 점검까지 자세히 정리했습니다.,https://clever-griffin-93819d.netlify.app/seoul-jungnang-gu-officetel-cleaning-company/,서울 중랑구 오피스텔청소 전문업체,12
서울 중랑구 오피스텔청소 잘하는곳,seoul-jungnang-gu-officetel-cleaning-best,PASS,100,,서울 중랑구 오피스텔청소 잘하는곳 | 체인지클린,"서울 중랑구 오피스텔청소 잘하는곳 작업 범위와 준비사항, 진행 순서, 확인 항목을 정리했습니다. 서울 중랑구 오피스텔청소 현장에 맞춰 필요한 청소 내용을 확인해보세요.",https://clever-griffin-93819d.netlify.app/seoul-jungnang-gu-officetel-cleaning-best/,서울 중랑구 오피스텔청소 잘하는곳,12
서울 중랑구 오피스텔청소 가격,seoul-jungnang-gu-officetel-cleaning-price,PASS,100,,서울 중랑구 오피스텔청소 가격 | 체인지클린,"서울 중랑구 오피스텔청소 가격 작업 범위와 준비사항, 진행 순서, 확인 항목을 정리했습니다. 서울 중랑구 오피스텔청소 현장에 맞춰 필요한 청소 내용을 확인해보세요.",https://clever-griffin-93819d.netlify.app/seoul-jungnang-gu-officetel-cleaning-price/,서울 중랑구 오피스텔청소 가격,12
서울 중랑구 오피스텔청소 비용,seoul-jungnang-gu-officetel-cleaning-cost,PASS,100,,서울 중랑구 오피스텔청소 비용 | 체인지클린,"서울 중랑구 오피스텔청소 비용 작업 범위와 준비사항, 진행 순서, 확인 항목을 정리했습니다. 서울 중랑구 오피스텔청소 현장에 맞춰 필요한 청소 내용을 확인해보세요.",https://clever-griffin-93819d.netlify.app/seoul-jungnang-gu-officetel-cleaning-cost/,서울 중랑구 오피스텔청소 비용,12
서울 중랑구 오피스텔청소 견적,seoul-jungnang-gu-officetel-cleaning-quote,PASS,100,,서울 중랑구 오피스텔청소 견적 - 청소 작업 안내,서울 중랑구 오피스텔청소를 알아보는 분을 위한 안내입니다. 서울 중랑구 오피스텔청소 견적 작업 전 확인사항부터 마무리 점검까지 자세히 정리했습니다.,https://clever-griffin-93819d.netlify.app/seoul-jungnang-gu-officetel-cleaning-quote/,서울 중랑구 오피스텔청소 견적,12
서울 중랑구 거주청소,seoul-jungnang-gu-home-cleaning,PASS,100,,서울 중랑구 거주청소 | 현장별 청소 정보,서울 중랑구 거주청소 관련 청소 과정과 체크포인트를 안내합니다. 공간 상태와 오염 범위를 확인한 뒤 현장에 맞는 작업을 진행합니다.,https://clever-griffin-93819d.netlify.app/seoul-jungnang-gu-home-cleaning/,서울 중랑구 거주청소,12
서울 중랑구 거주청소 전문업체,seoul-jungnang-gu-home-cleaning-company,PASS,100,,서울 중랑구 거주청소 전문업체 | 체인지클린,"서울 중랑구 거주청소 전문업체 작업 범위와 준비사항, 진행 순서, 확인 항목을 정리했습니다. 서울 중랑구 거주청소 현장에 맞춰 필요한 청소 내용을 확인해보세요.",https://clever-griffin-93819d.netlify.app/seoul-jungnang-gu-home-cleaning-company/,서울 중랑구 거주청소 전문업체,12
서울 중랑구 거주청소 잘하는곳,seoul-jungnang-gu-home-cleaning-best,PASS,100,,서울 중랑구 거주청소 잘하는곳 | 체인지클린,"서울 중랑구 거주청소 잘하는곳 작업 범위와 준비사항, 진행 순서, 확인 항목을 정리했습니다. 서울 중랑구 거주청소 현장에 맞춰 필요한 청소 내용을 확인해보세요.",https://clever-griffin-93819d.netlify.app/seoul-jungnang-gu-home-cleaning-best/,서울 중랑구 거주청소 잘하는곳,12
서울 중랑구 거주청소 가격,seoul-jungnang-gu-home-cleaning-price,PASS,100,,서울 중랑구 거주청소 가격 - 청소 작업 안내,"서울 중랑구 거주청소 가격 작업 범위와 준비사항, 진행 순서, 확인 항목을 정리했습니다. 서울 중랑구 거주청소 현장에 맞춰 필요한 청소 내용을 확인해보세요.",https://clever-griffin-93819d.netlify.app/seoul-jungnang-gu-home-cleaning-price/,서울 중랑구 거주청소 가격,12
서울 중랑구 거주청소 비용,seoul-jungnang-gu-home-cleaning-cost,PASS,100,,서울 중랑구 거주청소 비용 | 체인지클린,서울 중랑구 거주청소 비용 관련 청소 과정과 체크포인트를 안내합니다. 공간 상태와 오염 범위를 확인한 뒤 현장에 맞는 작업을 진행합니다.,https://clever-griffin-93819d.netlify.app/seoul-jungnang-gu-home-cleaning-cost/,서울 중랑구 거주청소 비용,12
서울 중랑구 거주청소 견적,seoul-jungnang-gu-home-cleaning-quote,PASS,100,,서울 중랑구 거주청소 견적 - 청소 작업 안내,서울 중랑구 거주청소 견적 관련 청소 과정과 체크포인트를 안내합니다. 공간 상태와 오염 범위를 확인한 뒤 현장에 맞는 작업을 진행합니다.,https://clever-griffin-93819d.netlify.app/seoul-jungnang-gu-home-cleaning-quote/,서울 중랑구 거주청소 견적,12
서울 성북구 입주청소,seoul-seongbuk-gu-move-in-cleaning,PASS,100,,서울 성북구 입주청소 - 청소 작업 안내,"서울 성북구 입주청소 작업 범위와 준비사항, 진행 순서, 확인 항목을 정리했습니다. 서울 성북구 입주청소 현장에 맞춰 필요한 청소 내용을 확인해보세요.",https://clever-griffin-93819d.netlify.app/seoul-seongbuk-gu-move-in-cleaning/,서울 성북구 입주청소,12
서울 성북구 입주청소 전문업체,seoul-seongbuk-gu-move-in-cleaning-company,PASS,100,,서울 성북구 입주청소 전문업체 | 현장별 청소 정보,서울 성북구 입주청소 전문업체 관련 청소 과정과 체크포인트를 안내합니다. 공간 상태와 오염 범위를 확인한 뒤 현장에 맞는 작업을 진행합니다.,https://clever-griffin-93819d.netlify.app/seoul-seongbuk-gu-move-in-cleaning-company/,서울 성북구 입주청소 전문업체,12
서울 성북구 입주청소 잘하는곳,seoul-seongbuk-gu-move-in-cleaning-best,PASS,100,,서울 성북구 입주청소 잘하는곳 | 체인지클린,서울 성북구 입주청소 잘하는곳 관련 청소 과정과 체크포인트를 안내합니다. 공간 상태와 오염 범위를 확인한 뒤 현장에 맞는 작업을 진행합니다.,https://clever-griffin-93819d.netlify.app/seoul-seongbuk-gu-move-in-cleaning-best/,서울 성북구 입주청소 잘하는곳,12
서울 성북구 입주청소 가격,seoul-seongbuk-gu-move-in-cleaning-price,PASS,100,,서울 성북구 입주청소 가격 | 현장별 청소 정보,"서울 성북구 입주청소 가격 작업 범위와 준비사항, 진행 순서, 확인 항목을 정리했습니다. 서울 성북구 입주청소 현장에 맞춰 필요한 청소 내용을 확인해보세요.",https://clever-griffin-93819d.netlify.app/seoul-seongbuk-gu-move-in-cleaning-price/,서울 성북구 입주청소 가격,12
서울 성북구 입주청소 비용,seoul-seongbuk-gu-move-in-cleaning-cost,PASS,100,,서울 성북구 입주청소 비용 | 현장별 청소 정보,"서울 성북구 입주청소 비용 작업 범위와 준비사항, 진행 순서, 확인 항목을 정리했습니다. 서울 성북구 입주청소 현장에 맞춰 필요한 청소 내용을 확인해보세요.",https://clever-griffin-93819d.netlify.app/seoul-seongbuk-gu-move-in-cleaning-cost/,서울 성북구 입주청소 비용,12
서울 성북구 입주청소 견적,seoul-seongbuk-gu-move-in-cleaning-quote,PASS,100,,서울 성북구 입주청소 견적 | 현장별 청소 정보,서울 성북구 입주청소 견적 관련 청소 과정과 체크포인트를 안내합니다. 공간 상태와 오염 범위를 확인한 뒤 현장에 맞는 작업을 진행합니다.,https://clever-griffin-93819d.netlify.app/seoul-seongbuk-gu-move-in-cleaning-quote/,서울 성북구 입주청소 견적,12
서울 성북구 이사청소,seoul-seongbuk-gu-move-out-cleaning,PASS,100,,서울 성북구 이사청소 | 현장별 청소 정보,서울 성북구 이사청소를 알아보는 분을 위한 안내입니다. 서울 성북구 이사청소 작업 전 확인사항부터 마무리 점검까지 자세히 정리했습니다.,https://clever-griffin-93819d.netlify.app/seoul-seongbuk-gu-move-out-cleaning/,서울 성북구 이사청소,12
서울 성북구 이사청소 전문업체,seoul-seongbuk-gu-move-out-cleaning-company,PASS,100,,서울 성북구 이사청소 전문업체 | 체인지클린,서울 성북구 이사청소 전문업체 관련 청소 과정과 체크포인트를 안내합니다. 공간 상태와 오염 범위를 확인한 뒤 현장에 맞는 작업을 진행합니다.,https://clever-griffin-93819d.netlify.app/seoul-seongbuk-gu-move-out-cleaning-company/,서울 성북구 이사청소 전문업체,12
서울 성북구 이사청소 잘하는곳,seoul-seongbuk-gu-move-out-cleaning-best,PASS,100,,서울 성북구 이사청소 잘하는곳 | 체인지클린,"서울 성북구 이사청소 잘하는곳 작업 범위와 준비사항, 진행 순서, 확인 항목을 정리했습니다. 서울 성북구 이사청소 현장에 맞춰 필요한 청소 내용을 확인해보세요.",https://clever-griffin-93819d.netlify.app/seoul-seongbuk-gu-move-out-cleaning-best/,서울 성북구 이사청소 잘하는곳,12
서울 성북구 이사청소 가격,seoul-seongbuk-gu-move-out-cleaning-price,PASS,100,,서울 성북구 이사청소 가격 | 체인지클린,"서울 성북구 이사청소 가격 작업 범위와 준비사항, 진행 순서, 확인 항목을 정리했습니다. 서울 성북구 이사청소 현장에 맞춰 필요한 청소 내용을 확인해보세요.",https://clever-griffin-93819d.netlify.app/seoul-seongbuk-gu-move-out-cleaning-price/,서울 성북구 이사청소 가격,12
서울 성북구 이사청소 비용,seoul-seongbuk-gu-move-out-cleaning-cost,PASS,100,,서울 성북구 이사청소 비용 | 체인지클린,서울 성북구 이사청소를 알아보는 분을 위한 안내입니다. 서울 성북구 이사청소 비용 작업 전 확인사항부터 마무리 점검까지 자세히 정리했습니다.,https://clever-griffin-93819d.netlify.app/seoul-seongbuk-gu-move-out-cleaning-cost/,서울 성북구 이사청소 비용,12
서울 성북구 이사청소 견적,seoul-seongbuk-gu-move-out-cleaning-quote,PASS,100,,서울 성북구 이사청소 견적 | 현장별 청소 정보,서울 성북구 이사청소 견적 관련 청소 과정과 체크포인트를 안내합니다. 공간 상태와 오염 범위를 확인한 뒤 현장에 맞는 작업을 진행합니다.,https://clever-griffin-93819d.netlify.app/seoul-seongbuk-gu-move-out-cleaning-quote/,서울 성북구 이사청소 견적,12
서울 성북구 준공청소,seoul-seongbuk-gu-post-construction-cleaning,PASS,100,,서울 성북구 준공청소 | 현장별 청소 정보,"서울 성북구 준공청소 작업 범위와 준비사항, 진행 순서, 확인 항목을 정리했습니다. 서울 성북구 준공청소 현장에 맞춰 필요한 청소 내용을 확인해보세요.",https://clever-griffin-93819d.netlify.app/seoul-seongbuk-gu-post-construction-cleaning/,서울 성북구 준공청소,12
서울 성북구 준공청소 전문업체,seoul-seongbuk-gu-post-construction-cleaning-company,PASS,100,,서울 성북구 준공청소 전문업체 - 청소 작업 안내,"서울 성북구 준공청소 전문업체 작업 범위와 준비사항, 진행 순서, 확인 항목을 정리했습니다. 서울 성북구 준공청소 현장에 맞춰 필요한 청소 내용을 확인해보세요.",https://clever-griffin-93819d.netlify.app/seoul-seongbuk-gu-post-construction-cleaning-company/,서울 성북구 준공청소 전문업체,12
서울 성북구 준공청소 잘하는곳,seoul-seongbuk-gu-post-construction-cleaning-best,PASS,100,,서울 성북구 준공청소 잘하는곳 - 청소 작업 안내,서울 성북구 준공청소 잘하는곳 관련 청소 과정과 체크포인트를 안내합니다. 공간 상태와 오염 범위를 확인한 뒤 현장에 맞는 작업을 진행합니다.,https://clever-griffin-93819d.netlify.app/seoul-seongbuk-gu-post-construction-cleaning-best/,서울 성북구 준공청소 잘하는곳,12
서울 성북구 준공청소 가격,seoul-seongbuk-gu-post-construction-cleaning-price,PASS,100,,서울 성북구 준공청소 가격 | 체인지클린,"서울 성북구 준공청소 가격 작업 범위와 준비사항, 진행 순서, 확인 항목을 정리했습니다. 서울 성북구 준공청소 현장에 맞춰 필요한 청소 내용을 확인해보세요.",https://clever-griffin-93819d.netlify.app/seoul-seongbuk-gu-post-construction-cleaning-price/,서울 성북구 준공청소 가격,12
서울 성북구 준공청소 비용,seoul-seongbuk-gu-post-construction-cleaning-cost,PASS,100,,서울 성북구 준공청소 비용 - 청소 작업 안내,"서울 성북구 준공청소 비용 작업 범위와 준비사항, 진행 순서, 확인 항목을 정리했습니다. 서울 성북구 준공청소 현장에 맞춰 필요한 청소 내용을 확인해보세요.",https://clever-griffin-93819d.netlify.app/seoul-seongbuk-gu-post-construction-cleaning-cost/,서울 성북구 준공청소 비용,12
서울 성북구 준공청소 견적,seoul-seongbuk-gu-post-construction-cleaning-quote,PASS,100,,서울 성북구 준공청소 견적 - 청소 작업 안내,서울 성북구 준공청소 견적 관련 청소 과정과 체크포인트를 안내합니다. 공간 상태와 오염 범위를 확인한 뒤 현장에 맞는 작업을 진행합니다.,https://clever-griffin-93819d.netlify.app/seoul-seongbuk-gu-post-construction-cleaning-quote/,서울 성북구 준공청소 견적,12
서울 성북구 상가청소,seoul-seongbuk-gu-store-cleaning,PASS,100,,서울 성북구 상가청소 - 청소 작업 안내,서울 성북구 상가청소를 알아보는 분을 위한 안내입니다. 서울 성북구 상가청소 작업 전 확인사항부터 마무리 점검까지 자세히 정리했습니다.,https://clever-griffin-93819d.netlify.app/seoul-seongbuk-gu-store-cleaning/,서울 성북구 상가청소,12
서울 성북구 상가청소 전문업체,seoul-seongbuk-gu-store-cleaning-company,PASS,100,,서울 성북구 상가청소 전문업체 - 청소 작업 안내,서울 성북구 상가청소를 알아보는 분을 위한 안내입니다. 서울 성북구 상가청소 전문업체 작업 전 확인사항부터 마무리 점검까지 자세히 정리했습니다.,https://clever-griffin-93819d.netlify.app/seoul-seongbuk-gu-store-cleaning-company/,서울 성북구 상가청소 전문업체,12
서울 성북구 상가청소 잘하는곳,seoul-seongbuk-gu-store-cleaning-best,PASS,100,,서울 성북구 상가청소 잘하는곳 - 청소 작업 안내,서울 성북구 상가청소를 알아보는 분을 위한 안내입니다. 서울 성북구 상가청소 잘하는곳 작업 전 확인사항부터 마무리 점검까지 자세히 정리했습니다.,https://clever-griffin-93819d.netlify.app/seoul-seongbuk-gu-store-cleaning-best/,서울 성북구 상가청소 잘하는곳,12
서울 성북구 상가청소 가격,seoul-seongbuk-gu-store-cleaning-price,PASS,100,,서울 성북구 상가청소 가격 | 현장별 청소 정보,서울 성북구 상가청소를 알아보는 분을 위한 안내입니다. 서울 성북구 상가청소 가격 작업 전 확인사항부터 마무리 점검까지 자세히 정리했습니다.,https://clever-griffin-93819d.netlify.app/seoul-seongbuk-gu-store-cleaning-price/,서울 성북구 상가청소 가격,12
서울 성북구 상가청소 비용,seoul-seongbuk-gu-store-cleaning-cost,PASS,100,,서울 성북구 상가청소 비용 | 현장별 청소 정보,서울 성북구 상가청소를 알아보는 분을 위한 안내입니다. 서울 성북구 상가청소 비용 작업 전 확인사항부터 마무리 점검까지 자세히 정리했습니다.,https://clever-griffin-93819d.netlify.app/seoul-seongbuk-gu-store-cleaning-cost/,서울 성북구 상가청소 비용,12
서울 성북구 상가청소 견적,seoul-seongbuk-gu-store-cleaning-quote,PASS,100,,서울 성북구 상가청소 견적 | 현장별 청소 정보,"서울 성북구 상가청소 견적 작업 범위와 준비사항, 진행 순서, 확인 항목을 정리했습니다. 서울 성북구 상가청소 현장에 맞춰 필요한 청소 내용을 확인해보세요.",https://clever-griffin-93819d.netlify.app/seoul-seongbuk-gu-store-cleaning-quote/,서울 성북구 상가청소 견적,12
서울 성북구 사무실청소,seoul-seongbuk-gu-office-cleaning,PASS,100,,서울 성북구 사무실청소 - 청소 작업 안내,서울 성북구 사무실청소를 알아보는 분을 위한 안내입니다. 서울 성북구 사무실청소 작업 전 확인사항부터 마무리 점검까지 자세히 정리했습니다.,https://clever-griffin-93819d.netlify.app/seoul-seongbuk-gu-office-cleaning/,서울 성북구 사무실청소,12
서울 성북구 사무실청소 전문업체,seoul-seongbuk-gu-office-cleaning-company,PASS,100,,서울 성북구 사무실청소 전문업체 - 청소 작업 안내,서울 성북구 사무실청소를 알아보는 분을 위한 안내입니다. 서울 성북구 사무실청소 전문업체 작업 전 확인사항부터 마무리 점검까지 자세히 정리했습니다.,https://clever-griffin-93819d.netlify.app/seoul-seongbuk-gu-office-cleaning-company/,서울 성북구 사무실청소 전문업체,12
서울 성북구 사무실청소 잘하는곳,seoul-seongbuk-gu-office-cleaning-best,PASS,100,,서울 성북구 사무실청소 잘하는곳 | 현장별 청소 정보,"서울 성북구 사무실청소 잘하는곳 작업 범위와 준비사항, 진행 순서, 확인 항목을 정리했습니다. 서울 성북구 사무실청소 현장에 맞춰 필요한 청소 내용을 확인해보세요.",https://clever-griffin-93819d.netlify.app/seoul-seongbuk-gu-office-cleaning-best/,서울 성북구 사무실청소 잘하는곳,12
서울 성북구 사무실청소 가격,seoul-seongbuk-gu-office-cleaning-price,PASS,100,,서울 성북구 사무실청소 가격 | 현장별 청소 정보,서울 성북구 사무실청소를 알아보는 분을 위한 안내입니다. 서울 성북구 사무실청소 가격 작업 전 확인사항부터 마무리 점검까지 자세히 정리했습니다.,https://clever-griffin-93819d.netlify.app/seoul-seongbuk-gu-office-cleaning-price/,서울 성북구 사무실청소 가격,12
서울 성북구 사무실청소 비용,seoul-seongbuk-gu-office-cleaning-cost,PASS,100,,서울 성북구 사무실청소 비용 | 현장별 청소 정보,서울 성북구 사무실청소 비용 관련 청소 과정과 체크포인트를 안내합니다. 공간 상태와 오염 범위를 확인한 뒤 현장에 맞는 작업을 진행합니다.,https://clever-griffin-93819d.netlify.app/seoul-seongbuk-gu-office-cleaning-cost/,서울 성북구 사무실청소 비용,12
서울 성북구 사무실청소 견적,seoul-seongbuk-gu-office-cleaning-quote,PASS,100,,서울 성북구 사무실청소 견적 | 현장별 청소 정보,"서울 성북구 사무실청소 견적 작업 범위와 준비사항, 진행 순서, 확인 항목을 정리했습니다. 서울 성북구 사무실청소 현장에 맞춰 필요한 청소 내용을 확인해보세요.",https://clever-griffin-93819d.netlify.app/seoul-seongbuk-gu-office-cleaning-quote/,서울 성북구 사무실청소 견적,12
서울 성북구 빌라청소,seoul-seongbuk-gu-villa-cleaning,PASS,100,,서울 성북구 빌라청소 - 청소 작업 안내,서울 성북구 빌라청소를 알아보는 분을 위한 안내입니다. 서울 성북구 빌라청소 작업 전 확인사항부터 마무리 점검까지 자세히 정리했습니다.,https://clever-griffin-93819d.netlify.app/seoul-seongbuk-gu-villa-cleaning/,서울 성북구 빌라청소,12
서울 성북구 빌라청소 전문업체,seoul-seongbuk-gu-villa-cleaning-company,PASS,100,,서울 성북구 빌라청소 전문업체 - 청소 작업 안내,서울 성북구 빌라청소를 알아보는 분을 위한 안내입니다. 서울 성북구 빌라청소 전문업체 작업 전 확인사항부터 마무리 점검까지 자세히 정리했습니다.,https://clever-griffin-93819d.netlify.app/seoul-seongbuk-gu-villa-cleaning-company/,서울 성북구 빌라청소 전문업체,12
서울 성북구 빌라청소 잘하는곳,seoul-seongbuk-gu-villa-cleaning-best,PASS,100,,서울 성북구 빌라청소 잘하는곳 | 체인지클린,"서울 성북구 빌라청소 잘하는곳 작업 범위와 준비사항, 진행 순서, 확인 항목을 정리했습니다. 서울 성북구 빌라청소 현장에 맞춰 필요한 청소 내용을 확인해보세요.",https://clever-griffin-93819d.netlify.app/seoul-seongbuk-gu-villa-cleaning-best/,서울 성북구 빌라청소 잘하는곳,12
서울 성북구 빌라청소 가격,seoul-seongbuk-gu-villa-cleaning-price,PASS,100,,서울 성북구 빌라청소 가격 - 청소 작업 안내,서울 성북구 빌라청소 가격 관련 청소 과정과 체크포인트를 안내합니다. 공간 상태와 오염 범위를 확인한 뒤 현장에 맞는 작업을 진행합니다.,https://clever-griffin-93819d.netlify.app/seoul-seongbuk-gu-villa-cleaning-price/,서울 성북구 빌라청소 가격,12
서울 성북구 빌라청소 비용,seoul-seongbuk-gu-villa-cleaning-cost,PASS,100,,서울 성북구 빌라청소 비용 | 체인지클린,"서울 성북구 빌라청소 비용 작업 범위와 준비사항, 진행 순서, 확인 항목을 정리했습니다. 서울 성북구 빌라청소 현장에 맞춰 필요한 청소 내용을 확인해보세요.",https://clever-griffin-93819d.netlify.app/seoul-seongbuk-gu-villa-cleaning-cost/,서울 성북구 빌라청소 비용,12
서울 성북구 빌라청소 견적,seoul-seongbuk-gu-villa-cleaning-quote,PASS,100,,서울 성북구 빌라청소 견적 | 현장별 청소 정보,서울 성북구 빌라청소를 알아보는 분을 위한 안내입니다. 서울 성북구 빌라청소 견적 작업 전 확인사항부터 마무리 점검까지 자세히 정리했습니다.,https://clever-griffin-93819d.netlify.app/seoul-seongbuk-gu-villa-cleaning-quote/,서울 성북구 빌라청소 견적,12
서울 성북구 아파트청소,seoul-seongbuk-gu-apartment-cleaning,PASS,100,,서울 성북구 아파트청소 | 체인지클린,"서울 성북구 아파트청소 작업 범위와 준비사항, 진행 순서, 확인 항목을 정리했습니다. 서울 성북구 아파트청소 현장에 맞춰 필요한 청소 내용을 확인해보세요.",https://clever-griffin-93819d.netlify.app/seoul-seongbuk-gu-apartment-cleaning/,서울 성북구 아파트청소,12
서울 성북구 아파트청소 전문업체,seoul-seongbuk-gu-apartment-cleaning-company,PASS,100,,서울 성북구 아파트청소 전문업체 | 현장별 청소 정보,"서울 성북구 아파트청소 전문업체 작업 범위와 준비사항, 진행 순서, 확인 항목을 정리했습니다. 서울 성북구 아파트청소 현장에 맞춰 필요한 청소 내용을 확인해보세요.",https://clever-griffin-93819d.netlify.app/seoul-seongbuk-gu-apartment-cleaning-company/,서울 성북구 아파트청소 전문업체,12
서울 성북구 아파트청소 잘하는곳,seoul-seongbuk-gu-apartment-cleaning-best,PASS,100,,서울 성북구 아파트청소 잘하는곳 | 현장별 청소 정보,"서울 성북구 아파트청소 잘하는곳 작업 범위와 준비사항, 진행 순서, 확인 항목을 정리했습니다. 서울 성북구 아파트청소 현장에 맞춰 필요한 청소 내용을 확인해보세요.",https://clever-griffin-93819d.netlify.app/seoul-seongbuk-gu-apartment-cleaning-best/,서울 성북구 아파트청소 잘하는곳,12
서울 성북구 아파트청소 가격,seoul-seongbuk-gu-apartment-cleaning-price,PASS,100,,서울 성북구 아파트청소 가격 - 청소 작업 안내,서울 성북구 아파트청소 가격 관련 청소 과정과 체크포인트를 안내합니다. 공간 상태와 오염 범위를 확인한 뒤 현장에 맞는 작업을 진행합니다.,https://clever-griffin-93819d.netlify.app/seoul-seongbuk-gu-apartment-cleaning-price/,서울 성북구 아파트청소 가격,12
서울 성북구 아파트청소 비용,seoul-seongbuk-gu-apartment-cleaning-cost,PASS,100,,서울 성북구 아파트청소 비용 | 체인지클린,"서울 성북구 아파트청소 비용 작업 범위와 준비사항, 진행 순서, 확인 항목을 정리했습니다. 서울 성북구 아파트청소 현장에 맞춰 필요한 청소 내용을 확인해보세요.",https://clever-griffin-93819d.netlify.app/seoul-seongbuk-gu-apartment-cleaning-cost/,서울 성북구 아파트청소 비용,12
서울 성북구 아파트청소 견적,seoul-seongbuk-gu-apartment-cleaning-quote,PASS,100,,서울 성북구 아파트청소 견적 | 체인지클린,서울 성북구 아파트청소를 알아보는 분을 위한 안내입니다. 서울 성북구 아파트청소 견적 작업 전 확인사항부터 마무리 점검까지 자세히 정리했습니다.,https://clever-griffin-93819d.netlify.app/seoul-seongbuk-gu-apartment-cleaning-quote/,서울 성북구 아파트청소 견적,12
서울 성북구 오피스텔청소,seoul-seongbuk-gu-officetel-cleaning,PASS,100,,서울 성북구 오피스텔청소 | 현장별 청소 정보,"서울 성북구 오피스텔청소 작업 범위와 준비사항, 진행 순서, 확인 항목을 정리했습니다. 서울 성북구 오피스텔청소 현장에 맞춰 필요한 청소 내용을 확인해보세요.",https://clever-griffin-93819d.netlify.app/seoul-seongbuk-gu-officetel-cleaning/,서울 성북구 오피스텔청소,12
서울 성북구 오피스텔청소 전문업체,seoul-seongbuk-gu-officetel-cleaning-company,PASS,100,,서울 성북구 오피스텔청소 전문업체 | 현장별 청소 정보,서울 성북구 오피스텔청소 전문업체 관련 청소 과정과 체크포인트를 안내합니다. 공간 상태와 오염 범위를 확인한 뒤 현장에 맞는 작업을 진행합니다.,https://clever-griffin-93819d.netlify.app/seoul-seongbuk-gu-officetel-cleaning-company/,서울 성북구 오피스텔청소 전문업체,12
서울 성북구 오피스텔청소 잘하는곳,seoul-seongbuk-gu-officetel-cleaning-best,PASS,100,,서울 성북구 오피스텔청소 잘하는곳 | 현장별 청소 정보,서울 성북구 오피스텔청소를 알아보는 분을 위한 안내입니다. 서울 성북구 오피스텔청소 잘하는곳 작업 전 확인사항부터 마무리 점검까지 자세히 정리했습니다.,https://clever-griffin-93819d.netlify.app/seoul-seongbuk-gu-officetel-cleaning-best/,서울 성북구 오피스텔청소 잘하는곳,12
서울 성북구 오피스텔청소 가격,seoul-seongbuk-gu-officetel-cleaning-price,PASS,100,,서울 성북구 오피스텔청소 가격 | 체인지클린,"서울 성북구 오피스텔청소 가격 작업 범위와 준비사항, 진행 순서, 확인 항목을 정리했습니다. 서울 성북구 오피스텔청소 현장에 맞춰 필요한 청소 내용을 확인해보세요.",https://clever-griffin-93819d.netlify.app/seoul-seongbuk-gu-officetel-cleaning-price/,서울 성북구 오피스텔청소 가격,12
서울 성북구 오피스텔청소 비용,seoul-seongbuk-gu-officetel-cleaning-cost,PASS,100,,서울 성북구 오피스텔청소 비용 | 체인지클린,서울 성북구 오피스텔청소 비용 관련 청소 과정과 체크포인트를 안내합니다. 공간 상태와 오염 범위를 확인한 뒤 현장에 맞는 작업을 진행합니다.,https://clever-griffin-93819d.netlify.app/seoul-seongbuk-gu-officetel-cleaning-cost/,서울 성북구 오피스텔청소 비용,12
서울 성북구 오피스텔청소 견적,seoul-seongbuk-gu-officetel-cleaning-quote,PASS,100,,서울 성북구 오피스텔청소 견적 - 청소 작업 안내,"서울 성북구 오피스텔청소 견적 작업 범위와 준비사항, 진행 순서, 확인 항목을 정리했습니다. 서울 성북구 오피스텔청소 현장에 맞춰 필요한 청소 내용을 확인해보세요.",https://clever-griffin-93819d.netlify.app/seoul-seongbuk-gu-officetel-cleaning-quote/,서울 성북구 오피스텔청소 견적,12
서울 성북구 거주청소,seoul-seongbuk-gu-home-cleaning,PASS,100,,서울 성북구 거주청소 | 현장별 청소 정보,서울 성북구 거주청소 관련 청소 과정과 체크포인트를 안내합니다. 공간 상태와 오염 범위를 확인한 뒤 현장에 맞는 작업을 진행합니다.,https://clever-griffin-93819d.netlify.app/seoul-seongbuk-gu-home-cleaning/,서울 성북구 거주청소,12
서울 성북구 거주청소 전문업체,seoul-seongbuk-gu-home-cleaning-company,PASS,100,,서울 성북구 거주청소 전문업체 | 체인지클린,"서울 성북구 거주청소 전문업체 작업 범위와 준비사항, 진행 순서, 확인 항목을 정리했습니다. 서울 성북구 거주청소 현장에 맞춰 필요한 청소 내용을 확인해보세요.",https://clever-griffin-93819d.netlify.app/seoul-seongbuk-gu-home-cleaning-company/,서울 성북구 거주청소 전문업체,12
서울 성북구 거주청소 잘하는곳,seoul-seongbuk-gu-home-cleaning-best,PASS,100,,서울 성북구 거주청소 잘하는곳 - 청소 작업 안내,"서울 성북구 거주청소 잘하는곳 작업 범위와 준비사항, 진행 순서, 확인 항목을 정리했습니다. 서울 성북구 거주청소 현장에 맞춰 필요한 청소 내용을 확인해보세요.",https://clever-griffin-93819d.netlify.app/seoul-seongbuk-gu-home-cleaning-best/,서울 성북구 거주청소 잘하는곳,12
서울 성북구 거주청소 가격,seoul-seongbuk-gu-home-cleaning-price,PASS,100,,서울 성북구 거주청소 가격 | 체인지클린,서울 성북구 거주청소를 알아보는 분을 위한 안내입니다. 서울 성북구 거주청소 가격 작업 전 확인사항부터 마무리 점검까지 자세히 정리했습니다.,https://clever-griffin-93819d.netlify.app/seoul-seongbuk-gu-home-cleaning-price/,서울 성북구 거주청소 가격,12
서울 성북구 거주청소 비용,seoul-seongbuk-gu-home-cleaning-cost,PASS,100,,서울 성북구 거주청소 비용 | 체인지클린,서울 성북구 거주청소를 알아보는 분을 위한 안내입니다. 서울 성북구 거주청소 비용 작업 전 확인사항부터 마무리 점검까지 자세히 정리했습니다.,https://clever-griffin-93819d.netlify.app/seoul-seongbuk-gu-home-cleaning-cost/,서울 성북구 거주청소 비용,12
서울 성북구 거주청소 견적,seoul-seongbuk-gu-home-cleaning-quote,PASS,100,,서울 성북구 거주청소 견적 | 체인지클린,"서울 성북구 거주청소 견적 작업 범위와 준비사항, 진행 순서, 확인 항목을 정리했습니다. 서울 성북구 거주청소 현장에 맞춰 필요한 청소 내용을 확인해보세요.",https://clever-griffin-93819d.netlify.app/seoul-seongbuk-gu-home-cleaning-quote/,서울 성북구 거주청소 견적,12
서울 강북구 입주청소,seoul-gangbuk-gu-move-in-cleaning,PASS,100,,서울 강북구 입주청소 - 청소 작업 안내,서울 강북구 입주청소를 알아보는 분을 위한 안내입니다. 서울 강북구 입주청소 작업 전 확인사항부터 마무리 점검까지 자세히 정리했습니다.,https://clever-griffin-93819d.netlify.app/seoul-gangbuk-gu-move-in-cleaning/,서울 강북구 입주청소,12
서울 강북구 입주청소 전문업체,seoul-gangbuk-gu-move-in-cleaning-company,PASS,100,,서울 강북구 입주청소 전문업체 - 청소 작업 안내,서울 강북구 입주청소 전문업체 관련 청소 과정과 체크포인트를 안내합니다. 공간 상태와 오염 범위를 확인한 뒤 현장에 맞는 작업을 진행합니다.,https://clever-griffin-93819d.netlify.app/seoul-gangbuk-gu-move-in-cleaning-company/,서울 강북구 입주청소 전문업체,12
서울 강북구 입주청소 잘하는곳,seoul-gangbuk-gu-move-in-cleaning-best,PASS,100,,서울 강북구 입주청소 잘하는곳 | 체인지클린,"서울 강북구 입주청소 잘하는곳 작업 범위와 준비사항, 진행 순서, 확인 항목을 정리했습니다. 서울 강북구 입주청소 현장에 맞춰 필요한 청소 내용을 확인해보세요.",https://clever-griffin-93819d.netlify.app/seoul-gangbuk-gu-move-in-cleaning-best/,서울 강북구 입주청소 잘하는곳,12
서울 강북구 입주청소 가격,seoul-gangbuk-gu-move-in-cleaning-price,PASS,100,,서울 강북구 입주청소 가격 | 현장별 청소 정보,"서울 강북구 입주청소 가격 작업 범위와 준비사항, 진행 순서, 확인 항목을 정리했습니다. 서울 강북구 입주청소 현장에 맞춰 필요한 청소 내용을 확인해보세요.",https://clever-griffin-93819d.netlify.app/seoul-gangbuk-gu-move-in-cleaning-price/,서울 강북구 입주청소 가격,12
서울 강북구 입주청소 비용,seoul-gangbuk-gu-move-in-cleaning-cost,PASS,100,,서울 강북구 입주청소 비용 | 체인지클린,서울 강북구 입주청소를 알아보는 분을 위한 안내입니다. 서울 강북구 입주청소 비용 작업 전 확인사항부터 마무리 점검까지 자세히 정리했습니다.,https://clever-griffin-93819d.netlify.app/seoul-gangbuk-gu-move-in-cleaning-cost/,서울 강북구 입주청소 비용,12
서울 강북구 입주청소 견적,seoul-gangbuk-gu-move-in-cleaning-quote,PASS,100,,서울 강북구 입주청소 견적 | 체인지클린,"서울 강북구 입주청소 견적 작업 범위와 준비사항, 진행 순서, 확인 항목을 정리했습니다. 서울 강북구 입주청소 현장에 맞춰 필요한 청소 내용을 확인해보세요.",https://clever-griffin-93819d.netlify.app/seoul-gangbuk-gu-move-in-cleaning-quote/,서울 강북구 입주청소 견적,12
서울 강북구 이사청소,seoul-gangbuk-gu-move-out-cleaning,PASS,100,,서울 강북구 이사청소 | 현장별 청소 정보,서울 강북구 이사청소를 알아보는 분을 위한 안내입니다. 서울 강북구 이사청소 작업 전 확인사항부터 마무리 점검까지 자세히 정리했습니다.,https://clever-griffin-93819d.netlify.app/seoul-gangbuk-gu-move-out-cleaning/,서울 강북구 이사청소,12
서울 강북구 이사청소 전문업체,seoul-gangbuk-gu-move-out-cleaning-company,PASS,100,,서울 강북구 이사청소 전문업체 | 현장별 청소 정보,서울 강북구 이사청소를 알아보는 분을 위한 안내입니다. 서울 강북구 이사청소 전문업체 작업 전 확인사항부터 마무리 점검까지 자세히 정리했습니다.,https://clever-griffin-93819d.netlify.app/seoul-gangbuk-gu-move-out-cleaning-company/,서울 강북구 이사청소 전문업체,12
서울 강북구 이사청소 잘하는곳,seoul-gangbuk-gu-move-out-cleaning-best,PASS,100,,서울 강북구 이사청소 잘하는곳 - 청소 작업 안내,"서울 강북구 이사청소 잘하는곳 작업 범위와 준비사항, 진행 순서, 확인 항목을 정리했습니다. 서울 강북구 이사청소 현장에 맞춰 필요한 청소 내용을 확인해보세요.",https://clever-griffin-93819d.netlify.app/seoul-gangbuk-gu-move-out-cleaning-best/,서울 강북구 이사청소 잘하는곳,12
서울 강북구 이사청소 가격,seoul-gangbuk-gu-move-out-cleaning-price,PASS,100,,서울 강북구 이사청소 가격 - 청소 작업 안내,서울 강북구 이사청소를 알아보는 분을 위한 안내입니다. 서울 강북구 이사청소 가격 작업 전 확인사항부터 마무리 점검까지 자세히 정리했습니다.,https://clever-griffin-93819d.netlify.app/seoul-gangbuk-gu-move-out-cleaning-price/,서울 강북구 이사청소 가격,12
서울 강북구 이사청소 비용,seoul-gangbuk-gu-move-out-cleaning-cost,PASS,100,,서울 강북구 이사청소 비용 | 현장별 청소 정보,"서울 강북구 이사청소 비용 작업 범위와 준비사항, 진행 순서, 확인 항목을 정리했습니다. 서울 강북구 이사청소 현장에 맞춰 필요한 청소 내용을 확인해보세요.",https://clever-griffin-93819d.netlify.app/seoul-gangbuk-gu-move-out-cleaning-cost/,서울 강북구 이사청소 비용,12
서울 강북구 이사청소 견적,seoul-gangbuk-gu-move-out-cleaning-quote,PASS,100,,서울 강북구 이사청소 견적 | 현장별 청소 정보,"서울 강북구 이사청소 견적 작업 범위와 준비사항, 진행 순서, 확인 항목을 정리했습니다. 서울 강북구 이사청소 현장에 맞춰 필요한 청소 내용을 확인해보세요.",https://clever-griffin-93819d.netlify.app/seoul-gangbuk-gu-move-out-cleaning-quote/,서울 강북구 이사청소 견적,12
서울 강북구 준공청소,seoul-gangbuk-gu-post-construction-cleaning,PASS,100,,서울 강북구 준공청소 - 청소 작업 안내,서울 강북구 준공청소 관련 청소 과정과 체크포인트를 안내합니다. 공간 상태와 오염 범위를 확인한 뒤 현장에 맞는 작업을 진행합니다.,https://clever-griffin-93819d.netlify.app/seoul-gangbuk-gu-post-construction-cleaning/,서울 강북구 준공청소,12
서울 강북구 준공청소 전문업체,seoul-gangbuk-gu-post-construction-cleaning-company,PASS,100,,서울 강북구 준공청소 전문업체 | 현장별 청소 정보,서울 강북구 준공청소 전문업체 관련 청소 과정과 체크포인트를 안내합니다. 공간 상태와 오염 범위를 확인한 뒤 현장에 맞는 작업을 진행합니다.,https://clever-griffin-93819d.netlify.app/seoul-gangbuk-gu-post-construction-cleaning-company/,서울 강북구 준공청소 전문업체,12
서울 강북구 준공청소 잘하는곳,seoul-gangbuk-gu-post-construction-cleaning-best,PASS,100,,서울 강북구 준공청소 잘하는곳 - 청소 작업 안내,"서울 강북구 준공청소 잘하는곳 작업 범위와 준비사항, 진행 순서, 확인 항목을 정리했습니다. 서울 강북구 준공청소 현장에 맞춰 필요한 청소 내용을 확인해보세요.",https://clever-griffin-93819d.netlify.app/seoul-gangbuk-gu-post-construction-cleaning-best/,서울 강북구 준공청소 잘하는곳,12
서울 강북구 준공청소 가격,seoul-gangbuk-gu-post-construction-cleaning-price,PASS,100,,서울 강북구 준공청소 가격 | 현장별 청소 정보,"서울 강북구 준공청소 가격 작업 범위와 준비사항, 진행 순서, 확인 항목을 정리했습니다. 서울 강북구 준공청소 현장에 맞춰 필요한 청소 내용을 확인해보세요.",https://clever-griffin-93819d.netlify.app/seoul-gangbuk-gu-post-construction-cleaning-price/,서울 강북구 준공청소 가격,12
서울 강북구 준공청소 비용,seoul-gangbuk-gu-post-construction-cleaning-cost,PASS,100,,서울 강북구 준공청소 비용 | 현장별 청소 정보,서울 강북구 준공청소를 알아보는 분을 위한 안내입니다. 서울 강북구 준공청소 비용 작업 전 확인사항부터 마무리 점검까지 자세히 정리했습니다.,https://clever-griffin-93819d.netlify.app/seoul-gangbuk-gu-post-construction-cleaning-cost/,서울 강북구 준공청소 비용,12
서울 강북구 준공청소 견적,seoul-gangbuk-gu-post-construction-cleaning-quote,PASS,100,,서울 강북구 준공청소 견적 | 체인지클린,"서울 강북구 준공청소 견적 작업 범위와 준비사항, 진행 순서, 확인 항목을 정리했습니다. 서울 강북구 준공청소 현장에 맞춰 필요한 청소 내용을 확인해보세요.",https://clever-griffin-93819d.netlify.app/seoul-gangbuk-gu-post-construction-cleaning-quote/,서울 강북구 준공청소 견적,12
서울 강북구 상가청소,seoul-gangbuk-gu-store-cleaning,CHECK,96,title 길이 확인,서울 강북구 상가청소 | 체인지클린,서울 강북구 상가청소를 알아보는 분을 위한 안내입니다. 서울 강북구 상가청소 작업 전 확인사항부터 마무리 점검까지 자세히 정리했습니다.,https://clever-griffin-93819d.netlify.app/seoul-gangbuk-gu-store-cleaning/,서울 강북구 상가청소,12
서울 강북구 상가청소 전문업체,seoul-gangbuk-gu-store-cleaning-company,PASS,100,,서울 강북구 상가청소 전문업체 | 체인지클린,서울 강북구 상가청소 전문업체 관련 청소 과정과 체크포인트를 안내합니다. 공간 상태와 오염 범위를 확인한 뒤 현장에 맞는 작업을 진행합니다.,https://clever-griffin-93819d.netlify.app/seoul-gangbuk-gu-store-cleaning-company/,서울 강북구 상가청소 전문업체,12
서울 강북구 상가청소 잘하는곳,seoul-gangbuk-gu-store-cleaning-best,PASS,100,,서울 강북구 상가청소 잘하는곳 | 현장별 청소 정보,서울 강북구 상가청소를 알아보는 분을 위한 안내입니다. 서울 강북구 상가청소 잘하는곳 작업 전 확인사항부터 마무리 점검까지 자세히 정리했습니다.,https://clever-griffin-93819d.netlify.app/seoul-gangbuk-gu-store-cleaning-best/,서울 강북구 상가청소 잘하는곳,12
서울 강북구 상가청소 가격,seoul-gangbuk-gu-store-cleaning-price,PASS,100,,서울 강북구 상가청소 가격 | 체인지클린,"서울 강북구 상가청소 가격 작업 범위와 준비사항, 진행 순서, 확인 항목을 정리했습니다. 서울 강북구 상가청소 현장에 맞춰 필요한 청소 내용을 확인해보세요.",https://clever-griffin-93819d.netlify.app/seoul-gangbuk-gu-store-cleaning-price/,서울 강북구 상가청소 가격,12
서울 강북구 상가청소 비용,seoul-gangbuk-gu-store-cleaning-cost,PASS,100,,서울 강북구 상가청소 비용 | 체인지클린,"서울 강북구 상가청소 비용 작업 범위와 준비사항, 진행 순서, 확인 항목을 정리했습니다. 서울 강북구 상가청소 현장에 맞춰 필요한 청소 내용을 확인해보세요.",https://clever-griffin-93819d.netlify.app/seoul-gangbuk-gu-store-cleaning-cost/,서울 강북구 상가청소 비용,12
서울 강북구 상가청소 견적,seoul-gangbuk-gu-store-cleaning-quote,PASS,100,,서울 강북구 상가청소 견적 | 체인지클린,서울 강북구 상가청소를 알아보는 분을 위한 안내입니다. 서울 강북구 상가청소 견적 작업 전 확인사항부터 마무리 점검까지 자세히 정리했습니다.,https://clever-griffin-93819d.netlify.app/seoul-gangbuk-gu-store-cleaning-quote/,서울 강북구 상가청소 견적,12
서울 강북구 사무실청소,seoul-gangbuk-gu-office-cleaning,PASS,100,,서울 강북구 사무실청소 | 체인지클린,서울 강북구 사무실청소를 알아보는 분을 위한 안내입니다. 서울 강북구 사무실청소 작업 전 확인사항부터 마무리 점검까지 자세히 정리했습니다.,https://clever-griffin-93819d.netlify.app/seoul-gangbuk-gu-office-cleaning/,서울 강북구 사무실청소,12
서울 강북구 사무실청소 전문업체,seoul-gangbuk-gu-office-cleaning-company,PASS,100,,서울 강북구 사무실청소 전문업체 | 현장별 청소 정보,서울 강북구 사무실청소를 알아보는 분을 위한 안내입니다. 서울 강북구 사무실청소 전문업체 작업 전 확인사항부터 마무리 점검까지 자세히 정리했습니다.,https://clever-griffin-93819d.netlify.app/seoul-gangbuk-gu-office-cleaning-company/,서울 강북구 사무실청소 전문업체,12
서울 강북구 사무실청소 잘하는곳,seoul-gangbuk-gu-office-cleaning-best,PASS,100,,서울 강북구 사무실청소 잘하는곳 | 현장별 청소 정보,서울 강북구 사무실청소 잘하는곳 관련 청소 과정과 체크포인트를 안내합니다. 공간 상태와 오염 범위를 확인한 뒤 현장에 맞는 작업을 진행합니다.,https://clever-griffin-93819d.netlify.app/seoul-gangbuk-gu-office-cleaning-best/,서울 강북구 사무실청소 잘하는곳,12
서울 강북구 사무실청소 가격,seoul-gangbuk-gu-office-cleaning-price,PASS,100,,서울 강북구 사무실청소 가격 | 체인지클린,"서울 강북구 사무실청소 가격 작업 범위와 준비사항, 진행 순서, 확인 항목을 정리했습니다. 서울 강북구 사무실청소 현장에 맞춰 필요한 청소 내용을 확인해보세요.",https://clever-griffin-93819d.netlify.app/seoul-gangbuk-gu-office-cleaning-price/,서울 강북구 사무실청소 가격,12
서울 강북구 사무실청소 비용,seoul-gangbuk-gu-office-cleaning-cost,PASS,100,,서울 강북구 사무실청소 비용 - 청소 작업 안내,서울 강북구 사무실청소를 알아보는 분을 위한 안내입니다. 서울 강북구 사무실청소 비용 작업 전 확인사항부터 마무리 점검까지 자세히 정리했습니다.,https://clever-griffin-93819d.netlify.app/seoul-gangbuk-gu-office-cleaning-cost/,서울 강북구 사무실청소 비용,12
서울 강북구 사무실청소 견적,seoul-gangbuk-gu-office-cleaning-quote,PASS,100,,서울 강북구 사무실청소 견적 | 현장별 청소 정보,서울 강북구 사무실청소를 알아보는 분을 위한 안내입니다. 서울 강북구 사무실청소 견적 작업 전 확인사항부터 마무리 점검까지 자세히 정리했습니다.,https://clever-griffin-93819d.netlify.app/seoul-gangbuk-gu-office-cleaning-quote/,서울 강북구 사무실청소 견적,12
서울 강북구 빌라청소,seoul-gangbuk-gu-villa-cleaning,PASS,100,,서울 강북구 빌라청소 | 현장별 청소 정보,서울 강북구 빌라청소 관련 청소 과정과 체크포인트를 안내합니다. 공간 상태와 오염 범위를 확인한 뒤 현장에 맞는 작업을 진행합니다.,https://clever-griffin-93819d.netlify.app/seoul-gangbuk-gu-villa-cleaning/,서울 강북구 빌라청소,12
서울 강북구 빌라청소 전문업체,seoul-gangbuk-gu-villa-cleaning-company,PASS,100,,서울 강북구 빌라청소 전문업체 | 체인지클린,서울 강북구 빌라청소 전문업체 관련 청소 과정과 체크포인트를 안내합니다. 공간 상태와 오염 범위를 확인한 뒤 현장에 맞는 작업을 진행합니다.,https://clever-griffin-93819d.netlify.app/seoul-gangbuk-gu-villa-cleaning-company/,서울 강북구 빌라청소 전문업체,12
서울 강북구 빌라청소 잘하는곳,seoul-gangbuk-gu-villa-cleaning-best,PASS,100,,서울 강북구 빌라청소 잘하는곳 | 현장별 청소 정보,서울 강북구 빌라청소 잘하는곳 관련 청소 과정과 체크포인트를 안내합니다. 공간 상태와 오염 범위를 확인한 뒤 현장에 맞는 작업을 진행합니다.,https://clever-griffin-93819d.netlify.app/seoul-gangbuk-gu-villa-cleaning-best/,서울 강북구 빌라청소 잘하는곳,12
서울 강북구 빌라청소 가격,seoul-gangbuk-gu-villa-cleaning-price,PASS,100,,서울 강북구 빌라청소 가격 - 청소 작업 안내,서울 강북구 빌라청소를 알아보는 분을 위한 안내입니다. 서울 강북구 빌라청소 가격 작업 전 확인사항부터 마무리 점검까지 자세히 정리했습니다.,https://clever-griffin-93819d.netlify.app/seoul-gangbuk-gu-villa-cleaning-price/,서울 강북구 빌라청소 가격,12
서울 강북구 빌라청소 비용,seoul-gangbuk-gu-villa-cleaning-cost,PASS,100,,서울 강북구 빌라청소 비용 | 현장별 청소 정보,"서울 강북구 빌라청소 비용 작업 범위와 준비사항, 진행 순서, 확인 항목을 정리했습니다. 서울 강북구 빌라청소 현장에 맞춰 필요한 청소 내용을 확인해보세요.",https://clever-griffin-93819d.netlify.app/seoul-gangbuk-gu-villa-cleaning-cost/,서울 강북구 빌라청소 비용,12
서울 강북구 빌라청소 견적,seoul-gangbuk-gu-villa-cleaning-quote,PASS,100,,서울 강북구 빌라청소 견적 - 청소 작업 안내,서울 강북구 빌라청소 견적 관련 청소 과정과 체크포인트를 안내합니다. 공간 상태와 오염 범위를 확인한 뒤 현장에 맞는 작업을 진행합니다.,https://clever-griffin-93819d.netlify.app/seoul-gangbuk-gu-villa-cleaning-quote/,서울 강북구 빌라청소 견적,12
서울 강북구 아파트청소,seoul-gangbuk-gu-apartment-cleaning,PASS,100,,서울 강북구 아파트청소 | 체인지클린,서울 강북구 아파트청소를 알아보는 분을 위한 안내입니다. 서울 강북구 아파트청소 작업 전 확인사항부터 마무리 점검까지 자세히 정리했습니다.,https://clever-griffin-93819d.netlify.app/seoul-gangbuk-gu-apartment-cleaning/,서울 강북구 아파트청소,12
서울 강북구 아파트청소 전문업체,seoul-gangbuk-gu-apartment-cleaning-company,PASS,100,,서울 강북구 아파트청소 전문업체 | 체인지클린,서울 강북구 아파트청소 전문업체 관련 청소 과정과 체크포인트를 안내합니다. 공간 상태와 오염 범위를 확인한 뒤 현장에 맞는 작업을 진행합니다.,https://clever-griffin-93819d.netlify.app/seoul-gangbuk-gu-apartment-cleaning-company/,서울 강북구 아파트청소 전문업체,12
서울 강북구 아파트청소 잘하는곳,seoul-gangbuk-gu-apartment-cleaning-best,PASS,100,,서울 강북구 아파트청소 잘하는곳 | 현장별 청소 정보,서울 강북구 아파트청소를 알아보는 분을 위한 안내입니다. 서울 강북구 아파트청소 잘하는곳 작업 전 확인사항부터 마무리 점검까지 자세히 정리했습니다.,https://clever-griffin-93819d.netlify.app/seoul-gangbuk-gu-apartment-cleaning-best/,서울 강북구 아파트청소 잘하는곳,12
서울 강북구 아파트청소 가격,seoul-gangbuk-gu-apartment-cleaning-price,PASS,100,,서울 강북구 아파트청소 가격 | 체인지클린,서울 강북구 아파트청소를 알아보는 분을 위한 안내입니다. 서울 강북구 아파트청소 가격 작업 전 확인사항부터 마무리 점검까지 자세히 정리했습니다.,https://clever-griffin-93819d.netlify.app/seoul-gangbuk-gu-apartment-cleaning-price/,서울 강북구 아파트청소 가격,12
서울 강북구 아파트청소 비용,seoul-gangbuk-gu-apartment-cleaning-cost,PASS,100,,서울 강북구 아파트청소 비용 - 청소 작업 안내,"서울 강북구 아파트청소 비용 작업 범위와 준비사항, 진행 순서, 확인 항목을 정리했습니다. 서울 강북구 아파트청소 현장에 맞춰 필요한 청소 내용을 확인해보세요.",https://clever-griffin-93819d.netlify.app/seoul-gangbuk-gu-apartment-cleaning-cost/,서울 강북구 아파트청소 비용,12
서울 강북구 아파트청소 견적,seoul-gangbuk-gu-apartment-cleaning-quote,PASS,100,,서울 강북구 아파트청소 견적 | 체인지클린,서울 강북구 아파트청소 견적 관련 청소 과정과 체크포인트를 안내합니다. 공간 상태와 오염 범위를 확인한 뒤 현장에 맞는 작업을 진행합니다.,https://clever-griffin-93819d.netlify.app/seoul-gangbuk-gu-apartment-cleaning-quote/,서울 강북구 아파트청소 견적,12
서울 강북구 오피스텔청소,seoul-gangbuk-gu-officetel-cleaning,PASS,100,,서울 강북구 오피스텔청소 | 현장별 청소 정보,"서울 강북구 오피스텔청소 작업 범위와 준비사항, 진행 순서, 확인 항목을 정리했습니다. 서울 강북구 오피스텔청소 현장에 맞춰 필요한 청소 내용을 확인해보세요.",https://clever-griffin-93819d.netlify.app/seoul-gangbuk-gu-officetel-cleaning/,서울 강북구 오피스텔청소,12
서울 강북구 오피스텔청소 전문업체,seoul-gangbuk-gu-officetel-cleaning-company,PASS,100,,서울 강북구 오피스텔청소 전문업체 - 청소 작업 안내,"서울 강북구 오피스텔청소 전문업체 작업 범위와 준비사항, 진행 순서, 확인 항목을 정리했습니다. 서울 강북구 오피스텔청소 현장에 맞춰 필요한 청소 내용을 확인해보세요.",https://clever-griffin-93819d.netlify.app/seoul-gangbuk-gu-officetel-cleaning-company/,서울 강북구 오피스텔청소 전문업체,12
서울 강북구 오피스텔청소 잘하는곳,seoul-gangbuk-gu-officetel-cleaning-best,PASS,100,,서울 강북구 오피스텔청소 잘하는곳 | 체인지클린,서울 강북구 오피스텔청소를 알아보는 분을 위한 안내입니다. 서울 강북구 오피스텔청소 잘하는곳 작업 전 확인사항부터 마무리 점검까지 자세히 정리했습니다.,https://clever-griffin-93819d.netlify.app/seoul-gangbuk-gu-officetel-cleaning-best/,서울 강북구 오피스텔청소 잘하는곳,12
서울 강북구 오피스텔청소 가격,seoul-gangbuk-gu-officetel-cleaning-price,PASS,100,,서울 강북구 오피스텔청소 가격 | 현장별 청소 정보,"서울 강북구 오피스텔청소 가격 작업 범위와 준비사항, 진행 순서, 확인 항목을 정리했습니다. 서울 강북구 오피스텔청소 현장에 맞춰 필요한 청소 내용을 확인해보세요.",https://clever-griffin-93819d.netlify.app/seoul-gangbuk-gu-officetel-cleaning-price/,서울 강북구 오피스텔청소 가격,12
서울 강북구 오피스텔청소 비용,seoul-gangbuk-gu-officetel-cleaning-cost,PASS,100,,서울 강북구 오피스텔청소 비용 | 현장별 청소 정보,"서울 강북구 오피스텔청소 비용 작업 범위와 준비사항, 진행 순서, 확인 항목을 정리했습니다. 서울 강북구 오피스텔청소 현장에 맞춰 필요한 청소 내용을 확인해보세요.",https://clever-griffin-93819d.netlify.app/seoul-gangbuk-gu-officetel-cleaning-cost/,서울 강북구 오피스텔청소 비용,12
서울 강북구 오피스텔청소 견적,seoul-gangbuk-gu-officetel-cleaning-quote,PASS,100,,서울 강북구 오피스텔청소 견적 - 청소 작업 안내,서울 강북구 오피스텔청소를 알아보는 분을 위한 안내입니다. 서울 강북구 오피스텔청소 견적 작업 전 확인사항부터 마무리 점검까지 자세히 정리했습니다.,https://clever-griffin-93819d.netlify.app/seoul-gangbuk-gu-officetel-cleaning-quote/,서울 강북구 오피스텔청소 견적,12
서울 강북구 거주청소,seoul-gangbuk-gu-home-cleaning,PASS,100,,서울 강북구 거주청소 | 현장별 청소 정보,"서울 강북구 거주청소 작업 범위와 준비사항, 진행 순서, 확인 항목을 정리했습니다. 서울 강북구 거주청소 현장에 맞춰 필요한 청소 내용을 확인해보세요.",https://clever-griffin-93819d.netlify.app/seoul-gangbuk-gu-home-cleaning/,서울 강북구 거주청소,12
서울 강북구 거주청소 전문업체,seoul-gangbuk-gu-home-cleaning-company,PASS,100,,서울 강북구 거주청소 전문업체 - 청소 작업 안내,서울 강북구 거주청소를 알아보는 분을 위한 안내입니다. 서울 강북구 거주청소 전문업체 작업 전 확인사항부터 마무리 점검까지 자세히 정리했습니다.,https://clever-griffin-93819d.netlify.app/seoul-gangbuk-gu-home-cleaning-company/,서울 강북구 거주청소 전문업체,12
서울 강북구 거주청소 잘하는곳,seoul-gangbuk-gu-home-cleaning-best,PASS,100,,서울 강북구 거주청소 잘하는곳 | 체인지클린,"서울 강북구 거주청소 잘하는곳 작업 범위와 준비사항, 진행 순서, 확인 항목을 정리했습니다. 서울 강북구 거주청소 현장에 맞춰 필요한 청소 내용을 확인해보세요.",https://clever-griffin-93819d.netlify.app/seoul-gangbuk-gu-home-cleaning-best/,서울 강북구 거주청소 잘하는곳,12
서울 강북구 거주청소 가격,seoul-gangbuk-gu-home-cleaning-price,PASS,100,,서울 강북구 거주청소 가격 - 청소 작업 안내,"서울 강북구 거주청소 가격 작업 범위와 준비사항, 진행 순서, 확인 항목을 정리했습니다. 서울 강북구 거주청소 현장에 맞춰 필요한 청소 내용을 확인해보세요.",https://clever-griffin-93819d.netlify.app/seoul-gangbuk-gu-home-cleaning-price/,서울 강북구 거주청소 가격,12
서울 강북구 거주청소 비용,seoul-gangbuk-gu-home-cleaning-cost,PASS,100,,서울 강북구 거주청소 비용 | 체인지클린,서울 강북구 거주청소를 알아보는 분을 위한 안내입니다. 서울 강북구 거주청소 비용 작업 전 확인사항부터 마무리 점검까지 자세히 정리했습니다.,https://clever-griffin-93819d.netlify.app/seoul-gangbuk-gu-home-cleaning-cost/,서울 강북구 거주청소 비용,12
서울 강북구 거주청소 견적,seoul-gangbuk-gu-home-cleaning-quote,PASS,100,,서울 강북구 거주청소 견적 | 현장별 청소 정보,"서울 강북구 거주청소 견적 작업 범위와 준비사항, 진행 순서, 확인 항목을 정리했습니다. 서울 강북구 거주청소 현장에 맞춰 필요한 청소 내용을 확인해보세요.",https://clever-griffin-93819d.netlify.app/seoul-gangbuk-gu-home-cleaning-quote/,서울 강북구 거주청소 견적,12
서울 도봉구 입주청소,seoul-dobong-gu-move-in-cleaning,CHECK,96,title 길이 확인,서울 도봉구 입주청소 | 체인지클린,서울 도봉구 입주청소를 알아보는 분을 위한 안내입니다. 서울 도봉구 입주청소 작업 전 확인사항부터 마무리 점검까지 자세히 정리했습니다.,https://clever-griffin-93819d.netlify.app/seoul-dobong-gu-move-in-cleaning/,서울 도봉구 입주청소,12
서울 도봉구 입주청소 전문업체,seoul-dobong-gu-move-in-cleaning-company,PASS,100,,서울 도봉구 입주청소 전문업체 | 현장별 청소 정보,서울 도봉구 입주청소 전문업체 관련 청소 과정과 체크포인트를 안내합니다. 공간 상태와 오염 범위를 확인한 뒤 현장에 맞는 작업을 진행합니다.,https://clever-griffin-93819d.netlify.app/seoul-dobong-gu-move-in-cleaning-company/,서울 도봉구 입주청소 전문업체,12
서울 도봉구 입주청소 잘하는곳,seoul-dobong-gu-move-in-cleaning-best,PASS,100,,서울 도봉구 입주청소 잘하는곳 | 체인지클린,서울 도봉구 입주청소를 알아보는 분을 위한 안내입니다. 서울 도봉구 입주청소 잘하는곳 작업 전 확인사항부터 마무리 점검까지 자세히 정리했습니다.,https://clever-griffin-93819d.netlify.app/seoul-dobong-gu-move-in-cleaning-best/,서울 도봉구 입주청소 잘하는곳,12
서울 도봉구 입주청소 가격,seoul-dobong-gu-move-in-cleaning-price,PASS,100,,서울 도봉구 입주청소 가격 | 현장별 청소 정보,"서울 도봉구 입주청소 가격 작업 범위와 준비사항, 진행 순서, 확인 항목을 정리했습니다. 서울 도봉구 입주청소 현장에 맞춰 필요한 청소 내용을 확인해보세요.",https://clever-griffin-93819d.netlify.app/seoul-dobong-gu-move-in-cleaning-price/,서울 도봉구 입주청소 가격,12
서울 도봉구 입주청소 비용,seoul-dobong-gu-move-in-cleaning-cost,PASS,100,,서울 도봉구 입주청소 비용 | 체인지클린,"서울 도봉구 입주청소 비용 작업 범위와 준비사항, 진행 순서, 확인 항목을 정리했습니다. 서울 도봉구 입주청소 현장에 맞춰 필요한 청소 내용을 확인해보세요.",https://clever-griffin-93819d.netlify.app/seoul-dobong-gu-move-in-cleaning-cost/,서울 도봉구 입주청소 비용,12
서울 도봉구 입주청소 견적,seoul-dobong-gu-move-in-cleaning-quote,PASS,100,,서울 도봉구 입주청소 견적 | 체인지클린,서울 도봉구 입주청소 견적 관련 청소 과정과 체크포인트를 안내합니다. 공간 상태와 오염 범위를 확인한 뒤 현장에 맞는 작업을 진행합니다.,https://clever-griffin-93819d.netlify.app/seoul-dobong-gu-move-in-cleaning-quote/,서울 도봉구 입주청소 견적,12
서울 도봉구 이사청소,seoul-dobong-gu-move-out-cleaning,PASS,100,,서울 도봉구 이사청소 - 청소 작업 안내,서울 도봉구 이사청소 관련 청소 과정과 체크포인트를 안내합니다. 공간 상태와 오염 범위를 확인한 뒤 현장에 맞는 작업을 진행합니다.,https://clever-griffin-93819d.netlify.app/seoul-dobong-gu-move-out-cleaning/,서울 도봉구 이사청소,12
서울 도봉구 이사청소 전문업체,seoul-dobong-gu-move-out-cleaning-company,PASS,100,,서울 도봉구 이사청소 전문업체 | 현장별 청소 정보,"서울 도봉구 이사청소 전문업체 작업 범위와 준비사항, 진행 순서, 확인 항목을 정리했습니다. 서울 도봉구 이사청소 현장에 맞춰 필요한 청소 내용을 확인해보세요.",https://clever-griffin-93819d.netlify.app/seoul-dobong-gu-move-out-cleaning-company/,서울 도봉구 이사청소 전문업체,12
서울 도봉구 이사청소 잘하는곳,seoul-dobong-gu-move-out-cleaning-best,PASS,100,,서울 도봉구 이사청소 잘하는곳 | 체인지클린,"서울 도봉구 이사청소 잘하는곳 작업 범위와 준비사항, 진행 순서, 확인 항목을 정리했습니다. 서울 도봉구 이사청소 현장에 맞춰 필요한 청소 내용을 확인해보세요.",https://clever-griffin-93819d.netlify.app/seoul-dobong-gu-move-out-cleaning-best/,서울 도봉구 이사청소 잘하는곳,12
서울 도봉구 이사청소 가격,seoul-dobong-gu-move-out-cleaning-price,PASS,100,,서울 도봉구 이사청소 가격 - 청소 작업 안내,"서울 도봉구 이사청소 가격 작업 범위와 준비사항, 진행 순서, 확인 항목을 정리했습니다. 서울 도봉구 이사청소 현장에 맞춰 필요한 청소 내용을 확인해보세요.",https://clever-griffin-93819d.netlify.app/seoul-dobong-gu-move-out-cleaning-price/,서울 도봉구 이사청소 가격,12
서울 도봉구 이사청소 비용,seoul-dobong-gu-move-out-cleaning-cost,PASS,100,,서울 도봉구 이사청소 비용 | 체인지클린,"서울 도봉구 이사청소 비용 작업 범위와 준비사항, 진행 순서, 확인 항목을 정리했습니다. 서울 도봉구 이사청소 현장에 맞춰 필요한 청소 내용을 확인해보세요.",https://clever-griffin-93819d.netlify.app/seoul-dobong-gu-move-out-cleaning-cost/,서울 도봉구 이사청소 비용,12
서울 도봉구 이사청소 견적,seoul-dobong-gu-move-out-cleaning-quote,PASS,100,,서울 도봉구 이사청소 견적 - 청소 작업 안내,"서울 도봉구 이사청소 견적 작업 범위와 준비사항, 진행 순서, 확인 항목을 정리했습니다. 서울 도봉구 이사청소 현장에 맞춰 필요한 청소 내용을 확인해보세요.",https://clever-griffin-93819d.netlify.app/seoul-dobong-gu-move-out-cleaning-quote/,서울 도봉구 이사청소 견적,12
서울 도봉구 준공청소,seoul-dobong-gu-post-construction-cleaning,PASS,100,,서울 도봉구 준공청소 - 청소 작업 안내,"서울 도봉구 준공청소 작업 범위와 준비사항, 진행 순서, 확인 항목을 정리했습니다. 서울 도봉구 준공청소 현장에 맞춰 필요한 청소 내용을 확인해보세요.",https://clever-griffin-93819d.netlify.app/seoul-dobong-gu-post-construction-cleaning/,서울 도봉구 준공청소,12
서울 도봉구 준공청소 전문업체,seoul-dobong-gu-post-construction-cleaning-company,PASS,100,,서울 도봉구 준공청소 전문업체 - 청소 작업 안내,서울 도봉구 준공청소를 알아보는 분을 위한 안내입니다. 서울 도봉구 준공청소 전문업체 작업 전 확인사항부터 마무리 점검까지 자세히 정리했습니다.,https://clever-griffin-93819d.netlify.app/seoul-dobong-gu-post-construction-cleaning-company/,서울 도봉구 준공청소 전문업체,12
서울 도봉구 준공청소 잘하는곳,seoul-dobong-gu-post-construction-cleaning-best,PASS,100,,서울 도봉구 준공청소 잘하는곳 - 청소 작업 안내,서울 도봉구 준공청소를 알아보는 분을 위한 안내입니다. 서울 도봉구 준공청소 잘하는곳 작업 전 확인사항부터 마무리 점검까지 자세히 정리했습니다.,https://clever-griffin-93819d.netlify.app/seoul-dobong-gu-post-construction-cleaning-best/,서울 도봉구 준공청소 잘하는곳,12
서울 도봉구 준공청소 가격,seoul-dobong-gu-post-construction-cleaning-price,PASS,100,,서울 도봉구 준공청소 가격 - 청소 작업 안내,"서울 도봉구 준공청소 가격 작업 범위와 준비사항, 진행 순서, 확인 항목을 정리했습니다. 서울 도봉구 준공청소 현장에 맞춰 필요한 청소 내용을 확인해보세요.",https://clever-griffin-93819d.netlify.app/seoul-dobong-gu-post-construction-cleaning-price/,서울 도봉구 준공청소 가격,12
서울 도봉구 준공청소 비용,seoul-dobong-gu-post-construction-cleaning-cost,PASS,100,,서울 도봉구 준공청소 비용 | 현장별 청소 정보,서울 도봉구 준공청소 비용 관련 청소 과정과 체크포인트를 안내합니다. 공간 상태와 오염 범위를 확인한 뒤 현장에 맞는 작업을 진행합니다.,https://clever-griffin-93819d.netlify.app/seoul-dobong-gu-post-construction-cleaning-cost/,서울 도봉구 준공청소 비용,12
서울 도봉구 준공청소 견적,seoul-dobong-gu-post-construction-cleaning-quote,PASS,100,,서울 도봉구 준공청소 견적 | 현장별 청소 정보,"서울 도봉구 준공청소 견적 작업 범위와 준비사항, 진행 순서, 확인 항목을 정리했습니다. 서울 도봉구 준공청소 현장에 맞춰 필요한 청소 내용을 확인해보세요.",https://clever-griffin-93819d.netlify.app/seoul-dobong-gu-post-construction-cleaning-quote/,서울 도봉구 준공청소 견적,12
서울 도봉구 상가청소,seoul-dobong-gu-store-cleaning,PASS,100,,서울 도봉구 상가청소 | 현장별 청소 정보,서울 도봉구 상가청소 관련 청소 과정과 체크포인트를 안내합니다. 공간 상태와 오염 범위를 확인한 뒤 현장에 맞는 작업을 진행합니다.,https://clever-griffin-93819d.netlify.app/seoul-dobong-gu-store-cleaning/,서울 도봉구 상가청소,12
서울 도봉구 상가청소 전문업체,seoul-dobong-gu-store-cleaning-company,PASS,100,,서울 도봉구 상가청소 전문업체 | 체인지클린,서울 도봉구 상가청소를 알아보는 분을 위한 안내입니다. 서울 도봉구 상가청소 전문업체 작업 전 확인사항부터 마무리 점검까지 자세히 정리했습니다.,https://clever-griffin-93819d.netlify.app/seoul-dobong-gu-store-cleaning-company/,서울 도봉구 상가청소 전문업체,12
서울 도봉구 상가청소 잘하는곳,seoul-dobong-gu-store-cleaning-best,PASS,100,,서울 도봉구 상가청소 잘하는곳 | 체인지클린,서울 도봉구 상가청소 잘하는곳 관련 청소 과정과 체크포인트를 안내합니다. 공간 상태와 오염 범위를 확인한 뒤 현장에 맞는 작업을 진행합니다.,https://clever-griffin-93819d.netlify.app/seoul-dobong-gu-store-cleaning-best/,서울 도봉구 상가청소 잘하는곳,12
서울 도봉구 상가청소 가격,seoul-dobong-gu-store-cleaning-price,PASS,100,,서울 도봉구 상가청소 가격 | 현장별 청소 정보,서울 도봉구 상가청소 가격 관련 청소 과정과 체크포인트를 안내합니다. 공간 상태와 오염 범위를 확인한 뒤 현장에 맞는 작업을 진행합니다.,https://clever-griffin-93819d.netlify.app/seoul-dobong-gu-store-cleaning-price/,서울 도봉구 상가청소 가격,12
서울 도봉구 상가청소 비용,seoul-dobong-gu-store-cleaning-cost,PASS,100,,서울 도봉구 상가청소 비용 - 청소 작업 안내,서울 도봉구 상가청소 비용 관련 청소 과정과 체크포인트를 안내합니다. 공간 상태와 오염 범위를 확인한 뒤 현장에 맞는 작업을 진행합니다.,https://clever-griffin-93819d.netlify.app/seoul-dobong-gu-store-cleaning-cost/,서울 도봉구 상가청소 비용,12
서울 도봉구 상가청소 견적,seoul-dobong-gu-store-cleaning-quote,PASS,100,,서울 도봉구 상가청소 견적 | 현장별 청소 정보,"서울 도봉구 상가청소 견적 작업 범위와 준비사항, 진행 순서, 확인 항목을 정리했습니다. 서울 도봉구 상가청소 현장에 맞춰 필요한 청소 내용을 확인해보세요.",https://clever-griffin-93819d.netlify.app/seoul-dobong-gu-store-cleaning-quote/,서울 도봉구 상가청소 견적,12
서울 도봉구 사무실청소,seoul-dobong-gu-office-cleaning,PASS,100,,서울 도봉구 사무실청소 | 체인지클린,"서울 도봉구 사무실청소 작업 범위와 준비사항, 진행 순서, 확인 항목을 정리했습니다. 서울 도봉구 사무실청소 현장에 맞춰 필요한 청소 내용을 확인해보세요.",https://clever-griffin-93819d.netlify.app/seoul-dobong-gu-office-cleaning/,서울 도봉구 사무실청소,12
서울 도봉구 사무실청소 전문업체,seoul-dobong-gu-office-cleaning-company,PASS,100,,서울 도봉구 사무실청소 전문업체 - 청소 작업 안내,서울 도봉구 사무실청소를 알아보는 분을 위한 안내입니다. 서울 도봉구 사무실청소 전문업체 작업 전 확인사항부터 마무리 점검까지 자세히 정리했습니다.,https://clever-griffin-93819d.netlify.app/seoul-dobong-gu-office-cleaning-company/,서울 도봉구 사무실청소 전문업체,12
서울 도봉구 사무실청소 잘하는곳,seoul-dobong-gu-office-cleaning-best,PASS,100,,서울 도봉구 사무실청소 잘하는곳 | 체인지클린,서울 도봉구 사무실청소 잘하는곳 관련 청소 과정과 체크포인트를 안내합니다. 공간 상태와 오염 범위를 확인한 뒤 현장에 맞는 작업을 진행합니다.,https://clever-griffin-93819d.netlify.app/seoul-dobong-gu-office-cleaning-best/,서울 도봉구 사무실청소 잘하는곳,12
서울 도봉구 사무실청소 가격,seoul-dobong-gu-office-cleaning-price,PASS,100,,서울 도봉구 사무실청소 가격 - 청소 작업 안내,서울 도봉구 사무실청소 가격 관련 청소 과정과 체크포인트를 안내합니다. 공간 상태와 오염 범위를 확인한 뒤 현장에 맞는 작업을 진행합니다.,https://clever-griffin-93819d.netlify.app/seoul-dobong-gu-office-cleaning-price/,서울 도봉구 사무실청소 가격,12
서울 도봉구 사무실청소 비용,seoul-dobong-gu-office-cleaning-cost,PASS,100,,서울 도봉구 사무실청소 비용 - 청소 작업 안내,"서울 도봉구 사무실청소 비용 작업 범위와 준비사항, 진행 순서, 확인 항목을 정리했습니다. 서울 도봉구 사무실청소 현장에 맞춰 필요한 청소 내용을 확인해보세요.",https://clever-griffin-93819d.netlify.app/seoul-dobong-gu-office-cleaning-cost/,서울 도봉구 사무실청소 비용,12
서울 도봉구 사무실청소 견적,seoul-dobong-gu-office-cleaning-quote,PASS,100,,서울 도봉구 사무실청소 견적 - 청소 작업 안내,서울 도봉구 사무실청소를 알아보는 분을 위한 안내입니다. 서울 도봉구 사무실청소 견적 작업 전 확인사항부터 마무리 점검까지 자세히 정리했습니다.,https://clever-griffin-93819d.netlify.app/seoul-dobong-gu-office-cleaning-quote/,서울 도봉구 사무실청소 견적,12
서울 도봉구 빌라청소,seoul-dobong-gu-villa-cleaning,CHECK,96,title 길이 확인,서울 도봉구 빌라청소 | 체인지클린,서울 도봉구 빌라청소를 알아보는 분을 위한 안내입니다. 서울 도봉구 빌라청소 작업 전 확인사항부터 마무리 점검까지 자세히 정리했습니다.,https://clever-griffin-93819d.netlify.app/seoul-dobong-gu-villa-cleaning/,서울 도봉구 빌라청소,12
서울 도봉구 빌라청소 전문업체,seoul-dobong-gu-villa-cleaning-company,PASS,100,,서울 도봉구 빌라청소 전문업체 | 현장별 청소 정보,서울 도봉구 빌라청소를 알아보는 분을 위한 안내입니다. 서울 도봉구 빌라청소 전문업체 작업 전 확인사항부터 마무리 점검까지 자세히 정리했습니다.,https://clever-griffin-93819d.netlify.app/seoul-dobong-gu-villa-cleaning-company/,서울 도봉구 빌라청소 전문업체,12
서울 도봉구 빌라청소 잘하는곳,seoul-dobong-gu-villa-cleaning-best,PASS,100,,서울 도봉구 빌라청소 잘하는곳 - 청소 작업 안내,"서울 도봉구 빌라청소 잘하는곳 작업 범위와 준비사항, 진행 순서, 확인 항목을 정리했습니다. 서울 도봉구 빌라청소 현장에 맞춰 필요한 청소 내용을 확인해보세요.",https://clever-griffin-93819d.netlify.app/seoul-dobong-gu-villa-cleaning-best/,서울 도봉구 빌라청소 잘하는곳,12
서울 도봉구 빌라청소 가격,seoul-dobong-gu-villa-cleaning-price,PASS,100,,서울 도봉구 빌라청소 가격 | 현장별 청소 정보,서울 도봉구 빌라청소를 알아보는 분을 위한 안내입니다. 서울 도봉구 빌라청소 가격 작업 전 확인사항부터 마무리 점검까지 자세히 정리했습니다.,https://clever-griffin-93819d.netlify.app/seoul-dobong-gu-villa-cleaning-price/,서울 도봉구 빌라청소 가격,12
서울 도봉구 빌라청소 비용,seoul-dobong-gu-villa-cleaning-cost,PASS,100,,서울 도봉구 빌라청소 비용 | 현장별 청소 정보,서울 도봉구 빌라청소 비용 관련 청소 과정과 체크포인트를 안내합니다. 공간 상태와 오염 범위를 확인한 뒤 현장에 맞는 작업을 진행합니다.,https://clever-griffin-93819d.netlify.app/seoul-dobong-gu-villa-cleaning-cost/,서울 도봉구 빌라청소 비용,12
서울 도봉구 빌라청소 견적,seoul-dobong-gu-villa-cleaning-quote,PASS,100,,서울 도봉구 빌라청소 견적 | 체인지클린,서울 도봉구 빌라청소 견적 관련 청소 과정과 체크포인트를 안내합니다. 공간 상태와 오염 범위를 확인한 뒤 현장에 맞는 작업을 진행합니다.,https://clever-griffin-93819d.netlify.app/seoul-dobong-gu-villa-cleaning-quote/,서울 도봉구 빌라청소 견적,12
서울 도봉구 아파트청소,seoul-dobong-gu-apartment-cleaning,PASS,100,,서울 도봉구 아파트청소 - 청소 작업 안내,서울 도봉구 아파트청소를 알아보는 분을 위한 안내입니다. 서울 도봉구 아파트청소 작업 전 확인사항부터 마무리 점검까지 자세히 정리했습니다.,https://clever-griffin-93819d.netlify.app/seoul-dobong-gu-apartment-cleaning/,서울 도봉구 아파트청소,12
서울 도봉구 아파트청소 전문업체,seoul-dobong-gu-apartment-cleaning-company,PASS,100,,서울 도봉구 아파트청소 전문업체 | 현장별 청소 정보,서울 도봉구 아파트청소 전문업체 관련 청소 과정과 체크포인트를 안내합니다. 공간 상태와 오염 범위를 확인한 뒤 현장에 맞는 작업을 진행합니다.,https://clever-griffin-93819d.netlify.app/seoul-dobong-gu-apartment-cleaning-company/,서울 도봉구 아파트청소 전문업체,12
서울 도봉구 아파트청소 잘하는곳,seoul-dobong-gu-apartment-cleaning-best,PASS,100,,서울 도봉구 아파트청소 잘하는곳 - 청소 작업 안내,"서울 도봉구 아파트청소 잘하는곳 작업 범위와 준비사항, 진행 순서, 확인 항목을 정리했습니다. 서울 도봉구 아파트청소 현장에 맞춰 필요한 청소 내용을 확인해보세요.",https://clever-griffin-93819d.netlify.app/seoul-dobong-gu-apartment-cleaning-best/,서울 도봉구 아파트청소 잘하는곳,12
서울 도봉구 아파트청소 가격,seoul-dobong-gu-apartment-cleaning-price,PASS,100,,서울 도봉구 아파트청소 가격 | 체인지클린,서울 도봉구 아파트청소 가격 관련 청소 과정과 체크포인트를 안내합니다. 공간 상태와 오염 범위를 확인한 뒤 현장에 맞는 작업을 진행합니다.,https://clever-griffin-93819d.netlify.app/seoul-dobong-gu-apartment-cleaning-price/,서울 도봉구 아파트청소 가격,12
서울 도봉구 아파트청소 비용,seoul-dobong-gu-apartment-cleaning-cost,PASS,100,,서울 도봉구 아파트청소 비용 | 현장별 청소 정보,서울 도봉구 아파트청소를 알아보는 분을 위한 안내입니다. 서울 도봉구 아파트청소 비용 작업 전 확인사항부터 마무리 점검까지 자세히 정리했습니다.,https://clever-griffin-93819d.netlify.app/seoul-dobong-gu-apartment-cleaning-cost/,서울 도봉구 아파트청소 비용,12
서울 도봉구 아파트청소 견적,seoul-dobong-gu-apartment-cleaning-quote,PASS,100,,서울 도봉구 아파트청소 견적 | 체인지클린,서울 도봉구 아파트청소 견적 관련 청소 과정과 체크포인트를 안내합니다. 공간 상태와 오염 범위를 확인한 뒤 현장에 맞는 작업을 진행합니다.,https://clever-griffin-93819d.netlify.app/seoul-dobong-gu-apartment-cleaning-quote/,서울 도봉구 아파트청소 견적,12
서울 도봉구 오피스텔청소,seoul-dobong-gu-officetel-cleaning,PASS,100,,서울 도봉구 오피스텔청소 - 청소 작업 안내,"서울 도봉구 오피스텔청소 작업 범위와 준비사항, 진행 순서, 확인 항목을 정리했습니다. 서울 도봉구 오피스텔청소 현장에 맞춰 필요한 청소 내용을 확인해보세요.",https://clever-griffin-93819d.netlify.app/seoul-dobong-gu-officetel-cleaning/,서울 도봉구 오피스텔청소,12
서울 도봉구 오피스텔청소 전문업체,seoul-dobong-gu-officetel-cleaning-company,PASS,100,,서울 도봉구 오피스텔청소 전문업체 | 현장별 청소 정보,서울 도봉구 오피스텔청소를 알아보는 분을 위한 안내입니다. 서울 도봉구 오피스텔청소 전문업체 작업 전 확인사항부터 마무리 점검까지 자세히 정리했습니다.,https://clever-griffin-93819d.netlify.app/seoul-dobong-gu-officetel-cleaning-company/,서울 도봉구 오피스텔청소 전문업체,12
서울 도봉구 오피스텔청소 잘하는곳,seoul-dobong-gu-officetel-cleaning-best,PASS,100,,서울 도봉구 오피스텔청소 잘하는곳 | 현장별 청소 정보,서울 도봉구 오피스텔청소를 알아보는 분을 위한 안내입니다. 서울 도봉구 오피스텔청소 잘하는곳 작업 전 확인사항부터 마무리 점검까지 자세히 정리했습니다.,https://clever-griffin-93819d.netlify.app/seoul-dobong-gu-officetel-cleaning-best/,서울 도봉구 오피스텔청소 잘하는곳,12
서울 도봉구 오피스텔청소 가격,seoul-dobong-gu-officetel-cleaning-price,PASS,100,,서울 도봉구 오피스텔청소 가격 - 청소 작업 안내,서울 도봉구 오피스텔청소 가격 관련 청소 과정과 체크포인트를 안내합니다. 공간 상태와 오염 범위를 확인한 뒤 현장에 맞는 작업을 진행합니다.,https://clever-griffin-93819d.netlify.app/seoul-dobong-gu-officetel-cleaning-price/,서울 도봉구 오피스텔청소 가격,12
서울 도봉구 오피스텔청소 비용,seoul-dobong-gu-officetel-cleaning-cost,PASS,100,,서울 도봉구 오피스텔청소 비용 | 체인지클린,서울 도봉구 오피스텔청소 비용 관련 청소 과정과 체크포인트를 안내합니다. 공간 상태와 오염 범위를 확인한 뒤 현장에 맞는 작업을 진행합니다.,https://clever-griffin-93819d.netlify.app/seoul-dobong-gu-officetel-cleaning-cost/,서울 도봉구 오피스텔청소 비용,12
서울 도봉구 오피스텔청소 견적,seoul-dobong-gu-officetel-cleaning-quote,PASS,100,,서울 도봉구 오피스텔청소 견적 | 현장별 청소 정보,서울 도봉구 오피스텔청소 견적 관련 청소 과정과 체크포인트를 안내합니다. 공간 상태와 오염 범위를 확인한 뒤 현장에 맞는 작업을 진행합니다.,https://clever-griffin-93819d.netlify.app/seoul-dobong-gu-officetel-cleaning-quote/,서울 도봉구 오피스텔청소 견적,12
서울 도봉구 거주청소,seoul-dobong-gu-home-cleaning,CHECK,96,title 길이 확인,서울 도봉구 거주청소 | 체인지클린,서울 도봉구 거주청소 관련 청소 과정과 체크포인트를 안내합니다. 공간 상태와 오염 범위를 확인한 뒤 현장에 맞는 작업을 진행합니다.,https://clever-griffin-93819d.netlify.app/seoul-dobong-gu-home-cleaning/,서울 도봉구 거주청소,12
서울 도봉구 거주청소 전문업체,seoul-dobong-gu-home-cleaning-company,PASS,100,,서울 도봉구 거주청소 전문업체 - 청소 작업 안내,서울 도봉구 거주청소 전문업체 관련 청소 과정과 체크포인트를 안내합니다. 공간 상태와 오염 범위를 확인한 뒤 현장에 맞는 작업을 진행합니다.,https://clever-griffin-93819d.netlify.app/seoul-dobong-gu-home-cleaning-company/,서울 도봉구 거주청소 전문업체,12
서울 도봉구 거주청소 잘하는곳,seoul-dobong-gu-home-cleaning-best,PASS,100,,서울 도봉구 거주청소 잘하는곳 | 현장별 청소 정보,서울 도봉구 거주청소 잘하는곳 관련 청소 과정과 체크포인트를 안내합니다. 공간 상태와 오염 범위를 확인한 뒤 현장에 맞는 작업을 진행합니다.,https://clever-griffin-93819d.netlify.app/seoul-dobong-gu-home-cleaning-best/,서울 도봉구 거주청소 잘하는곳,12
서울 도봉구 거주청소 가격,seoul-dobong-gu-home-cleaning-price,PASS,100,,서울 도봉구 거주청소 가격 - 청소 작업 안내,"서울 도봉구 거주청소 가격 작업 범위와 준비사항, 진행 순서, 확인 항목을 정리했습니다. 서울 도봉구 거주청소 현장에 맞춰 필요한 청소 내용을 확인해보세요.",https://clever-griffin-93819d.netlify.app/seoul-dobong-gu-home-cleaning-price/,서울 도봉구 거주청소 가격,12
서울 도봉구 거주청소 비용,seoul-dobong-gu-home-cleaning-cost,PASS,100,,서울 도봉구 거주청소 비용 - 청소 작업 안내,"서울 도봉구 거주청소 비용 작업 범위와 준비사항, 진행 순서, 확인 항목을 정리했습니다. 서울 도봉구 거주청소 현장에 맞춰 필요한 청소 내용을 확인해보세요.",https://clever-griffin-93819d.netlify.app/seoul-dobong-gu-home-cleaning-cost/,서울 도봉구 거주청소 비용,12
서울 도봉구 거주청소 견적,seoul-dobong-gu-home-cleaning-quote,PASS,100,,서울 도봉구 거주청소 견적 | 현장별 청소 정보,서울 도봉구 거주청소를 알아보는 분을 위한 안내입니다. 서울 도봉구 거주청소 견적 작업 전 확인사항부터 마무리 점검까지 자세히 정리했습니다.,https://clever-griffin-93819d.netlify.app/seoul-dobong-gu-home-cleaning-quote/,서울 도봉구 거주청소 견적,12
서울 노원구 입주청소,seoul-nowon-gu-move-in-cleaning,PASS,100,,서울 노원구 입주청소 | 현장별 청소 정보,서울 노원구 입주청소를 알아보는 분을 위한 안내입니다. 서울 노원구 입주청소 작업 전 확인사항부터 마무리 점검까지 자세히 정리했습니다.,https://clever-griffin-93819d.netlify.app/seoul-nowon-gu-move-in-cleaning/,서울 노원구 입주청소,12
서울 노원구 입주청소 전문업체,seoul-nowon-gu-move-in-cleaning-company,PASS,100,,서울 노원구 입주청소 전문업체 - 청소 작업 안내,서울 노원구 입주청소 전문업체 관련 청소 과정과 체크포인트를 안내합니다. 공간 상태와 오염 범위를 확인한 뒤 현장에 맞는 작업을 진행합니다.,https://clever-griffin-93819d.netlify.app/seoul-nowon-gu-move-in-cleaning-company/,서울 노원구 입주청소 전문업체,12
서울 노원구 입주청소 잘하는곳,seoul-nowon-gu-move-in-cleaning-best,PASS,100,,서울 노원구 입주청소 잘하는곳 | 현장별 청소 정보,서울 노원구 입주청소를 알아보는 분을 위한 안내입니다. 서울 노원구 입주청소 잘하는곳 작업 전 확인사항부터 마무리 점검까지 자세히 정리했습니다.,https://clever-griffin-93819d.netlify.app/seoul-nowon-gu-move-in-cleaning-best/,서울 노원구 입주청소 잘하는곳,12
서울 노원구 입주청소 가격,seoul-nowon-gu-move-in-cleaning-price,PASS,100,,서울 노원구 입주청소 가격 | 현장별 청소 정보,서울 노원구 입주청소 가격 관련 청소 과정과 체크포인트를 안내합니다. 공간 상태와 오염 범위를 확인한 뒤 현장에 맞는 작업을 진행합니다.,https://clever-griffin-93819d.netlify.app/seoul-nowon-gu-move-in-cleaning-price/,서울 노원구 입주청소 가격,12
서울 노원구 입주청소 비용,seoul-nowon-gu-move-in-cleaning-cost,PASS,100,,서울 노원구 입주청소 비용 | 체인지클린,서울 노원구 입주청소 비용 관련 청소 과정과 체크포인트를 안내합니다. 공간 상태와 오염 범위를 확인한 뒤 현장에 맞는 작업을 진행합니다.,https://clever-griffin-93819d.netlify.app/seoul-nowon-gu-move-in-cleaning-cost/,서울 노원구 입주청소 비용,12
서울 노원구 입주청소 견적,seoul-nowon-gu-move-in-cleaning-quote,PASS,100,,서울 노원구 입주청소 견적 | 체인지클린,서울 노원구 입주청소 견적 관련 청소 과정과 체크포인트를 안내합니다. 공간 상태와 오염 범위를 확인한 뒤 현장에 맞는 작업을 진행합니다.,https://clever-griffin-93819d.netlify.app/seoul-nowon-gu-move-in-cleaning-quote/,서울 노원구 입주청소 견적,12
서울 노원구 이사청소,seoul-nowon-gu-move-out-cleaning,PASS,100,,서울 노원구 이사청소 - 청소 작업 안내,"서울 노원구 이사청소 작업 범위와 준비사항, 진행 순서, 확인 항목을 정리했습니다. 서울 노원구 이사청소 현장에 맞춰 필요한 청소 내용을 확인해보세요.",https://clever-griffin-93819d.netlify.app/seoul-nowon-gu-move-out-cleaning/,서울 노원구 이사청소,12
서울 노원구 이사청소 전문업체,seoul-nowon-gu-move-out-cleaning-company,PASS,100,,서울 노원구 이사청소 전문업체 - 청소 작업 안내,서울 노원구 이사청소를 알아보는 분을 위한 안내입니다. 서울 노원구 이사청소 전문업체 작업 전 확인사항부터 마무리 점검까지 자세히 정리했습니다.,https://clever-griffin-93819d.netlify.app/seoul-nowon-gu-move-out-cleaning-company/,서울 노원구 이사청소 전문업체,12
서울 노원구 이사청소 잘하는곳,seoul-nowon-gu-move-out-cleaning-best,PASS,100,,서울 노원구 이사청소 잘하는곳 - 청소 작업 안내,"서울 노원구 이사청소 잘하는곳 작업 범위와 준비사항, 진행 순서, 확인 항목을 정리했습니다. 서울 노원구 이사청소 현장에 맞춰 필요한 청소 내용을 확인해보세요.",https://clever-griffin-93819d.netlify.app/seoul-nowon-gu-move-out-cleaning-best/,서울 노원구 이사청소 잘하는곳,12
서울 노원구 이사청소 가격,seoul-nowon-gu-move-out-cleaning-price,PASS,100,,서울 노원구 이사청소 가격 | 현장별 청소 정보,서울 노원구 이사청소 가격 관련 청소 과정과 체크포인트를 안내합니다. 공간 상태와 오염 범위를 확인한 뒤 현장에 맞는 작업을 진행합니다.,https://clever-griffin-93819d.netlify.app/seoul-nowon-gu-move-out-cleaning-price/,서울 노원구 이사청소 가격,12
서울 노원구 이사청소 비용,seoul-nowon-gu-move-out-cleaning-cost,PASS,100,,서울 노원구 이사청소 비용 | 체인지클린,서울 노원구 이사청소를 알아보는 분을 위한 안내입니다. 서울 노원구 이사청소 비용 작업 전 확인사항부터 마무리 점검까지 자세히 정리했습니다.,https://clever-griffin-93819d.netlify.app/seoul-nowon-gu-move-out-cleaning-cost/,서울 노원구 이사청소 비용,12
서울 노원구 이사청소 견적,seoul-nowon-gu-move-out-cleaning-quote,PASS,100,,서울 노원구 이사청소 견적 | 현장별 청소 정보,"서울 노원구 이사청소 견적 작업 범위와 준비사항, 진행 순서, 확인 항목을 정리했습니다. 서울 노원구 이사청소 현장에 맞춰 필요한 청소 내용을 확인해보세요.",https://clever-griffin-93819d.netlify.app/seoul-nowon-gu-move-out-cleaning-quote/,서울 노원구 이사청소 견적,12
서울 노원구 준공청소,seoul-nowon-gu-post-construction-cleaning,PASS,100,,서울 노원구 준공청소 - 청소 작업 안내,"서울 노원구 준공청소 작업 범위와 준비사항, 진행 순서, 확인 항목을 정리했습니다. 서울 노원구 준공청소 현장에 맞춰 필요한 청소 내용을 확인해보세요.",https://clever-griffin-93819d.netlify.app/seoul-nowon-gu-post-construction-cleaning/,서울 노원구 준공청소,12
서울 노원구 준공청소 전문업체,seoul-nowon-gu-post-construction-cleaning-company,PASS,100,,서울 노원구 준공청소 전문업체 - 청소 작업 안내,"서울 노원구 준공청소 전문업체 작업 범위와 준비사항, 진행 순서, 확인 항목을 정리했습니다. 서울 노원구 준공청소 현장에 맞춰 필요한 청소 내용을 확인해보세요.",https://clever-griffin-93819d.netlify.app/seoul-nowon-gu-post-construction-cleaning-company/,서울 노원구 준공청소 전문업체,12
서울 노원구 준공청소 잘하는곳,seoul-nowon-gu-post-construction-cleaning-best,PASS,100,,서울 노원구 준공청소 잘하는곳 | 체인지클린,"서울 노원구 준공청소 잘하는곳 작업 범위와 준비사항, 진행 순서, 확인 항목을 정리했습니다. 서울 노원구 준공청소 현장에 맞춰 필요한 청소 내용을 확인해보세요.",https://clever-griffin-93819d.netlify.app/seoul-nowon-gu-post-construction-cleaning-best/,서울 노원구 준공청소 잘하는곳,12
서울 노원구 준공청소 가격,seoul-nowon-gu-post-construction-cleaning-price,PASS,100,,서울 노원구 준공청소 가격 | 체인지클린,서울 노원구 준공청소 가격 관련 청소 과정과 체크포인트를 안내합니다. 공간 상태와 오염 범위를 확인한 뒤 현장에 맞는 작업을 진행합니다.,https://clever-griffin-93819d.netlify.app/seoul-nowon-gu-post-construction-cleaning-price/,서울 노원구 준공청소 가격,12
서울 노원구 준공청소 비용,seoul-nowon-gu-post-construction-cleaning-cost,PASS,100,,서울 노원구 준공청소 비용 | 현장별 청소 정보,서울 노원구 준공청소 비용 관련 청소 과정과 체크포인트를 안내합니다. 공간 상태와 오염 범위를 확인한 뒤 현장에 맞는 작업을 진행합니다.,https://clever-griffin-93819d.netlify.app/seoul-nowon-gu-post-construction-cleaning-cost/,서울 노원구 준공청소 비용,12
서울 노원구 준공청소 견적,seoul-nowon-gu-post-construction-cleaning-quote,PASS,100,,서울 노원구 준공청소 견적 | 현장별 청소 정보,"서울 노원구 준공청소 견적 작업 범위와 준비사항, 진행 순서, 확인 항목을 정리했습니다. 서울 노원구 준공청소 현장에 맞춰 필요한 청소 내용을 확인해보세요.",https://clever-griffin-93819d.netlify.app/seoul-nowon-gu-post-construction-cleaning-quote/,서울 노원구 준공청소 견적,12
서울 노원구 상가청소,seoul-nowon-gu-store-cleaning,CHECK,96,title 길이 확인,서울 노원구 상가청소 | 체인지클린,서울 노원구 상가청소 관련 청소 과정과 체크포인트를 안내합니다. 공간 상태와 오염 범위를 확인한 뒤 현장에 맞는 작업을 진행합니다.,https://clever-griffin-93819d.netlify.app/seoul-nowon-gu-store-cleaning/,서울 노원구 상가청소,12
서울 노원구 상가청소 전문업체,seoul-nowon-gu-store-cleaning-company,PASS,100,,서울 노원구 상가청소 전문업체 | 현장별 청소 정보,서울 노원구 상가청소 전문업체 관련 청소 과정과 체크포인트를 안내합니다. 공간 상태와 오염 범위를 확인한 뒤 현장에 맞는 작업을 진행합니다.,https://clever-griffin-93819d.netlify.app/seoul-nowon-gu-store-cleaning-company/,서울 노원구 상가청소 전문업체,12
서울 노원구 상가청소 잘하는곳,seoul-nowon-gu-store-cleaning-best,PASS,100,,서울 노원구 상가청소 잘하는곳 | 체인지클린,"서울 노원구 상가청소 잘하는곳 작업 범위와 준비사항, 진행 순서, 확인 항목을 정리했습니다. 서울 노원구 상가청소 현장에 맞춰 필요한 청소 내용을 확인해보세요.",https://clever-griffin-93819d.netlify.app/seoul-nowon-gu-store-cleaning-best/,서울 노원구 상가청소 잘하는곳,12
서울 노원구 상가청소 가격,seoul-nowon-gu-store-cleaning-price,PASS,100,,서울 노원구 상가청소 가격 | 체인지클린,"서울 노원구 상가청소 가격 작업 범위와 준비사항, 진행 순서, 확인 항목을 정리했습니다. 서울 노원구 상가청소 현장에 맞춰 필요한 청소 내용을 확인해보세요.",https://clever-griffin-93819d.netlify.app/seoul-nowon-gu-store-cleaning-price/,서울 노원구 상가청소 가격,12
서울 노원구 상가청소 비용,seoul-nowon-gu-store-cleaning-cost,PASS,100,,서울 노원구 상가청소 비용 | 현장별 청소 정보,서울 노원구 상가청소를 알아보는 분을 위한 안내입니다. 서울 노원구 상가청소 비용 작업 전 확인사항부터 마무리 점검까지 자세히 정리했습니다.,https://clever-griffin-93819d.netlify.app/seoul-nowon-gu-store-cleaning-cost/,서울 노원구 상가청소 비용,12
서울 노원구 상가청소 견적,seoul-nowon-gu-store-cleaning-quote,PASS,100,,서울 노원구 상가청소 견적 - 청소 작업 안내,"서울 노원구 상가청소 견적 작업 범위와 준비사항, 진행 순서, 확인 항목을 정리했습니다. 서울 노원구 상가청소 현장에 맞춰 필요한 청소 내용을 확인해보세요.",https://clever-griffin-93819d.netlify.app/seoul-nowon-gu-store-cleaning-quote/,서울 노원구 상가청소 견적,12
서울 노원구 사무실청소,seoul-nowon-gu-office-cleaning,PASS,100,,서울 노원구 사무실청소 | 현장별 청소 정보,"서울 노원구 사무실청소 작업 범위와 준비사항, 진행 순서, 확인 항목을 정리했습니다. 서울 노원구 사무실청소 현장에 맞춰 필요한 청소 내용을 확인해보세요.",https://clever-griffin-93819d.netlify.app/seoul-nowon-gu-office-cleaning/,서울 노원구 사무실청소,12
서울 노원구 사무실청소 전문업체,seoul-nowon-gu-office-cleaning-company,PASS,100,,서울 노원구 사무실청소 전문업체 | 현장별 청소 정보,서울 노원구 사무실청소 전문업체 관련 청소 과정과 체크포인트를 안내합니다. 공간 상태와 오염 범위를 확인한 뒤 현장에 맞는 작업을 진행합니다.,https://clever-griffin-93819d.netlify.app/seoul-nowon-gu-office-cleaning-company/,서울 노원구 사무실청소 전문업체,12
서울 노원구 사무실청소 잘하는곳,seoul-nowon-gu-office-cleaning-best,PASS,100,,서울 노원구 사무실청소 잘하는곳 | 체인지클린,서울 노원구 사무실청소를 알아보는 분을 위한 안내입니다. 서울 노원구 사무실청소 잘하는곳 작업 전 확인사항부터 마무리 점검까지 자세히 정리했습니다.,https://clever-griffin-93819d.netlify.app/seoul-nowon-gu-office-cleaning-best/,서울 노원구 사무실청소 잘하는곳,12
서울 노원구 사무실청소 가격,seoul-nowon-gu-office-cleaning-price,PASS,100,,서울 노원구 사무실청소 가격 | 체인지클린,"서울 노원구 사무실청소 가격 작업 범위와 준비사항, 진행 순서, 확인 항목을 정리했습니다. 서울 노원구 사무실청소 현장에 맞춰 필요한 청소 내용을 확인해보세요.",https://clever-griffin-93819d.netlify.app/seoul-nowon-gu-office-cleaning-price/,서울 노원구 사무실청소 가격,12
서울 노원구 사무실청소 비용,seoul-nowon-gu-office-cleaning-cost,PASS,100,,서울 노원구 사무실청소 비용 - 청소 작업 안내,"서울 노원구 사무실청소 비용 작업 범위와 준비사항, 진행 순서, 확인 항목을 정리했습니다. 서울 노원구 사무실청소 현장에 맞춰 필요한 청소 내용을 확인해보세요.",https://clever-griffin-93819d.netlify.app/seoul-nowon-gu-office-cleaning-cost/,서울 노원구 사무실청소 비용,12
서울 노원구 사무실청소 견적,seoul-nowon-gu-office-cleaning-quote,PASS,100,,서울 노원구 사무실청소 견적 | 현장별 청소 정보,"서울 노원구 사무실청소 견적 작업 범위와 준비사항, 진행 순서, 확인 항목을 정리했습니다. 서울 노원구 사무실청소 현장에 맞춰 필요한 청소 내용을 확인해보세요.",https://clever-griffin-93819d.netlify.app/seoul-nowon-gu-office-cleaning-quote/,서울 노원구 사무실청소 견적,12
서울 노원구 빌라청소,seoul-nowon-gu-villa-cleaning,PASS,100,,서울 노원구 빌라청소 - 청소 작업 안내,"서울 노원구 빌라청소 작업 범위와 준비사항, 진행 순서, 확인 항목을 정리했습니다. 서울 노원구 빌라청소 현장에 맞춰 필요한 청소 내용을 확인해보세요.",https://clever-griffin-93819d.netlify.app/seoul-nowon-gu-villa-cleaning/,서울 노원구 빌라청소,12
서울 노원구 빌라청소 전문업체,seoul-nowon-gu-villa-cleaning-company,PASS,100,,서울 노원구 빌라청소 전문업체 | 체인지클린,서울 노원구 빌라청소를 알아보는 분을 위한 안내입니다. 서울 노원구 빌라청소 전문업체 작업 전 확인사항부터 마무리 점검까지 자세히 정리했습니다.,https://clever-griffin-93819d.netlify.app/seoul-nowon-gu-villa-cleaning-company/,서울 노원구 빌라청소 전문업체,12
서울 노원구 빌라청소 잘하는곳,seoul-nowon-gu-villa-cleaning-best,PASS,100,,서울 노원구 빌라청소 잘하는곳 - 청소 작업 안내,서울 노원구 빌라청소 잘하는곳 관련 청소 과정과 체크포인트를 안내합니다. 공간 상태와 오염 범위를 확인한 뒤 현장에 맞는 작업을 진행합니다.,https://clever-griffin-93819d.netlify.app/seoul-nowon-gu-villa-cleaning-best/,서울 노원구 빌라청소 잘하는곳,12
서울 노원구 빌라청소 가격,seoul-nowon-gu-villa-cleaning-price,PASS,100,,서울 노원구 빌라청소 가격 | 현장별 청소 정보,서울 노원구 빌라청소를 알아보는 분을 위한 안내입니다. 서울 노원구 빌라청소 가격 작업 전 확인사항부터 마무리 점검까지 자세히 정리했습니다.,https://clever-griffin-93819d.netlify.app/seoul-nowon-gu-villa-cleaning-price/,서울 노원구 빌라청소 가격,12
서울 노원구 빌라청소 비용,seoul-nowon-gu-villa-cleaning-cost,PASS,100,,서울 노원구 빌라청소 비용 | 체인지클린,"서울 노원구 빌라청소 비용 작업 범위와 준비사항, 진행 순서, 확인 항목을 정리했습니다. 서울 노원구 빌라청소 현장에 맞춰 필요한 청소 내용을 확인해보세요.",https://clever-griffin-93819d.netlify.app/seoul-nowon-gu-villa-cleaning-cost/,서울 노원구 빌라청소 비용,12
서울 노원구 빌라청소 견적,seoul-nowon-gu-villa-cleaning-quote,PASS,100,,서울 노원구 빌라청소 견적 - 청소 작업 안내,"서울 노원구 빌라청소 견적 작업 범위와 준비사항, 진행 순서, 확인 항목을 정리했습니다. 서울 노원구 빌라청소 현장에 맞춰 필요한 청소 내용을 확인해보세요.",https://clever-griffin-93819d.netlify.app/seoul-nowon-gu-villa-cleaning-quote/,서울 노원구 빌라청소 견적,12
서울 노원구 아파트청소,seoul-nowon-gu-apartment-cleaning,PASS,100,,서울 노원구 아파트청소 | 현장별 청소 정보,서울 노원구 아파트청소 관련 청소 과정과 체크포인트를 안내합니다. 공간 상태와 오염 범위를 확인한 뒤 현장에 맞는 작업을 진행합니다.,https://clever-griffin-93819d.netlify.app/seoul-nowon-gu-apartment-cleaning/,서울 노원구 아파트청소,12
서울 노원구 아파트청소 전문업체,seoul-nowon-gu-apartment-cleaning-company,PASS,100,,서울 노원구 아파트청소 전문업체 | 현장별 청소 정보,서울 노원구 아파트청소를 알아보는 분을 위한 안내입니다. 서울 노원구 아파트청소 전문업체 작업 전 확인사항부터 마무리 점검까지 자세히 정리했습니다.,https://clever-griffin-93819d.netlify.app/seoul-nowon-gu-apartment-cleaning-company/,서울 노원구 아파트청소 전문업체,12
서울 노원구 아파트청소 잘하는곳,seoul-nowon-gu-apartment-cleaning-best,PASS,100,,서울 노원구 아파트청소 잘하는곳 | 체인지클린,서울 노원구 아파트청소 잘하는곳 관련 청소 과정과 체크포인트를 안내합니다. 공간 상태와 오염 범위를 확인한 뒤 현장에 맞는 작업을 진행합니다.,https://clever-griffin-93819d.netlify.app/seoul-nowon-gu-apartment-cleaning-best/,서울 노원구 아파트청소 잘하는곳,12
서울 노원구 아파트청소 가격,seoul-nowon-gu-apartment-cleaning-price,PASS,100,,서울 노원구 아파트청소 가격 | 현장별 청소 정보,서울 노원구 아파트청소 가격 관련 청소 과정과 체크포인트를 안내합니다. 공간 상태와 오염 범위를 확인한 뒤 현장에 맞는 작업을 진행합니다.,https://clever-griffin-93819d.netlify.app/seoul-nowon-gu-apartment-cleaning-price/,서울 노원구 아파트청소 가격,12
서울 노원구 아파트청소 비용,seoul-nowon-gu-apartment-cleaning-cost,PASS,100,,서울 노원구 아파트청소 비용 | 체인지클린,서울 노원구 아파트청소 비용 관련 청소 과정과 체크포인트를 안내합니다. 공간 상태와 오염 범위를 확인한 뒤 현장에 맞는 작업을 진행합니다.,https://clever-griffin-93819d.netlify.app/seoul-nowon-gu-apartment-cleaning-cost/,서울 노원구 아파트청소 비용,12
서울 노원구 아파트청소 견적,seoul-nowon-gu-apartment-cleaning-quote,PASS,100,,서울 노원구 아파트청소 견적 - 청소 작업 안내,서울 노원구 아파트청소 견적 관련 청소 과정과 체크포인트를 안내합니다. 공간 상태와 오염 범위를 확인한 뒤 현장에 맞는 작업을 진행합니다.,https://clever-griffin-93819d.netlify.app/seoul-nowon-gu-apartment-cleaning-quote/,서울 노원구 아파트청소 견적,12
서울 노원구 오피스텔청소,seoul-nowon-gu-officetel-cleaning,PASS,100,,서울 노원구 오피스텔청소 | 체인지클린,서울 노원구 오피스텔청소를 알아보는 분을 위한 안내입니다. 서울 노원구 오피스텔청소 작업 전 확인사항부터 마무리 점검까지 자세히 정리했습니다.,https://clever-griffin-93819d.netlify.app/seoul-nowon-gu-officetel-cleaning/,서울 노원구 오피스텔청소,12
서울 노원구 오피스텔청소 전문업체,seoul-nowon-gu-officetel-cleaning-company,PASS,100,,서울 노원구 오피스텔청소 전문업체 - 청소 작업 안내,서울 노원구 오피스텔청소 전문업체 관련 청소 과정과 체크포인트를 안내합니다. 공간 상태와 오염 범위를 확인한 뒤 현장에 맞는 작업을 진행합니다.,https://clever-griffin-93819d.netlify.app/seoul-nowon-gu-officetel-cleaning-company/,서울 노원구 오피스텔청소 전문업체,12
서울 노원구 오피스텔청소 잘하는곳,seoul-nowon-gu-officetel-cleaning-best,PASS,100,,서울 노원구 오피스텔청소 잘하는곳 | 현장별 청소 정보,서울 노원구 오피스텔청소를 알아보는 분을 위한 안내입니다. 서울 노원구 오피스텔청소 잘하는곳 작업 전 확인사항부터 마무리 점검까지 자세히 정리했습니다.,https://clever-griffin-93819d.netlify.app/seoul-nowon-gu-officetel-cleaning-best/,서울 노원구 오피스텔청소 잘하는곳,12
서울 노원구 오피스텔청소 가격,seoul-nowon-gu-officetel-cleaning-price,PASS,100,,서울 노원구 오피스텔청소 가격 | 현장별 청소 정보,서울 노원구 오피스텔청소 가격 관련 청소 과정과 체크포인트를 안내합니다. 공간 상태와 오염 범위를 확인한 뒤 현장에 맞는 작업을 진행합니다.,https://clever-griffin-93819d.netlify.app/seoul-nowon-gu-officetel-cleaning-price/,서울 노원구 오피스텔청소 가격,12
서울 노원구 오피스텔청소 비용,seoul-nowon-gu-officetel-cleaning-cost,PASS,100,,서울 노원구 오피스텔청소 비용 | 체인지클린,서울 노원구 오피스텔청소 비용 관련 청소 과정과 체크포인트를 안내합니다. 공간 상태와 오염 범위를 확인한 뒤 현장에 맞는 작업을 진행합니다.,https://clever-griffin-93819d.netlify.app/seoul-nowon-gu-officetel-cleaning-cost/,서울 노원구 오피스텔청소 비용,12
서울 노원구 오피스텔청소 견적,seoul-nowon-gu-officetel-cleaning-quote,PASS,100,,서울 노원구 오피스텔청소 견적 - 청소 작업 안내,"서울 노원구 오피스텔청소 견적 작업 범위와 준비사항, 진행 순서, 확인 항목을 정리했습니다. 서울 노원구 오피스텔청소 현장에 맞춰 필요한 청소 내용을 확인해보세요.",https://clever-griffin-93819d.netlify.app/seoul-nowon-gu-officetel-cleaning-quote/,서울 노원구 오피스텔청소 견적,12
서울 노원구 거주청소,seoul-nowon-gu-home-cleaning,CHECK,96,title 길이 확인,서울 노원구 거주청소 | 체인지클린,서울 노원구 거주청소 관련 청소 과정과 체크포인트를 안내합니다. 공간 상태와 오염 범위를 확인한 뒤 현장에 맞는 작업을 진행합니다.,https://clever-griffin-93819d.netlify.app/seoul-nowon-gu-home-cleaning/,서울 노원구 거주청소,12
서울 노원구 거주청소 전문업체,seoul-nowon-gu-home-cleaning-company,PASS,100,,서울 노원구 거주청소 전문업체 - 청소 작업 안내,"서울 노원구 거주청소 전문업체 작업 범위와 준비사항, 진행 순서, 확인 항목을 정리했습니다. 서울 노원구 거주청소 현장에 맞춰 필요한 청소 내용을 확인해보세요.",https://clever-griffin-93819d.netlify.app/seoul-nowon-gu-home-cleaning-company/,서울 노원구 거주청소 전문업체,12
서울 노원구 거주청소 잘하는곳,seoul-nowon-gu-home-cleaning-best,PASS,100,,서울 노원구 거주청소 잘하는곳 | 체인지클린,서울 노원구 거주청소를 알아보는 분을 위한 안내입니다. 서울 노원구 거주청소 잘하는곳 작업 전 확인사항부터 마무리 점검까지 자세히 정리했습니다.,https://clever-griffin-93819d.netlify.app/seoul-nowon-gu-home-cleaning-best/,서울 노원구 거주청소 잘하는곳,12
서울 노원구 거주청소 가격,seoul-nowon-gu-home-cleaning-price,PASS,100,,서울 노원구 거주청소 가격 | 현장별 청소 정보,"서울 노원구 거주청소 가격 작업 범위와 준비사항, 진행 순서, 확인 항목을 정리했습니다. 서울 노원구 거주청소 현장에 맞춰 필요한 청소 내용을 확인해보세요.",https://clever-griffin-93819d.netlify.app/seoul-nowon-gu-home-cleaning-price/,서울 노원구 거주청소 가격,12
서울 노원구 거주청소 비용,seoul-nowon-gu-home-cleaning-cost,PASS,100,,서울 노원구 거주청소 비용 | 현장별 청소 정보,"서울 노원구 거주청소 비용 작업 범위와 준비사항, 진행 순서, 확인 항목을 정리했습니다. 서울 노원구 거주청소 현장에 맞춰 필요한 청소 내용을 확인해보세요.",https://clever-griffin-93819d.netlify.app/seoul-nowon-gu-home-cleaning-cost/,서울 노원구 거주청소 비용,12
서울 노원구 거주청소 견적,seoul-nowon-gu-home-cleaning-quote,PASS,100,,서울 노원구 거주청소 견적 | 체인지클린,서울 노원구 거주청소 견적 관련 청소 과정과 체크포인트를 안내합니다. 공간 상태와 오염 범위를 확인한 뒤 현장에 맞는 작업을 진행합니다.,https://clever-griffin-93819d.netlify.app/seoul-nowon-gu-home-cleaning-quote/,서울 노원구 거주청소 견적,12
인천 미추홀구 입주청소,incheon-michuhol-gu-move-in-cleaning,PASS,100,,인천 미추홀구 입주청소 - 청소 작업 안내,인천 미추홀구 입주청소를 알아보는 분을 위한 안내입니다. 인천 미추홀구 입주청소 작업 전 확인사항부터 마무리 점검까지 자세히 정리했습니다.,https://clever-griffin-93819d.netlify.app/incheon-michuhol-gu-move-in-cleaning/,인천 미추홀구 입주청소,12
인천 미추홀구 입주청소 전문업체,incheon-michuhol-gu-move-in-cleaning-company,PASS,100,,인천 미추홀구 입주청소 전문업체 | 현장별 청소 정보,인천 미추홀구 입주청소를 알아보는 분을 위한 안내입니다. 인천 미추홀구 입주청소 전문업체 작업 전 확인사항부터 마무리 점검까지 자세히 정리했습니다.,https://clever-griffin-93819d.netlify.app/incheon-michuhol-gu-move-in-cleaning-company/,인천 미추홀구 입주청소 전문업체,12
인천 미추홀구 입주청소 잘하는곳,incheon-michuhol-gu-move-in-cleaning-best,PASS,100,,인천 미추홀구 입주청소 잘하는곳 | 체인지클린,인천 미추홀구 입주청소 잘하는곳 관련 청소 과정과 체크포인트를 안내합니다. 공간 상태와 오염 범위를 확인한 뒤 현장에 맞는 작업을 진행합니다.,https://clever-griffin-93819d.netlify.app/incheon-michuhol-gu-move-in-cleaning-best/,인천 미추홀구 입주청소 잘하는곳,12
인천 미추홀구 입주청소 가격,incheon-michuhol-gu-move-in-cleaning-price,PASS,100,,인천 미추홀구 입주청소 가격 | 현장별 청소 정보,"인천 미추홀구 입주청소 가격 작업 범위와 준비사항, 진행 순서, 확인 항목을 정리했습니다. 인천 미추홀구 입주청소 현장에 맞춰 필요한 청소 내용을 확인해보세요.",https://clever-griffin-93819d.netlify.app/incheon-michuhol-gu-move-in-cleaning-price/,인천 미추홀구 입주청소 가격,12
인천 미추홀구 입주청소 비용,incheon-michuhol-gu-move-in-cleaning-cost,PASS,100,,인천 미추홀구 입주청소 비용 | 현장별 청소 정보,"인천 미추홀구 입주청소 비용 작업 범위와 준비사항, 진행 순서, 확인 항목을 정리했습니다. 인천 미추홀구 입주청소 현장에 맞춰 필요한 청소 내용을 확인해보세요.",https://clever-griffin-93819d.netlify.app/incheon-michuhol-gu-move-in-cleaning-cost/,인천 미추홀구 입주청소 비용,12
인천 미추홀구 입주청소 견적,incheon-michuhol-gu-move-in-cleaning-quote,PASS,100,,인천 미추홀구 입주청소 견적 | 체인지클린,"인천 미추홀구 입주청소 견적 작업 범위와 준비사항, 진행 순서, 확인 항목을 정리했습니다. 인천 미추홀구 입주청소 현장에 맞춰 필요한 청소 내용을 확인해보세요.",https://clever-griffin-93819d.netlify.app/incheon-michuhol-gu-move-in-cleaning-quote/,인천 미추홀구 입주청소 견적,12
인천 미추홀구 이사청소,incheon-michuhol-gu-move-out-cleaning,PASS,100,,인천 미추홀구 이사청소 - 청소 작업 안내,인천 미추홀구 이사청소 관련 청소 과정과 체크포인트를 안내합니다. 공간 상태와 오염 범위를 확인한 뒤 현장에 맞는 작업을 진행합니다.,https://clever-griffin-93819d.netlify.app/incheon-michuhol-gu-move-out-cleaning/,인천 미추홀구 이사청소,12
인천 미추홀구 이사청소 전문업체,incheon-michuhol-gu-move-out-cleaning-company,PASS,100,,인천 미추홀구 이사청소 전문업체 | 체인지클린,인천 미추홀구 이사청소를 알아보는 분을 위한 안내입니다. 인천 미추홀구 이사청소 전문업체 작업 전 확인사항부터 마무리 점검까지 자세히 정리했습니다.,https://clever-griffin-93819d.netlify.app/incheon-michuhol-gu-move-out-cleaning-company/,인천 미추홀구 이사청소 전문업체,12
인천 미추홀구 이사청소 잘하는곳,incheon-michuhol-gu-move-out-cleaning-best,PASS,100,,인천 미추홀구 이사청소 잘하는곳 | 체인지클린,인천 미추홀구 이사청소를 알아보는 분을 위한 안내입니다. 인천 미추홀구 이사청소 잘하는곳 작업 전 확인사항부터 마무리 점검까지 자세히 정리했습니다.,https://clever-griffin-93819d.netlify.app/incheon-michuhol-gu-move-out-cleaning-best/,인천 미추홀구 이사청소 잘하는곳,12
인천 미추홀구 이사청소 가격,incheon-michuhol-gu-move-out-cleaning-price,PASS,100,,인천 미추홀구 이사청소 가격 | 체인지클린,인천 미추홀구 이사청소 가격 관련 청소 과정과 체크포인트를 안내합니다. 공간 상태와 오염 범위를 확인한 뒤 현장에 맞는 작업을 진행합니다.,https://clever-griffin-93819d.netlify.app/incheon-michuhol-gu-move-out-cleaning-price/,인천 미추홀구 이사청소 가격,12
인천 미추홀구 이사청소 비용,incheon-michuhol-gu-move-out-cleaning-cost,PASS,100,,인천 미추홀구 이사청소 비용 | 체인지클린,"인천 미추홀구 이사청소 비용 작업 범위와 준비사항, 진행 순서, 확인 항목을 정리했습니다. 인천 미추홀구 이사청소 현장에 맞춰 필요한 청소 내용을 확인해보세요.",https://clever-griffin-93819d.netlify.app/incheon-michuhol-gu-move-out-cleaning-cost/,인천 미추홀구 이사청소 비용,12
인천 미추홀구 이사청소 견적,incheon-michuhol-gu-move-out-cleaning-quote,PASS,100,,인천 미추홀구 이사청소 견적 | 체인지클린,인천 미추홀구 이사청소를 알아보는 분을 위한 안내입니다. 인천 미추홀구 이사청소 견적 작업 전 확인사항부터 마무리 점검까지 자세히 정리했습니다.,https://clever-griffin-93819d.netlify.app/incheon-michuhol-gu-move-out-cleaning-quote/,인천 미추홀구 이사청소 견적,12
인천 미추홀구 준공청소,incheon-michuhol-gu-post-construction-cleaning,PASS,100,,인천 미추홀구 준공청소 | 체인지클린,인천 미추홀구 준공청소를 알아보는 분을 위한 안내입니다. 인천 미추홀구 준공청소 작업 전 확인사항부터 마무리 점검까지 자세히 정리했습니다.,https://clever-griffin-93819d.netlify.app/incheon-michuhol-gu-post-construction-cleaning/,인천 미추홀구 준공청소,12
인천 미추홀구 준공청소 전문업체,incheon-michuhol-gu-post-construction-cleaning-company,PASS,100,,인천 미추홀구 준공청소 전문업체 | 현장별 청소 정보,"인천 미추홀구 준공청소 전문업체 작업 범위와 준비사항, 진행 순서, 확인 항목을 정리했습니다. 인천 미추홀구 준공청소 현장에 맞춰 필요한 청소 내용을 확인해보세요.",https://clever-griffin-93819d.netlify.app/incheon-michuhol-gu-post-construction-cleaning-company/,인천 미추홀구 준공청소 전문업체,12
인천 미추홀구 준공청소 잘하는곳,incheon-michuhol-gu-post-construction-cleaning-best,PASS,100,,인천 미추홀구 준공청소 잘하는곳 | 현장별 청소 정보,인천 미추홀구 준공청소를 알아보는 분을 위한 안내입니다. 인천 미추홀구 준공청소 잘하는곳 작업 전 확인사항부터 마무리 점검까지 자세히 정리했습니다.,https://clever-griffin-93819d.netlify.app/incheon-michuhol-gu-post-construction-cleaning-best/,인천 미추홀구 준공청소 잘하는곳,12
인천 미추홀구 준공청소 가격,incheon-michuhol-gu-post-construction-cleaning-price,PASS,100,,인천 미추홀구 준공청소 가격 | 현장별 청소 정보,"인천 미추홀구 준공청소 가격 작업 범위와 준비사항, 진행 순서, 확인 항목을 정리했습니다. 인천 미추홀구 준공청소 현장에 맞춰 필요한 청소 내용을 확인해보세요.",https://clever-griffin-93819d.netlify.app/incheon-michuhol-gu-post-construction-cleaning-price/,인천 미추홀구 준공청소 가격,12
인천 미추홀구 준공청소 비용,incheon-michuhol-gu-post-construction-cleaning-cost,PASS,100,,인천 미추홀구 준공청소 비용 - 청소 작업 안내,인천 미추홀구 준공청소를 알아보는 분을 위한 안내입니다. 인천 미추홀구 준공청소 비용 작업 전 확인사항부터 마무리 점검까지 자세히 정리했습니다.,https://clever-griffin-93819d.netlify.app/incheon-michuhol-gu-post-construction-cleaning-cost/,인천 미추홀구 준공청소 비용,12
인천 미추홀구 준공청소 견적,incheon-michuhol-gu-post-construction-cleaning-quote,PASS,100,,인천 미추홀구 준공청소 견적 | 현장별 청소 정보,인천 미추홀구 준공청소를 알아보는 분을 위한 안내입니다. 인천 미추홀구 준공청소 견적 작업 전 확인사항부터 마무리 점검까지 자세히 정리했습니다.,https://clever-griffin-93819d.netlify.app/incheon-michuhol-gu-post-construction-cleaning-quote/,인천 미추홀구 준공청소 견적,12
인천 미추홀구 상가청소,incheon-michuhol-gu-store-cleaning,PASS,100,,인천 미추홀구 상가청소 | 현장별 청소 정보,인천 미추홀구 상가청소를 알아보는 분을 위한 안내입니다. 인천 미추홀구 상가청소 작업 전 확인사항부터 마무리 점검까지 자세히 정리했습니다.,https://clever-griffin-93819d.netlify.app/incheon-michuhol-gu-store-cleaning/,인천 미추홀구 상가청소,12
인천 미추홀구 상가청소 전문업체,incheon-michuhol-gu-store-cleaning-company,PASS,100,,인천 미추홀구 상가청소 전문업체 | 체인지클린,인천 미추홀구 상가청소를 알아보는 분을 위한 안내입니다. 인천 미추홀구 상가청소 전문업체 작업 전 확인사항부터 마무리 점검까지 자세히 정리했습니다.,https://clever-griffin-93819d.netlify.app/incheon-michuhol-gu-store-cleaning-company/,인천 미추홀구 상가청소 전문업체,12
인천 미추홀구 상가청소 잘하는곳,incheon-michuhol-gu-store-cleaning-best,PASS,100,,인천 미추홀구 상가청소 잘하는곳 | 현장별 청소 정보,인천 미추홀구 상가청소 잘하는곳 관련 청소 과정과 체크포인트를 안내합니다. 공간 상태와 오염 범위를 확인한 뒤 현장에 맞는 작업을 진행합니다.,https://clever-griffin-93819d.netlify.app/incheon-michuhol-gu-store-cleaning-best/,인천 미추홀구 상가청소 잘하는곳,12
인천 미추홀구 상가청소 가격,incheon-michuhol-gu-store-cleaning-price,PASS,100,,인천 미추홀구 상가청소 가격 | 체인지클린,인천 미추홀구 상가청소 가격 관련 청소 과정과 체크포인트를 안내합니다. 공간 상태와 오염 범위를 확인한 뒤 현장에 맞는 작업을 진행합니다.,https://clever-griffin-93819d.netlify.app/incheon-michuhol-gu-store-cleaning-price/,인천 미추홀구 상가청소 가격,12
인천 미추홀구 상가청소 비용,incheon-michuhol-gu-store-cleaning-cost,PASS,100,,인천 미추홀구 상가청소 비용 - 청소 작업 안내,인천 미추홀구 상가청소 비용 관련 청소 과정과 체크포인트를 안내합니다. 공간 상태와 오염 범위를 확인한 뒤 현장에 맞는 작업을 진행합니다.,https://clever-griffin-93819d.netlify.app/incheon-michuhol-gu-store-cleaning-cost/,인천 미추홀구 상가청소 비용,12
인천 미추홀구 상가청소 견적,incheon-michuhol-gu-store-cleaning-quote,PASS,100,,인천 미추홀구 상가청소 견적 - 청소 작업 안내,인천 미추홀구 상가청소 견적 관련 청소 과정과 체크포인트를 안내합니다. 공간 상태와 오염 범위를 확인한 뒤 현장에 맞는 작업을 진행합니다.,https://clever-griffin-93819d.netlify.app/incheon-michuhol-gu-store-cleaning-quote/,인천 미추홀구 상가청소 견적,12
인천 미추홀구 사무실청소,incheon-michuhol-gu-office-cleaning,PASS,100,,인천 미추홀구 사무실청소 - 청소 작업 안내,"인천 미추홀구 사무실청소 작업 범위와 준비사항, 진행 순서, 확인 항목을 정리했습니다. 인천 미추홀구 사무실청소 현장에 맞춰 필요한 청소 내용을 확인해보세요.",https://clever-griffin-93819d.netlify.app/incheon-michuhol-gu-office-cleaning/,인천 미추홀구 사무실청소,12
인천 미추홀구 사무실청소 전문업체,incheon-michuhol-gu-office-cleaning-company,PASS,100,,인천 미추홀구 사무실청소 전문업체 - 청소 작업 안내,인천 미추홀구 사무실청소를 알아보는 분을 위한 안내입니다. 인천 미추홀구 사무실청소 전문업체 작업 전 확인사항부터 마무리 점검까지 자세히 정리했습니다.,https://clever-griffin-93819d.netlify.app/incheon-michuhol-gu-office-cleaning-company/,인천 미추홀구 사무실청소 전문업체,12
인천 미추홀구 사무실청소 잘하는곳,incheon-michuhol-gu-office-cleaning-best,PASS,100,,인천 미추홀구 사무실청소 잘하는곳 | 체인지클린,인천 미추홀구 사무실청소를 알아보는 분을 위한 안내입니다. 인천 미추홀구 사무실청소 잘하는곳 작업 전 확인사항부터 마무리 점검까지 자세히 정리했습니다.,https://clever-griffin-93819d.netlify.app/incheon-michuhol-gu-office-cleaning-best/,인천 미추홀구 사무실청소 잘하는곳,12
인천 미추홀구 사무실청소 가격,incheon-michuhol-gu-office-cleaning-price,PASS,100,,인천 미추홀구 사무실청소 가격 | 체인지클린,"인천 미추홀구 사무실청소 가격 작업 범위와 준비사항, 진행 순서, 확인 항목을 정리했습니다. 인천 미추홀구 사무실청소 현장에 맞춰 필요한 청소 내용을 확인해보세요.",https://clever-griffin-93819d.netlify.app/incheon-michuhol-gu-office-cleaning-price/,인천 미추홀구 사무실청소 가격,12
인천 미추홀구 사무실청소 비용,incheon-michuhol-gu-office-cleaning-cost,PASS,100,,인천 미추홀구 사무실청소 비용 - 청소 작업 안내,"인천 미추홀구 사무실청소 비용 작업 범위와 준비사항, 진행 순서, 확인 항목을 정리했습니다. 인천 미추홀구 사무실청소 현장에 맞춰 필요한 청소 내용을 확인해보세요.",https://clever-griffin-93819d.netlify.app/incheon-michuhol-gu-office-cleaning-cost/,인천 미추홀구 사무실청소 비용,12
인천 미추홀구 사무실청소 견적,incheon-michuhol-gu-office-cleaning-quote,PASS,100,,인천 미추홀구 사무실청소 견적 - 청소 작업 안내,인천 미추홀구 사무실청소 견적 관련 청소 과정과 체크포인트를 안내합니다. 공간 상태와 오염 범위를 확인한 뒤 현장에 맞는 작업을 진행합니다.,https://clever-griffin-93819d.netlify.app/incheon-michuhol-gu-office-cleaning-quote/,인천 미추홀구 사무실청소 견적,12
인천 미추홀구 빌라청소,incheon-michuhol-gu-villa-cleaning,PASS,100,,인천 미추홀구 빌라청소 | 체인지클린,인천 미추홀구 빌라청소를 알아보는 분을 위한 안내입니다. 인천 미추홀구 빌라청소 작업 전 확인사항부터 마무리 점검까지 자세히 정리했습니다.,https://clever-griffin-93819d.netlify.app/incheon-michuhol-gu-villa-cleaning/,인천 미추홀구 빌라청소,12
인천 미추홀구 빌라청소 전문업체,incheon-michuhol-gu-villa-cleaning-company,PASS,100,,인천 미추홀구 빌라청소 전문업체 | 체인지클린,인천 미추홀구 빌라청소를 알아보는 분을 위한 안내입니다. 인천 미추홀구 빌라청소 전문업체 작업 전 확인사항부터 마무리 점검까지 자세히 정리했습니다.,https://clever-griffin-93819d.netlify.app/incheon-michuhol-gu-villa-cleaning-company/,인천 미추홀구 빌라청소 전문업체,12
인천 미추홀구 빌라청소 잘하는곳,incheon-michuhol-gu-villa-cleaning-best,PASS,100,,인천 미추홀구 빌라청소 잘하는곳 | 체인지클린,인천 미추홀구 빌라청소를 알아보는 분을 위한 안내입니다. 인천 미추홀구 빌라청소 잘하는곳 작업 전 확인사항부터 마무리 점검까지 자세히 정리했습니다.,https://clever-griffin-93819d.netlify.app/incheon-michuhol-gu-villa-cleaning-best/,인천 미추홀구 빌라청소 잘하는곳,12
인천 미추홀구 빌라청소 가격,incheon-michuhol-gu-villa-cleaning-price,PASS,100,,인천 미추홀구 빌라청소 가격 | 현장별 청소 정보,"인천 미추홀구 빌라청소 가격 작업 범위와 준비사항, 진행 순서, 확인 항목을 정리했습니다. 인천 미추홀구 빌라청소 현장에 맞춰 필요한 청소 내용을 확인해보세요.",https://clever-griffin-93819d.netlify.app/incheon-michuhol-gu-villa-cleaning-price/,인천 미추홀구 빌라청소 가격,12
인천 미추홀구 빌라청소 비용,incheon-michuhol-gu-villa-cleaning-cost,PASS,100,,인천 미추홀구 빌라청소 비용 | 체인지클린,인천 미추홀구 빌라청소 비용 관련 청소 과정과 체크포인트를 안내합니다. 공간 상태와 오염 범위를 확인한 뒤 현장에 맞는 작업을 진행합니다.,https://clever-griffin-93819d.netlify.app/incheon-michuhol-gu-villa-cleaning-cost/,인천 미추홀구 빌라청소 비용,12
인천 미추홀구 빌라청소 견적,incheon-michuhol-gu-villa-cleaning-quote,PASS,100,,인천 미추홀구 빌라청소 견적 | 체인지클린,인천 미추홀구 빌라청소 견적 관련 청소 과정과 체크포인트를 안내합니다. 공간 상태와 오염 범위를 확인한 뒤 현장에 맞는 작업을 진행합니다.,https://clever-griffin-93819d.netlify.app/incheon-michuhol-gu-villa-cleaning-quote/,인천 미추홀구 빌라청소 견적,12
인천 미추홀구 아파트청소,incheon-michuhol-gu-apartment-cleaning,PASS,100,,인천 미추홀구 아파트청소 | 현장별 청소 정보,인천 미추홀구 아파트청소 관련 청소 과정과 체크포인트를 안내합니다. 공간 상태와 오염 범위를 확인한 뒤 현장에 맞는 작업을 진행합니다.,https://clever-griffin-93819d.netlify.app/incheon-michuhol-gu-apartment-cleaning/,인천 미추홀구 아파트청소,12
인천 미추홀구 아파트청소 전문업체,incheon-michuhol-gu-apartment-cleaning-company,PASS,100,,인천 미추홀구 아파트청소 전문업체 | 현장별 청소 정보,"인천 미추홀구 아파트청소 전문업체 작업 범위와 준비사항, 진행 순서, 확인 항목을 정리했습니다. 인천 미추홀구 아파트청소 현장에 맞춰 필요한 청소 내용을 확인해보세요.",https://clever-griffin-93819d.netlify.app/incheon-michuhol-gu-apartment-cleaning-company/,인천 미추홀구 아파트청소 전문업체,12
인천 미추홀구 아파트청소 잘하는곳,incheon-michuhol-gu-apartment-cleaning-best,PASS,100,,인천 미추홀구 아파트청소 잘하는곳 - 청소 작업 안내,"인천 미추홀구 아파트청소 잘하는곳 작업 범위와 준비사항, 진행 순서, 확인 항목을 정리했습니다. 인천 미추홀구 아파트청소 현장에 맞춰 필요한 청소 내용을 확인해보세요.",https://clever-griffin-93819d.netlify.app/incheon-michuhol-gu-apartment-cleaning-best/,인천 미추홀구 아파트청소 잘하는곳,12
인천 미추홀구 아파트청소 가격,incheon-michuhol-gu-apartment-cleaning-price,PASS,100,,인천 미추홀구 아파트청소 가격 | 체인지클린,인천 미추홀구 아파트청소 가격 관련 청소 과정과 체크포인트를 안내합니다. 공간 상태와 오염 범위를 확인한 뒤 현장에 맞는 작업을 진행합니다.,https://clever-griffin-93819d.netlify.app/incheon-michuhol-gu-apartment-cleaning-price/,인천 미추홀구 아파트청소 가격,12
인천 미추홀구 아파트청소 비용,incheon-michuhol-gu-apartment-cleaning-cost,PASS,100,,인천 미추홀구 아파트청소 비용 - 청소 작업 안내,인천 미추홀구 아파트청소 비용 관련 청소 과정과 체크포인트를 안내합니다. 공간 상태와 오염 범위를 확인한 뒤 현장에 맞는 작업을 진행합니다.,https://clever-griffin-93819d.netlify.app/incheon-michuhol-gu-apartment-cleaning-cost/,인천 미추홀구 아파트청소 비용,12
인천 미추홀구 아파트청소 견적,incheon-michuhol-gu-apartment-cleaning-quote,PASS,100,,인천 미추홀구 아파트청소 견적 - 청소 작업 안내,인천 미추홀구 아파트청소 견적 관련 청소 과정과 체크포인트를 안내합니다. 공간 상태와 오염 범위를 확인한 뒤 현장에 맞는 작업을 진행합니다.,https://clever-griffin-93819d.netlify.app/incheon-michuhol-gu-apartment-cleaning-quote/,인천 미추홀구 아파트청소 견적,12
인천 미추홀구 오피스텔청소,incheon-michuhol-gu-officetel-cleaning,PASS,100,,인천 미추홀구 오피스텔청소 | 체인지클린,인천 미추홀구 오피스텔청소 관련 청소 과정과 체크포인트를 안내합니다. 공간 상태와 오염 범위를 확인한 뒤 현장에 맞는 작업을 진행합니다.,https://clever-griffin-93819d.netlify.app/incheon-michuhol-gu-officetel-cleaning/,인천 미추홀구 오피스텔청소,12
인천 미추홀구 오피스텔청소 전문업체,incheon-michuhol-gu-officetel-cleaning-company,PASS,100,,인천 미추홀구 오피스텔청소 전문업체 - 청소 작업 안내,"인천 미추홀구 오피스텔청소 전문업체 작업 범위와 준비사항, 진행 순서, 확인 항목을 정리했습니다. 인천 미추홀구 오피스텔청소 현장에 맞춰 필요한 청소 내용을 확인해보세요.",https://clever-griffin-93819d.netlify.app/incheon-michuhol-gu-officetel-cleaning-company/,인천 미추홀구 오피스텔청소 전문업체,12
인천 미추홀구 오피스텔청소 잘하는곳,incheon-michuhol-gu-officetel-cleaning-best,PASS,100,,인천 미추홀구 오피스텔청소 잘하는곳 | 체인지클린,인천 미추홀구 오피스텔청소 잘하는곳 관련 청소 과정과 체크포인트를 안내합니다. 공간 상태와 오염 범위를 확인한 뒤 현장에 맞는 작업을 진행합니다.,https://clever-griffin-93819d.netlify.app/incheon-michuhol-gu-officetel-cleaning-best/,인천 미추홀구 오피스텔청소 잘하는곳,12
인천 미추홀구 오피스텔청소 가격,incheon-michuhol-gu-officetel-cleaning-price,PASS,100,,인천 미추홀구 오피스텔청소 가격 | 현장별 청소 정보,인천 미추홀구 오피스텔청소 가격 관련 청소 과정과 체크포인트를 안내합니다. 공간 상태와 오염 범위를 확인한 뒤 현장에 맞는 작업을 진행합니다.,https://clever-griffin-93819d.netlify.app/incheon-michuhol-gu-officetel-cleaning-price/,인천 미추홀구 오피스텔청소 가격,12
인천 미추홀구 오피스텔청소 비용,incheon-michuhol-gu-officetel-cleaning-cost,PASS,100,,인천 미추홀구 오피스텔청소 비용 - 청소 작업 안내,인천 미추홀구 오피스텔청소 비용 관련 청소 과정과 체크포인트를 안내합니다. 공간 상태와 오염 범위를 확인한 뒤 현장에 맞는 작업을 진행합니다.,https://clever-griffin-93819d.netlify.app/incheon-michuhol-gu-officetel-cleaning-cost/,인천 미추홀구 오피스텔청소 비용,12
인천 미추홀구 오피스텔청소 견적,incheon-michuhol-gu-officetel-cleaning-quote,PASS,100,,인천 미추홀구 오피스텔청소 견적 - 청소 작업 안내,인천 미추홀구 오피스텔청소 견적 관련 청소 과정과 체크포인트를 안내합니다. 공간 상태와 오염 범위를 확인한 뒤 현장에 맞는 작업을 진행합니다.,https://clever-griffin-93819d.netlify.app/incheon-michuhol-gu-officetel-cleaning-quote/,인천 미추홀구 오피스텔청소 견적,12
인천 미추홀구 거주청소,incheon-michuhol-gu-home-cleaning,PASS,100,,인천 미추홀구 거주청소 - 청소 작업 안내,"인천 미추홀구 거주청소 작업 범위와 준비사항, 진행 순서, 확인 항목을 정리했습니다. 인천 미추홀구 거주청소 현장에 맞춰 필요한 청소 내용을 확인해보세요.",https://clever-griffin-93819d.netlify.app/incheon-michuhol-gu-home-cleaning/,인천 미추홀구 거주청소,12
인천 미추홀구 거주청소 전문업체,incheon-michuhol-gu-home-cleaning-company,PASS,100,,인천 미추홀구 거주청소 전문업체 - 청소 작업 안내,인천 미추홀구 거주청소를 알아보는 분을 위한 안내입니다. 인천 미추홀구 거주청소 전문업체 작업 전 확인사항부터 마무리 점검까지 자세히 정리했습니다.,https://clever-griffin-93819d.netlify.app/incheon-michuhol-gu-home-cleaning-company/,인천 미추홀구 거주청소 전문업체,12
인천 미추홀구 거주청소 잘하는곳,incheon-michuhol-gu-home-cleaning-best,PASS,100,,인천 미추홀구 거주청소 잘하는곳 | 현장별 청소 정보,"인천 미추홀구 거주청소 잘하는곳 작업 범위와 준비사항, 진행 순서, 확인 항목을 정리했습니다. 인천 미추홀구 거주청소 현장에 맞춰 필요한 청소 내용을 확인해보세요.",https://clever-griffin-93819d.netlify.app/incheon-michuhol-gu-home-cleaning-best/,인천 미추홀구 거주청소 잘하는곳,12
인천 미추홀구 거주청소 가격,incheon-michuhol-gu-home-cleaning-price,PASS,100,,인천 미추홀구 거주청소 가격 | 체인지클린,인천 미추홀구 거주청소를 알아보는 분을 위한 안내입니다. 인천 미추홀구 거주청소 가격 작업 전 확인사항부터 마무리 점검까지 자세히 정리했습니다.,https://clever-griffin-93819d.netlify.app/incheon-michuhol-gu-home-cleaning-price/,인천 미추홀구 거주청소 가격,12
인천 미추홀구 거주청소 비용,incheon-michuhol-gu-home-cleaning-cost,PASS,100,,인천 미추홀구 거주청소 비용 | 체인지클린,인천 미추홀구 거주청소 비용 관련 청소 과정과 체크포인트를 안내합니다. 공간 상태와 오염 범위를 확인한 뒤 현장에 맞는 작업을 진행합니다.,https://clever-griffin-93819d.netlify.app/incheon-michuhol-gu-home-cleaning-cost/,인천 미추홀구 거주청소 비용,12
인천 미추홀구 거주청소 견적,incheon-michuhol-gu-home-cleaning-quote,PASS,100,,인천 미추홀구 거주청소 견적 | 현장별 청소 정보,인천 미추홀구 거주청소를 알아보는 분을 위한 안내입니다. 인천 미추홀구 거주청소 견적 작업 전 확인사항부터 마무리 점검까지 자세히 정리했습니다.,https://clever-griffin-93819d.netlify.app/incheon-michuhol-gu-home-cleaning-quote/,인천 미추홀구 거주청소 견적,12
인천 연수구 입주청소,incheon-yeonsu-gu-move-in-cleaning,PASS,100,,인천 연수구 입주청소 - 청소 작업 안내,인천 연수구 입주청소 관련 청소 과정과 체크포인트를 안내합니다. 공간 상태와 오염 범위를 확인한 뒤 현장에 맞는 작업을 진행합니다.,https://clever-griffin-93819d.netlify.app/incheon-yeonsu-gu-move-in-cleaning/,인천 연수구 입주청소,12
인천 연수구 입주청소 전문업체,incheon-yeonsu-gu-move-in-cleaning-company,PASS,100,,인천 연수구 입주청소 전문업체 | 체인지클린,"인천 연수구 입주청소 전문업체 작업 범위와 준비사항, 진행 순서, 확인 항목을 정리했습니다. 인천 연수구 입주청소 현장에 맞춰 필요한 청소 내용을 확인해보세요.",https://clever-griffin-93819d.netlify.app/incheon-yeonsu-gu-move-in-cleaning-company/,인천 연수구 입주청소 전문업체,12
인천 연수구 입주청소 잘하는곳,incheon-yeonsu-gu-move-in-cleaning-best,PASS,100,,인천 연수구 입주청소 잘하는곳 | 체인지클린,인천 연수구 입주청소를 알아보는 분을 위한 안내입니다. 인천 연수구 입주청소 잘하는곳 작업 전 확인사항부터 마무리 점검까지 자세히 정리했습니다.,https://clever-griffin-93819d.netlify.app/incheon-yeonsu-gu-move-in-cleaning-best/,인천 연수구 입주청소 잘하는곳,12
인천 연수구 입주청소 가격,incheon-yeonsu-gu-move-in-cleaning-price,PASS,100,,인천 연수구 입주청소 가격 - 청소 작업 안내,인천 연수구 입주청소 가격 관련 청소 과정과 체크포인트를 안내합니다. 공간 상태와 오염 범위를 확인한 뒤 현장에 맞는 작업을 진행합니다.,https://clever-griffin-93819d.netlify.app/incheon-yeonsu-gu-move-in-cleaning-price/,인천 연수구 입주청소 가격,12
인천 연수구 입주청소 비용,incheon-yeonsu-gu-move-in-cleaning-cost,PASS,100,,인천 연수구 입주청소 비용 | 체인지클린,인천 연수구 입주청소 비용 관련 청소 과정과 체크포인트를 안내합니다. 공간 상태와 오염 범위를 확인한 뒤 현장에 맞는 작업을 진행합니다.,https://clever-griffin-93819d.netlify.app/incheon-yeonsu-gu-move-in-cleaning-cost/,인천 연수구 입주청소 비용,12
인천 연수구 입주청소 견적,incheon-yeonsu-gu-move-in-cleaning-quote,PASS,100,,인천 연수구 입주청소 견적 | 현장별 청소 정보,인천 연수구 입주청소 견적 관련 청소 과정과 체크포인트를 안내합니다. 공간 상태와 오염 범위를 확인한 뒤 현장에 맞는 작업을 진행합니다.,https://clever-griffin-93819d.netlify.app/incheon-yeonsu-gu-move-in-cleaning-quote/,인천 연수구 입주청소 견적,12
인천 연수구 이사청소,incheon-yeonsu-gu-move-out-cleaning,CHECK,96,title 길이 확인,인천 연수구 이사청소 | 체인지클린,인천 연수구 이사청소 관련 청소 과정과 체크포인트를 안내합니다. 공간 상태와 오염 범위를 확인한 뒤 현장에 맞는 작업을 진행합니다.,https://clever-griffin-93819d.netlify.app/incheon-yeonsu-gu-move-out-cleaning/,인천 연수구 이사청소,12
인천 연수구 이사청소 전문업체,incheon-yeonsu-gu-move-out-cleaning-company,PASS,100,,인천 연수구 이사청소 전문업체 | 체인지클린,인천 연수구 이사청소 전문업체 관련 청소 과정과 체크포인트를 안내합니다. 공간 상태와 오염 범위를 확인한 뒤 현장에 맞는 작업을 진행합니다.,https://clever-griffin-93819d.netlify.app/incheon-yeonsu-gu-move-out-cleaning-company/,인천 연수구 이사청소 전문업체,12
인천 연수구 이사청소 잘하는곳,incheon-yeonsu-gu-move-out-cleaning-best,PASS,100,,인천 연수구 이사청소 잘하는곳 - 청소 작업 안내,"인천 연수구 이사청소 잘하는곳 작업 범위와 준비사항, 진행 순서, 확인 항목을 정리했습니다. 인천 연수구 이사청소 현장에 맞춰 필요한 청소 내용을 확인해보세요.",https://clever-griffin-93819d.netlify.app/incheon-yeonsu-gu-move-out-cleaning-best/,인천 연수구 이사청소 잘하는곳,12
인천 연수구 이사청소 가격,incheon-yeonsu-gu-move-out-cleaning-price,PASS,100,,인천 연수구 이사청소 가격 - 청소 작업 안내,인천 연수구 이사청소 가격 관련 청소 과정과 체크포인트를 안내합니다. 공간 상태와 오염 범위를 확인한 뒤 현장에 맞는 작업을 진행합니다.,https://clever-griffin-93819d.netlify.app/incheon-yeonsu-gu-move-out-cleaning-price/,인천 연수구 이사청소 가격,12
인천 연수구 이사청소 비용,incheon-yeonsu-gu-move-out-cleaning-cost,PASS,100,,인천 연수구 이사청소 비용 - 청소 작업 안내,인천 연수구 이사청소 비용 관련 청소 과정과 체크포인트를 안내합니다. 공간 상태와 오염 범위를 확인한 뒤 현장에 맞는 작업을 진행합니다.,https://clever-griffin-93819d.netlify.app/incheon-yeonsu-gu-move-out-cleaning-cost/,인천 연수구 이사청소 비용,12
인천 연수구 이사청소 견적,incheon-yeonsu-gu-move-out-cleaning-quote,PASS,100,,인천 연수구 이사청소 견적 | 체인지클린,인천 연수구 이사청소 견적 관련 청소 과정과 체크포인트를 안내합니다. 공간 상태와 오염 범위를 확인한 뒤 현장에 맞는 작업을 진행합니다.,https://clever-griffin-93819d.netlify.app/incheon-yeonsu-gu-move-out-cleaning-quote/,인천 연수구 이사청소 견적,12
인천 연수구 준공청소,incheon-yeonsu-gu-post-construction-cleaning,CHECK,96,title 길이 확인,인천 연수구 준공청소 | 체인지클린,인천 연수구 준공청소를 알아보는 분을 위한 안내입니다. 인천 연수구 준공청소 작업 전 확인사항부터 마무리 점검까지 자세히 정리했습니다.,https://clever-griffin-93819d.netlify.app/incheon-yeonsu-gu-post-construction-cleaning/,인천 연수구 준공청소,12
인천 연수구 준공청소 전문업체,incheon-yeonsu-gu-post-construction-cleaning-company,PASS,100,,인천 연수구 준공청소 전문업체 - 청소 작업 안내,인천 연수구 준공청소 전문업체 관련 청소 과정과 체크포인트를 안내합니다. 공간 상태와 오염 범위를 확인한 뒤 현장에 맞는 작업을 진행합니다.,https://clever-griffin-93819d.netlify.app/incheon-yeonsu-gu-post-construction-cleaning-company/,인천 연수구 준공청소 전문업체,12
인천 연수구 준공청소 잘하는곳,incheon-yeonsu-gu-post-construction-cleaning-best,PASS,100,,인천 연수구 준공청소 잘하는곳 - 청소 작업 안내,인천 연수구 준공청소 잘하는곳 관련 청소 과정과 체크포인트를 안내합니다. 공간 상태와 오염 범위를 확인한 뒤 현장에 맞는 작업을 진행합니다.,https://clever-griffin-93819d.netlify.app/incheon-yeonsu-gu-post-construction-cleaning-best/,인천 연수구 준공청소 잘하는곳,12
인천 연수구 준공청소 가격,incheon-yeonsu-gu-post-construction-cleaning-price,PASS,100,,인천 연수구 준공청소 가격 | 현장별 청소 정보,"인천 연수구 준공청소 가격 작업 범위와 준비사항, 진행 순서, 확인 항목을 정리했습니다. 인천 연수구 준공청소 현장에 맞춰 필요한 청소 내용을 확인해보세요.",https://clever-griffin-93819d.netlify.app/incheon-yeonsu-gu-post-construction-cleaning-price/,인천 연수구 준공청소 가격,12
인천 연수구 준공청소 비용,incheon-yeonsu-gu-post-construction-cleaning-cost,PASS,100,,인천 연수구 준공청소 비용 - 청소 작업 안내,인천 연수구 준공청소 비용 관련 청소 과정과 체크포인트를 안내합니다. 공간 상태와 오염 범위를 확인한 뒤 현장에 맞는 작업을 진행합니다.,https://clever-griffin-93819d.netlify.app/incheon-yeonsu-gu-post-construction-cleaning-cost/,인천 연수구 준공청소 비용,12
인천 연수구 준공청소 견적,incheon-yeonsu-gu-post-construction-cleaning-quote,PASS,100,,인천 연수구 준공청소 견적 | 체인지클린,인천 연수구 준공청소 견적 관련 청소 과정과 체크포인트를 안내합니다. 공간 상태와 오염 범위를 확인한 뒤 현장에 맞는 작업을 진행합니다.,https://clever-griffin-93819d.netlify.app/incheon-yeonsu-gu-post-construction-cleaning-quote/,인천 연수구 준공청소 견적,12
인천 연수구 상가청소,incheon-yeonsu-gu-store-cleaning,CHECK,96,title 길이 확인,인천 연수구 상가청소 | 체인지클린,인천 연수구 상가청소를 알아보는 분을 위한 안내입니다. 인천 연수구 상가청소 작업 전 확인사항부터 마무리 점검까지 자세히 정리했습니다.,https://clever-griffin-93819d.netlify.app/incheon-yeonsu-gu-store-cleaning/,인천 연수구 상가청소,12
인천 연수구 상가청소 전문업체,incheon-yeonsu-gu-store-cleaning-company,PASS,100,,인천 연수구 상가청소 전문업체 | 현장별 청소 정보,"인천 연수구 상가청소 전문업체 작업 범위와 준비사항, 진행 순서, 확인 항목을 정리했습니다. 인천 연수구 상가청소 현장에 맞춰 필요한 청소 내용을 확인해보세요.",https://clever-griffin-93819d.netlify.app/incheon-yeonsu-gu-store-cleaning-company/,인천 연수구 상가청소 전문업체,12
인천 연수구 상가청소 잘하는곳,incheon-yeonsu-gu-store-cleaning-best,PASS,100,,인천 연수구 상가청소 잘하는곳 - 청소 작업 안내,인천 연수구 상가청소 잘하는곳 관련 청소 과정과 체크포인트를 안내합니다. 공간 상태와 오염 범위를 확인한 뒤 현장에 맞는 작업을 진행합니다.,https://clever-griffin-93819d.netlify.app/incheon-yeonsu-gu-store-cleaning-best/,인천 연수구 상가청소 잘하는곳,12
인천 연수구 상가청소 가격,incheon-yeonsu-gu-store-cleaning-price,PASS,100,,인천 연수구 상가청소 가격 - 청소 작업 안내,"인천 연수구 상가청소 가격 작업 범위와 준비사항, 진행 순서, 확인 항목을 정리했습니다. 인천 연수구 상가청소 현장에 맞춰 필요한 청소 내용을 확인해보세요.",https://clever-griffin-93819d.netlify.app/incheon-yeonsu-gu-store-cleaning-price/,인천 연수구 상가청소 가격,12
인천 연수구 상가청소 비용,incheon-yeonsu-gu-store-cleaning-cost,PASS,100,,인천 연수구 상가청소 비용 | 현장별 청소 정보,인천 연수구 상가청소 비용 관련 청소 과정과 체크포인트를 안내합니다. 공간 상태와 오염 범위를 확인한 뒤 현장에 맞는 작업을 진행합니다.,https://clever-griffin-93819d.netlify.app/incheon-yeonsu-gu-store-cleaning-cost/,인천 연수구 상가청소 비용,12
인천 연수구 상가청소 견적,incheon-yeonsu-gu-store-cleaning-quote,PASS,100,,인천 연수구 상가청소 견적 | 현장별 청소 정보,인천 연수구 상가청소를 알아보는 분을 위한 안내입니다. 인천 연수구 상가청소 견적 작업 전 확인사항부터 마무리 점검까지 자세히 정리했습니다.,https://clever-griffin-93819d.netlify.app/incheon-yeonsu-gu-store-cleaning-quote/,인천 연수구 상가청소 견적,12
인천 연수구 사무실청소,incheon-yeonsu-gu-office-cleaning,PASS,100,,인천 연수구 사무실청소 | 현장별 청소 정보,인천 연수구 사무실청소 관련 청소 과정과 체크포인트를 안내합니다. 공간 상태와 오염 범위를 확인한 뒤 현장에 맞는 작업을 진행합니다.,https://clever-griffin-93819d.netlify.app/incheon-yeonsu-gu-office-cleaning/,인천 연수구 사무실청소,12
인천 연수구 사무실청소 전문업체,incheon-yeonsu-gu-office-cleaning-company,PASS,100,,인천 연수구 사무실청소 전문업체 | 현장별 청소 정보,인천 연수구 사무실청소 전문업체 관련 청소 과정과 체크포인트를 안내합니다. 공간 상태와 오염 범위를 확인한 뒤 현장에 맞는 작업을 진행합니다.,https://clever-griffin-93819d.netlify.app/incheon-yeonsu-gu-office-cleaning-company/,인천 연수구 사무실청소 전문업체,12
인천 연수구 사무실청소 잘하는곳,incheon-yeonsu-gu-office-cleaning-best,PASS,100,,인천 연수구 사무실청소 잘하는곳 | 현장별 청소 정보,인천 연수구 사무실청소 잘하는곳 관련 청소 과정과 체크포인트를 안내합니다. 공간 상태와 오염 범위를 확인한 뒤 현장에 맞는 작업을 진행합니다.,https://clever-griffin-93819d.netlify.app/incheon-yeonsu-gu-office-cleaning-best/,인천 연수구 사무실청소 잘하는곳,12
인천 연수구 사무실청소 가격,incheon-yeonsu-gu-office-cleaning-price,PASS,100,,인천 연수구 사무실청소 가격 | 체인지클린,인천 연수구 사무실청소 가격 관련 청소 과정과 체크포인트를 안내합니다. 공간 상태와 오염 범위를 확인한 뒤 현장에 맞는 작업을 진행합니다.,https://clever-griffin-93819d.netlify.app/incheon-yeonsu-gu-office-cleaning-price/,인천 연수구 사무실청소 가격,12
인천 연수구 사무실청소 비용,incheon-yeonsu-gu-office-cleaning-cost,PASS,100,,인천 연수구 사무실청소 비용 - 청소 작업 안내,인천 연수구 사무실청소를 알아보는 분을 위한 안내입니다. 인천 연수구 사무실청소 비용 작업 전 확인사항부터 마무리 점검까지 자세히 정리했습니다.,https://clever-griffin-93819d.netlify.app/incheon-yeonsu-gu-office-cleaning-cost/,인천 연수구 사무실청소 비용,12
인천 연수구 사무실청소 견적,incheon-yeonsu-gu-office-cleaning-quote,PASS,100,,인천 연수구 사무실청소 견적 | 현장별 청소 정보,인천 연수구 사무실청소 견적 관련 청소 과정과 체크포인트를 안내합니다. 공간 상태와 오염 범위를 확인한 뒤 현장에 맞는 작업을 진행합니다.,https://clever-griffin-93819d.netlify.app/incheon-yeonsu-gu-office-cleaning-quote/,인천 연수구 사무실청소 견적,12
인천 연수구 빌라청소,incheon-yeonsu-gu-villa-cleaning,PASS,100,,인천 연수구 빌라청소 - 청소 작업 안내,인천 연수구 빌라청소 관련 청소 과정과 체크포인트를 안내합니다. 공간 상태와 오염 범위를 확인한 뒤 현장에 맞는 작업을 진행합니다.,https://clever-griffin-93819d.netlify.app/incheon-yeonsu-gu-villa-cleaning/,인천 연수구 빌라청소,12
인천 연수구 빌라청소 전문업체,incheon-yeonsu-gu-villa-cleaning-company,PASS,100,,인천 연수구 빌라청소 전문업체 | 현장별 청소 정보,인천 연수구 빌라청소를 알아보는 분을 위한 안내입니다. 인천 연수구 빌라청소 전문업체 작업 전 확인사항부터 마무리 점검까지 자세히 정리했습니다.,https://clever-griffin-93819d.netlify.app/incheon-yeonsu-gu-villa-cleaning-company/,인천 연수구 빌라청소 전문업체,12
인천 연수구 빌라청소 잘하는곳,incheon-yeonsu-gu-villa-cleaning-best,PASS,100,,인천 연수구 빌라청소 잘하는곳 | 현장별 청소 정보,인천 연수구 빌라청소를 알아보는 분을 위한 안내입니다. 인천 연수구 빌라청소 잘하는곳 작업 전 확인사항부터 마무리 점검까지 자세히 정리했습니다.,https://clever-griffin-93819d.netlify.app/incheon-yeonsu-gu-villa-cleaning-best/,인천 연수구 빌라청소 잘하는곳,12
인천 연수구 빌라청소 가격,incheon-yeonsu-gu-villa-cleaning-price,PASS,100,,인천 연수구 빌라청소 가격 - 청소 작업 안내,인천 연수구 빌라청소 가격 관련 청소 과정과 체크포인트를 안내합니다. 공간 상태와 오염 범위를 확인한 뒤 현장에 맞는 작업을 진행합니다.,https://clever-griffin-93819d.netlify.app/incheon-yeonsu-gu-villa-cleaning-price/,인천 연수구 빌라청소 가격,12
인천 연수구 빌라청소 비용,incheon-yeonsu-gu-villa-cleaning-cost,PASS,100,,인천 연수구 빌라청소 비용 - 청소 작업 안내,인천 연수구 빌라청소를 알아보는 분을 위한 안내입니다. 인천 연수구 빌라청소 비용 작업 전 확인사항부터 마무리 점검까지 자세히 정리했습니다.,https://clever-griffin-93819d.netlify.app/incheon-yeonsu-gu-villa-cleaning-cost/,인천 연수구 빌라청소 비용,12
인천 연수구 빌라청소 견적,incheon-yeonsu-gu-villa-cleaning-quote,PASS,100,,인천 연수구 빌라청소 견적 | 체인지클린,"인천 연수구 빌라청소 견적 작업 범위와 준비사항, 진행 순서, 확인 항목을 정리했습니다. 인천 연수구 빌라청소 현장에 맞춰 필요한 청소 내용을 확인해보세요.",https://clever-griffin-93819d.netlify.app/incheon-yeonsu-gu-villa-cleaning-quote/,인천 연수구 빌라청소 견적,12
인천 연수구 아파트청소,incheon-yeonsu-gu-apartment-cleaning,PASS,100,,인천 연수구 아파트청소 | 현장별 청소 정보,"인천 연수구 아파트청소 작업 범위와 준비사항, 진행 순서, 확인 항목을 정리했습니다. 인천 연수구 아파트청소 현장에 맞춰 필요한 청소 내용을 확인해보세요.",https://clever-griffin-93819d.netlify.app/incheon-yeonsu-gu-apartment-cleaning/,인천 연수구 아파트청소,12
인천 연수구 아파트청소 전문업체,incheon-yeonsu-gu-apartment-cleaning-company,PASS,100,,인천 연수구 아파트청소 전문업체 | 체인지클린,인천 연수구 아파트청소를 알아보는 분을 위한 안내입니다. 인천 연수구 아파트청소 전문업체 작업 전 확인사항부터 마무리 점검까지 자세히 정리했습니다.,https://clever-griffin-93819d.netlify.app/incheon-yeonsu-gu-apartment-cleaning-company/,인천 연수구 아파트청소 전문업체,12
인천 연수구 아파트청소 잘하는곳,incheon-yeonsu-gu-apartment-cleaning-best,PASS,100,,인천 연수구 아파트청소 잘하는곳 | 현장별 청소 정보,인천 연수구 아파트청소 잘하는곳 관련 청소 과정과 체크포인트를 안내합니다. 공간 상태와 오염 범위를 확인한 뒤 현장에 맞는 작업을 진행합니다.,https://clever-griffin-93819d.netlify.app/incheon-yeonsu-gu-apartment-cleaning-best/,인천 연수구 아파트청소 잘하는곳,12
인천 연수구 아파트청소 가격,incheon-yeonsu-gu-apartment-cleaning-price,PASS,100,,인천 연수구 아파트청소 가격 | 체인지클린,인천 연수구 아파트청소 가격 관련 청소 과정과 체크포인트를 안내합니다. 공간 상태와 오염 범위를 확인한 뒤 현장에 맞는 작업을 진행합니다.,https://clever-griffin-93819d.netlify.app/incheon-yeonsu-gu-apartment-cleaning-price/,인천 연수구 아파트청소 가격,12
인천 연수구 아파트청소 비용,incheon-yeonsu-gu-apartment-cleaning-cost,PASS,100,,인천 연수구 아파트청소 비용 | 현장별 청소 정보,인천 연수구 아파트청소 비용 관련 청소 과정과 체크포인트를 안내합니다. 공간 상태와 오염 범위를 확인한 뒤 현장에 맞는 작업을 진행합니다.,https://clever-griffin-93819d.netlify.app/incheon-yeonsu-gu-apartment-cleaning-cost/,인천 연수구 아파트청소 비용,12
인천 연수구 아파트청소 견적,incheon-yeonsu-gu-apartment-cleaning-quote,PASS,100,,인천 연수구 아파트청소 견적 | 체인지클린,인천 연수구 아파트청소를 알아보는 분을 위한 안내입니다. 인천 연수구 아파트청소 견적 작업 전 확인사항부터 마무리 점검까지 자세히 정리했습니다.,https://clever-griffin-93819d.netlify.app/incheon-yeonsu-gu-apartment-cleaning-quote/,인천 연수구 아파트청소 견적,12
인천 연수구 오피스텔청소,incheon-yeonsu-gu-officetel-cleaning,PASS,100,,인천 연수구 오피스텔청소 | 현장별 청소 정보,인천 연수구 오피스텔청소를 알아보는 분을 위한 안내입니다. 인천 연수구 오피스텔청소 작업 전 확인사항부터 마무리 점검까지 자세히 정리했습니다.,https://clever-griffin-93819d.netlify.app/incheon-yeonsu-gu-officetel-cleaning/,인천 연수구 오피스텔청소,12
인천 연수구 오피스텔청소 전문업체,incheon-yeonsu-gu-officetel-cleaning-company,PASS,100,,인천 연수구 오피스텔청소 전문업체 - 청소 작업 안내,인천 연수구 오피스텔청소를 알아보는 분을 위한 안내입니다. 인천 연수구 오피스텔청소 전문업체 작업 전 확인사항부터 마무리 점검까지 자세히 정리했습니다.,https://clever-griffin-93819d.netlify.app/incheon-yeonsu-gu-officetel-cleaning-company/,인천 연수구 오피스텔청소 전문업체,12
인천 연수구 오피스텔청소 잘하는곳,incheon-yeonsu-gu-officetel-cleaning-best,PASS,100,,인천 연수구 오피스텔청소 잘하는곳 | 체인지클린,"인천 연수구 오피스텔청소 잘하는곳 작업 범위와 준비사항, 진행 순서, 확인 항목을 정리했습니다. 인천 연수구 오피스텔청소 현장에 맞춰 필요한 청소 내용을 확인해보세요.",https://clever-griffin-93819d.netlify.app/incheon-yeonsu-gu-officetel-cleaning-best/,인천 연수구 오피스텔청소 잘하는곳,12
인천 연수구 오피스텔청소 가격,incheon-yeonsu-gu-officetel-cleaning-price,PASS,100,,인천 연수구 오피스텔청소 가격 | 체인지클린,인천 연수구 오피스텔청소 가격 관련 청소 과정과 체크포인트를 안내합니다. 공간 상태와 오염 범위를 확인한 뒤 현장에 맞는 작업을 진행합니다.,https://clever-griffin-93819d.netlify.app/incheon-yeonsu-gu-officetel-cleaning-price/,인천 연수구 오피스텔청소 가격,12
인천 연수구 오피스텔청소 비용,incheon-yeonsu-gu-officetel-cleaning-cost,PASS,100,,인천 연수구 오피스텔청소 비용 | 체인지클린,"인천 연수구 오피스텔청소 비용 작업 범위와 준비사항, 진행 순서, 확인 항목을 정리했습니다. 인천 연수구 오피스텔청소 현장에 맞춰 필요한 청소 내용을 확인해보세요.",https://clever-griffin-93819d.netlify.app/incheon-yeonsu-gu-officetel-cleaning-cost/,인천 연수구 오피스텔청소 비용,12
인천 연수구 오피스텔청소 견적,incheon-yeonsu-gu-officetel-cleaning-quote,PASS,100,,인천 연수구 오피스텔청소 견적 | 체인지클린,"인천 연수구 오피스텔청소 견적 작업 범위와 준비사항, 진행 순서, 확인 항목을 정리했습니다. 인천 연수구 오피스텔청소 현장에 맞춰 필요한 청소 내용을 확인해보세요.",https://clever-griffin-93819d.netlify.app/incheon-yeonsu-gu-officetel-cleaning-quote/,인천 연수구 오피스텔청소 견적,12
인천 연수구 거주청소,incheon-yeonsu-gu-home-cleaning,PASS,100,,인천 연수구 거주청소 | 현장별 청소 정보,"인천 연수구 거주청소 작업 범위와 준비사항, 진행 순서, 확인 항목을 정리했습니다. 인천 연수구 거주청소 현장에 맞춰 필요한 청소 내용을 확인해보세요.",https://clever-griffin-93819d.netlify.app/incheon-yeonsu-gu-home-cleaning/,인천 연수구 거주청소,12
인천 연수구 거주청소 전문업체,incheon-yeonsu-gu-home-cleaning-company,PASS,100,,인천 연수구 거주청소 전문업체 - 청소 작업 안내,"인천 연수구 거주청소 전문업체 작업 범위와 준비사항, 진행 순서, 확인 항목을 정리했습니다. 인천 연수구 거주청소 현장에 맞춰 필요한 청소 내용을 확인해보세요.",https://clever-griffin-93819d.netlify.app/incheon-yeonsu-gu-home-cleaning-company/,인천 연수구 거주청소 전문업체,12
인천 연수구 거주청소 잘하는곳,incheon-yeonsu-gu-home-cleaning-best,PASS,100,,인천 연수구 거주청소 잘하는곳 | 체인지클린,인천 연수구 거주청소 잘하는곳 관련 청소 과정과 체크포인트를 안내합니다. 공간 상태와 오염 범위를 확인한 뒤 현장에 맞는 작업을 진행합니다.,https://clever-griffin-93819d.netlify.app/incheon-yeonsu-gu-home-cleaning-best/,인천 연수구 거주청소 잘하는곳,12
인천 연수구 거주청소 가격,incheon-yeonsu-gu-home-cleaning-price,PASS,100,,인천 연수구 거주청소 가격 | 체인지클린,인천 연수구 거주청소 가격 관련 청소 과정과 체크포인트를 안내합니다. 공간 상태와 오염 범위를 확인한 뒤 현장에 맞는 작업을 진행합니다.,https://clever-griffin-93819d.netlify.app/incheon-yeonsu-gu-home-cleaning-price/,인천 연수구 거주청소 가격,12
인천 연수구 거주청소 비용,incheon-yeonsu-gu-home-cleaning-cost,PASS,100,,인천 연수구 거주청소 비용 | 현장별 청소 정보,인천 연수구 거주청소를 알아보는 분을 위한 안내입니다. 인천 연수구 거주청소 비용 작업 전 확인사항부터 마무리 점검까지 자세히 정리했습니다.,https://clever-griffin-93819d.netlify.app/incheon-yeonsu-gu-home-cleaning-cost/,인천 연수구 거주청소 비용,12
인천 연수구 거주청소 견적,incheon-yeonsu-gu-home-cleaning-quote,PASS,100,,인천 연수구 거주청소 견적 | 현장별 청소 정보,인천 연수구 거주청소 견적 관련 청소 과정과 체크포인트를 안내합니다. 공간 상태와 오염 범위를 확인한 뒤 현장에 맞는 작업을 진행합니다.,https://clever-griffin-93819d.netlify.app/incheon-yeonsu-gu-home-cleaning-quote/,인천 연수구 거주청소 견적,12
인천 남동구 입주청소,incheon-namdong-gu-move-in-cleaning,PASS,100,,인천 남동구 입주청소 | 현장별 청소 정보,인천 남동구 입주청소를 알아보는 분을 위한 안내입니다. 인천 남동구 입주청소 작업 전 확인사항부터 마무리 점검까지 자세히 정리했습니다.,https://clever-griffin-93819d.netlify.app/incheon-namdong-gu-move-in-cleaning/,인천 남동구 입주청소,12
인천 남동구 입주청소 전문업체,incheon-namdong-gu-move-in-cleaning-company,PASS,100,,인천 남동구 입주청소 전문업체 | 현장별 청소 정보,"인천 남동구 입주청소 전문업체 작업 범위와 준비사항, 진행 순서, 확인 항목을 정리했습니다. 인천 남동구 입주청소 현장에 맞춰 필요한 청소 내용을 확인해보세요.",https://clever-griffin-93819d.netlify.app/incheon-namdong-gu-move-in-cleaning-company/,인천 남동구 입주청소 전문업체,12
인천 남동구 입주청소 잘하는곳,incheon-namdong-gu-move-in-cleaning-best,PASS,100,,인천 남동구 입주청소 잘하는곳 | 체인지클린,인천 남동구 입주청소 잘하는곳 관련 청소 과정과 체크포인트를 안내합니다. 공간 상태와 오염 범위를 확인한 뒤 현장에 맞는 작업을 진행합니다.,https://clever-griffin-93819d.netlify.app/incheon-namdong-gu-move-in-cleaning-best/,인천 남동구 입주청소 잘하는곳,12
인천 남동구 입주청소 가격,incheon-namdong-gu-move-in-cleaning-price,PASS,100,,인천 남동구 입주청소 가격 - 청소 작업 안내,"인천 남동구 입주청소 가격 작업 범위와 준비사항, 진행 순서, 확인 항목을 정리했습니다. 인천 남동구 입주청소 현장에 맞춰 필요한 청소 내용을 확인해보세요.",https://clever-griffin-93819d.netlify.app/incheon-namdong-gu-move-in-cleaning-price/,인천 남동구 입주청소 가격,12
인천 남동구 입주청소 비용,incheon-namdong-gu-move-in-cleaning-cost,PASS,100,,인천 남동구 입주청소 비용 - 청소 작업 안내,"인천 남동구 입주청소 비용 작업 범위와 준비사항, 진행 순서, 확인 항목을 정리했습니다. 인천 남동구 입주청소 현장에 맞춰 필요한 청소 내용을 확인해보세요.",https://clever-griffin-93819d.netlify.app/incheon-namdong-gu-move-in-cleaning-cost/,인천 남동구 입주청소 비용,12
인천 남동구 입주청소 견적,incheon-namdong-gu-move-in-cleaning-quote,PASS,100,,인천 남동구 입주청소 견적 | 체인지클린,"인천 남동구 입주청소 견적 작업 범위와 준비사항, 진행 순서, 확인 항목을 정리했습니다. 인천 남동구 입주청소 현장에 맞춰 필요한 청소 내용을 확인해보세요.",https://clever-griffin-93819d.netlify.app/incheon-namdong-gu-move-in-cleaning-quote/,인천 남동구 입주청소 견적,12
인천 남동구 이사청소,incheon-namdong-gu-move-out-cleaning,PASS,100,,인천 남동구 이사청소 | 현장별 청소 정보,인천 남동구 이사청소를 알아보는 분을 위한 안내입니다. 인천 남동구 이사청소 작업 전 확인사항부터 마무리 점검까지 자세히 정리했습니다.,https://clever-griffin-93819d.netlify.app/incheon-namdong-gu-move-out-cleaning/,인천 남동구 이사청소,12
인천 남동구 이사청소 전문업체,incheon-namdong-gu-move-out-cleaning-company,PASS,100,,인천 남동구 이사청소 전문업체 | 체인지클린,인천 남동구 이사청소 전문업체 관련 청소 과정과 체크포인트를 안내합니다. 공간 상태와 오염 범위를 확인한 뒤 현장에 맞는 작업을 진행합니다.,https://clever-griffin-93819d.netlify.app/incheon-namdong-gu-move-out-cleaning-company/,인천 남동구 이사청소 전문업체,12
인천 남동구 이사청소 잘하는곳,incheon-namdong-gu-move-out-cleaning-best,PASS,100,,인천 남동구 이사청소 잘하는곳 | 체인지클린,"인천 남동구 이사청소 잘하는곳 작업 범위와 준비사항, 진행 순서, 확인 항목을 정리했습니다. 인천 남동구 이사청소 현장에 맞춰 필요한 청소 내용을 확인해보세요.",https://clever-griffin-93819d.netlify.app/incheon-namdong-gu-move-out-cleaning-best/,인천 남동구 이사청소 잘하는곳,12
인천 남동구 이사청소 가격,incheon-namdong-gu-move-out-cleaning-price,PASS,100,,인천 남동구 이사청소 가격 | 현장별 청소 정보,"인천 남동구 이사청소 가격 작업 범위와 준비사항, 진행 순서, 확인 항목을 정리했습니다. 인천 남동구 이사청소 현장에 맞춰 필요한 청소 내용을 확인해보세요.",https://clever-griffin-93819d.netlify.app/incheon-namdong-gu-move-out-cleaning-price/,인천 남동구 이사청소 가격,12
인천 남동구 이사청소 비용,incheon-namdong-gu-move-out-cleaning-cost,PASS,100,,인천 남동구 이사청소 비용 - 청소 작업 안내,"인천 남동구 이사청소 비용 작업 범위와 준비사항, 진행 순서, 확인 항목을 정리했습니다. 인천 남동구 이사청소 현장에 맞춰 필요한 청소 내용을 확인해보세요.",https://clever-griffin-93819d.netlify.app/incheon-namdong-gu-move-out-cleaning-cost/,인천 남동구 이사청소 비용,12
인천 남동구 이사청소 견적,incheon-namdong-gu-move-out-cleaning-quote,PASS,100,,인천 남동구 이사청소 견적 - 청소 작업 안내,인천 남동구 이사청소를 알아보는 분을 위한 안내입니다. 인천 남동구 이사청소 견적 작업 전 확인사항부터 마무리 점검까지 자세히 정리했습니다.,https://clever-griffin-93819d.netlify.app/incheon-namdong-gu-move-out-cleaning-quote/,인천 남동구 이사청소 견적,12
인천 남동구 준공청소,incheon-namdong-gu-post-construction-cleaning,CHECK,96,title 길이 확인,인천 남동구 준공청소 | 체인지클린,인천 남동구 준공청소를 알아보는 분을 위한 안내입니다. 인천 남동구 준공청소 작업 전 확인사항부터 마무리 점검까지 자세히 정리했습니다.,https://clever-griffin-93819d.netlify.app/incheon-namdong-gu-post-construction-cleaning/,인천 남동구 준공청소,12
인천 남동구 준공청소 전문업체,incheon-namdong-gu-post-construction-cleaning-company,PASS,100,,인천 남동구 준공청소 전문업체 | 체인지클린,인천 남동구 준공청소를 알아보는 분을 위한 안내입니다. 인천 남동구 준공청소 전문업체 작업 전 확인사항부터 마무리 점검까지 자세히 정리했습니다.,https://clever-griffin-93819d.netlify.app/incheon-namdong-gu-post-construction-cleaning-company/,인천 남동구 준공청소 전문업체,12
인천 남동구 준공청소 잘하는곳,incheon-namdong-gu-post-construction-cleaning-best,PASS,100,,인천 남동구 준공청소 잘하는곳 | 체인지클린,인천 남동구 준공청소를 알아보는 분을 위한 안내입니다. 인천 남동구 준공청소 잘하는곳 작업 전 확인사항부터 마무리 점검까지 자세히 정리했습니다.,https://clever-griffin-93819d.netlify.app/incheon-namdong-gu-post-construction-cleaning-best/,인천 남동구 준공청소 잘하는곳,12
인천 남동구 준공청소 가격,incheon-namdong-gu-post-construction-cleaning-price,PASS,100,,인천 남동구 준공청소 가격 - 청소 작업 안내,인천 남동구 준공청소를 알아보는 분을 위한 안내입니다. 인천 남동구 준공청소 가격 작업 전 확인사항부터 마무리 점검까지 자세히 정리했습니다.,https://clever-griffin-93819d.netlify.app/incheon-namdong-gu-post-construction-cleaning-price/,인천 남동구 준공청소 가격,12
인천 남동구 준공청소 비용,incheon-namdong-gu-post-construction-cleaning-cost,PASS,100,,인천 남동구 준공청소 비용 | 체인지클린,인천 남동구 준공청소 비용 관련 청소 과정과 체크포인트를 안내합니다. 공간 상태와 오염 범위를 확인한 뒤 현장에 맞는 작업을 진행합니다.,https://clever-griffin-93819d.netlify.app/incheon-namdong-gu-post-construction-cleaning-cost/,인천 남동구 준공청소 비용,12
인천 남동구 준공청소 견적,incheon-namdong-gu-post-construction-cleaning-quote,PASS,100,,인천 남동구 준공청소 견적 - 청소 작업 안내,인천 남동구 준공청소 견적 관련 청소 과정과 체크포인트를 안내합니다. 공간 상태와 오염 범위를 확인한 뒤 현장에 맞는 작업을 진행합니다.,https://clever-griffin-93819d.netlify.app/incheon-namdong-gu-post-construction-cleaning-quote/,인천 남동구 준공청소 견적,12
인천 남동구 상가청소,incheon-namdong-gu-store-cleaning,PASS,100,,인천 남동구 상가청소 - 청소 작업 안내,인천 남동구 상가청소 관련 청소 과정과 체크포인트를 안내합니다. 공간 상태와 오염 범위를 확인한 뒤 현장에 맞는 작업을 진행합니다.,https://clever-griffin-93819d.netlify.app/incheon-namdong-gu-store-cleaning/,인천 남동구 상가청소,12
인천 남동구 상가청소 전문업체,incheon-namdong-gu-store-cleaning-company,PASS,100,,인천 남동구 상가청소 전문업체 | 체인지클린,"인천 남동구 상가청소 전문업체 작업 범위와 준비사항, 진행 순서, 확인 항목을 정리했습니다. 인천 남동구 상가청소 현장에 맞춰 필요한 청소 내용을 확인해보세요.",https://clever-griffin-93819d.netlify.app/incheon-namdong-gu-store-cleaning-company/,인천 남동구 상가청소 전문업체,12
인천 남동구 상가청소 잘하는곳,incheon-namdong-gu-store-cleaning-best,PASS,100,,인천 남동구 상가청소 잘하는곳 | 현장별 청소 정보,인천 남동구 상가청소 잘하는곳 관련 청소 과정과 체크포인트를 안내합니다. 공간 상태와 오염 범위를 확인한 뒤 현장에 맞는 작업을 진행합니다.,https://clever-griffin-93819d.netlify.app/incheon-namdong-gu-store-cleaning-best/,인천 남동구 상가청소 잘하는곳,12
인천 남동구 상가청소 가격,incheon-namdong-gu-store-cleaning-price,PASS,100,,인천 남동구 상가청소 가격 | 체인지클린,인천 남동구 상가청소 가격 관련 청소 과정과 체크포인트를 안내합니다. 공간 상태와 오염 범위를 확인한 뒤 현장에 맞는 작업을 진행합니다.,https://clever-griffin-93819d.netlify.app/incheon-namdong-gu-store-cleaning-price/,인천 남동구 상가청소 가격,12
인천 남동구 상가청소 비용,incheon-namdong-gu-store-cleaning-cost,PASS,100,,인천 남동구 상가청소 비용 | 체인지클린,인천 남동구 상가청소를 알아보는 분을 위한 안내입니다. 인천 남동구 상가청소 비용 작업 전 확인사항부터 마무리 점검까지 자세히 정리했습니다.,https://clever-griffin-93819d.netlify.app/incheon-namdong-gu-store-cleaning-cost/,인천 남동구 상가청소 비용,12
인천 남동구 상가청소 견적,incheon-namdong-gu-store-cleaning-quote,PASS,100,,인천 남동구 상가청소 견적 - 청소 작업 안내,인천 남동구 상가청소 견적 관련 청소 과정과 체크포인트를 안내합니다. 공간 상태와 오염 범위를 확인한 뒤 현장에 맞는 작업을 진행합니다.,https://clever-griffin-93819d.netlify.app/incheon-namdong-gu-store-cleaning-quote/,인천 남동구 상가청소 견적,12
인천 남동구 사무실청소,incheon-namdong-gu-office-cleaning,PASS,100,,인천 남동구 사무실청소 | 체인지클린,"인천 남동구 사무실청소 작업 범위와 준비사항, 진행 순서, 확인 항목을 정리했습니다. 인천 남동구 사무실청소 현장에 맞춰 필요한 청소 내용을 확인해보세요.",https://clever-griffin-93819d.netlify.app/incheon-namdong-gu-office-cleaning/,인천 남동구 사무실청소,12
인천 남동구 사무실청소 전문업체,incheon-namdong-gu-office-cleaning-company,PASS,100,,인천 남동구 사무실청소 전문업체 | 현장별 청소 정보,"인천 남동구 사무실청소 전문업체 작업 범위와 준비사항, 진행 순서, 확인 항목을 정리했습니다. 인천 남동구 사무실청소 현장에 맞춰 필요한 청소 내용을 확인해보세요.",https://clever-griffin-93819d.netlify.app/incheon-namdong-gu-office-cleaning-company/,인천 남동구 사무실청소 전문업체,12
인천 남동구 사무실청소 잘하는곳,incheon-namdong-gu-office-cleaning-best,PASS,100,,인천 남동구 사무실청소 잘하는곳 | 체인지클린,인천 남동구 사무실청소 잘하는곳 관련 청소 과정과 체크포인트를 안내합니다. 공간 상태와 오염 범위를 확인한 뒤 현장에 맞는 작업을 진행합니다.,https://clever-griffin-93819d.netlify.app/incheon-namdong-gu-office-cleaning-best/,인천 남동구 사무실청소 잘하는곳,12
인천 남동구 사무실청소 가격,incheon-namdong-gu-office-cleaning-price,PASS,100,,인천 남동구 사무실청소 가격 | 현장별 청소 정보,"인천 남동구 사무실청소 가격 작업 범위와 준비사항, 진행 순서, 확인 항목을 정리했습니다. 인천 남동구 사무실청소 현장에 맞춰 필요한 청소 내용을 확인해보세요.",https://clever-griffin-93819d.netlify.app/incheon-namdong-gu-office-cleaning-price/,인천 남동구 사무실청소 가격,12
인천 남동구 사무실청소 비용,incheon-namdong-gu-office-cleaning-cost,PASS,100,,인천 남동구 사무실청소 비용 - 청소 작업 안내,인천 남동구 사무실청소 비용 관련 청소 과정과 체크포인트를 안내합니다. 공간 상태와 오염 범위를 확인한 뒤 현장에 맞는 작업을 진행합니다.,https://clever-griffin-93819d.netlify.app/incheon-namdong-gu-office-cleaning-cost/,인천 남동구 사무실청소 비용,12
인천 남동구 사무실청소 견적,incheon-namdong-gu-office-cleaning-quote,PASS,100,,인천 남동구 사무실청소 견적 - 청소 작업 안내,인천 남동구 사무실청소 견적 관련 청소 과정과 체크포인트를 안내합니다. 공간 상태와 오염 범위를 확인한 뒤 현장에 맞는 작업을 진행합니다.,https://clever-griffin-93819d.netlify.app/incheon-namdong-gu-office-cleaning-quote/,인천 남동구 사무실청소 견적,12
인천 남동구 빌라청소,incheon-namdong-gu-villa-cleaning,PASS,100,,인천 남동구 빌라청소 - 청소 작업 안내,인천 남동구 빌라청소를 알아보는 분을 위한 안내입니다. 인천 남동구 빌라청소 작업 전 확인사항부터 마무리 점검까지 자세히 정리했습니다.,https://clever-griffin-93819d.netlify.app/incheon-namdong-gu-villa-cleaning/,인천 남동구 빌라청소,12
인천 남동구 빌라청소 전문업체,incheon-namdong-gu-villa-cleaning-company,PASS,100,,인천 남동구 빌라청소 전문업체 - 청소 작업 안내,인천 남동구 빌라청소 전문업체 관련 청소 과정과 체크포인트를 안내합니다. 공간 상태와 오염 범위를 확인한 뒤 현장에 맞는 작업을 진행합니다.,https://clever-griffin-93819d.netlify.app/incheon-namdong-gu-villa-cleaning-company/,인천 남동구 빌라청소 전문업체,12
인천 남동구 빌라청소 잘하는곳,incheon-namdong-gu-villa-cleaning-best,PASS,100,,인천 남동구 빌라청소 잘하는곳 | 현장별 청소 정보,인천 남동구 빌라청소 잘하는곳 관련 청소 과정과 체크포인트를 안내합니다. 공간 상태와 오염 범위를 확인한 뒤 현장에 맞는 작업을 진행합니다.,https://clever-griffin-93819d.netlify.app/incheon-namdong-gu-villa-cleaning-best/,인천 남동구 빌라청소 잘하는곳,12
인천 남동구 빌라청소 가격,incheon-namdong-gu-villa-cleaning-price,PASS,100,,인천 남동구 빌라청소 가격 | 체인지클린,인천 남동구 빌라청소 가격 관련 청소 과정과 체크포인트를 안내합니다. 공간 상태와 오염 범위를 확인한 뒤 현장에 맞는 작업을 진행합니다.,https://clever-griffin-93819d.netlify.app/incheon-namdong-gu-villa-cleaning-price/,인천 남동구 빌라청소 가격,12
인천 남동구 빌라청소 비용,incheon-namdong-gu-villa-cleaning-cost,PASS,100,,인천 남동구 빌라청소 비용 | 체인지클린,"인천 남동구 빌라청소 비용 작업 범위와 준비사항, 진행 순서, 확인 항목을 정리했습니다. 인천 남동구 빌라청소 현장에 맞춰 필요한 청소 내용을 확인해보세요.",https://clever-griffin-93819d.netlify.app/incheon-namdong-gu-villa-cleaning-cost/,인천 남동구 빌라청소 비용,12
인천 남동구 빌라청소 견적,incheon-namdong-gu-villa-cleaning-quote,PASS,100,,인천 남동구 빌라청소 견적 | 현장별 청소 정보,"인천 남동구 빌라청소 견적 작업 범위와 준비사항, 진행 순서, 확인 항목을 정리했습니다. 인천 남동구 빌라청소 현장에 맞춰 필요한 청소 내용을 확인해보세요.",https://clever-griffin-93819d.netlify.app/incheon-namdong-gu-villa-cleaning-quote/,인천 남동구 빌라청소 견적,12
인천 남동구 아파트청소,incheon-namdong-gu-apartment-cleaning,PASS,100,,인천 남동구 아파트청소 | 체인지클린,"인천 남동구 아파트청소 작업 범위와 준비사항, 진행 순서, 확인 항목을 정리했습니다. 인천 남동구 아파트청소 현장에 맞춰 필요한 청소 내용을 확인해보세요.",https://clever-griffin-93819d.netlify.app/incheon-namdong-gu-apartment-cleaning/,인천 남동구 아파트청소,12
인천 남동구 아파트청소 전문업체,incheon-namdong-gu-apartment-cleaning-company,PASS,100,,인천 남동구 아파트청소 전문업체 | 체인지클린,"인천 남동구 아파트청소 전문업체 작업 범위와 준비사항, 진행 순서, 확인 항목을 정리했습니다. 인천 남동구 아파트청소 현장에 맞춰 필요한 청소 내용을 확인해보세요.",https://clever-griffin-93819d.netlify.app/incheon-namdong-gu-apartment-cleaning-company/,인천 남동구 아파트청소 전문업체,12
인천 남동구 아파트청소 잘하는곳,incheon-namdong-gu-apartment-cleaning-best,PASS,100,,인천 남동구 아파트청소 잘하는곳 - 청소 작업 안내,인천 남동구 아파트청소 잘하는곳 관련 청소 과정과 체크포인트를 안내합니다. 공간 상태와 오염 범위를 확인한 뒤 현장에 맞는 작업을 진행합니다.,https://clever-griffin-93819d.netlify.app/incheon-namdong-gu-apartment-cleaning-best/,인천 남동구 아파트청소 잘하는곳,12
인천 남동구 아파트청소 가격,incheon-namdong-gu-apartment-cleaning-price,PASS,100,,인천 남동구 아파트청소 가격 | 현장별 청소 정보,인천 남동구 아파트청소 가격 관련 청소 과정과 체크포인트를 안내합니다. 공간 상태와 오염 범위를 확인한 뒤 현장에 맞는 작업을 진행합니다.,https://clever-griffin-93819d.netlify.app/incheon-namdong-gu-apartment-cleaning-price/,인천 남동구 아파트청소 가격,12
인천 남동구 아파트청소 비용,incheon-namdong-gu-apartment-cleaning-cost,PASS,100,,인천 남동구 아파트청소 비용 | 체인지클린,"인천 남동구 아파트청소 비용 작업 범위와 준비사항, 진행 순서, 확인 항목을 정리했습니다. 인천 남동구 아파트청소 현장에 맞춰 필요한 청소 내용을 확인해보세요.",https://clever-griffin-93819d.netlify.app/incheon-namdong-gu-apartment-cleaning-cost/,인천 남동구 아파트청소 비용,12
인천 남동구 아파트청소 견적,incheon-namdong-gu-apartment-cleaning-quote,PASS,100,,인천 남동구 아파트청소 견적 - 청소 작업 안내,"인천 남동구 아파트청소 견적 작업 범위와 준비사항, 진행 순서, 확인 항목을 정리했습니다. 인천 남동구 아파트청소 현장에 맞춰 필요한 청소 내용을 확인해보세요.",https://clever-griffin-93819d.netlify.app/incheon-namdong-gu-apartment-cleaning-quote/,인천 남동구 아파트청소 견적,12
인천 남동구 오피스텔청소,incheon-namdong-gu-officetel-cleaning,PASS,100,,인천 남동구 오피스텔청소 - 청소 작업 안내,인천 남동구 오피스텔청소 관련 청소 과정과 체크포인트를 안내합니다. 공간 상태와 오염 범위를 확인한 뒤 현장에 맞는 작업을 진행합니다.,https://clever-griffin-93819d.netlify.app/incheon-namdong-gu-officetel-cleaning/,인천 남동구 오피스텔청소,12
인천 남동구 오피스텔청소 전문업체,incheon-namdong-gu-officetel-cleaning-company,PASS,100,,인천 남동구 오피스텔청소 전문업체 | 체인지클린,"인천 남동구 오피스텔청소 전문업체 작업 범위와 준비사항, 진행 순서, 확인 항목을 정리했습니다. 인천 남동구 오피스텔청소 현장에 맞춰 필요한 청소 내용을 확인해보세요.",https://clever-griffin-93819d.netlify.app/incheon-namdong-gu-officetel-cleaning-company/,인천 남동구 오피스텔청소 전문업체,12
인천 남동구 오피스텔청소 잘하는곳,incheon-namdong-gu-officetel-cleaning-best,PASS,100,,인천 남동구 오피스텔청소 잘하는곳 | 체인지클린,"인천 남동구 오피스텔청소 잘하는곳 작업 범위와 준비사항, 진행 순서, 확인 항목을 정리했습니다. 인천 남동구 오피스텔청소 현장에 맞춰 필요한 청소 내용을 확인해보세요.",https://clever-griffin-93819d.netlify.app/incheon-namdong-gu-officetel-cleaning-best/,인천 남동구 오피스텔청소 잘하는곳,12
인천 남동구 오피스텔청소 가격,incheon-namdong-gu-officetel-cleaning-price,PASS,100,,인천 남동구 오피스텔청소 가격 | 현장별 청소 정보,"인천 남동구 오피스텔청소 가격 작업 범위와 준비사항, 진행 순서, 확인 항목을 정리했습니다. 인천 남동구 오피스텔청소 현장에 맞춰 필요한 청소 내용을 확인해보세요.",https://clever-griffin-93819d.netlify.app/incheon-namdong-gu-officetel-cleaning-price/,인천 남동구 오피스텔청소 가격,12
인천 남동구 오피스텔청소 비용,incheon-namdong-gu-officetel-cleaning-cost,PASS,100,,인천 남동구 오피스텔청소 비용 | 현장별 청소 정보,인천 남동구 오피스텔청소를 알아보는 분을 위한 안내입니다. 인천 남동구 오피스텔청소 비용 작업 전 확인사항부터 마무리 점검까지 자세히 정리했습니다.,https://clever-griffin-93819d.netlify.app/incheon-namdong-gu-officetel-cleaning-cost/,인천 남동구 오피스텔청소 비용,12
인천 남동구 오피스텔청소 견적,incheon-namdong-gu-officetel-cleaning-quote,PASS,100,,인천 남동구 오피스텔청소 견적 | 현장별 청소 정보,"인천 남동구 오피스텔청소 견적 작업 범위와 준비사항, 진행 순서, 확인 항목을 정리했습니다. 인천 남동구 오피스텔청소 현장에 맞춰 필요한 청소 내용을 확인해보세요.",https://clever-griffin-93819d.netlify.app/incheon-namdong-gu-officetel-cleaning-quote/,인천 남동구 오피스텔청소 견적,12
인천 남동구 거주청소,incheon-namdong-gu-home-cleaning,CHECK,96,title 길이 확인,인천 남동구 거주청소 | 체인지클린,인천 남동구 거주청소를 알아보는 분을 위한 안내입니다. 인천 남동구 거주청소 작업 전 확인사항부터 마무리 점검까지 자세히 정리했습니다.,https://clever-griffin-93819d.netlify.app/incheon-namdong-gu-home-cleaning/,인천 남동구 거주청소,12
인천 남동구 거주청소 전문업체,incheon-namdong-gu-home-cleaning-company,PASS,100,,인천 남동구 거주청소 전문업체 | 체인지클린,인천 남동구 거주청소를 알아보는 분을 위한 안내입니다. 인천 남동구 거주청소 전문업체 작업 전 확인사항부터 마무리 점검까지 자세히 정리했습니다.,https://clever-griffin-93819d.netlify.app/incheon-namdong-gu-home-cleaning-company/,인천 남동구 거주청소 전문업체,12
인천 남동구 거주청소 잘하는곳,incheon-namdong-gu-home-cleaning-best,PASS,100,,인천 남동구 거주청소 잘하는곳 | 현장별 청소 정보,"인천 남동구 거주청소 잘하는곳 작업 범위와 준비사항, 진행 순서, 확인 항목을 정리했습니다. 인천 남동구 거주청소 현장에 맞춰 필요한 청소 내용을 확인해보세요.",https://clever-griffin-93819d.netlify.app/incheon-namdong-gu-home-cleaning-best/,인천 남동구 거주청소 잘하는곳,12
인천 남동구 거주청소 가격,incheon-namdong-gu-home-cleaning-price,PASS,100,,인천 남동구 거주청소 가격 | 현장별 청소 정보,"인천 남동구 거주청소 가격 작업 범위와 준비사항, 진행 순서, 확인 항목을 정리했습니다. 인천 남동구 거주청소 현장에 맞춰 필요한 청소 내용을 확인해보세요.",https://clever-griffin-93819d.netlify.app/incheon-namdong-gu-home-cleaning-price/,인천 남동구 거주청소 가격,12
인천 남동구 거주청소 비용,incheon-namdong-gu-home-cleaning-cost,PASS,100,,인천 남동구 거주청소 비용 | 체인지클린,인천 남동구 거주청소 비용 관련 청소 과정과 체크포인트를 안내합니다. 공간 상태와 오염 범위를 확인한 뒤 현장에 맞는 작업을 진행합니다.,https://clever-griffin-93819d.netlify.app/incheon-namdong-gu-home-cleaning-cost/,인천 남동구 거주청소 비용,12
인천 남동구 거주청소 견적,incheon-namdong-gu-home-cleaning-quote,PASS,100,,인천 남동구 거주청소 견적 - 청소 작업 안내,인천 남동구 거주청소 견적 관련 청소 과정과 체크포인트를 안내합니다. 공간 상태와 오염 범위를 확인한 뒤 현장에 맞는 작업을 진행합니다.,https://clever-griffin-93819d.netlify.app/incheon-namdong-gu-home-cleaning-quote/,인천 남동구 거주청소 견적,12
인천 부평구 입주청소,incheon-bupyeong-gu-move-in-cleaning,PASS,100,,인천 부평구 입주청소 - 청소 작업 안내,인천 부평구 입주청소 관련 청소 과정과 체크포인트를 안내합니다. 공간 상태와 오염 범위를 확인한 뒤 현장에 맞는 작업을 진행합니다.,https://clever-griffin-93819d.netlify.app/incheon-bupyeong-gu-move-in-cleaning/,인천 부평구 입주청소,12
인천 부평구 입주청소 전문업체,incheon-bupyeong-gu-move-in-cleaning-company,PASS,100,,인천 부평구 입주청소 전문업체 | 현장별 청소 정보,인천 부평구 입주청소 전문업체 관련 청소 과정과 체크포인트를 안내합니다. 공간 상태와 오염 범위를 확인한 뒤 현장에 맞는 작업을 진행합니다.,https://clever-griffin-93819d.netlify.app/incheon-bupyeong-gu-move-in-cleaning-company/,인천 부평구 입주청소 전문업체,12
인천 부평구 입주청소 잘하는곳,incheon-bupyeong-gu-move-in-cleaning-best,PASS,100,,인천 부평구 입주청소 잘하는곳 - 청소 작업 안내,인천 부평구 입주청소를 알아보는 분을 위한 안내입니다. 인천 부평구 입주청소 잘하는곳 작업 전 확인사항부터 마무리 점검까지 자세히 정리했습니다.,https://clever-griffin-93819d.netlify.app/incheon-bupyeong-gu-move-in-cleaning-best/,인천 부평구 입주청소 잘하는곳,12
인천 부평구 입주청소 가격,incheon-bupyeong-gu-move-in-cleaning-price,PASS,100,,인천 부평구 입주청소 가격 | 현장별 청소 정보,인천 부평구 입주청소 가격 관련 청소 과정과 체크포인트를 안내합니다. 공간 상태와 오염 범위를 확인한 뒤 현장에 맞는 작업을 진행합니다.,https://clever-griffin-93819d.netlify.app/incheon-bupyeong-gu-move-in-cleaning-price/,인천 부평구 입주청소 가격,12
인천 부평구 입주청소 비용,incheon-bupyeong-gu-move-in-cleaning-cost,PASS,100,,인천 부평구 입주청소 비용 | 현장별 청소 정보,인천 부평구 입주청소 비용 관련 청소 과정과 체크포인트를 안내합니다. 공간 상태와 오염 범위를 확인한 뒤 현장에 맞는 작업을 진행합니다.,https://clever-griffin-93819d.netlify.app/incheon-bupyeong-gu-move-in-cleaning-cost/,인천 부평구 입주청소 비용,12
인천 부평구 입주청소 견적,incheon-bupyeong-gu-move-in-cleaning-quote,PASS,100,,인천 부평구 입주청소 견적 - 청소 작업 안내,인천 부평구 입주청소를 알아보는 분을 위한 안내입니다. 인천 부평구 입주청소 견적 작업 전 확인사항부터 마무리 점검까지 자세히 정리했습니다.,https://clever-griffin-93819d.netlify.app/incheon-bupyeong-gu-move-in-cleaning-quote/,인천 부평구 입주청소 견적,12
인천 부평구 이사청소,incheon-bupyeong-gu-move-out-cleaning,PASS,100,,인천 부평구 이사청소 | 현장별 청소 정보,인천 부평구 이사청소를 알아보는 분을 위한 안내입니다. 인천 부평구 이사청소 작업 전 확인사항부터 마무리 점검까지 자세히 정리했습니다.,https://clever-griffin-93819d.netlify.app/incheon-bupyeong-gu-move-out-cleaning/,인천 부평구 이사청소,12
인천 부평구 이사청소 전문업체,incheon-bupyeong-gu-move-out-cleaning-company,PASS,100,,인천 부평구 이사청소 전문업체 | 체인지클린,인천 부평구 이사청소를 알아보는 분을 위한 안내입니다. 인천 부평구 이사청소 전문업체 작업 전 확인사항부터 마무리 점검까지 자세히 정리했습니다.,https://clever-griffin-93819d.netlify.app/incheon-bupyeong-gu-move-out-cleaning-company/,인천 부평구 이사청소 전문업체,12
인천 부평구 이사청소 잘하는곳,incheon-bupyeong-gu-move-out-cleaning-best,PASS,100,,인천 부평구 이사청소 잘하는곳 | 체인지클린,인천 부평구 이사청소 잘하는곳 관련 청소 과정과 체크포인트를 안내합니다. 공간 상태와 오염 범위를 확인한 뒤 현장에 맞는 작업을 진행합니다.,https://clever-griffin-93819d.netlify.app/incheon-bupyeong-gu-move-out-cleaning-best/,인천 부평구 이사청소 잘하는곳,12
인천 부평구 이사청소 가격,incheon-bupyeong-gu-move-out-cleaning-price,PASS,100,,인천 부평구 이사청소 가격 | 체인지클린,"인천 부평구 이사청소 가격 작업 범위와 준비사항, 진행 순서, 확인 항목을 정리했습니다. 인천 부평구 이사청소 현장에 맞춰 필요한 청소 내용을 확인해보세요.",https://clever-griffin-93819d.netlify.app/incheon-bupyeong-gu-move-out-cleaning-price/,인천 부평구 이사청소 가격,12
인천 부평구 이사청소 비용,incheon-bupyeong-gu-move-out-cleaning-cost,PASS,100,,인천 부평구 이사청소 비용 | 현장별 청소 정보,인천 부평구 이사청소 비용 관련 청소 과정과 체크포인트를 안내합니다. 공간 상태와 오염 범위를 확인한 뒤 현장에 맞는 작업을 진행합니다.,https://clever-griffin-93819d.netlify.app/incheon-bupyeong-gu-move-out-cleaning-cost/,인천 부평구 이사청소 비용,12
인천 부평구 이사청소 견적,incheon-bupyeong-gu-move-out-cleaning-quote,PASS,100,,인천 부평구 이사청소 견적 | 체인지클린,"인천 부평구 이사청소 견적 작업 범위와 준비사항, 진행 순서, 확인 항목을 정리했습니다. 인천 부평구 이사청소 현장에 맞춰 필요한 청소 내용을 확인해보세요.",https://clever-griffin-93819d.netlify.app/incheon-bupyeong-gu-move-out-cleaning-quote/,인천 부평구 이사청소 견적,12
인천 부평구 준공청소,incheon-bupyeong-gu-post-construction-cleaning,PASS,100,,인천 부평구 준공청소 - 청소 작업 안내,인천 부평구 준공청소를 알아보는 분을 위한 안내입니다. 인천 부평구 준공청소 작업 전 확인사항부터 마무리 점검까지 자세히 정리했습니다.,https://clever-griffin-93819d.netlify.app/incheon-bupyeong-gu-post-construction-cleaning/,인천 부평구 준공청소,12
인천 부평구 준공청소 전문업체,incheon-bupyeong-gu-post-construction-cleaning-company,PASS,100,,인천 부평구 준공청소 전문업체 | 체인지클린,인천 부평구 준공청소 전문업체 관련 청소 과정과 체크포인트를 안내합니다. 공간 상태와 오염 범위를 확인한 뒤 현장에 맞는 작업을 진행합니다.,https://clever-griffin-93819d.netlify.app/incheon-bupyeong-gu-post-construction-cleaning-company/,인천 부평구 준공청소 전문업체,12
인천 부평구 준공청소 잘하는곳,incheon-bupyeong-gu-post-construction-cleaning-best,PASS,100,,인천 부평구 준공청소 잘하는곳 - 청소 작업 안내,인천 부평구 준공청소를 알아보는 분을 위한 안내입니다. 인천 부평구 준공청소 잘하는곳 작업 전 확인사항부터 마무리 점검까지 자세히 정리했습니다.,https://clever-griffin-93819d.netlify.app/incheon-bupyeong-gu-post-construction-cleaning-best/,인천 부평구 준공청소 잘하는곳,12
인천 부평구 준공청소 가격,incheon-bupyeong-gu-post-construction-cleaning-price,PASS,100,,인천 부평구 준공청소 가격 - 청소 작업 안내,"인천 부평구 준공청소 가격 작업 범위와 준비사항, 진행 순서, 확인 항목을 정리했습니다. 인천 부평구 준공청소 현장에 맞춰 필요한 청소 내용을 확인해보세요.",https://clever-griffin-93819d.netlify.app/incheon-bupyeong-gu-post-construction-cleaning-price/,인천 부평구 준공청소 가격,12
인천 부평구 준공청소 비용,incheon-bupyeong-gu-post-construction-cleaning-cost,PASS,100,,인천 부평구 준공청소 비용 - 청소 작업 안내,"인천 부평구 준공청소 비용 작업 범위와 준비사항, 진행 순서, 확인 항목을 정리했습니다. 인천 부평구 준공청소 현장에 맞춰 필요한 청소 내용을 확인해보세요.",https://clever-griffin-93819d.netlify.app/incheon-bupyeong-gu-post-construction-cleaning-cost/,인천 부평구 준공청소 비용,12
인천 부평구 준공청소 견적,incheon-bupyeong-gu-post-construction-cleaning-quote,PASS,100,,인천 부평구 준공청소 견적 | 현장별 청소 정보,인천 부평구 준공청소를 알아보는 분을 위한 안내입니다. 인천 부평구 준공청소 견적 작업 전 확인사항부터 마무리 점검까지 자세히 정리했습니다.,https://clever-griffin-93819d.netlify.app/incheon-bupyeong-gu-post-construction-cleaning-quote/,인천 부평구 준공청소 견적,12
인천 부평구 상가청소,incheon-bupyeong-gu-store-cleaning,PASS,100,,인천 부평구 상가청소 - 청소 작업 안내,"인천 부평구 상가청소 작업 범위와 준비사항, 진행 순서, 확인 항목을 정리했습니다. 인천 부평구 상가청소 현장에 맞춰 필요한 청소 내용을 확인해보세요.",https://clever-griffin-93819d.netlify.app/incheon-bupyeong-gu-store-cleaning/,인천 부평구 상가청소,12
인천 부평구 상가청소 전문업체,incheon-bupyeong-gu-store-cleaning-company,PASS,100,,인천 부평구 상가청소 전문업체 - 청소 작업 안내,인천 부평구 상가청소 전문업체 관련 청소 과정과 체크포인트를 안내합니다. 공간 상태와 오염 범위를 확인한 뒤 현장에 맞는 작업을 진행합니다.,https://clever-griffin-93819d.netlify.app/incheon-bupyeong-gu-store-cleaning-company/,인천 부평구 상가청소 전문업체,12
인천 부평구 상가청소 잘하는곳,incheon-bupyeong-gu-store-cleaning-best,PASS,100,,인천 부평구 상가청소 잘하는곳 | 현장별 청소 정보,인천 부평구 상가청소를 알아보는 분을 위한 안내입니다. 인천 부평구 상가청소 잘하는곳 작업 전 확인사항부터 마무리 점검까지 자세히 정리했습니다.,https://clever-griffin-93819d.netlify.app/incheon-bupyeong-gu-store-cleaning-best/,인천 부평구 상가청소 잘하는곳,12
인천 부평구 상가청소 가격,incheon-bupyeong-gu-store-cleaning-price,PASS,100,,인천 부평구 상가청소 가격 | 현장별 청소 정보,인천 부평구 상가청소를 알아보는 분을 위한 안내입니다. 인천 부평구 상가청소 가격 작업 전 확인사항부터 마무리 점검까지 자세히 정리했습니다.,https://clever-griffin-93819d.netlify.app/incheon-bupyeong-gu-store-cleaning-price/,인천 부평구 상가청소 가격,12
인천 부평구 상가청소 비용,incheon-bupyeong-gu-store-cleaning-cost,PASS,100,,인천 부평구 상가청소 비용 | 현장별 청소 정보,인천 부평구 상가청소를 알아보는 분을 위한 안내입니다. 인천 부평구 상가청소 비용 작업 전 확인사항부터 마무리 점검까지 자세히 정리했습니다.,https://clever-griffin-93819d.netlify.app/incheon-bupyeong-gu-store-cleaning-cost/,인천 부평구 상가청소 비용,12
인천 부평구 상가청소 견적,incheon-bupyeong-gu-store-cleaning-quote,PASS,100,,인천 부평구 상가청소 견적 - 청소 작업 안내,"인천 부평구 상가청소 견적 작업 범위와 준비사항, 진행 순서, 확인 항목을 정리했습니다. 인천 부평구 상가청소 현장에 맞춰 필요한 청소 내용을 확인해보세요.",https://clever-griffin-93819d.netlify.app/incheon-bupyeong-gu-store-cleaning-quote/,인천 부평구 상가청소 견적,12
인천 부평구 사무실청소,incheon-bupyeong-gu-office-cleaning,PASS,100,,인천 부평구 사무실청소 - 청소 작업 안내,인천 부평구 사무실청소를 알아보는 분을 위한 안내입니다. 인천 부평구 사무실청소 작업 전 확인사항부터 마무리 점검까지 자세히 정리했습니다.,https://clever-griffin-93819d.netlify.app/incheon-bupyeong-gu-office-cleaning/,인천 부평구 사무실청소,12
인천 부평구 사무실청소 전문업체,incheon-bupyeong-gu-office-cleaning-company,PASS,100,,인천 부평구 사무실청소 전문업체 | 현장별 청소 정보,인천 부평구 사무실청소를 알아보는 분을 위한 안내입니다. 인천 부평구 사무실청소 전문업체 작업 전 확인사항부터 마무리 점검까지 자세히 정리했습니다.,https://clever-griffin-93819d.netlify.app/incheon-bupyeong-gu-office-cleaning-company/,인천 부평구 사무실청소 전문업체,12
인천 부평구 사무실청소 잘하는곳,incheon-bupyeong-gu-office-cleaning-best,PASS,100,,인천 부평구 사무실청소 잘하는곳 | 현장별 청소 정보,"인천 부평구 사무실청소 잘하는곳 작업 범위와 준비사항, 진행 순서, 확인 항목을 정리했습니다. 인천 부평구 사무실청소 현장에 맞춰 필요한 청소 내용을 확인해보세요.",https://clever-griffin-93819d.netlify.app/incheon-bupyeong-gu-office-cleaning-best/,인천 부평구 사무실청소 잘하는곳,12
인천 부평구 사무실청소 가격,incheon-bupyeong-gu-office-cleaning-price,PASS,100,,인천 부평구 사무실청소 가격 | 현장별 청소 정보,인천 부평구 사무실청소를 알아보는 분을 위한 안내입니다. 인천 부평구 사무실청소 가격 작업 전 확인사항부터 마무리 점검까지 자세히 정리했습니다.,https://clever-griffin-93819d.netlify.app/incheon-bupyeong-gu-office-cleaning-price/,인천 부평구 사무실청소 가격,12
인천 부평구 사무실청소 비용,incheon-bupyeong-gu-office-cleaning-cost,PASS,100,,인천 부평구 사무실청소 비용 | 현장별 청소 정보,인천 부평구 사무실청소 비용 관련 청소 과정과 체크포인트를 안내합니다. 공간 상태와 오염 범위를 확인한 뒤 현장에 맞는 작업을 진행합니다.,https://clever-griffin-93819d.netlify.app/incheon-bupyeong-gu-office-cleaning-cost/,인천 부평구 사무실청소 비용,12
인천 부평구 사무실청소 견적,incheon-bupyeong-gu-office-cleaning-quote,PASS,100,,인천 부평구 사무실청소 견적 | 체인지클린,인천 부평구 사무실청소를 알아보는 분을 위한 안내입니다. 인천 부평구 사무실청소 견적 작업 전 확인사항부터 마무리 점검까지 자세히 정리했습니다.,https://clever-griffin-93819d.netlify.app/incheon-bupyeong-gu-office-cleaning-quote/,인천 부평구 사무실청소 견적,12
인천 부평구 빌라청소,incheon-bupyeong-gu-villa-cleaning,PASS,100,,인천 부평구 빌라청소 | 현장별 청소 정보,인천 부평구 빌라청소 관련 청소 과정과 체크포인트를 안내합니다. 공간 상태와 오염 범위를 확인한 뒤 현장에 맞는 작업을 진행합니다.,https://clever-griffin-93819d.netlify.app/incheon-bupyeong-gu-villa-cleaning/,인천 부평구 빌라청소,12
인천 부평구 빌라청소 전문업체,incheon-bupyeong-gu-villa-cleaning-company,PASS,100,,인천 부평구 빌라청소 전문업체 | 현장별 청소 정보,인천 부평구 빌라청소 전문업체 관련 청소 과정과 체크포인트를 안내합니다. 공간 상태와 오염 범위를 확인한 뒤 현장에 맞는 작업을 진행합니다.,https://clever-griffin-93819d.netlify.app/incheon-bupyeong-gu-villa-cleaning-company/,인천 부평구 빌라청소 전문업체,12
인천 부평구 빌라청소 잘하는곳,incheon-bupyeong-gu-villa-cleaning-best,PASS,100,,인천 부평구 빌라청소 잘하는곳 - 청소 작업 안내,인천 부평구 빌라청소를 알아보는 분을 위한 안내입니다. 인천 부평구 빌라청소 잘하는곳 작업 전 확인사항부터 마무리 점검까지 자세히 정리했습니다.,https://clever-griffin-93819d.netlify.app/incheon-bupyeong-gu-villa-cleaning-best/,인천 부평구 빌라청소 잘하는곳,12
인천 부평구 빌라청소 가격,incheon-bupyeong-gu-villa-cleaning-price,PASS,100,,인천 부평구 빌라청소 가격 - 청소 작업 안내,"인천 부평구 빌라청소 가격 작업 범위와 준비사항, 진행 순서, 확인 항목을 정리했습니다. 인천 부평구 빌라청소 현장에 맞춰 필요한 청소 내용을 확인해보세요.",https://clever-griffin-93819d.netlify.app/incheon-bupyeong-gu-villa-cleaning-price/,인천 부평구 빌라청소 가격,12
인천 부평구 빌라청소 비용,incheon-bupyeong-gu-villa-cleaning-cost,PASS,100,,인천 부평구 빌라청소 비용 | 현장별 청소 정보,인천 부평구 빌라청소 비용 관련 청소 과정과 체크포인트를 안내합니다. 공간 상태와 오염 범위를 확인한 뒤 현장에 맞는 작업을 진행합니다.,https://clever-griffin-93819d.netlify.app/incheon-bupyeong-gu-villa-cleaning-cost/,인천 부평구 빌라청소 비용,12
인천 부평구 빌라청소 견적,incheon-bupyeong-gu-villa-cleaning-quote,PASS,100,,인천 부평구 빌라청소 견적 | 현장별 청소 정보,"인천 부평구 빌라청소 견적 작업 범위와 준비사항, 진행 순서, 확인 항목을 정리했습니다. 인천 부평구 빌라청소 현장에 맞춰 필요한 청소 내용을 확인해보세요.",https://clever-griffin-93819d.netlify.app/incheon-bupyeong-gu-villa-cleaning-quote/,인천 부평구 빌라청소 견적,12
인천 부평구 아파트청소,incheon-bupyeong-gu-apartment-cleaning,PASS,100,,인천 부평구 아파트청소 | 체인지클린,인천 부평구 아파트청소를 알아보는 분을 위한 안내입니다. 인천 부평구 아파트청소 작업 전 확인사항부터 마무리 점검까지 자세히 정리했습니다.,https://clever-griffin-93819d.netlify.app/incheon-bupyeong-gu-apartment-cleaning/,인천 부평구 아파트청소,12
인천 부평구 아파트청소 전문업체,incheon-bupyeong-gu-apartment-cleaning-company,PASS,100,,인천 부평구 아파트청소 전문업체 - 청소 작업 안내,"인천 부평구 아파트청소 전문업체 작업 범위와 준비사항, 진행 순서, 확인 항목을 정리했습니다. 인천 부평구 아파트청소 현장에 맞춰 필요한 청소 내용을 확인해보세요.",https://clever-griffin-93819d.netlify.app/incheon-bupyeong-gu-apartment-cleaning-company/,인천 부평구 아파트청소 전문업체,12
인천 부평구 아파트청소 잘하는곳,incheon-bupyeong-gu-apartment-cleaning-best,PASS,100,,인천 부평구 아파트청소 잘하는곳 | 체인지클린,인천 부평구 아파트청소를 알아보는 분을 위한 안내입니다. 인천 부평구 아파트청소 잘하는곳 작업 전 확인사항부터 마무리 점검까지 자세히 정리했습니다.,https://clever-griffin-93819d.netlify.app/incheon-bupyeong-gu-apartment-cleaning-best/,인천 부평구 아파트청소 잘하는곳,12
인천 부평구 아파트청소 가격,incheon-bupyeong-gu-apartment-cleaning-price,PASS,100,,인천 부평구 아파트청소 가격 | 체인지클린,인천 부평구 아파트청소를 알아보는 분을 위한 안내입니다. 인천 부평구 아파트청소 가격 작업 전 확인사항부터 마무리 점검까지 자세히 정리했습니다.,https://clever-griffin-93819d.netlify.app/incheon-bupyeong-gu-apartment-cleaning-price/,인천 부평구 아파트청소 가격,12
인천 부평구 아파트청소 비용,incheon-bupyeong-gu-apartment-cleaning-cost,PASS,100,,인천 부평구 아파트청소 비용 - 청소 작업 안내,"인천 부평구 아파트청소 비용 작업 범위와 준비사항, 진행 순서, 확인 항목을 정리했습니다. 인천 부평구 아파트청소 현장에 맞춰 필요한 청소 내용을 확인해보세요.",https://clever-griffin-93819d.netlify.app/incheon-bupyeong-gu-apartment-cleaning-cost/,인천 부평구 아파트청소 비용,12
인천 부평구 아파트청소 견적,incheon-bupyeong-gu-apartment-cleaning-quote,PASS,100,,인천 부평구 아파트청소 견적 | 현장별 청소 정보,인천 부평구 아파트청소 견적 관련 청소 과정과 체크포인트를 안내합니다. 공간 상태와 오염 범위를 확인한 뒤 현장에 맞는 작업을 진행합니다.,https://clever-griffin-93819d.netlify.app/incheon-bupyeong-gu-apartment-cleaning-quote/,인천 부평구 아파트청소 견적,12
인천 부평구 오피스텔청소,incheon-bupyeong-gu-officetel-cleaning,PASS,100,,인천 부평구 오피스텔청소 | 현장별 청소 정보,인천 부평구 오피스텔청소를 알아보는 분을 위한 안내입니다. 인천 부평구 오피스텔청소 작업 전 확인사항부터 마무리 점검까지 자세히 정리했습니다.,https://clever-griffin-93819d.netlify.app/incheon-bupyeong-gu-officetel-cleaning/,인천 부평구 오피스텔청소,12
인천 부평구 오피스텔청소 전문업체,incheon-bupyeong-gu-officetel-cleaning-company,PASS,100,,인천 부평구 오피스텔청소 전문업체 - 청소 작업 안내,인천 부평구 오피스텔청소를 알아보는 분을 위한 안내입니다. 인천 부평구 오피스텔청소 전문업체 작업 전 확인사항부터 마무리 점검까지 자세히 정리했습니다.,https://clever-griffin-93819d.netlify.app/incheon-bupyeong-gu-officetel-cleaning-company/,인천 부평구 오피스텔청소 전문업체,12
인천 부평구 오피스텔청소 잘하는곳,incheon-bupyeong-gu-officetel-cleaning-best,PASS,100,,인천 부평구 오피스텔청소 잘하는곳 | 현장별 청소 정보,"인천 부평구 오피스텔청소 잘하는곳 작업 범위와 준비사항, 진행 순서, 확인 항목을 정리했습니다. 인천 부평구 오피스텔청소 현장에 맞춰 필요한 청소 내용을 확인해보세요.",https://clever-griffin-93819d.netlify.app/incheon-bupyeong-gu-officetel-cleaning-best/,인천 부평구 오피스텔청소 잘하는곳,12
인천 부평구 오피스텔청소 가격,incheon-bupyeong-gu-officetel-cleaning-price,PASS,100,,인천 부평구 오피스텔청소 가격 | 현장별 청소 정보,"인천 부평구 오피스텔청소 가격 작업 범위와 준비사항, 진행 순서, 확인 항목을 정리했습니다. 인천 부평구 오피스텔청소 현장에 맞춰 필요한 청소 내용을 확인해보세요.",https://clever-griffin-93819d.netlify.app/incheon-bupyeong-gu-officetel-cleaning-price/,인천 부평구 오피스텔청소 가격,12
인천 부평구 오피스텔청소 비용,incheon-bupyeong-gu-officetel-cleaning-cost,PASS,100,,인천 부평구 오피스텔청소 비용 | 현장별 청소 정보,"인천 부평구 오피스텔청소 비용 작업 범위와 준비사항, 진행 순서, 확인 항목을 정리했습니다. 인천 부평구 오피스텔청소 현장에 맞춰 필요한 청소 내용을 확인해보세요.",https://clever-griffin-93819d.netlify.app/incheon-bupyeong-gu-officetel-cleaning-cost/,인천 부평구 오피스텔청소 비용,12
인천 부평구 오피스텔청소 견적,incheon-bupyeong-gu-officetel-cleaning-quote,PASS,100,,인천 부평구 오피스텔청소 견적 - 청소 작업 안내,인천 부평구 오피스텔청소를 알아보는 분을 위한 안내입니다. 인천 부평구 오피스텔청소 견적 작업 전 확인사항부터 마무리 점검까지 자세히 정리했습니다.,https://clever-griffin-93819d.netlify.app/incheon-bupyeong-gu-officetel-cleaning-quote/,인천 부평구 오피스텔청소 견적,12
인천 부평구 거주청소,incheon-bupyeong-gu-home-cleaning,PASS,100,,인천 부평구 거주청소 - 청소 작업 안내,"인천 부평구 거주청소 작업 범위와 준비사항, 진행 순서, 확인 항목을 정리했습니다. 인천 부평구 거주청소 현장에 맞춰 필요한 청소 내용을 확인해보세요.",https://clever-griffin-93819d.netlify.app/incheon-bupyeong-gu-home-cleaning/,인천 부평구 거주청소,12
인천 부평구 거주청소 전문업체,incheon-bupyeong-gu-home-cleaning-company,PASS,100,,인천 부평구 거주청소 전문업체 | 현장별 청소 정보,인천 부평구 거주청소 전문업체 관련 청소 과정과 체크포인트를 안내합니다. 공간 상태와 오염 범위를 확인한 뒤 현장에 맞는 작업을 진행합니다.,https://clever-griffin-93819d.netlify.app/incheon-bupyeong-gu-home-cleaning-company/,인천 부평구 거주청소 전문업체,12
인천 부평구 거주청소 잘하는곳,incheon-bupyeong-gu-home-cleaning-best,PASS,100,,인천 부평구 거주청소 잘하는곳 | 체인지클린,"인천 부평구 거주청소 잘하는곳 작업 범위와 준비사항, 진행 순서, 확인 항목을 정리했습니다. 인천 부평구 거주청소 현장에 맞춰 필요한 청소 내용을 확인해보세요.",https://clever-griffin-93819d.netlify.app/incheon-bupyeong-gu-home-cleaning-best/,인천 부평구 거주청소 잘하는곳,12
인천 부평구 거주청소 가격,incheon-bupyeong-gu-home-cleaning-price,PASS,100,,인천 부평구 거주청소 가격 | 현장별 청소 정보,인천 부평구 거주청소를 알아보는 분을 위한 안내입니다. 인천 부평구 거주청소 가격 작업 전 확인사항부터 마무리 점검까지 자세히 정리했습니다.,https://clever-griffin-93819d.netlify.app/incheon-bupyeong-gu-home-cleaning-price/,인천 부평구 거주청소 가격,12
인천 부평구 거주청소 비용,incheon-bupyeong-gu-home-cleaning-cost,PASS,100,,인천 부평구 거주청소 비용 | 현장별 청소 정보,인천 부평구 거주청소 비용 관련 청소 과정과 체크포인트를 안내합니다. 공간 상태와 오염 범위를 확인한 뒤 현장에 맞는 작업을 진행합니다.,https://clever-griffin-93819d.netlify.app/incheon-bupyeong-gu-home-cleaning-cost/,인천 부평구 거주청소 비용,12
인천 부평구 거주청소 견적,incheon-bupyeong-gu-home-cleaning-quote,PASS,100,,인천 부평구 거주청소 견적 | 체인지클린,인천 부평구 거주청소를 알아보는 분을 위한 안내입니다. 인천 부평구 거주청소 견적 작업 전 확인사항부터 마무리 점검까지 자세히 정리했습니다.,https://clever-griffin-93819d.netlify.app/incheon-bupyeong-gu-home-cleaning-quote/,인천 부평구 거주청소 견적,12
인천 계양구 입주청소,incheon-gyeyang-gu-move-in-cleaning,PASS,100,,인천 계양구 입주청소 | 현장별 청소 정보,인천 계양구 입주청소 관련 청소 과정과 체크포인트를 안내합니다. 공간 상태와 오염 범위를 확인한 뒤 현장에 맞는 작업을 진행합니다.,https://clever-griffin-93819d.netlify.app/incheon-gyeyang-gu-move-in-cleaning/,인천 계양구 입주청소,12
인천 계양구 입주청소 전문업체,incheon-gyeyang-gu-move-in-cleaning-company,PASS,100,,인천 계양구 입주청소 전문업체 | 현장별 청소 정보,인천 계양구 입주청소 전문업체 관련 청소 과정과 체크포인트를 안내합니다. 공간 상태와 오염 범위를 확인한 뒤 현장에 맞는 작업을 진행합니다.,https://clever-griffin-93819d.netlify.app/incheon-gyeyang-gu-move-in-cleaning-company/,인천 계양구 입주청소 전문업체,12
인천 계양구 입주청소 잘하는곳,incheon-gyeyang-gu-move-in-cleaning-best,PASS,100,,인천 계양구 입주청소 잘하는곳 | 현장별 청소 정보,"인천 계양구 입주청소 잘하는곳 작업 범위와 준비사항, 진행 순서, 확인 항목을 정리했습니다. 인천 계양구 입주청소 현장에 맞춰 필요한 청소 내용을 확인해보세요.",https://clever-griffin-93819d.netlify.app/incheon-gyeyang-gu-move-in-cleaning-best/,인천 계양구 입주청소 잘하는곳,12
인천 계양구 입주청소 가격,incheon-gyeyang-gu-move-in-cleaning-price,PASS,100,,인천 계양구 입주청소 가격 - 청소 작업 안내,인천 계양구 입주청소 가격 관련 청소 과정과 체크포인트를 안내합니다. 공간 상태와 오염 범위를 확인한 뒤 현장에 맞는 작업을 진행합니다.,https://clever-griffin-93819d.netlify.app/incheon-gyeyang-gu-move-in-cleaning-price/,인천 계양구 입주청소 가격,12
인천 계양구 입주청소 비용,incheon-gyeyang-gu-move-in-cleaning-cost,PASS,100,,인천 계양구 입주청소 비용 | 체인지클린,인천 계양구 입주청소 비용 관련 청소 과정과 체크포인트를 안내합니다. 공간 상태와 오염 범위를 확인한 뒤 현장에 맞는 작업을 진행합니다.,https://clever-griffin-93819d.netlify.app/incheon-gyeyang-gu-move-in-cleaning-cost/,인천 계양구 입주청소 비용,12
인천 계양구 입주청소 견적,incheon-gyeyang-gu-move-in-cleaning-quote,PASS,100,,인천 계양구 입주청소 견적 | 현장별 청소 정보,"인천 계양구 입주청소 견적 작업 범위와 준비사항, 진행 순서, 확인 항목을 정리했습니다. 인천 계양구 입주청소 현장에 맞춰 필요한 청소 내용을 확인해보세요.",https://clever-griffin-93819d.netlify.app/incheon-gyeyang-gu-move-in-cleaning-quote/,인천 계양구 입주청소 견적,12
인천 계양구 이사청소,incheon-gyeyang-gu-move-out-cleaning,PASS,100,,인천 계양구 이사청소 | 현장별 청소 정보,"인천 계양구 이사청소 작업 범위와 준비사항, 진행 순서, 확인 항목을 정리했습니다. 인천 계양구 이사청소 현장에 맞춰 필요한 청소 내용을 확인해보세요.",https://clever-griffin-93819d.netlify.app/incheon-gyeyang-gu-move-out-cleaning/,인천 계양구 이사청소,12
인천 계양구 이사청소 전문업체,incheon-gyeyang-gu-move-out-cleaning-company,PASS,100,,인천 계양구 이사청소 전문업체 - 청소 작업 안내,"인천 계양구 이사청소 전문업체 작업 범위와 준비사항, 진행 순서, 확인 항목을 정리했습니다. 인천 계양구 이사청소 현장에 맞춰 필요한 청소 내용을 확인해보세요.",https://clever-griffin-93819d.netlify.app/incheon-gyeyang-gu-move-out-cleaning-company/,인천 계양구 이사청소 전문업체,12
인천 계양구 이사청소 잘하는곳,incheon-gyeyang-gu-move-out-cleaning-best,PASS,100,,인천 계양구 이사청소 잘하는곳 | 현장별 청소 정보,"인천 계양구 이사청소 잘하는곳 작업 범위와 준비사항, 진행 순서, 확인 항목을 정리했습니다. 인천 계양구 이사청소 현장에 맞춰 필요한 청소 내용을 확인해보세요.",https://clever-griffin-93819d.netlify.app/incheon-gyeyang-gu-move-out-cleaning-best/,인천 계양구 이사청소 잘하는곳,12
인천 계양구 이사청소 가격,incheon-gyeyang-gu-move-out-cleaning-price,PASS,100,,인천 계양구 이사청소 가격 | 체인지클린,"인천 계양구 이사청소 가격 작업 범위와 준비사항, 진행 순서, 확인 항목을 정리했습니다. 인천 계양구 이사청소 현장에 맞춰 필요한 청소 내용을 확인해보세요.",https://clever-griffin-93819d.netlify.app/incheon-gyeyang-gu-move-out-cleaning-price/,인천 계양구 이사청소 가격,12
인천 계양구 이사청소 비용,incheon-gyeyang-gu-move-out-cleaning-cost,PASS,100,,인천 계양구 이사청소 비용 - 청소 작업 안내,인천 계양구 이사청소 비용 관련 청소 과정과 체크포인트를 안내합니다. 공간 상태와 오염 범위를 확인한 뒤 현장에 맞는 작업을 진행합니다.,https://clever-griffin-93819d.netlify.app/incheon-gyeyang-gu-move-out-cleaning-cost/,인천 계양구 이사청소 비용,12
인천 계양구 이사청소 견적,incheon-gyeyang-gu-move-out-cleaning-quote,PASS,100,,인천 계양구 이사청소 견적 - 청소 작업 안내,인천 계양구 이사청소를 알아보는 분을 위한 안내입니다. 인천 계양구 이사청소 견적 작업 전 확인사항부터 마무리 점검까지 자세히 정리했습니다.,https://clever-griffin-93819d.netlify.app/incheon-gyeyang-gu-move-out-cleaning-quote/,인천 계양구 이사청소 견적,12
인천 계양구 준공청소,incheon-gyeyang-gu-post-construction-cleaning,CHECK,96,title 길이 확인,인천 계양구 준공청소 | 체인지클린,"인천 계양구 준공청소 작업 범위와 준비사항, 진행 순서, 확인 항목을 정리했습니다. 인천 계양구 준공청소 현장에 맞춰 필요한 청소 내용을 확인해보세요.",https://clever-griffin-93819d.netlify.app/incheon-gyeyang-gu-post-construction-cleaning/,인천 계양구 준공청소,12
인천 계양구 준공청소 전문업체,incheon-gyeyang-gu-post-construction-cleaning-company,PASS,100,,인천 계양구 준공청소 전문업체 | 체인지클린,"인천 계양구 준공청소 전문업체 작업 범위와 준비사항, 진행 순서, 확인 항목을 정리했습니다. 인천 계양구 준공청소 현장에 맞춰 필요한 청소 내용을 확인해보세요.",https://clever-griffin-93819d.netlify.app/incheon-gyeyang-gu-post-construction-cleaning-company/,인천 계양구 준공청소 전문업체,12
인천 계양구 준공청소 잘하는곳,incheon-gyeyang-gu-post-construction-cleaning-best,PASS,100,,인천 계양구 준공청소 잘하는곳 | 체인지클린,인천 계양구 준공청소를 알아보는 분을 위한 안내입니다. 인천 계양구 준공청소 잘하는곳 작업 전 확인사항부터 마무리 점검까지 자세히 정리했습니다.,https://clever-griffin-93819d.netlify.app/incheon-gyeyang-gu-post-construction-cleaning-best/,인천 계양구 준공청소 잘하는곳,12
인천 계양구 준공청소 가격,incheon-gyeyang-gu-post-construction-cleaning-price,PASS,100,,인천 계양구 준공청소 가격 | 체인지클린,인천 계양구 준공청소를 알아보는 분을 위한 안내입니다. 인천 계양구 준공청소 가격 작업 전 확인사항부터 마무리 점검까지 자세히 정리했습니다.,https://clever-griffin-93819d.netlify.app/incheon-gyeyang-gu-post-construction-cleaning-price/,인천 계양구 준공청소 가격,12
인천 계양구 준공청소 비용,incheon-gyeyang-gu-post-construction-cleaning-cost,PASS,100,,인천 계양구 준공청소 비용 | 체인지클린,인천 계양구 준공청소 비용 관련 청소 과정과 체크포인트를 안내합니다. 공간 상태와 오염 범위를 확인한 뒤 현장에 맞는 작업을 진행합니다.,https://clever-griffin-93819d.netlify.app/incheon-gyeyang-gu-post-construction-cleaning-cost/,인천 계양구 준공청소 비용,12
인천 계양구 준공청소 견적,incheon-gyeyang-gu-post-construction-cleaning-quote,PASS,100,,인천 계양구 준공청소 견적 | 현장별 청소 정보,"인천 계양구 준공청소 견적 작업 범위와 준비사항, 진행 순서, 확인 항목을 정리했습니다. 인천 계양구 준공청소 현장에 맞춰 필요한 청소 내용을 확인해보세요.",https://clever-griffin-93819d.netlify.app/incheon-gyeyang-gu-post-construction-cleaning-quote/,인천 계양구 준공청소 견적,12
인천 계양구 상가청소,incheon-gyeyang-gu-store-cleaning,PASS,100,,인천 계양구 상가청소 | 현장별 청소 정보,인천 계양구 상가청소 관련 청소 과정과 체크포인트를 안내합니다. 공간 상태와 오염 범위를 확인한 뒤 현장에 맞는 작업을 진행합니다.,https://clever-griffin-93819d.netlify.app/incheon-gyeyang-gu-store-cleaning/,인천 계양구 상가청소,12
인천 계양구 상가청소 전문업체,incheon-gyeyang-gu-store-cleaning-company,PASS,100,,인천 계양구 상가청소 전문업체 | 체인지클린,인천 계양구 상가청소를 알아보는 분을 위한 안내입니다. 인천 계양구 상가청소 전문업체 작업 전 확인사항부터 마무리 점검까지 자세히 정리했습니다.,https://clever-griffin-93819d.netlify.app/incheon-gyeyang-gu-store-cleaning-company/,인천 계양구 상가청소 전문업체,12
인천 계양구 상가청소 잘하는곳,incheon-gyeyang-gu-store-cleaning-best,PASS,100,,인천 계양구 상가청소 잘하는곳 | 현장별 청소 정보,인천 계양구 상가청소 잘하는곳 관련 청소 과정과 체크포인트를 안내합니다. 공간 상태와 오염 범위를 확인한 뒤 현장에 맞는 작업을 진행합니다.,https://clever-griffin-93819d.netlify.app/incheon-gyeyang-gu-store-cleaning-best/,인천 계양구 상가청소 잘하는곳,12
인천 계양구 상가청소 가격,incheon-gyeyang-gu-store-cleaning-price,PASS,100,,인천 계양구 상가청소 가격 - 청소 작업 안내,"인천 계양구 상가청소 가격 작업 범위와 준비사항, 진행 순서, 확인 항목을 정리했습니다. 인천 계양구 상가청소 현장에 맞춰 필요한 청소 내용을 확인해보세요.",https://clever-griffin-93819d.netlify.app/incheon-gyeyang-gu-store-cleaning-price/,인천 계양구 상가청소 가격,12
인천 계양구 상가청소 비용,incheon-gyeyang-gu-store-cleaning-cost,PASS,100,,인천 계양구 상가청소 비용 | 현장별 청소 정보,인천 계양구 상가청소 비용 관련 청소 과정과 체크포인트를 안내합니다. 공간 상태와 오염 범위를 확인한 뒤 현장에 맞는 작업을 진행합니다.,https://clever-griffin-93819d.netlify.app/incheon-gyeyang-gu-store-cleaning-cost/,인천 계양구 상가청소 비용,12
인천 계양구 상가청소 견적,incheon-gyeyang-gu-store-cleaning-quote,PASS,100,,인천 계양구 상가청소 견적 - 청소 작업 안내,"인천 계양구 상가청소 견적 작업 범위와 준비사항, 진행 순서, 확인 항목을 정리했습니다. 인천 계양구 상가청소 현장에 맞춰 필요한 청소 내용을 확인해보세요.",https://clever-griffin-93819d.netlify.app/incheon-gyeyang-gu-store-cleaning-quote/,인천 계양구 상가청소 견적,12
인천 계양구 사무실청소,incheon-gyeyang-gu-office-cleaning,PASS,100,,인천 계양구 사무실청소 | 현장별 청소 정보,인천 계양구 사무실청소 관련 청소 과정과 체크포인트를 안내합니다. 공간 상태와 오염 범위를 확인한 뒤 현장에 맞는 작업을 진행합니다.,https://clever-griffin-93819d.netlify.app/incheon-gyeyang-gu-office-cleaning/,인천 계양구 사무실청소,12
인천 계양구 사무실청소 전문업체,incheon-gyeyang-gu-office-cleaning-company,PASS,100,,인천 계양구 사무실청소 전문업체 | 체인지클린,"인천 계양구 사무실청소 전문업체 작업 범위와 준비사항, 진행 순서, 확인 항목을 정리했습니다. 인천 계양구 사무실청소 현장에 맞춰 필요한 청소 내용을 확인해보세요.",https://clever-griffin-93819d.netlify.app/incheon-gyeyang-gu-office-cleaning-company/,인천 계양구 사무실청소 전문업체,12
인천 계양구 사무실청소 잘하는곳,incheon-gyeyang-gu-office-cleaning-best,PASS,100,,인천 계양구 사무실청소 잘하는곳 | 현장별 청소 정보,인천 계양구 사무실청소를 알아보는 분을 위한 안내입니다. 인천 계양구 사무실청소 잘하는곳 작업 전 확인사항부터 마무리 점검까지 자세히 정리했습니다.,https://clever-griffin-93819d.netlify.app/incheon-gyeyang-gu-office-cleaning-best/,인천 계양구 사무실청소 잘하는곳,12
인천 계양구 사무실청소 가격,incheon-gyeyang-gu-office-cleaning-price,PASS,100,,인천 계양구 사무실청소 가격 | 체인지클린,인천 계양구 사무실청소를 알아보는 분을 위한 안내입니다. 인천 계양구 사무실청소 가격 작업 전 확인사항부터 마무리 점검까지 자세히 정리했습니다.,https://clever-griffin-93819d.netlify.app/incheon-gyeyang-gu-office-cleaning-price/,인천 계양구 사무실청소 가격,12
인천 계양구 사무실청소 비용,incheon-gyeyang-gu-office-cleaning-cost,PASS,100,,인천 계양구 사무실청소 비용 | 체인지클린,인천 계양구 사무실청소를 알아보는 분을 위한 안내입니다. 인천 계양구 사무실청소 비용 작업 전 확인사항부터 마무리 점검까지 자세히 정리했습니다.,https://clever-griffin-93819d.netlify.app/incheon-gyeyang-gu-office-cleaning-cost/,인천 계양구 사무실청소 비용,12
인천 계양구 사무실청소 견적,incheon-gyeyang-gu-office-cleaning-quote,PASS,100,,인천 계양구 사무실청소 견적 | 현장별 청소 정보,인천 계양구 사무실청소를 알아보는 분을 위한 안내입니다. 인천 계양구 사무실청소 견적 작업 전 확인사항부터 마무리 점검까지 자세히 정리했습니다.,https://clever-griffin-93819d.netlify.app/incheon-gyeyang-gu-office-cleaning-quote/,인천 계양구 사무실청소 견적,12
인천 계양구 빌라청소,incheon-gyeyang-gu-villa-cleaning,PASS,100,,인천 계양구 빌라청소 - 청소 작업 안내,인천 계양구 빌라청소 관련 청소 과정과 체크포인트를 안내합니다. 공간 상태와 오염 범위를 확인한 뒤 현장에 맞는 작업을 진행합니다.,https://clever-griffin-93819d.netlify.app/incheon-gyeyang-gu-villa-cleaning/,인천 계양구 빌라청소,12
인천 계양구 빌라청소 전문업체,incheon-gyeyang-gu-villa-cleaning-company,PASS,100,,인천 계양구 빌라청소 전문업체 - 청소 작업 안내,"인천 계양구 빌라청소 전문업체 작업 범위와 준비사항, 진행 순서, 확인 항목을 정리했습니다. 인천 계양구 빌라청소 현장에 맞춰 필요한 청소 내용을 확인해보세요.",https://clever-griffin-93819d.netlify.app/incheon-gyeyang-gu-villa-cleaning-company/,인천 계양구 빌라청소 전문업체,12
인천 계양구 빌라청소 잘하는곳,incheon-gyeyang-gu-villa-cleaning-best,PASS,100,,인천 계양구 빌라청소 잘하는곳 | 체인지클린,인천 계양구 빌라청소를 알아보는 분을 위한 안내입니다. 인천 계양구 빌라청소 잘하는곳 작업 전 확인사항부터 마무리 점검까지 자세히 정리했습니다.,https://clever-griffin-93819d.netlify.app/incheon-gyeyang-gu-villa-cleaning-best/,인천 계양구 빌라청소 잘하는곳,12
인천 계양구 빌라청소 가격,incheon-gyeyang-gu-villa-cleaning-price,PASS,100,,인천 계양구 빌라청소 가격 | 체인지클린,인천 계양구 빌라청소를 알아보는 분을 위한 안내입니다. 인천 계양구 빌라청소 가격 작업 전 확인사항부터 마무리 점검까지 자세히 정리했습니다.,https://clever-griffin-93819d.netlify.app/incheon-gyeyang-gu-villa-cleaning-price/,인천 계양구 빌라청소 가격,12
인천 계양구 빌라청소 비용,incheon-gyeyang-gu-villa-cleaning-cost,PASS,100,,인천 계양구 빌라청소 비용 | 체인지클린,인천 계양구 빌라청소를 알아보는 분을 위한 안내입니다. 인천 계양구 빌라청소 비용 작업 전 확인사항부터 마무리 점검까지 자세히 정리했습니다.,https://clever-griffin-93819d.netlify.app/incheon-gyeyang-gu-villa-cleaning-cost/,인천 계양구 빌라청소 비용,12
인천 계양구 빌라청소 견적,incheon-gyeyang-gu-villa-cleaning-quote,PASS,100,,인천 계양구 빌라청소 견적 | 체인지클린,인천 계양구 빌라청소 견적 관련 청소 과정과 체크포인트를 안내합니다. 공간 상태와 오염 범위를 확인한 뒤 현장에 맞는 작업을 진행합니다.,https://clever-griffin-93819d.netlify.app/incheon-gyeyang-gu-villa-cleaning-quote/,인천 계양구 빌라청소 견적,12
인천 계양구 아파트청소,incheon-gyeyang-gu-apartment-cleaning,PASS,100,,인천 계양구 아파트청소 - 청소 작업 안내,인천 계양구 아파트청소를 알아보는 분을 위한 안내입니다. 인천 계양구 아파트청소 작업 전 확인사항부터 마무리 점검까지 자세히 정리했습니다.,https://clever-griffin-93819d.netlify.app/incheon-gyeyang-gu-apartment-cleaning/,인천 계양구 아파트청소,12
인천 계양구 아파트청소 전문업체,incheon-gyeyang-gu-apartment-cleaning-company,PASS,100,,인천 계양구 아파트청소 전문업체 | 체인지클린,인천 계양구 아파트청소를 알아보는 분을 위한 안내입니다. 인천 계양구 아파트청소 전문업체 작업 전 확인사항부터 마무리 점검까지 자세히 정리했습니다.,https://clever-griffin-93819d.netlify.app/incheon-gyeyang-gu-apartment-cleaning-company/,인천 계양구 아파트청소 전문업체,12
인천 계양구 아파트청소 잘하는곳,incheon-gyeyang-gu-apartment-cleaning-best,PASS,100,,인천 계양구 아파트청소 잘하는곳 | 체인지클린,인천 계양구 아파트청소 잘하는곳 관련 청소 과정과 체크포인트를 안내합니다. 공간 상태와 오염 범위를 확인한 뒤 현장에 맞는 작업을 진행합니다.,https://clever-griffin-93819d.netlify.app/incheon-gyeyang-gu-apartment-cleaning-best/,인천 계양구 아파트청소 잘하는곳,12
인천 계양구 아파트청소 가격,incheon-gyeyang-gu-apartment-cleaning-price,PASS,100,,인천 계양구 아파트청소 가격 | 현장별 청소 정보,인천 계양구 아파트청소를 알아보는 분을 위한 안내입니다. 인천 계양구 아파트청소 가격 작업 전 확인사항부터 마무리 점검까지 자세히 정리했습니다.,https://clever-griffin-93819d.netlify.app/incheon-gyeyang-gu-apartment-cleaning-price/,인천 계양구 아파트청소 가격,12
인천 계양구 아파트청소 비용,incheon-gyeyang-gu-apartment-cleaning-cost,PASS,100,,인천 계양구 아파트청소 비용 - 청소 작업 안내,인천 계양구 아파트청소를 알아보는 분을 위한 안내입니다. 인천 계양구 아파트청소 비용 작업 전 확인사항부터 마무리 점검까지 자세히 정리했습니다.,https://clever-griffin-93819d.netlify.app/incheon-gyeyang-gu-apartment-cleaning-cost/,인천 계양구 아파트청소 비용,12
인천 계양구 아파트청소 견적,incheon-gyeyang-gu-apartment-cleaning-quote,PASS,100,,인천 계양구 아파트청소 견적 | 체인지클린,인천 계양구 아파트청소를 알아보는 분을 위한 안내입니다. 인천 계양구 아파트청소 견적 작업 전 확인사항부터 마무리 점검까지 자세히 정리했습니다.,https://clever-griffin-93819d.netlify.app/incheon-gyeyang-gu-apartment-cleaning-quote/,인천 계양구 아파트청소 견적,12
인천 계양구 오피스텔청소,incheon-gyeyang-gu-officetel-cleaning,PASS,100,,인천 계양구 오피스텔청소 | 현장별 청소 정보,"인천 계양구 오피스텔청소 작업 범위와 준비사항, 진행 순서, 확인 항목을 정리했습니다. 인천 계양구 오피스텔청소 현장에 맞춰 필요한 청소 내용을 확인해보세요.",https://clever-griffin-93819d.netlify.app/incheon-gyeyang-gu-officetel-cleaning/,인천 계양구 오피스텔청소,12
인천 계양구 오피스텔청소 전문업체,incheon-gyeyang-gu-officetel-cleaning-company,PASS,100,,인천 계양구 오피스텔청소 전문업체 - 청소 작업 안내,"인천 계양구 오피스텔청소 전문업체 작업 범위와 준비사항, 진행 순서, 확인 항목을 정리했습니다. 인천 계양구 오피스텔청소 현장에 맞춰 필요한 청소 내용을 확인해보세요.",https://clever-griffin-93819d.netlify.app/incheon-gyeyang-gu-officetel-cleaning-company/,인천 계양구 오피스텔청소 전문업체,12
인천 계양구 오피스텔청소 잘하는곳,incheon-gyeyang-gu-officetel-cleaning-best,PASS,100,,인천 계양구 오피스텔청소 잘하는곳 - 청소 작업 안내,인천 계양구 오피스텔청소 잘하는곳 관련 청소 과정과 체크포인트를 안내합니다. 공간 상태와 오염 범위를 확인한 뒤 현장에 맞는 작업을 진행합니다.,https://clever-griffin-93819d.netlify.app/incheon-gyeyang-gu-officetel-cleaning-best/,인천 계양구 오피스텔청소 잘하는곳,12
인천 계양구 오피스텔청소 가격,incheon-gyeyang-gu-officetel-cleaning-price,PASS,100,,인천 계양구 오피스텔청소 가격 | 체인지클린,"인천 계양구 오피스텔청소 가격 작업 범위와 준비사항, 진행 순서, 확인 항목을 정리했습니다. 인천 계양구 오피스텔청소 현장에 맞춰 필요한 청소 내용을 확인해보세요.",https://clever-griffin-93819d.netlify.app/incheon-gyeyang-gu-officetel-cleaning-price/,인천 계양구 오피스텔청소 가격,12
인천 계양구 오피스텔청소 비용,incheon-gyeyang-gu-officetel-cleaning-cost,PASS,100,,인천 계양구 오피스텔청소 비용 - 청소 작업 안내,인천 계양구 오피스텔청소를 알아보는 분을 위한 안내입니다. 인천 계양구 오피스텔청소 비용 작업 전 확인사항부터 마무리 점검까지 자세히 정리했습니다.,https://clever-griffin-93819d.netlify.app/incheon-gyeyang-gu-officetel-cleaning-cost/,인천 계양구 오피스텔청소 비용,12
인천 계양구 오피스텔청소 견적,incheon-gyeyang-gu-officetel-cleaning-quote,PASS,100,,인천 계양구 오피스텔청소 견적 | 체인지클린,"인천 계양구 오피스텔청소 견적 작업 범위와 준비사항, 진행 순서, 확인 항목을 정리했습니다. 인천 계양구 오피스텔청소 현장에 맞춰 필요한 청소 내용을 확인해보세요.",https://clever-griffin-93819d.netlify.app/incheon-gyeyang-gu-officetel-cleaning-quote/,인천 계양구 오피스텔청소 견적,12
인천 계양구 거주청소,incheon-gyeyang-gu-home-cleaning,PASS,100,,인천 계양구 거주청소 - 청소 작업 안내,인천 계양구 거주청소를 알아보는 분을 위한 안내입니다. 인천 계양구 거주청소 작업 전 확인사항부터 마무리 점검까지 자세히 정리했습니다.,https://clever-griffin-93819d.netlify.app/incheon-gyeyang-gu-home-cleaning/,인천 계양구 거주청소,12
인천 계양구 거주청소 전문업체,incheon-gyeyang-gu-home-cleaning-company,PASS,100,,인천 계양구 거주청소 전문업체 | 체인지클린,인천 계양구 거주청소를 알아보는 분을 위한 안내입니다. 인천 계양구 거주청소 전문업체 작업 전 확인사항부터 마무리 점검까지 자세히 정리했습니다.,https://clever-griffin-93819d.netlify.app/incheon-gyeyang-gu-home-cleaning-company/,인천 계양구 거주청소 전문업체,12
인천 계양구 거주청소 잘하는곳,incheon-gyeyang-gu-home-cleaning-best,PASS,100,,인천 계양구 거주청소 잘하는곳 | 체인지클린,인천 계양구 거주청소 잘하는곳 관련 청소 과정과 체크포인트를 안내합니다. 공간 상태와 오염 범위를 확인한 뒤 현장에 맞는 작업을 진행합니다.,https://clever-griffin-93819d.netlify.app/incheon-gyeyang-gu-home-cleaning-best/,인천 계양구 거주청소 잘하는곳,12
인천 계양구 거주청소 가격,incheon-gyeyang-gu-home-cleaning-price,PASS,100,,인천 계양구 거주청소 가격 | 현장별 청소 정보,"인천 계양구 거주청소 가격 작업 범위와 준비사항, 진행 순서, 확인 항목을 정리했습니다. 인천 계양구 거주청소 현장에 맞춰 필요한 청소 내용을 확인해보세요.",https://clever-griffin-93819d.netlify.app/incheon-gyeyang-gu-home-cleaning-price/,인천 계양구 거주청소 가격,12
인천 계양구 거주청소 비용,incheon-gyeyang-gu-home-cleaning-cost,PASS,100,,인천 계양구 거주청소 비용 | 현장별 청소 정보,인천 계양구 거주청소 비용 관련 청소 과정과 체크포인트를 안내합니다. 공간 상태와 오염 범위를 확인한 뒤 현장에 맞는 작업을 진행합니다.,https://clever-griffin-93819d.netlify.app/incheon-gyeyang-gu-home-cleaning-cost/,인천 계양구 거주청소 비용,12
인천 계양구 거주청소 견적,incheon-gyeyang-gu-home-cleaning-quote,PASS,100,,인천 계양구 거주청소 견적 - 청소 작업 안내,인천 계양구 거주청소 견적 관련 청소 과정과 체크포인트를 안내합니다. 공간 상태와 오염 범위를 확인한 뒤 현장에 맞는 작업을 진행합니다.,https://clever-griffin-93819d.netlify.app/incheon-gyeyang-gu-home-cleaning-quote/,인천 계양구 거주청소 견적,12
인천 서구 입주청소,incheon-seo-gu-move-in-cleaning,PASS,100,,인천 서구 입주청소 | 현장별 청소 정보,인천 서구 입주청소 관련 청소 과정과 체크포인트를 안내합니다. 공간 상태와 오염 범위를 확인한 뒤 현장에 맞는 작업을 진행합니다.,https://clever-griffin-93819d.netlify.app/incheon-seo-gu-move-in-cleaning/,인천 서구 입주청소,12
인천 서구 입주청소 전문업체,incheon-seo-gu-move-in-cleaning-company,PASS,100,,인천 서구 입주청소 전문업체 - 청소 작업 안내,인천 서구 입주청소를 알아보는 분을 위한 안내입니다. 인천 서구 입주청소 전문업체 작업 전 확인사항부터 마무리 점검까지 자세히 정리했습니다.,https://clever-griffin-93819d.netlify.app/incheon-seo-gu-move-in-cleaning-company/,인천 서구 입주청소 전문업체,12
인천 서구 입주청소 잘하는곳,incheon-seo-gu-move-in-cleaning-best,PASS,100,,인천 서구 입주청소 잘하는곳 | 체인지클린,인천 서구 입주청소를 알아보는 분을 위한 안내입니다. 인천 서구 입주청소 잘하는곳 작업 전 확인사항부터 마무리 점검까지 자세히 정리했습니다.,https://clever-griffin-93819d.netlify.app/incheon-seo-gu-move-in-cleaning-best/,인천 서구 입주청소 잘하는곳,12
인천 서구 입주청소 가격,incheon-seo-gu-move-in-cleaning-price,PASS,100,,인천 서구 입주청소 가격 | 현장별 청소 정보,인천 서구 입주청소 가격 관련 청소 과정과 체크포인트를 안내합니다. 공간 상태와 오염 범위를 확인한 뒤 현장에 맞는 작업을 진행합니다.,https://clever-griffin-93819d.netlify.app/incheon-seo-gu-move-in-cleaning-price/,인천 서구 입주청소 가격,12
인천 서구 입주청소 비용,incheon-seo-gu-move-in-cleaning-cost,PASS,100,,인천 서구 입주청소 비용 - 청소 작업 안내,"인천 서구 입주청소 비용 작업 범위와 준비사항, 진행 순서, 확인 항목을 정리했습니다. 인천 서구 입주청소 현장에 맞춰 필요한 청소 내용을 확인해보세요.",https://clever-griffin-93819d.netlify.app/incheon-seo-gu-move-in-cleaning-cost/,인천 서구 입주청소 비용,12
인천 서구 입주청소 견적,incheon-seo-gu-move-in-cleaning-quote,PASS,100,,인천 서구 입주청소 견적 | 체인지클린,인천 서구 입주청소를 알아보는 분을 위한 안내입니다. 인천 서구 입주청소 견적 작업 전 확인사항부터 마무리 점검까지 자세히 정리했습니다.,https://clever-griffin-93819d.netlify.app/incheon-seo-gu-move-in-cleaning-quote/,인천 서구 입주청소 견적,12
인천 서구 이사청소,incheon-seo-gu-move-out-cleaning,CHECK,96,title 길이 확인,인천 서구 이사청소 | 체인지클린,"인천 서구 이사청소 작업 범위와 준비사항, 진행 순서, 확인 항목을 정리했습니다. 인천 서구 이사청소 현장에 맞춰 필요한 청소 내용을 확인해보세요.",https://clever-griffin-93819d.netlify.app/incheon-seo-gu-move-out-cleaning/,인천 서구 이사청소,12
인천 서구 이사청소 전문업체,incheon-seo-gu-move-out-cleaning-company,PASS,100,,인천 서구 이사청소 전문업체 | 체인지클린,인천 서구 이사청소를 알아보는 분을 위한 안내입니다. 인천 서구 이사청소 전문업체 작업 전 확인사항부터 마무리 점검까지 자세히 정리했습니다.,https://clever-griffin-93819d.netlify.app/incheon-seo-gu-move-out-cleaning-company/,인천 서구 이사청소 전문업체,12
인천 서구 이사청소 잘하는곳,incheon-seo-gu-move-out-cleaning-best,PASS,100,,인천 서구 이사청소 잘하는곳 | 체인지클린,인천 서구 이사청소를 알아보는 분을 위한 안내입니다. 인천 서구 이사청소 잘하는곳 작업 전 확인사항부터 마무리 점검까지 자세히 정리했습니다.,https://clever-griffin-93819d.netlify.app/incheon-seo-gu-move-out-cleaning-best/,인천 서구 이사청소 잘하는곳,12
인천 서구 이사청소 가격,incheon-seo-gu-move-out-cleaning-price,PASS,100,,인천 서구 이사청소 가격 | 체인지클린,인천 서구 이사청소 가격 관련 청소 과정과 체크포인트를 안내합니다. 공간 상태와 오염 범위를 확인한 뒤 현장에 맞는 작업을 진행합니다.,https://clever-griffin-93819d.netlify.app/incheon-seo-gu-move-out-cleaning-price/,인천 서구 이사청소 가격,12
인천 서구 이사청소 비용,incheon-seo-gu-move-out-cleaning-cost,PASS,100,,인천 서구 이사청소 비용 - 청소 작업 안내,"인천 서구 이사청소 비용 작업 범위와 준비사항, 진행 순서, 확인 항목을 정리했습니다. 인천 서구 이사청소 현장에 맞춰 필요한 청소 내용을 확인해보세요.",https://clever-griffin-93819d.netlify.app/incheon-seo-gu-move-out-cleaning-cost/,인천 서구 이사청소 비용,12
인천 서구 이사청소 견적,incheon-seo-gu-move-out-cleaning-quote,PASS,100,,인천 서구 이사청소 견적 - 청소 작업 안내,인천 서구 이사청소 견적 관련 청소 과정과 체크포인트를 안내합니다. 공간 상태와 오염 범위를 확인한 뒤 현장에 맞는 작업을 진행합니다.,https://clever-griffin-93819d.netlify.app/incheon-seo-gu-move-out-cleaning-quote/,인천 서구 이사청소 견적,12
인천 서구 준공청소,incheon-seo-gu-post-construction-cleaning,PASS,100,,인천 서구 준공청소 | 현장별 청소 정보,인천 서구 준공청소를 알아보는 분을 위한 안내입니다. 인천 서구 준공청소 작업 전 확인사항부터 마무리 점검까지 자세히 정리했습니다.,https://clever-griffin-93819d.netlify.app/incheon-seo-gu-post-construction-cleaning/,인천 서구 준공청소,12
인천 서구 준공청소 전문업체,incheon-seo-gu-post-construction-cleaning-company,PASS,100,,인천 서구 준공청소 전문업체 | 체인지클린,인천 서구 준공청소 전문업체 관련 청소 과정과 체크포인트를 안내합니다. 공간 상태와 오염 범위를 확인한 뒤 현장에 맞는 작업을 진행합니다.,https://clever-griffin-93819d.netlify.app/incheon-seo-gu-post-construction-cleaning-company/,인천 서구 준공청소 전문업체,12
인천 서구 준공청소 잘하는곳,incheon-seo-gu-post-construction-cleaning-best,PASS,100,,인천 서구 준공청소 잘하는곳 - 청소 작업 안내,인천 서구 준공청소 잘하는곳 관련 청소 과정과 체크포인트를 안내합니다. 공간 상태와 오염 범위를 확인한 뒤 현장에 맞는 작업을 진행합니다.,https://clever-griffin-93819d.netlify.app/incheon-seo-gu-post-construction-cleaning-best/,인천 서구 준공청소 잘하는곳,12
인천 서구 준공청소 가격,incheon-seo-gu-post-construction-cleaning-price,PASS,100,,인천 서구 준공청소 가격 | 현장별 청소 정보,"인천 서구 준공청소 가격 작업 범위와 준비사항, 진행 순서, 확인 항목을 정리했습니다. 인천 서구 준공청소 현장에 맞춰 필요한 청소 내용을 확인해보세요.",https://clever-griffin-93819d.netlify.app/incheon-seo-gu-post-construction-cleaning-price/,인천 서구 준공청소 가격,12
인천 서구 준공청소 비용,incheon-seo-gu-post-construction-cleaning-cost,PASS,100,,인천 서구 준공청소 비용 - 청소 작업 안내,인천 서구 준공청소 비용 관련 청소 과정과 체크포인트를 안내합니다. 공간 상태와 오염 범위를 확인한 뒤 현장에 맞는 작업을 진행합니다.,https://clever-griffin-93819d.netlify.app/incheon-seo-gu-post-construction-cleaning-cost/,인천 서구 준공청소 비용,12
인천 서구 준공청소 견적,incheon-seo-gu-post-construction-cleaning-quote,PASS,100,,인천 서구 준공청소 견적 | 현장별 청소 정보,"인천 서구 준공청소 견적 작업 범위와 준비사항, 진행 순서, 확인 항목을 정리했습니다. 인천 서구 준공청소 현장에 맞춰 필요한 청소 내용을 확인해보세요.",https://clever-griffin-93819d.netlify.app/incheon-seo-gu-post-construction-cleaning-quote/,인천 서구 준공청소 견적,12
인천 서구 상가청소,incheon-seo-gu-store-cleaning,PASS,100,,인천 서구 상가청소 | 현장별 청소 정보,인천 서구 상가청소 관련 청소 과정과 체크포인트를 안내합니다. 공간 상태와 오염 범위를 확인한 뒤 현장에 맞는 작업을 진행합니다.,https://clever-griffin-93819d.netlify.app/incheon-seo-gu-store-cleaning/,인천 서구 상가청소,12
인천 서구 상가청소 전문업체,incheon-seo-gu-store-cleaning-company,PASS,100,,인천 서구 상가청소 전문업체 | 체인지클린,인천 서구 상가청소를 알아보는 분을 위한 안내입니다. 인천 서구 상가청소 전문업체 작업 전 확인사항부터 마무리 점검까지 자세히 정리했습니다.,https://clever-griffin-93819d.netlify.app/incheon-seo-gu-store-cleaning-company/,인천 서구 상가청소 전문업체,12
인천 서구 상가청소 잘하는곳,incheon-seo-gu-store-cleaning-best,PASS,100,,인천 서구 상가청소 잘하는곳 - 청소 작업 안내,인천 서구 상가청소 잘하는곳 관련 청소 과정과 체크포인트를 안내합니다. 공간 상태와 오염 범위를 확인한 뒤 현장에 맞는 작업을 진행합니다.,https://clever-griffin-93819d.netlify.app/incheon-seo-gu-store-cleaning-best/,인천 서구 상가청소 잘하는곳,12
인천 서구 상가청소 가격,incheon-seo-gu-store-cleaning-price,PASS,100,,인천 서구 상가청소 가격 - 청소 작업 안내,"인천 서구 상가청소 가격 작업 범위와 준비사항, 진행 순서, 확인 항목을 정리했습니다. 인천 서구 상가청소 현장에 맞춰 필요한 청소 내용을 확인해보세요.",https://clever-griffin-93819d.netlify.app/incheon-seo-gu-store-cleaning-price/,인천 서구 상가청소 가격,12
인천 서구 상가청소 비용,incheon-seo-gu-store-cleaning-cost,PASS,100,,인천 서구 상가청소 비용 | 현장별 청소 정보,인천 서구 상가청소 비용 관련 청소 과정과 체크포인트를 안내합니다. 공간 상태와 오염 범위를 확인한 뒤 현장에 맞는 작업을 진행합니다.,https://clever-griffin-93819d.netlify.app/incheon-seo-gu-store-cleaning-cost/,인천 서구 상가청소 비용,12
인천 서구 상가청소 견적,incheon-seo-gu-store-cleaning-quote,PASS,100,,인천 서구 상가청소 견적 - 청소 작업 안내,인천 서구 상가청소를 알아보는 분을 위한 안내입니다. 인천 서구 상가청소 견적 작업 전 확인사항부터 마무리 점검까지 자세히 정리했습니다.,https://clever-griffin-93819d.netlify.app/incheon-seo-gu-store-cleaning-quote/,인천 서구 상가청소 견적,12
인천 서구 사무실청소,incheon-seo-gu-office-cleaning,PASS,100,,인천 서구 사무실청소 | 현장별 청소 정보,인천 서구 사무실청소 관련 청소 과정과 체크포인트를 안내합니다. 공간 상태와 오염 범위를 확인한 뒤 현장에 맞는 작업을 진행합니다.,https://clever-griffin-93819d.netlify.app/incheon-seo-gu-office-cleaning/,인천 서구 사무실청소,12
인천 서구 사무실청소 전문업체,incheon-seo-gu-office-cleaning-company,PASS,100,,인천 서구 사무실청소 전문업체 - 청소 작업 안내,"인천 서구 사무실청소 전문업체 작업 범위와 준비사항, 진행 순서, 확인 항목을 정리했습니다. 인천 서구 사무실청소 현장에 맞춰 필요한 청소 내용을 확인해보세요.",https://clever-griffin-93819d.netlify.app/incheon-seo-gu-office-cleaning-company/,인천 서구 사무실청소 전문업체,12
인천 서구 사무실청소 잘하는곳,incheon-seo-gu-office-cleaning-best,PASS,100,,인천 서구 사무실청소 잘하는곳 | 체인지클린,인천 서구 사무실청소를 알아보는 분을 위한 안내입니다. 인천 서구 사무실청소 잘하는곳 작업 전 확인사항부터 마무리 점검까지 자세히 정리했습니다.,https://clever-griffin-93819d.netlify.app/incheon-seo-gu-office-cleaning-best/,인천 서구 사무실청소 잘하는곳,12
인천 서구 사무실청소 가격,incheon-seo-gu-office-cleaning-price,PASS,100,,인천 서구 사무실청소 가격 - 청소 작업 안내,인천 서구 사무실청소를 알아보는 분을 위한 안내입니다. 인천 서구 사무실청소 가격 작업 전 확인사항부터 마무리 점검까지 자세히 정리했습니다.,https://clever-griffin-93819d.netlify.app/incheon-seo-gu-office-cleaning-price/,인천 서구 사무실청소 가격,12
인천 서구 사무실청소 비용,incheon-seo-gu-office-cleaning-cost,PASS,100,,인천 서구 사무실청소 비용 | 체인지클린,인천 서구 사무실청소 비용 관련 청소 과정과 체크포인트를 안내합니다. 공간 상태와 오염 범위를 확인한 뒤 현장에 맞는 작업을 진행합니다.,https://clever-griffin-93819d.netlify.app/incheon-seo-gu-office-cleaning-cost/,인천 서구 사무실청소 비용,12
인천 서구 사무실청소 견적,incheon-seo-gu-office-cleaning-quote,PASS,100,,인천 서구 사무실청소 견적 - 청소 작업 안내,인천 서구 사무실청소를 알아보는 분을 위한 안내입니다. 인천 서구 사무실청소 견적 작업 전 확인사항부터 마무리 점검까지 자세히 정리했습니다.,https://clever-griffin-93819d.netlify.app/incheon-seo-gu-office-cleaning-quote/,인천 서구 사무실청소 견적,12
인천 서구 빌라청소,incheon-seo-gu-villa-cleaning,PASS,100,,인천 서구 빌라청소 - 청소 작업 안내,"인천 서구 빌라청소 작업 범위와 준비사항, 진행 순서, 확인 항목을 정리했습니다. 인천 서구 빌라청소 현장에 맞춰 필요한 청소 내용을 확인해보세요.",https://clever-griffin-93819d.netlify.app/incheon-seo-gu-villa-cleaning/,인천 서구 빌라청소,12
인천 서구 빌라청소 전문업체,incheon-seo-gu-villa-cleaning-company,PASS,100,,인천 서구 빌라청소 전문업체 | 체인지클린,"인천 서구 빌라청소 전문업체 작업 범위와 준비사항, 진행 순서, 확인 항목을 정리했습니다. 인천 서구 빌라청소 현장에 맞춰 필요한 청소 내용을 확인해보세요.",https://clever-griffin-93819d.netlify.app/incheon-seo-gu-villa-cleaning-company/,인천 서구 빌라청소 전문업체,12
인천 서구 빌라청소 잘하는곳,incheon-seo-gu-villa-cleaning-best,PASS,100,,인천 서구 빌라청소 잘하는곳 | 현장별 청소 정보,인천 서구 빌라청소 잘하는곳 관련 청소 과정과 체크포인트를 안내합니다. 공간 상태와 오염 범위를 확인한 뒤 현장에 맞는 작업을 진행합니다.,https://clever-griffin-93819d.netlify.app/incheon-seo-gu-villa-cleaning-best/,인천 서구 빌라청소 잘하는곳,12
인천 서구 빌라청소 가격,incheon-seo-gu-villa-cleaning-price,PASS,100,,인천 서구 빌라청소 가격 - 청소 작업 안내,"인천 서구 빌라청소 가격 작업 범위와 준비사항, 진행 순서, 확인 항목을 정리했습니다. 인천 서구 빌라청소 현장에 맞춰 필요한 청소 내용을 확인해보세요.",https://clever-griffin-93819d.netlify.app/incheon-seo-gu-villa-cleaning-price/,인천 서구 빌라청소 가격,12
인천 서구 빌라청소 비용,incheon-seo-gu-villa-cleaning-cost,PASS,100,,인천 서구 빌라청소 비용 | 체인지클린,인천 서구 빌라청소 비용 관련 청소 과정과 체크포인트를 안내합니다. 공간 상태와 오염 범위를 확인한 뒤 현장에 맞는 작업을 진행합니다.,https://clever-griffin-93819d.netlify.app/incheon-seo-gu-villa-cleaning-cost/,인천 서구 빌라청소 비용,12
인천 서구 빌라청소 견적,incheon-seo-gu-villa-cleaning-quote,PASS,100,,인천 서구 빌라청소 견적 | 현장별 청소 정보,"인천 서구 빌라청소 견적 작업 범위와 준비사항, 진행 순서, 확인 항목을 정리했습니다. 인천 서구 빌라청소 현장에 맞춰 필요한 청소 내용을 확인해보세요.",https://clever-griffin-93819d.netlify.app/incheon-seo-gu-villa-cleaning-quote/,인천 서구 빌라청소 견적,12
인천 서구 아파트청소,incheon-seo-gu-apartment-cleaning,PASS,100,,인천 서구 아파트청소 | 현장별 청소 정보,"인천 서구 아파트청소 작업 범위와 준비사항, 진행 순서, 확인 항목을 정리했습니다. 인천 서구 아파트청소 현장에 맞춰 필요한 청소 내용을 확인해보세요.",https://clever-griffin-93819d.netlify.app/incheon-seo-gu-apartment-cleaning/,인천 서구 아파트청소,12
인천 서구 아파트청소 전문업체,incheon-seo-gu-apartment-cleaning-company,PASS,100,,인천 서구 아파트청소 전문업체 - 청소 작업 안내,인천 서구 아파트청소를 알아보는 분을 위한 안내입니다. 인천 서구 아파트청소 전문업체 작업 전 확인사항부터 마무리 점검까지 자세히 정리했습니다.,https://clever-griffin-93819d.netlify.app/incheon-seo-gu-apartment-cleaning-company/,인천 서구 아파트청소 전문업체,12
인천 서구 아파트청소 잘하는곳,incheon-seo-gu-apartment-cleaning-best,PASS,100,,인천 서구 아파트청소 잘하는곳 - 청소 작업 안내,인천 서구 아파트청소 잘하는곳 관련 청소 과정과 체크포인트를 안내합니다. 공간 상태와 오염 범위를 확인한 뒤 현장에 맞는 작업을 진행합니다.,https://clever-griffin-93819d.netlify.app/incheon-seo-gu-apartment-cleaning-best/,인천 서구 아파트청소 잘하는곳,12
인천 서구 아파트청소 가격,incheon-seo-gu-apartment-cleaning-price,PASS,100,,인천 서구 아파트청소 가격 | 체인지클린,"인천 서구 아파트청소 가격 작업 범위와 준비사항, 진행 순서, 확인 항목을 정리했습니다. 인천 서구 아파트청소 현장에 맞춰 필요한 청소 내용을 확인해보세요.",https://clever-griffin-93819d.netlify.app/incheon-seo-gu-apartment-cleaning-price/,인천 서구 아파트청소 가격,12
인천 서구 아파트청소 비용,incheon-seo-gu-apartment-cleaning-cost,PASS,100,,인천 서구 아파트청소 비용 | 체인지클린,"인천 서구 아파트청소 비용 작업 범위와 준비사항, 진행 순서, 확인 항목을 정리했습니다. 인천 서구 아파트청소 현장에 맞춰 필요한 청소 내용을 확인해보세요.",https://clever-griffin-93819d.netlify.app/incheon-seo-gu-apartment-cleaning-cost/,인천 서구 아파트청소 비용,12
인천 서구 아파트청소 견적,incheon-seo-gu-apartment-cleaning-quote,PASS,100,,인천 서구 아파트청소 견적 | 현장별 청소 정보,"인천 서구 아파트청소 견적 작업 범위와 준비사항, 진행 순서, 확인 항목을 정리했습니다. 인천 서구 아파트청소 현장에 맞춰 필요한 청소 내용을 확인해보세요.",https://clever-griffin-93819d.netlify.app/incheon-seo-gu-apartment-cleaning-quote/,인천 서구 아파트청소 견적,12
인천 서구 오피스텔청소,incheon-seo-gu-officetel-cleaning,PASS,100,,인천 서구 오피스텔청소 | 체인지클린,인천 서구 오피스텔청소 관련 청소 과정과 체크포인트를 안내합니다. 공간 상태와 오염 범위를 확인한 뒤 현장에 맞는 작업을 진행합니다.,https://clever-griffin-93819d.netlify.app/incheon-seo-gu-officetel-cleaning/,인천 서구 오피스텔청소,12
인천 서구 오피스텔청소 전문업체,incheon-seo-gu-officetel-cleaning-company,PASS,100,,인천 서구 오피스텔청소 전문업체 | 현장별 청소 정보,"인천 서구 오피스텔청소 전문업체 작업 범위와 준비사항, 진행 순서, 확인 항목을 정리했습니다. 인천 서구 오피스텔청소 현장에 맞춰 필요한 청소 내용을 확인해보세요.",https://clever-griffin-93819d.netlify.app/incheon-seo-gu-officetel-cleaning-company/,인천 서구 오피스텔청소 전문업체,12
인천 서구 오피스텔청소 잘하는곳,incheon-seo-gu-officetel-cleaning-best,PASS,100,,인천 서구 오피스텔청소 잘하는곳 - 청소 작업 안내,인천 서구 오피스텔청소 잘하는곳 관련 청소 과정과 체크포인트를 안내합니다. 공간 상태와 오염 범위를 확인한 뒤 현장에 맞는 작업을 진행합니다.,https://clever-griffin-93819d.netlify.app/incheon-seo-gu-officetel-cleaning-best/,인천 서구 오피스텔청소 잘하는곳,12
인천 서구 오피스텔청소 가격,incheon-seo-gu-officetel-cleaning-price,PASS,100,,인천 서구 오피스텔청소 가격 - 청소 작업 안내,"인천 서구 오피스텔청소 가격 작업 범위와 준비사항, 진행 순서, 확인 항목을 정리했습니다. 인천 서구 오피스텔청소 현장에 맞춰 필요한 청소 내용을 확인해보세요.",https://clever-griffin-93819d.netlify.app/incheon-seo-gu-officetel-cleaning-price/,인천 서구 오피스텔청소 가격,12
인천 서구 오피스텔청소 비용,incheon-seo-gu-officetel-cleaning-cost,PASS,100,,인천 서구 오피스텔청소 비용 | 체인지클린,"인천 서구 오피스텔청소 비용 작업 범위와 준비사항, 진행 순서, 확인 항목을 정리했습니다. 인천 서구 오피스텔청소 현장에 맞춰 필요한 청소 내용을 확인해보세요.",https://clever-griffin-93819d.netlify.app/incheon-seo-gu-officetel-cleaning-cost/,인천 서구 오피스텔청소 비용,12
인천 서구 오피스텔청소 견적,incheon-seo-gu-officetel-cleaning-quote,PASS,100,,인천 서구 오피스텔청소 견적 - 청소 작업 안내,"인천 서구 오피스텔청소 견적 작업 범위와 준비사항, 진행 순서, 확인 항목을 정리했습니다. 인천 서구 오피스텔청소 현장에 맞춰 필요한 청소 내용을 확인해보세요.",https://clever-griffin-93819d.netlify.app/incheon-seo-gu-officetel-cleaning-quote/,인천 서구 오피스텔청소 견적,12
인천 서구 거주청소,incheon-seo-gu-home-cleaning,CHECK,96,title 길이 확인,인천 서구 거주청소 | 체인지클린,"인천 서구 거주청소 작업 범위와 준비사항, 진행 순서, 확인 항목을 정리했습니다. 인천 서구 거주청소 현장에 맞춰 필요한 청소 내용을 확인해보세요.",https://clever-griffin-93819d.netlify.app/incheon-seo-gu-home-cleaning/,인천 서구 거주청소,12
인천 서구 거주청소 전문업체,incheon-seo-gu-home-cleaning-company,PASS,100,,인천 서구 거주청소 전문업체 | 체인지클린,인천 서구 거주청소를 알아보는 분을 위한 안내입니다. 인천 서구 거주청소 전문업체 작업 전 확인사항부터 마무리 점검까지 자세히 정리했습니다.,https://clever-griffin-93819d.netlify.app/incheon-seo-gu-home-cleaning-company/,인천 서구 거주청소 전문업체,12
인천 서구 거주청소 잘하는곳,incheon-seo-gu-home-cleaning-best,PASS,100,,인천 서구 거주청소 잘하는곳 | 체인지클린,"인천 서구 거주청소 잘하는곳 작업 범위와 준비사항, 진행 순서, 확인 항목을 정리했습니다. 인천 서구 거주청소 현장에 맞춰 필요한 청소 내용을 확인해보세요.",https://clever-griffin-93819d.netlify.app/incheon-seo-gu-home-cleaning-best/,인천 서구 거주청소 잘하는곳,12
인천 서구 거주청소 가격,incheon-seo-gu-home-cleaning-price,PASS,100,,인천 서구 거주청소 가격 | 체인지클린,"인천 서구 거주청소 가격 작업 범위와 준비사항, 진행 순서, 확인 항목을 정리했습니다. 인천 서구 거주청소 현장에 맞춰 필요한 청소 내용을 확인해보세요.",https://clever-griffin-93819d.netlify.app/incheon-seo-gu-home-cleaning-price/,인천 서구 거주청소 가격,12
인천 서구 거주청소 비용,incheon-seo-gu-home-cleaning-cost,PASS,100,,인천 서구 거주청소 비용 | 체인지클린,인천 서구 거주청소 비용 관련 청소 과정과 체크포인트를 안내합니다. 공간 상태와 오염 범위를 확인한 뒤 현장에 맞는 작업을 진행합니다.,https://clever-griffin-93819d.netlify.app/incheon-seo-gu-home-cleaning-cost/,인천 서구 거주청소 비용,12
인천 서구 거주청소 견적,incheon-seo-gu-home-cleaning-quote,PASS,100,,인천 서구 거주청소 견적 - 청소 작업 안내,인천 서구 거주청소를 알아보는 분을 위한 안내입니다. 인천 서구 거주청소 견적 작업 전 확인사항부터 마무리 점검까지 자세히 정리했습니다.,https://clever-griffin-93819d.netlify.app/incheon-seo-gu-home-cleaning-quote/,인천 서구 거주청소 견적,12
인천 중구 입주청소,incheon-jung-gu-move-in-cleaning,PASS,100,,인천 중구 입주청소 | 현장별 청소 정보,"인천 중구 입주청소 작업 범위와 준비사항, 진행 순서, 확인 항목을 정리했습니다. 인천 중구 입주청소 현장에 맞춰 필요한 청소 내용을 확인해보세요.",https://clever-griffin-93819d.netlify.app/incheon-jung-gu-move-in-cleaning/,인천 중구 입주청소,12
인천 중구 입주청소 전문업체,incheon-jung-gu-move-in-cleaning-company,PASS,100,,인천 중구 입주청소 전문업체 | 현장별 청소 정보,"인천 중구 입주청소 전문업체 작업 범위와 준비사항, 진행 순서, 확인 항목을 정리했습니다. 인천 중구 입주청소 현장에 맞춰 필요한 청소 내용을 확인해보세요.",https://clever-griffin-93819d.netlify.app/incheon-jung-gu-move-in-cleaning-company/,인천 중구 입주청소 전문업체,12
인천 중구 입주청소 잘하는곳,incheon-jung-gu-move-in-cleaning-best,PASS,100,,인천 중구 입주청소 잘하는곳 | 체인지클린,인천 중구 입주청소를 알아보는 분을 위한 안내입니다. 인천 중구 입주청소 잘하는곳 작업 전 확인사항부터 마무리 점검까지 자세히 정리했습니다.,https://clever-griffin-93819d.netlify.app/incheon-jung-gu-move-in-cleaning-best/,인천 중구 입주청소 잘하는곳,12
인천 중구 입주청소 가격,incheon-jung-gu-move-in-cleaning-price,PASS,100,,인천 중구 입주청소 가격 - 청소 작업 안내,인천 중구 입주청소 가격 관련 청소 과정과 체크포인트를 안내합니다. 공간 상태와 오염 범위를 확인한 뒤 현장에 맞는 작업을 진행합니다.,https://clever-griffin-93819d.netlify.app/incheon-jung-gu-move-in-cleaning-price/,인천 중구 입주청소 가격,12
인천 중구 입주청소 비용,incheon-jung-gu-move-in-cleaning-cost,PASS,100,,인천 중구 입주청소 비용 - 청소 작업 안내,인천 중구 입주청소 비용 관련 청소 과정과 체크포인트를 안내합니다. 공간 상태와 오염 범위를 확인한 뒤 현장에 맞는 작업을 진행합니다.,https://clever-griffin-93819d.netlify.app/incheon-jung-gu-move-in-cleaning-cost/,인천 중구 입주청소 비용,12
인천 중구 입주청소 견적,incheon-jung-gu-move-in-cleaning-quote,PASS,100,,인천 중구 입주청소 견적 | 현장별 청소 정보,"인천 중구 입주청소 견적 작업 범위와 준비사항, 진행 순서, 확인 항목을 정리했습니다. 인천 중구 입주청소 현장에 맞춰 필요한 청소 내용을 확인해보세요.",https://clever-griffin-93819d.netlify.app/incheon-jung-gu-move-in-cleaning-quote/,인천 중구 입주청소 견적,12
인천 중구 이사청소,incheon-jung-gu-move-out-cleaning,PASS,100,,인천 중구 이사청소 - 청소 작업 안내,인천 중구 이사청소를 알아보는 분을 위한 안내입니다. 인천 중구 이사청소 작업 전 확인사항부터 마무리 점검까지 자세히 정리했습니다.,https://clever-griffin-93819d.netlify.app/incheon-jung-gu-move-out-cleaning/,인천 중구 이사청소,12
인천 중구 이사청소 전문업체,incheon-jung-gu-move-out-cleaning-company,PASS,100,,인천 중구 이사청소 전문업체 | 현장별 청소 정보,인천 중구 이사청소를 알아보는 분을 위한 안내입니다. 인천 중구 이사청소 전문업체 작업 전 확인사항부터 마무리 점검까지 자세히 정리했습니다.,https://clever-griffin-93819d.netlify.app/incheon-jung-gu-move-out-cleaning-company/,인천 중구 이사청소 전문업체,12
인천 중구 이사청소 잘하는곳,incheon-jung-gu-move-out-cleaning-best,PASS,100,,인천 중구 이사청소 잘하는곳 - 청소 작업 안내,인천 중구 이사청소를 알아보는 분을 위한 안내입니다. 인천 중구 이사청소 잘하는곳 작업 전 확인사항부터 마무리 점검까지 자세히 정리했습니다.,https://clever-griffin-93819d.netlify.app/incheon-jung-gu-move-out-cleaning-best/,인천 중구 이사청소 잘하는곳,12
인천 중구 이사청소 가격,incheon-jung-gu-move-out-cleaning-price,PASS,100,,인천 중구 이사청소 가격 | 현장별 청소 정보,"인천 중구 이사청소 가격 작업 범위와 준비사항, 진행 순서, 확인 항목을 정리했습니다. 인천 중구 이사청소 현장에 맞춰 필요한 청소 내용을 확인해보세요.",https://clever-griffin-93819d.netlify.app/incheon-jung-gu-move-out-cleaning-price/,인천 중구 이사청소 가격,12
인천 중구 이사청소 비용,incheon-jung-gu-move-out-cleaning-cost,PASS,100,,인천 중구 이사청소 비용 | 현장별 청소 정보,인천 중구 이사청소를 알아보는 분을 위한 안내입니다. 인천 중구 이사청소 비용 작업 전 확인사항부터 마무리 점검까지 자세히 정리했습니다.,https://clever-griffin-93819d.netlify.app/incheon-jung-gu-move-out-cleaning-cost/,인천 중구 이사청소 비용,12
인천 중구 이사청소 견적,incheon-jung-gu-move-out-cleaning-quote,PASS,100,,인천 중구 이사청소 견적 | 현장별 청소 정보,"인천 중구 이사청소 견적 작업 범위와 준비사항, 진행 순서, 확인 항목을 정리했습니다. 인천 중구 이사청소 현장에 맞춰 필요한 청소 내용을 확인해보세요.",https://clever-griffin-93819d.netlify.app/incheon-jung-gu-move-out-cleaning-quote/,인천 중구 이사청소 견적,12
인천 중구 준공청소,incheon-jung-gu-post-construction-cleaning,PASS,100,,인천 중구 준공청소 | 현장별 청소 정보,"인천 중구 준공청소 작업 범위와 준비사항, 진행 순서, 확인 항목을 정리했습니다. 인천 중구 준공청소 현장에 맞춰 필요한 청소 내용을 확인해보세요.",https://clever-griffin-93819d.netlify.app/incheon-jung-gu-post-construction-cleaning/,인천 중구 준공청소,12
인천 중구 준공청소 전문업체,incheon-jung-gu-post-construction-cleaning-company,PASS,100,,인천 중구 준공청소 전문업체 | 체인지클린,인천 중구 준공청소 전문업체 관련 청소 과정과 체크포인트를 안내합니다. 공간 상태와 오염 범위를 확인한 뒤 현장에 맞는 작업을 진행합니다.,https://clever-griffin-93819d.netlify.app/incheon-jung-gu-post-construction-cleaning-company/,인천 중구 준공청소 전문업체,12
인천 중구 준공청소 잘하는곳,incheon-jung-gu-post-construction-cleaning-best,PASS,100,,인천 중구 준공청소 잘하는곳 | 체인지클린,"인천 중구 준공청소 잘하는곳 작업 범위와 준비사항, 진행 순서, 확인 항목을 정리했습니다. 인천 중구 준공청소 현장에 맞춰 필요한 청소 내용을 확인해보세요.",https://clever-griffin-93819d.netlify.app/incheon-jung-gu-post-construction-cleaning-best/,인천 중구 준공청소 잘하는곳,12
인천 중구 준공청소 가격,incheon-jung-gu-post-construction-cleaning-price,PASS,100,,인천 중구 준공청소 가격 | 체인지클린,인천 중구 준공청소 가격 관련 청소 과정과 체크포인트를 안내합니다. 공간 상태와 오염 범위를 확인한 뒤 현장에 맞는 작업을 진행합니다.,https://clever-griffin-93819d.netlify.app/incheon-jung-gu-post-construction-cleaning-price/,인천 중구 준공청소 가격,12
인천 중구 준공청소 비용,incheon-jung-gu-post-construction-cleaning-cost,PASS,100,,인천 중구 준공청소 비용 | 체인지클린,인천 중구 준공청소를 알아보는 분을 위한 안내입니다. 인천 중구 준공청소 비용 작업 전 확인사항부터 마무리 점검까지 자세히 정리했습니다.,https://clever-griffin-93819d.netlify.app/incheon-jung-gu-post-construction-cleaning-cost/,인천 중구 준공청소 비용,12
인천 중구 준공청소 견적,incheon-jung-gu-post-construction-cleaning-quote,PASS,100,,인천 중구 준공청소 견적 | 체인지클린,"인천 중구 준공청소 견적 작업 범위와 준비사항, 진행 순서, 확인 항목을 정리했습니다. 인천 중구 준공청소 현장에 맞춰 필요한 청소 내용을 확인해보세요.",https://clever-griffin-93819d.netlify.app/incheon-jung-gu-post-construction-cleaning-quote/,인천 중구 준공청소 견적,12
인천 중구 상가청소,incheon-jung-gu-store-cleaning,PASS,100,,인천 중구 상가청소 | 현장별 청소 정보,인천 중구 상가청소를 알아보는 분을 위한 안내입니다. 인천 중구 상가청소 작업 전 확인사항부터 마무리 점검까지 자세히 정리했습니다.,https://clever-griffin-93819d.netlify.app/incheon-jung-gu-store-cleaning/,인천 중구 상가청소,12
인천 중구 상가청소 전문업체,incheon-jung-gu-store-cleaning-company,PASS,100,,인천 중구 상가청소 전문업체 | 현장별 청소 정보,인천 중구 상가청소 전문업체 관련 청소 과정과 체크포인트를 안내합니다. 공간 상태와 오염 범위를 확인한 뒤 현장에 맞는 작업을 진행합니다.,https://clever-griffin-93819d.netlify.app/incheon-jung-gu-store-cleaning-company/,인천 중구 상가청소 전문업체,12
인천 중구 상가청소 잘하는곳,incheon-jung-gu-store-cleaning-best,PASS,100,,인천 중구 상가청소 잘하는곳 - 청소 작업 안내,인천 중구 상가청소를 알아보는 분을 위한 안내입니다. 인천 중구 상가청소 잘하는곳 작업 전 확인사항부터 마무리 점검까지 자세히 정리했습니다.,https://clever-griffin-93819d.netlify.app/incheon-jung-gu-store-cleaning-best/,인천 중구 상가청소 잘하는곳,12
인천 중구 상가청소 가격,incheon-jung-gu-store-cleaning-price,PASS,100,,인천 중구 상가청소 가격 | 체인지클린,인천 중구 상가청소 가격 관련 청소 과정과 체크포인트를 안내합니다. 공간 상태와 오염 범위를 확인한 뒤 현장에 맞는 작업을 진행합니다.,https://clever-griffin-93819d.netlify.app/incheon-jung-gu-store-cleaning-price/,인천 중구 상가청소 가격,12
인천 중구 상가청소 비용,incheon-jung-gu-store-cleaning-cost,PASS,100,,인천 중구 상가청소 비용 - 청소 작업 안내,인천 중구 상가청소 비용 관련 청소 과정과 체크포인트를 안내합니다. 공간 상태와 오염 범위를 확인한 뒤 현장에 맞는 작업을 진행합니다.,https://clever-griffin-93819d.netlify.app/incheon-jung-gu-store-cleaning-cost/,인천 중구 상가청소 비용,12
인천 중구 상가청소 견적,incheon-jung-gu-store-cleaning-quote,PASS,100,,인천 중구 상가청소 견적 | 현장별 청소 정보,인천 중구 상가청소를 알아보는 분을 위한 안내입니다. 인천 중구 상가청소 견적 작업 전 확인사항부터 마무리 점검까지 자세히 정리했습니다.,https://clever-griffin-93819d.netlify.app/incheon-jung-gu-store-cleaning-quote/,인천 중구 상가청소 견적,12
인천 중구 사무실청소,incheon-jung-gu-office-cleaning,PASS,100,,인천 중구 사무실청소 | 현장별 청소 정보,인천 중구 사무실청소 관련 청소 과정과 체크포인트를 안내합니다. 공간 상태와 오염 범위를 확인한 뒤 현장에 맞는 작업을 진행합니다.,https://clever-griffin-93819d.netlify.app/incheon-jung-gu-office-cleaning/,인천 중구 사무실청소,12
인천 중구 사무실청소 전문업체,incheon-jung-gu-office-cleaning-company,PASS,100,,인천 중구 사무실청소 전문업체 | 현장별 청소 정보,인천 중구 사무실청소를 알아보는 분을 위한 안내입니다. 인천 중구 사무실청소 전문업체 작업 전 확인사항부터 마무리 점검까지 자세히 정리했습니다.,https://clever-griffin-93819d.netlify.app/incheon-jung-gu-office-cleaning-company/,인천 중구 사무실청소 전문업체,12
인천 중구 사무실청소 잘하는곳,incheon-jung-gu-office-cleaning-best,PASS,100,,인천 중구 사무실청소 잘하는곳 - 청소 작업 안내,인천 중구 사무실청소를 알아보는 분을 위한 안내입니다. 인천 중구 사무실청소 잘하는곳 작업 전 확인사항부터 마무리 점검까지 자세히 정리했습니다.,https://clever-griffin-93819d.netlify.app/incheon-jung-gu-office-cleaning-best/,인천 중구 사무실청소 잘하는곳,12
인천 중구 사무실청소 가격,incheon-jung-gu-office-cleaning-price,PASS,100,,인천 중구 사무실청소 가격 | 현장별 청소 정보,인천 중구 사무실청소 가격 관련 청소 과정과 체크포인트를 안내합니다. 공간 상태와 오염 범위를 확인한 뒤 현장에 맞는 작업을 진행합니다.,https://clever-griffin-93819d.netlify.app/incheon-jung-gu-office-cleaning-price/,인천 중구 사무실청소 가격,12
인천 중구 사무실청소 비용,incheon-jung-gu-office-cleaning-cost,PASS,100,,인천 중구 사무실청소 비용 | 체인지클린,"인천 중구 사무실청소 비용 작업 범위와 준비사항, 진행 순서, 확인 항목을 정리했습니다. 인천 중구 사무실청소 현장에 맞춰 필요한 청소 내용을 확인해보세요.",https://clever-griffin-93819d.netlify.app/incheon-jung-gu-office-cleaning-cost/,인천 중구 사무실청소 비용,12
인천 중구 사무실청소 견적,incheon-jung-gu-office-cleaning-quote,PASS,100,,인천 중구 사무실청소 견적 - 청소 작업 안내,인천 중구 사무실청소 견적 관련 청소 과정과 체크포인트를 안내합니다. 공간 상태와 오염 범위를 확인한 뒤 현장에 맞는 작업을 진행합니다.,https://clever-griffin-93819d.netlify.app/incheon-jung-gu-office-cleaning-quote/,인천 중구 사무실청소 견적,12
인천 중구 빌라청소,incheon-jung-gu-villa-cleaning,PASS,100,,인천 중구 빌라청소 | 현장별 청소 정보,인천 중구 빌라청소 관련 청소 과정과 체크포인트를 안내합니다. 공간 상태와 오염 범위를 확인한 뒤 현장에 맞는 작업을 진행합니다.,https://clever-griffin-93819d.netlify.app/incheon-jung-gu-villa-cleaning/,인천 중구 빌라청소,12
인천 중구 빌라청소 전문업체,incheon-jung-gu-villa-cleaning-company,PASS,100,,인천 중구 빌라청소 전문업체 | 체인지클린,인천 중구 빌라청소 전문업체 관련 청소 과정과 체크포인트를 안내합니다. 공간 상태와 오염 범위를 확인한 뒤 현장에 맞는 작업을 진행합니다.,https://clever-griffin-93819d.netlify.app/incheon-jung-gu-villa-cleaning-company/,인천 중구 빌라청소 전문업체,12
인천 중구 빌라청소 잘하는곳,incheon-jung-gu-villa-cleaning-best,PASS,100,,인천 중구 빌라청소 잘하는곳 | 현장별 청소 정보,"인천 중구 빌라청소 잘하는곳 작업 범위와 준비사항, 진행 순서, 확인 항목을 정리했습니다. 인천 중구 빌라청소 현장에 맞춰 필요한 청소 내용을 확인해보세요.",https://clever-griffin-93819d.netlify.app/incheon-jung-gu-villa-cleaning-best/,인천 중구 빌라청소 잘하는곳,12
인천 중구 빌라청소 가격,incheon-jung-gu-villa-cleaning-price,PASS,100,,인천 중구 빌라청소 가격 | 현장별 청소 정보,인천 중구 빌라청소를 알아보는 분을 위한 안내입니다. 인천 중구 빌라청소 가격 작업 전 확인사항부터 마무리 점검까지 자세히 정리했습니다.,https://clever-griffin-93819d.netlify.app/incheon-jung-gu-villa-cleaning-price/,인천 중구 빌라청소 가격,12
인천 중구 빌라청소 비용,incheon-jung-gu-villa-cleaning-cost,PASS,100,,인천 중구 빌라청소 비용 | 현장별 청소 정보,인천 중구 빌라청소 비용 관련 청소 과정과 체크포인트를 안내합니다. 공간 상태와 오염 범위를 확인한 뒤 현장에 맞는 작업을 진행합니다.,https://clever-griffin-93819d.netlify.app/incheon-jung-gu-villa-cleaning-cost/,인천 중구 빌라청소 비용,12
인천 중구 빌라청소 견적,incheon-jung-gu-villa-cleaning-quote,PASS,100,,인천 중구 빌라청소 견적 | 현장별 청소 정보,인천 중구 빌라청소를 알아보는 분을 위한 안내입니다. 인천 중구 빌라청소 견적 작업 전 확인사항부터 마무리 점검까지 자세히 정리했습니다.,https://clever-griffin-93819d.netlify.app/incheon-jung-gu-villa-cleaning-quote/,인천 중구 빌라청소 견적,12
인천 중구 아파트청소,incheon-jung-gu-apartment-cleaning,CHECK,96,title 길이 확인,인천 중구 아파트청소 | 체인지클린,인천 중구 아파트청소 관련 청소 과정과 체크포인트를 안내합니다. 공간 상태와 오염 범위를 확인한 뒤 현장에 맞는 작업을 진행합니다.,https://clever-griffin-93819d.netlify.app/incheon-jung-gu-apartment-cleaning/,인천 중구 아파트청소,12
인천 중구 아파트청소 전문업체,incheon-jung-gu-apartment-cleaning-company,PASS,100,,인천 중구 아파트청소 전문업체 | 체인지클린,"인천 중구 아파트청소 전문업체 작업 범위와 준비사항, 진행 순서, 확인 항목을 정리했습니다. 인천 중구 아파트청소 현장에 맞춰 필요한 청소 내용을 확인해보세요.",https://clever-griffin-93819d.netlify.app/incheon-jung-gu-apartment-cleaning-company/,인천 중구 아파트청소 전문업체,12
인천 중구 아파트청소 잘하는곳,incheon-jung-gu-apartment-cleaning-best,PASS,100,,인천 중구 아파트청소 잘하는곳 | 체인지클린,인천 중구 아파트청소 잘하는곳 관련 청소 과정과 체크포인트를 안내합니다. 공간 상태와 오염 범위를 확인한 뒤 현장에 맞는 작업을 진행합니다.,https://clever-griffin-93819d.netlify.app/incheon-jung-gu-apartment-cleaning-best/,인천 중구 아파트청소 잘하는곳,12
인천 중구 아파트청소 가격,incheon-jung-gu-apartment-cleaning-price,PASS,100,,인천 중구 아파트청소 가격 | 현장별 청소 정보,"인천 중구 아파트청소 가격 작업 범위와 준비사항, 진행 순서, 확인 항목을 정리했습니다. 인천 중구 아파트청소 현장에 맞춰 필요한 청소 내용을 확인해보세요.",https://clever-griffin-93819d.netlify.app/incheon-jung-gu-apartment-cleaning-price/,인천 중구 아파트청소 가격,12
인천 중구 아파트청소 비용,incheon-jung-gu-apartment-cleaning-cost,PASS,100,,인천 중구 아파트청소 비용 | 체인지클린,인천 중구 아파트청소를 알아보는 분을 위한 안내입니다. 인천 중구 아파트청소 비용 작업 전 확인사항부터 마무리 점검까지 자세히 정리했습니다.,https://clever-griffin-93819d.netlify.app/incheon-jung-gu-apartment-cleaning-cost/,인천 중구 아파트청소 비용,12
인천 중구 아파트청소 견적,incheon-jung-gu-apartment-cleaning-quote,PASS,100,,인천 중구 아파트청소 견적 | 현장별 청소 정보,"인천 중구 아파트청소 견적 작업 범위와 준비사항, 진행 순서, 확인 항목을 정리했습니다. 인천 중구 아파트청소 현장에 맞춰 필요한 청소 내용을 확인해보세요.",https://clever-griffin-93819d.netlify.app/incheon-jung-gu-apartment-cleaning-quote/,인천 중구 아파트청소 견적,12
인천 중구 오피스텔청소,incheon-jung-gu-officetel-cleaning,PASS,100,,인천 중구 오피스텔청소 | 현장별 청소 정보,인천 중구 오피스텔청소 관련 청소 과정과 체크포인트를 안내합니다. 공간 상태와 오염 범위를 확인한 뒤 현장에 맞는 작업을 진행합니다.,https://clever-griffin-93819d.netlify.app/incheon-jung-gu-officetel-cleaning/,인천 중구 오피스텔청소,12
인천 중구 오피스텔청소 전문업체,incheon-jung-gu-officetel-cleaning-company,PASS,100,,인천 중구 오피스텔청소 전문업체 | 현장별 청소 정보,인천 중구 오피스텔청소 전문업체 관련 청소 과정과 체크포인트를 안내합니다. 공간 상태와 오염 범위를 확인한 뒤 현장에 맞는 작업을 진행합니다.,https://clever-griffin-93819d.netlify.app/incheon-jung-gu-officetel-cleaning-company/,인천 중구 오피스텔청소 전문업체,12
인천 중구 오피스텔청소 잘하는곳,incheon-jung-gu-officetel-cleaning-best,PASS,100,,인천 중구 오피스텔청소 잘하는곳 | 현장별 청소 정보,"인천 중구 오피스텔청소 잘하는곳 작업 범위와 준비사항, 진행 순서, 확인 항목을 정리했습니다. 인천 중구 오피스텔청소 현장에 맞춰 필요한 청소 내용을 확인해보세요.",https://clever-griffin-93819d.netlify.app/incheon-jung-gu-officetel-cleaning-best/,인천 중구 오피스텔청소 잘하는곳,12
인천 중구 오피스텔청소 가격,incheon-jung-gu-officetel-cleaning-price,PASS,100,,인천 중구 오피스텔청소 가격 | 체인지클린,인천 중구 오피스텔청소를 알아보는 분을 위한 안내입니다. 인천 중구 오피스텔청소 가격 작업 전 확인사항부터 마무리 점검까지 자세히 정리했습니다.,https://clever-griffin-93819d.netlify.app/incheon-jung-gu-officetel-cleaning-price/,인천 중구 오피스텔청소 가격,12
인천 중구 오피스텔청소 비용,incheon-jung-gu-officetel-cleaning-cost,PASS,100,,인천 중구 오피스텔청소 비용 | 현장별 청소 정보,인천 중구 오피스텔청소를 알아보는 분을 위한 안내입니다. 인천 중구 오피스텔청소 비용 작업 전 확인사항부터 마무리 점검까지 자세히 정리했습니다.,https://clever-griffin-93819d.netlify.app/incheon-jung-gu-officetel-cleaning-cost/,인천 중구 오피스텔청소 비용,12
인천 중구 오피스텔청소 견적,incheon-jung-gu-officetel-cleaning-quote,PASS,100,,인천 중구 오피스텔청소 견적 | 현장별 청소 정보,"인천 중구 오피스텔청소 견적 작업 범위와 준비사항, 진행 순서, 확인 항목을 정리했습니다. 인천 중구 오피스텔청소 현장에 맞춰 필요한 청소 내용을 확인해보세요.",https://clever-griffin-93819d.netlify.app/incheon-jung-gu-officetel-cleaning-quote/,인천 중구 오피스텔청소 견적,12
인천 중구 거주청소,incheon-jung-gu-home-cleaning,CHECK,96,title 길이 확인,인천 중구 거주청소 | 체인지클린,"인천 중구 거주청소 작업 범위와 준비사항, 진행 순서, 확인 항목을 정리했습니다. 인천 중구 거주청소 현장에 맞춰 필요한 청소 내용을 확인해보세요.",https://clever-griffin-93819d.netlify.app/incheon-jung-gu-home-cleaning/,인천 중구 거주청소,12
인천 중구 거주청소 전문업체,incheon-jung-gu-home-cleaning-company,PASS,100,,인천 중구 거주청소 전문업체 - 청소 작업 안내,인천 중구 거주청소 전문업체 관련 청소 과정과 체크포인트를 안내합니다. 공간 상태와 오염 범위를 확인한 뒤 현장에 맞는 작업을 진행합니다.,https://clever-griffin-93819d.netlify.app/incheon-jung-gu-home-cleaning-company/,인천 중구 거주청소 전문업체,12
인천 중구 거주청소 잘하는곳,incheon-jung-gu-home-cleaning-best,PASS,100,,인천 중구 거주청소 잘하는곳 | 체인지클린,인천 중구 거주청소를 알아보는 분을 위한 안내입니다. 인천 중구 거주청소 잘하는곳 작업 전 확인사항부터 마무리 점검까지 자세히 정리했습니다.,https://clever-griffin-93819d.netlify.app/incheon-jung-gu-home-cleaning-best/,인천 중구 거주청소 잘하는곳,12
인천 중구 거주청소 가격,incheon-jung-gu-home-cleaning-price,PASS,100,,인천 중구 거주청소 가격 | 체인지클린,인천 중구 거주청소 가격 관련 청소 과정과 체크포인트를 안내합니다. 공간 상태와 오염 범위를 확인한 뒤 현장에 맞는 작업을 진행합니다.,https://clever-griffin-93819d.netlify.app/incheon-jung-gu-home-cleaning-price/,인천 중구 거주청소 가격,12
인천 중구 거주청소 비용,incheon-jung-gu-home-cleaning-cost,PASS,100,,인천 중구 거주청소 비용 | 현장별 청소 정보,"인천 중구 거주청소 비용 작업 범위와 준비사항, 진행 순서, 확인 항목을 정리했습니다. 인천 중구 거주청소 현장에 맞춰 필요한 청소 내용을 확인해보세요.",https://clever-griffin-93819d.netlify.app/incheon-jung-gu-home-cleaning-cost/,인천 중구 거주청소 비용,12
인천 중구 거주청소 견적,incheon-jung-gu-home-cleaning-quote,PASS,100,,인천 중구 거주청소 견적 - 청소 작업 안내,인천 중구 거주청소를 알아보는 분을 위한 안내입니다. 인천 중구 거주청소 견적 작업 전 확인사항부터 마무리 점검까지 자세히 정리했습니다.,https://clever-griffin-93819d.netlify.app/incheon-jung-gu-home-cleaning-quote/,인천 중구 거주청소 견적,12
인천 동구 입주청소,incheon-dong-gu-move-in-cleaning,PASS,100,,인천 동구 입주청소 - 청소 작업 안내,인천 동구 입주청소를 알아보는 분을 위한 안내입니다. 인천 동구 입주청소 작업 전 확인사항부터 마무리 점검까지 자세히 정리했습니다.,https://clever-griffin-93819d.netlify.app/incheon-dong-gu-move-in-cleaning/,인천 동구 입주청소,12
인천 동구 입주청소 전문업체,incheon-dong-gu-move-in-cleaning-company,PASS,100,,인천 동구 입주청소 전문업체 | 현장별 청소 정보,인천 동구 입주청소 전문업체 관련 청소 과정과 체크포인트를 안내합니다. 공간 상태와 오염 범위를 확인한 뒤 현장에 맞는 작업을 진행합니다.,https://clever-griffin-93819d.netlify.app/incheon-dong-gu-move-in-cleaning-company/,인천 동구 입주청소 전문업체,12
인천 동구 입주청소 잘하는곳,incheon-dong-gu-move-in-cleaning-best,PASS,100,,인천 동구 입주청소 잘하는곳 | 체인지클린,인천 동구 입주청소 잘하는곳 관련 청소 과정과 체크포인트를 안내합니다. 공간 상태와 오염 범위를 확인한 뒤 현장에 맞는 작업을 진행합니다.,https://clever-griffin-93819d.netlify.app/incheon-dong-gu-move-in-cleaning-best/,인천 동구 입주청소 잘하는곳,12
인천 동구 입주청소 가격,incheon-dong-gu-move-in-cleaning-price,PASS,100,,인천 동구 입주청소 가격 | 체인지클린,인천 동구 입주청소 가격 관련 청소 과정과 체크포인트를 안내합니다. 공간 상태와 오염 범위를 확인한 뒤 현장에 맞는 작업을 진행합니다.,https://clever-griffin-93819d.netlify.app/incheon-dong-gu-move-in-cleaning-price/,인천 동구 입주청소 가격,12
인천 동구 입주청소 비용,incheon-dong-gu-move-in-cleaning-cost,PASS,100,,인천 동구 입주청소 비용 | 체인지클린,인천 동구 입주청소 비용 관련 청소 과정과 체크포인트를 안내합니다. 공간 상태와 오염 범위를 확인한 뒤 현장에 맞는 작업을 진행합니다.,https://clever-griffin-93819d.netlify.app/incheon-dong-gu-move-in-cleaning-cost/,인천 동구 입주청소 비용,12
인천 동구 입주청소 견적,incheon-dong-gu-move-in-cleaning-quote,PASS,100,,인천 동구 입주청소 견적 | 현장별 청소 정보,인천 동구 입주청소 견적 관련 청소 과정과 체크포인트를 안내합니다. 공간 상태와 오염 범위를 확인한 뒤 현장에 맞는 작업을 진행합니다.,https://clever-griffin-93819d.netlify.app/incheon-dong-gu-move-in-cleaning-quote/,인천 동구 입주청소 견적,12
인천 동구 이사청소,incheon-dong-gu-move-out-cleaning,PASS,100,,인천 동구 이사청소 - 청소 작업 안내,인천 동구 이사청소를 알아보는 분을 위한 안내입니다. 인천 동구 이사청소 작업 전 확인사항부터 마무리 점검까지 자세히 정리했습니다.,https://clever-griffin-93819d.netlify.app/incheon-dong-gu-move-out-cleaning/,인천 동구 이사청소,12
인천 동구 이사청소 전문업체,incheon-dong-gu-move-out-cleaning-company,PASS,100,,인천 동구 이사청소 전문업체 - 청소 작업 안내,인천 동구 이사청소를 알아보는 분을 위한 안내입니다. 인천 동구 이사청소 전문업체 작업 전 확인사항부터 마무리 점검까지 자세히 정리했습니다.,https://clever-griffin-93819d.netlify.app/incheon-dong-gu-move-out-cleaning-company/,인천 동구 이사청소 전문업체,12
인천 동구 이사청소 잘하는곳,incheon-dong-gu-move-out-cleaning-best,PASS,100,,인천 동구 이사청소 잘하는곳 | 현장별 청소 정보,인천 동구 이사청소 잘하는곳 관련 청소 과정과 체크포인트를 안내합니다. 공간 상태와 오염 범위를 확인한 뒤 현장에 맞는 작업을 진행합니다.,https://clever-griffin-93819d.netlify.app/incheon-dong-gu-move-out-cleaning-best/,인천 동구 이사청소 잘하는곳,12
인천 동구 이사청소 가격,incheon-dong-gu-move-out-cleaning-price,PASS,100,,인천 동구 이사청소 가격 | 체인지클린,인천 동구 이사청소를 알아보는 분을 위한 안내입니다. 인천 동구 이사청소 가격 작업 전 확인사항부터 마무리 점검까지 자세히 정리했습니다.,https://clever-griffin-93819d.netlify.app/incheon-dong-gu-move-out-cleaning-price/,인천 동구 이사청소 가격,12
인천 동구 이사청소 비용,incheon-dong-gu-move-out-cleaning-cost,PASS,100,,인천 동구 이사청소 비용 | 체인지클린,인천 동구 이사청소 비용 관련 청소 과정과 체크포인트를 안내합니다. 공간 상태와 오염 범위를 확인한 뒤 현장에 맞는 작업을 진행합니다.,https://clever-griffin-93819d.netlify.app/incheon-dong-gu-move-out-cleaning-cost/,인천 동구 이사청소 비용,12
인천 동구 이사청소 견적,incheon-dong-gu-move-out-cleaning-quote,PASS,100,,인천 동구 이사청소 견적 - 청소 작업 안내,"인천 동구 이사청소 견적 작업 범위와 준비사항, 진행 순서, 확인 항목을 정리했습니다. 인천 동구 이사청소 현장에 맞춰 필요한 청소 내용을 확인해보세요.",https://clever-griffin-93819d.netlify.app/incheon-dong-gu-move-out-cleaning-quote/,인천 동구 이사청소 견적,12
인천 동구 준공청소,incheon-dong-gu-post-construction-cleaning,PASS,100,,인천 동구 준공청소 - 청소 작업 안내,인천 동구 준공청소 관련 청소 과정과 체크포인트를 안내합니다. 공간 상태와 오염 범위를 확인한 뒤 현장에 맞는 작업을 진행합니다.,https://clever-griffin-93819d.netlify.app/incheon-dong-gu-post-construction-cleaning/,인천 동구 준공청소,12
인천 동구 준공청소 전문업체,incheon-dong-gu-post-construction-cleaning-company,PASS,100,,인천 동구 준공청소 전문업체 - 청소 작업 안내,인천 동구 준공청소를 알아보는 분을 위한 안내입니다. 인천 동구 준공청소 전문업체 작업 전 확인사항부터 마무리 점검까지 자세히 정리했습니다.,https://clever-griffin-93819d.netlify.app/incheon-dong-gu-post-construction-cleaning-company/,인천 동구 준공청소 전문업체,12
인천 동구 준공청소 잘하는곳,incheon-dong-gu-post-construction-cleaning-best,PASS,100,,인천 동구 준공청소 잘하는곳 | 체인지클린,"인천 동구 준공청소 잘하는곳 작업 범위와 준비사항, 진행 순서, 확인 항목을 정리했습니다. 인천 동구 준공청소 현장에 맞춰 필요한 청소 내용을 확인해보세요.",https://clever-griffin-93819d.netlify.app/incheon-dong-gu-post-construction-cleaning-best/,인천 동구 준공청소 잘하는곳,12
인천 동구 준공청소 가격,incheon-dong-gu-post-construction-cleaning-price,PASS,100,,인천 동구 준공청소 가격 | 체인지클린,인천 동구 준공청소를 알아보는 분을 위한 안내입니다. 인천 동구 준공청소 가격 작업 전 확인사항부터 마무리 점검까지 자세히 정리했습니다.,https://clever-griffin-93819d.netlify.app/incheon-dong-gu-post-construction-cleaning-price/,인천 동구 준공청소 가격,12
인천 동구 준공청소 비용,incheon-dong-gu-post-construction-cleaning-cost,PASS,100,,인천 동구 준공청소 비용 - 청소 작업 안내,인천 동구 준공청소 비용 관련 청소 과정과 체크포인트를 안내합니다. 공간 상태와 오염 범위를 확인한 뒤 현장에 맞는 작업을 진행합니다.,https://clever-griffin-93819d.netlify.app/incheon-dong-gu-post-construction-cleaning-cost/,인천 동구 준공청소 비용,12
인천 동구 준공청소 견적,incheon-dong-gu-post-construction-cleaning-quote,PASS,100,,인천 동구 준공청소 견적 - 청소 작업 안내,인천 동구 준공청소를 알아보는 분을 위한 안내입니다. 인천 동구 준공청소 견적 작업 전 확인사항부터 마무리 점검까지 자세히 정리했습니다.,https://clever-griffin-93819d.netlify.app/incheon-dong-gu-post-construction-cleaning-quote/,인천 동구 준공청소 견적,12
인천 동구 상가청소,incheon-dong-gu-store-cleaning,PASS,100,,인천 동구 상가청소 - 청소 작업 안내,인천 동구 상가청소 관련 청소 과정과 체크포인트를 안내합니다. 공간 상태와 오염 범위를 확인한 뒤 현장에 맞는 작업을 진행합니다.,https://clever-griffin-93819d.netlify.app/incheon-dong-gu-store-cleaning/,인천 동구 상가청소,12
인천 동구 상가청소 전문업체,incheon-dong-gu-store-cleaning-company,PASS,100,,인천 동구 상가청소 전문업체 | 체인지클린,"인천 동구 상가청소 전문업체 작업 범위와 준비사항, 진행 순서, 확인 항목을 정리했습니다. 인천 동구 상가청소 현장에 맞춰 필요한 청소 내용을 확인해보세요.",https://clever-griffin-93819d.netlify.app/incheon-dong-gu-store-cleaning-company/,인천 동구 상가청소 전문업체,12
인천 동구 상가청소 잘하는곳,incheon-dong-gu-store-cleaning-best,PASS,100,,인천 동구 상가청소 잘하는곳 - 청소 작업 안내,인천 동구 상가청소를 알아보는 분을 위한 안내입니다. 인천 동구 상가청소 잘하는곳 작업 전 확인사항부터 마무리 점검까지 자세히 정리했습니다.,https://clever-griffin-93819d.netlify.app/incheon-dong-gu-store-cleaning-best/,인천 동구 상가청소 잘하는곳,12
인천 동구 상가청소 가격,incheon-dong-gu-store-cleaning-price,PASS,100,,인천 동구 상가청소 가격 - 청소 작업 안내,인천 동구 상가청소 가격 관련 청소 과정과 체크포인트를 안내합니다. 공간 상태와 오염 범위를 확인한 뒤 현장에 맞는 작업을 진행합니다.,https://clever-griffin-93819d.netlify.app/incheon-dong-gu-store-cleaning-price/,인천 동구 상가청소 가격,12
인천 동구 상가청소 비용,incheon-dong-gu-store-cleaning-cost,PASS,100,,인천 동구 상가청소 비용 | 체인지클린,"인천 동구 상가청소 비용 작업 범위와 준비사항, 진행 순서, 확인 항목을 정리했습니다. 인천 동구 상가청소 현장에 맞춰 필요한 청소 내용을 확인해보세요.",https://clever-griffin-93819d.netlify.app/incheon-dong-gu-store-cleaning-cost/,인천 동구 상가청소 비용,12
인천 동구 상가청소 견적,incheon-dong-gu-store-cleaning-quote,PASS,100,,인천 동구 상가청소 견적 - 청소 작업 안내,인천 동구 상가청소 견적 관련 청소 과정과 체크포인트를 안내합니다. 공간 상태와 오염 범위를 확인한 뒤 현장에 맞는 작업을 진행합니다.,https://clever-griffin-93819d.netlify.app/incheon-dong-gu-store-cleaning-quote/,인천 동구 상가청소 견적,12
인천 동구 사무실청소,incheon-dong-gu-office-cleaning,PASS,100,,인천 동구 사무실청소 - 청소 작업 안내,인천 동구 사무실청소 관련 청소 과정과 체크포인트를 안내합니다. 공간 상태와 오염 범위를 확인한 뒤 현장에 맞는 작업을 진행합니다.,https://clever-griffin-93819d.netlify.app/incheon-dong-gu-office-cleaning/,인천 동구 사무실청소,12
인천 동구 사무실청소 전문업체,incheon-dong-gu-office-cleaning-company,PASS,100,,인천 동구 사무실청소 전문업체 - 청소 작업 안내,인천 동구 사무실청소를 알아보는 분을 위한 안내입니다. 인천 동구 사무실청소 전문업체 작업 전 확인사항부터 마무리 점검까지 자세히 정리했습니다.,https://clever-griffin-93819d.netlify.app/incheon-dong-gu-office-cleaning-company/,인천 동구 사무실청소 전문업체,12
인천 동구 사무실청소 잘하는곳,incheon-dong-gu-office-cleaning-best,PASS,100,,인천 동구 사무실청소 잘하는곳 | 현장별 청소 정보,인천 동구 사무실청소를 알아보는 분을 위한 안내입니다. 인천 동구 사무실청소 잘하는곳 작업 전 확인사항부터 마무리 점검까지 자세히 정리했습니다.,https://clever-griffin-93819d.netlify.app/incheon-dong-gu-office-cleaning-best/,인천 동구 사무실청소 잘하는곳,12
인천 동구 사무실청소 가격,incheon-dong-gu-office-cleaning-price,PASS,100,,인천 동구 사무실청소 가격 | 체인지클린,"인천 동구 사무실청소 가격 작업 범위와 준비사항, 진행 순서, 확인 항목을 정리했습니다. 인천 동구 사무실청소 현장에 맞춰 필요한 청소 내용을 확인해보세요.",https://clever-griffin-93819d.netlify.app/incheon-dong-gu-office-cleaning-price/,인천 동구 사무실청소 가격,12
인천 동구 사무실청소 비용,incheon-dong-gu-office-cleaning-cost,PASS,100,,인천 동구 사무실청소 비용 | 현장별 청소 정보,"인천 동구 사무실청소 비용 작업 범위와 준비사항, 진행 순서, 확인 항목을 정리했습니다. 인천 동구 사무실청소 현장에 맞춰 필요한 청소 내용을 확인해보세요.",https://clever-griffin-93819d.netlify.app/incheon-dong-gu-office-cleaning-cost/,인천 동구 사무실청소 비용,12
인천 동구 사무실청소 견적,incheon-dong-gu-office-cleaning-quote,PASS,100,,인천 동구 사무실청소 견적 | 현장별 청소 정보,인천 동구 사무실청소를 알아보는 분을 위한 안내입니다. 인천 동구 사무실청소 견적 작업 전 확인사항부터 마무리 점검까지 자세히 정리했습니다.,https://clever-griffin-93819d.netlify.app/incheon-dong-gu-office-cleaning-quote/,인천 동구 사무실청소 견적,12
인천 동구 빌라청소,incheon-dong-gu-villa-cleaning,PASS,100,,인천 동구 빌라청소 | 현장별 청소 정보,"인천 동구 빌라청소 작업 범위와 준비사항, 진행 순서, 확인 항목을 정리했습니다. 인천 동구 빌라청소 현장에 맞춰 필요한 청소 내용을 확인해보세요.",https://clever-griffin-93819d.netlify.app/incheon-dong-gu-villa-cleaning/,인천 동구 빌라청소,12
인천 동구 빌라청소 전문업체,incheon-dong-gu-villa-cleaning-company,PASS,100,,인천 동구 빌라청소 전문업체 | 현장별 청소 정보,"인천 동구 빌라청소 전문업체 작업 범위와 준비사항, 진행 순서, 확인 항목을 정리했습니다. 인천 동구 빌라청소 현장에 맞춰 필요한 청소 내용을 확인해보세요.",https://clever-griffin-93819d.netlify.app/incheon-dong-gu-villa-cleaning-company/,인천 동구 빌라청소 전문업체,12
인천 동구 빌라청소 잘하는곳,incheon-dong-gu-villa-cleaning-best,PASS,100,,인천 동구 빌라청소 잘하는곳 | 현장별 청소 정보,인천 동구 빌라청소 잘하는곳 관련 청소 과정과 체크포인트를 안내합니다. 공간 상태와 오염 범위를 확인한 뒤 현장에 맞는 작업을 진행합니다.,https://clever-griffin-93819d.netlify.app/incheon-dong-gu-villa-cleaning-best/,인천 동구 빌라청소 잘하는곳,12
인천 동구 빌라청소 가격,incheon-dong-gu-villa-cleaning-price,PASS,100,,인천 동구 빌라청소 가격 | 체인지클린,인천 동구 빌라청소 가격 관련 청소 과정과 체크포인트를 안내합니다. 공간 상태와 오염 범위를 확인한 뒤 현장에 맞는 작업을 진행합니다.,https://clever-griffin-93819d.netlify.app/incheon-dong-gu-villa-cleaning-price/,인천 동구 빌라청소 가격,12
인천 동구 빌라청소 비용,incheon-dong-gu-villa-cleaning-cost,PASS,100,,인천 동구 빌라청소 비용 | 체인지클린,"인천 동구 빌라청소 비용 작업 범위와 준비사항, 진행 순서, 확인 항목을 정리했습니다. 인천 동구 빌라청소 현장에 맞춰 필요한 청소 내용을 확인해보세요.",https://clever-griffin-93819d.netlify.app/incheon-dong-gu-villa-cleaning-cost/,인천 동구 빌라청소 비용,12
인천 동구 빌라청소 견적,incheon-dong-gu-villa-cleaning-quote,PASS,100,,인천 동구 빌라청소 견적 | 체인지클린,"인천 동구 빌라청소 견적 작업 범위와 준비사항, 진행 순서, 확인 항목을 정리했습니다. 인천 동구 빌라청소 현장에 맞춰 필요한 청소 내용을 확인해보세요.",https://clever-griffin-93819d.netlify.app/incheon-dong-gu-villa-cleaning-quote/,인천 동구 빌라청소 견적,12
인천 동구 아파트청소,incheon-dong-gu-apartment-cleaning,PASS,100,,인천 동구 아파트청소 | 현장별 청소 정보,인천 동구 아파트청소를 알아보는 분을 위한 안내입니다. 인천 동구 아파트청소 작업 전 확인사항부터 마무리 점검까지 자세히 정리했습니다.,https://clever-griffin-93819d.netlify.app/incheon-dong-gu-apartment-cleaning/,인천 동구 아파트청소,12
인천 동구 아파트청소 전문업체,incheon-dong-gu-apartment-cleaning-company,PASS,100,,인천 동구 아파트청소 전문업체 - 청소 작업 안내,"인천 동구 아파트청소 전문업체 작업 범위와 준비사항, 진행 순서, 확인 항목을 정리했습니다. 인천 동구 아파트청소 현장에 맞춰 필요한 청소 내용을 확인해보세요.",https://clever-griffin-93819d.netlify.app/incheon-dong-gu-apartment-cleaning-company/,인천 동구 아파트청소 전문업체,12
인천 동구 아파트청소 잘하는곳,incheon-dong-gu-apartment-cleaning-best,PASS,100,,인천 동구 아파트청소 잘하는곳 | 현장별 청소 정보,"인천 동구 아파트청소 잘하는곳 작업 범위와 준비사항, 진행 순서, 확인 항목을 정리했습니다. 인천 동구 아파트청소 현장에 맞춰 필요한 청소 내용을 확인해보세요.",https://clever-griffin-93819d.netlify.app/incheon-dong-gu-apartment-cleaning-best/,인천 동구 아파트청소 잘하는곳,12
인천 동구 아파트청소 가격,incheon-dong-gu-apartment-cleaning-price,PASS,100,,인천 동구 아파트청소 가격 - 청소 작업 안내,인천 동구 아파트청소 가격 관련 청소 과정과 체크포인트를 안내합니다. 공간 상태와 오염 범위를 확인한 뒤 현장에 맞는 작업을 진행합니다.,https://clever-griffin-93819d.netlify.app/incheon-dong-gu-apartment-cleaning-price/,인천 동구 아파트청소 가격,12
인천 동구 아파트청소 비용,incheon-dong-gu-apartment-cleaning-cost,PASS,100,,인천 동구 아파트청소 비용 | 체인지클린,인천 동구 아파트청소를 알아보는 분을 위한 안내입니다. 인천 동구 아파트청소 비용 작업 전 확인사항부터 마무리 점검까지 자세히 정리했습니다.,https://clever-griffin-93819d.netlify.app/incheon-dong-gu-apartment-cleaning-cost/,인천 동구 아파트청소 비용,12
인천 동구 아파트청소 견적,incheon-dong-gu-apartment-cleaning-quote,PASS,100,,인천 동구 아파트청소 견적 | 체인지클린,인천 동구 아파트청소 견적 관련 청소 과정과 체크포인트를 안내합니다. 공간 상태와 오염 범위를 확인한 뒤 현장에 맞는 작업을 진행합니다.,https://clever-griffin-93819d.netlify.app/incheon-dong-gu-apartment-cleaning-quote/,인천 동구 아파트청소 견적,12
인천 동구 오피스텔청소,incheon-dong-gu-officetel-cleaning,PASS,100,,인천 동구 오피스텔청소 | 현장별 청소 정보,"인천 동구 오피스텔청소 작업 범위와 준비사항, 진행 순서, 확인 항목을 정리했습니다. 인천 동구 오피스텔청소 현장에 맞춰 필요한 청소 내용을 확인해보세요.",https://clever-griffin-93819d.netlify.app/incheon-dong-gu-officetel-cleaning/,인천 동구 오피스텔청소,12
인천 동구 오피스텔청소 전문업체,incheon-dong-gu-officetel-cleaning-company,PASS,100,,인천 동구 오피스텔청소 전문업체 | 체인지클린,인천 동구 오피스텔청소를 알아보는 분을 위한 안내입니다. 인천 동구 오피스텔청소 전문업체 작업 전 확인사항부터 마무리 점검까지 자세히 정리했습니다.,https://clever-griffin-93819d.netlify.app/incheon-dong-gu-officetel-cleaning-company/,인천 동구 오피스텔청소 전문업체,12
인천 동구 오피스텔청소 잘하는곳,incheon-dong-gu-officetel-cleaning-best,PASS,100,,인천 동구 오피스텔청소 잘하는곳 | 체인지클린,인천 동구 오피스텔청소를 알아보는 분을 위한 안내입니다. 인천 동구 오피스텔청소 잘하는곳 작업 전 확인사항부터 마무리 점검까지 자세히 정리했습니다.,https://clever-griffin-93819d.netlify.app/incheon-dong-gu-officetel-cleaning-best/,인천 동구 오피스텔청소 잘하는곳,12
인천 동구 오피스텔청소 가격,incheon-dong-gu-officetel-cleaning-price,PASS,100,,인천 동구 오피스텔청소 가격 | 체인지클린,인천 동구 오피스텔청소를 알아보는 분을 위한 안내입니다. 인천 동구 오피스텔청소 가격 작업 전 확인사항부터 마무리 점검까지 자세히 정리했습니다.,https://clever-griffin-93819d.netlify.app/incheon-dong-gu-officetel-cleaning-price/,인천 동구 오피스텔청소 가격,12
인천 동구 오피스텔청소 비용,incheon-dong-gu-officetel-cleaning-cost,PASS,100,,인천 동구 오피스텔청소 비용 | 체인지클린,"인천 동구 오피스텔청소 비용 작업 범위와 준비사항, 진행 순서, 확인 항목을 정리했습니다. 인천 동구 오피스텔청소 현장에 맞춰 필요한 청소 내용을 확인해보세요.",https://clever-griffin-93819d.netlify.app/incheon-dong-gu-officetel-cleaning-cost/,인천 동구 오피스텔청소 비용,12
인천 동구 오피스텔청소 견적,incheon-dong-gu-officetel-cleaning-quote,PASS,100,,인천 동구 오피스텔청소 견적 - 청소 작업 안내,인천 동구 오피스텔청소를 알아보는 분을 위한 안내입니다. 인천 동구 오피스텔청소 견적 작업 전 확인사항부터 마무리 점검까지 자세히 정리했습니다.,https://clever-griffin-93819d.netlify.app/incheon-dong-gu-officetel-cleaning-quote/,인천 동구 오피스텔청소 견적,12
인천 동구 거주청소,incheon-dong-gu-home-cleaning,PASS,100,,인천 동구 거주청소 - 청소 작업 안내,"인천 동구 거주청소 작업 범위와 준비사항, 진행 순서, 확인 항목을 정리했습니다. 인천 동구 거주청소 현장에 맞춰 필요한 청소 내용을 확인해보세요.",https://clever-griffin-93819d.netlify.app/incheon-dong-gu-home-cleaning/,인천 동구 거주청소,12
인천 동구 거주청소 전문업체,incheon-dong-gu-home-cleaning-company,PASS,100,,인천 동구 거주청소 전문업체 | 체인지클린,인천 동구 거주청소 전문업체 관련 청소 과정과 체크포인트를 안내합니다. 공간 상태와 오염 범위를 확인한 뒤 현장에 맞는 작업을 진행합니다.,https://clever-griffin-93819d.netlify.app/incheon-dong-gu-home-cleaning-company/,인천 동구 거주청소 전문업체,12
인천 동구 거주청소 잘하는곳,incheon-dong-gu-home-cleaning-best,PASS,100,,인천 동구 거주청소 잘하는곳 | 체인지클린,인천 동구 거주청소 잘하는곳 관련 청소 과정과 체크포인트를 안내합니다. 공간 상태와 오염 범위를 확인한 뒤 현장에 맞는 작업을 진행합니다.,https://clever-griffin-93819d.netlify.app/incheon-dong-gu-home-cleaning-best/,인천 동구 거주청소 잘하는곳,12
인천 동구 거주청소 가격,incheon-dong-gu-home-cleaning-price,PASS,100,,인천 동구 거주청소 가격 | 체인지클린,인천 동구 거주청소를 알아보는 분을 위한 안내입니다. 인천 동구 거주청소 가격 작업 전 확인사항부터 마무리 점검까지 자세히 정리했습니다.,https://clever-griffin-93819d.netlify.app/incheon-dong-gu-home-cleaning-price/,인천 동구 거주청소 가격,12
인천 동구 거주청소 비용,incheon-dong-gu-home-cleaning-cost,PASS,100,,인천 동구 거주청소 비용 - 청소 작업 안내,인천 동구 거주청소를 알아보는 분을 위한 안내입니다. 인천 동구 거주청소 비용 작업 전 확인사항부터 마무리 점검까지 자세히 정리했습니다.,https://clever-griffin-93819d.netlify.app/incheon-dong-gu-home-cleaning-cost/,인천 동구 거주청소 비용,12
인천 동구 거주청소 견적,incheon-dong-gu-home-cleaning-quote,PASS,100,,인천 동구 거주청소 견적 | 체인지클린,"인천 동구 거주청소 견적 작업 범위와 준비사항, 진행 순서, 확인 항목을 정리했습니다. 인천 동구 거주청소 현장에 맞춰 필요한 청소 내용을 확인해보세요.",https://clever-griffin-93819d.netlify.app/incheon-dong-gu-home-cleaning-quote/,인천 동구 거주청소 견적,12
인천 강화군 입주청소,incheon-ganghwa-gun-move-in-cleaning,CHECK,96,title 길이 확인,인천 강화군 입주청소 | 체인지클린,인천 강화군 입주청소를 알아보는 분을 위한 안내입니다. 인천 강화군 입주청소 작업 전 확인사항부터 마무리 점검까지 자세히 정리했습니다.,https://clever-griffin-93819d.netlify.app/incheon-ganghwa-gun-move-in-cleaning/,인천 강화군 입주청소,12
인천 강화군 입주청소 전문업체,incheon-ganghwa-gun-move-in-cleaning-company,PASS,100,,인천 강화군 입주청소 전문업체 | 체인지클린,인천 강화군 입주청소를 알아보는 분을 위한 안내입니다. 인천 강화군 입주청소 전문업체 작업 전 확인사항부터 마무리 점검까지 자세히 정리했습니다.,https://clever-griffin-93819d.netlify.app/incheon-ganghwa-gun-move-in-cleaning-company/,인천 강화군 입주청소 전문업체,12
인천 강화군 입주청소 잘하는곳,incheon-ganghwa-gun-move-in-cleaning-best,PASS,100,,인천 강화군 입주청소 잘하는곳 | 체인지클린,인천 강화군 입주청소 잘하는곳 관련 청소 과정과 체크포인트를 안내합니다. 공간 상태와 오염 범위를 확인한 뒤 현장에 맞는 작업을 진행합니다.,https://clever-griffin-93819d.netlify.app/incheon-ganghwa-gun-move-in-cleaning-best/,인천 강화군 입주청소 잘하는곳,12
인천 강화군 입주청소 가격,incheon-ganghwa-gun-move-in-cleaning-price,PASS,100,,인천 강화군 입주청소 가격 | 현장별 청소 정보,"인천 강화군 입주청소 가격 작업 범위와 준비사항, 진행 순서, 확인 항목을 정리했습니다. 인천 강화군 입주청소 현장에 맞춰 필요한 청소 내용을 확인해보세요.",https://clever-griffin-93819d.netlify.app/incheon-ganghwa-gun-move-in-cleaning-price/,인천 강화군 입주청소 가격,12
인천 강화군 입주청소 비용,incheon-ganghwa-gun-move-in-cleaning-cost,PASS,100,,인천 강화군 입주청소 비용 | 현장별 청소 정보,인천 강화군 입주청소를 알아보는 분을 위한 안내입니다. 인천 강화군 입주청소 비용 작업 전 확인사항부터 마무리 점검까지 자세히 정리했습니다.,https://clever-griffin-93819d.netlify.app/incheon-ganghwa-gun-move-in-cleaning-cost/,인천 강화군 입주청소 비용,12
인천 강화군 입주청소 견적,incheon-ganghwa-gun-move-in-cleaning-quote,PASS,100,,인천 강화군 입주청소 견적 | 현장별 청소 정보,인천 강화군 입주청소를 알아보는 분을 위한 안내입니다. 인천 강화군 입주청소 견적 작업 전 확인사항부터 마무리 점검까지 자세히 정리했습니다.,https://clever-griffin-93819d.netlify.app/incheon-ganghwa-gun-move-in-cleaning-quote/,인천 강화군 입주청소 견적,12
인천 강화군 이사청소,incheon-ganghwa-gun-move-out-cleaning,PASS,100,,인천 강화군 이사청소 | 현장별 청소 정보,"인천 강화군 이사청소 작업 범위와 준비사항, 진행 순서, 확인 항목을 정리했습니다. 인천 강화군 이사청소 현장에 맞춰 필요한 청소 내용을 확인해보세요.",https://clever-griffin-93819d.netlify.app/incheon-ganghwa-gun-move-out-cleaning/,인천 강화군 이사청소,12
인천 강화군 이사청소 전문업체,incheon-ganghwa-gun-move-out-cleaning-company,PASS,100,,인천 강화군 이사청소 전문업체 - 청소 작업 안내,인천 강화군 이사청소를 알아보는 분을 위한 안내입니다. 인천 강화군 이사청소 전문업체 작업 전 확인사항부터 마무리 점검까지 자세히 정리했습니다.,https://clever-griffin-93819d.netlify.app/incheon-ganghwa-gun-move-out-cleaning-company/,인천 강화군 이사청소 전문업체,12
인천 강화군 이사청소 잘하는곳,incheon-ganghwa-gun-move-out-cleaning-best,PASS,100,,인천 강화군 이사청소 잘하는곳 | 체인지클린,인천 강화군 이사청소 잘하는곳 관련 청소 과정과 체크포인트를 안내합니다. 공간 상태와 오염 범위를 확인한 뒤 현장에 맞는 작업을 진행합니다.,https://clever-griffin-93819d.netlify.app/incheon-ganghwa-gun-move-out-cleaning-best/,인천 강화군 이사청소 잘하는곳,12
인천 강화군 이사청소 가격,incheon-ganghwa-gun-move-out-cleaning-price,PASS,100,,인천 강화군 이사청소 가격 | 체인지클린,"인천 강화군 이사청소 가격 작업 범위와 준비사항, 진행 순서, 확인 항목을 정리했습니다. 인천 강화군 이사청소 현장에 맞춰 필요한 청소 내용을 확인해보세요.",https://clever-griffin-93819d.netlify.app/incheon-ganghwa-gun-move-out-cleaning-price/,인천 강화군 이사청소 가격,12
인천 강화군 이사청소 비용,incheon-ganghwa-gun-move-out-cleaning-cost,PASS,100,,인천 강화군 이사청소 비용 | 체인지클린,인천 강화군 이사청소를 알아보는 분을 위한 안내입니다. 인천 강화군 이사청소 비용 작업 전 확인사항부터 마무리 점검까지 자세히 정리했습니다.,https://clever-griffin-93819d.netlify.app/incheon-ganghwa-gun-move-out-cleaning-cost/,인천 강화군 이사청소 비용,12
인천 강화군 이사청소 견적,incheon-ganghwa-gun-move-out-cleaning-quote,PASS,100,,인천 강화군 이사청소 견적 - 청소 작업 안내,인천 강화군 이사청소를 알아보는 분을 위한 안내입니다. 인천 강화군 이사청소 견적 작업 전 확인사항부터 마무리 점검까지 자세히 정리했습니다.,https://clever-griffin-93819d.netlify.app/incheon-ganghwa-gun-move-out-cleaning-quote/,인천 강화군 이사청소 견적,12
인천 강화군 준공청소,incheon-ganghwa-gun-post-construction-cleaning,PASS,100,,인천 강화군 준공청소 - 청소 작업 안내,"인천 강화군 준공청소 작업 범위와 준비사항, 진행 순서, 확인 항목을 정리했습니다. 인천 강화군 준공청소 현장에 맞춰 필요한 청소 내용을 확인해보세요.",https://clever-griffin-93819d.netlify.app/incheon-ganghwa-gun-post-construction-cleaning/,인천 강화군 준공청소,12
인천 강화군 준공청소 전문업체,incheon-ganghwa-gun-post-construction-cleaning-company,PASS,100,,인천 강화군 준공청소 전문업체 - 청소 작업 안내,인천 강화군 준공청소를 알아보는 분을 위한 안내입니다. 인천 강화군 준공청소 전문업체 작업 전 확인사항부터 마무리 점검까지 자세히 정리했습니다.,https://clever-griffin-93819d.netlify.app/incheon-ganghwa-gun-post-construction-cleaning-company/,인천 강화군 준공청소 전문업체,12
인천 강화군 준공청소 잘하는곳,incheon-ganghwa-gun-post-construction-cleaning-best,PASS,100,,인천 강화군 준공청소 잘하는곳 - 청소 작업 안내,인천 강화군 준공청소를 알아보는 분을 위한 안내입니다. 인천 강화군 준공청소 잘하는곳 작업 전 확인사항부터 마무리 점검까지 자세히 정리했습니다.,https://clever-griffin-93819d.netlify.app/incheon-ganghwa-gun-post-construction-cleaning-best/,인천 강화군 준공청소 잘하는곳,12
인천 강화군 준공청소 가격,incheon-ganghwa-gun-post-construction-cleaning-price,PASS,100,,인천 강화군 준공청소 가격 | 현장별 청소 정보,인천 강화군 준공청소 가격 관련 청소 과정과 체크포인트를 안내합니다. 공간 상태와 오염 범위를 확인한 뒤 현장에 맞는 작업을 진행합니다.,https://clever-griffin-93819d.netlify.app/incheon-ganghwa-gun-post-construction-cleaning-price/,인천 강화군 준공청소 가격,12
인천 강화군 준공청소 비용,incheon-ganghwa-gun-post-construction-cleaning-cost,PASS,100,,인천 강화군 준공청소 비용 | 현장별 청소 정보,"인천 강화군 준공청소 비용 작업 범위와 준비사항, 진행 순서, 확인 항목을 정리했습니다. 인천 강화군 준공청소 현장에 맞춰 필요한 청소 내용을 확인해보세요.",https://clever-griffin-93819d.netlify.app/incheon-ganghwa-gun-post-construction-cleaning-cost/,인천 강화군 준공청소 비용,12
인천 강화군 준공청소 견적,incheon-ganghwa-gun-post-construction-cleaning-quote,PASS,100,,인천 강화군 준공청소 견적 - 청소 작업 안내,인천 강화군 준공청소 견적 관련 청소 과정과 체크포인트를 안내합니다. 공간 상태와 오염 범위를 확인한 뒤 현장에 맞는 작업을 진행합니다.,https://clever-griffin-93819d.netlify.app/incheon-ganghwa-gun-post-construction-cleaning-quote/,인천 강화군 준공청소 견적,12
인천 강화군 상가청소,incheon-ganghwa-gun-store-cleaning,PASS,100,,인천 강화군 상가청소 | 현장별 청소 정보,인천 강화군 상가청소를 알아보는 분을 위한 안내입니다. 인천 강화군 상가청소 작업 전 확인사항부터 마무리 점검까지 자세히 정리했습니다.,https://clever-griffin-93819d.netlify.app/incheon-ganghwa-gun-store-cleaning/,인천 강화군 상가청소,12
인천 강화군 상가청소 전문업체,incheon-ganghwa-gun-store-cleaning-company,PASS,100,,인천 강화군 상가청소 전문업체 | 현장별 청소 정보,인천 강화군 상가청소 전문업체 관련 청소 과정과 체크포인트를 안내합니다. 공간 상태와 오염 범위를 확인한 뒤 현장에 맞는 작업을 진행합니다.,https://clever-griffin-93819d.netlify.app/incheon-ganghwa-gun-store-cleaning-company/,인천 강화군 상가청소 전문업체,12
인천 강화군 상가청소 잘하는곳,incheon-ganghwa-gun-store-cleaning-best,PASS,100,,인천 강화군 상가청소 잘하는곳 - 청소 작업 안내,인천 강화군 상가청소를 알아보는 분을 위한 안내입니다. 인천 강화군 상가청소 잘하는곳 작업 전 확인사항부터 마무리 점검까지 자세히 정리했습니다.,https://clever-griffin-93819d.netlify.app/incheon-ganghwa-gun-store-cleaning-best/,인천 강화군 상가청소 잘하는곳,12
인천 강화군 상가청소 가격,incheon-ganghwa-gun-store-cleaning-price,PASS,100,,인천 강화군 상가청소 가격 - 청소 작업 안내,"인천 강화군 상가청소 가격 작업 범위와 준비사항, 진행 순서, 확인 항목을 정리했습니다. 인천 강화군 상가청소 현장에 맞춰 필요한 청소 내용을 확인해보세요.",https://clever-griffin-93819d.netlify.app/incheon-ganghwa-gun-store-cleaning-price/,인천 강화군 상가청소 가격,12
인천 강화군 상가청소 비용,incheon-ganghwa-gun-store-cleaning-cost,PASS,100,,인천 강화군 상가청소 비용 | 체인지클린,인천 강화군 상가청소를 알아보는 분을 위한 안내입니다. 인천 강화군 상가청소 비용 작업 전 확인사항부터 마무리 점검까지 자세히 정리했습니다.,https://clever-griffin-93819d.netlify.app/incheon-ganghwa-gun-store-cleaning-cost/,인천 강화군 상가청소 비용,12
인천 강화군 상가청소 견적,incheon-ganghwa-gun-store-cleaning-quote,PASS,100,,인천 강화군 상가청소 견적 | 현장별 청소 정보,인천 강화군 상가청소를 알아보는 분을 위한 안내입니다. 인천 강화군 상가청소 견적 작업 전 확인사항부터 마무리 점검까지 자세히 정리했습니다.,https://clever-griffin-93819d.netlify.app/incheon-ganghwa-gun-store-cleaning-quote/,인천 강화군 상가청소 견적,12
인천 강화군 사무실청소,incheon-ganghwa-gun-office-cleaning,PASS,100,,인천 강화군 사무실청소 | 현장별 청소 정보,"인천 강화군 사무실청소 작업 범위와 준비사항, 진행 순서, 확인 항목을 정리했습니다. 인천 강화군 사무실청소 현장에 맞춰 필요한 청소 내용을 확인해보세요.",https://clever-griffin-93819d.netlify.app/incheon-ganghwa-gun-office-cleaning/,인천 강화군 사무실청소,12
인천 강화군 사무실청소 전문업체,incheon-ganghwa-gun-office-cleaning-company,PASS,100,,인천 강화군 사무실청소 전문업체 | 체인지클린,인천 강화군 사무실청소 전문업체 관련 청소 과정과 체크포인트를 안내합니다. 공간 상태와 오염 범위를 확인한 뒤 현장에 맞는 작업을 진행합니다.,https://clever-griffin-93819d.netlify.app/incheon-ganghwa-gun-office-cleaning-company/,인천 강화군 사무실청소 전문업체,12
인천 강화군 사무실청소 잘하는곳,incheon-ganghwa-gun-office-cleaning-best,PASS,100,,인천 강화군 사무실청소 잘하는곳 - 청소 작업 안내,인천 강화군 사무실청소를 알아보는 분을 위한 안내입니다. 인천 강화군 사무실청소 잘하는곳 작업 전 확인사항부터 마무리 점검까지 자세히 정리했습니다.,https://clever-griffin-93819d.netlify.app/incheon-ganghwa-gun-office-cleaning-best/,인천 강화군 사무실청소 잘하는곳,12
인천 강화군 사무실청소 가격,incheon-ganghwa-gun-office-cleaning-price,PASS,100,,인천 강화군 사무실청소 가격 | 체인지클린,인천 강화군 사무실청소를 알아보는 분을 위한 안내입니다. 인천 강화군 사무실청소 가격 작업 전 확인사항부터 마무리 점검까지 자세히 정리했습니다.,https://clever-griffin-93819d.netlify.app/incheon-ganghwa-gun-office-cleaning-price/,인천 강화군 사무실청소 가격,12
인천 강화군 사무실청소 비용,incheon-ganghwa-gun-office-cleaning-cost,PASS,100,,인천 강화군 사무실청소 비용 | 체인지클린,"인천 강화군 사무실청소 비용 작업 범위와 준비사항, 진행 순서, 확인 항목을 정리했습니다. 인천 강화군 사무실청소 현장에 맞춰 필요한 청소 내용을 확인해보세요.",https://clever-griffin-93819d.netlify.app/incheon-ganghwa-gun-office-cleaning-cost/,인천 강화군 사무실청소 비용,12
인천 강화군 사무실청소 견적,incheon-ganghwa-gun-office-cleaning-quote,PASS,100,,인천 강화군 사무실청소 견적 | 체인지클린,"인천 강화군 사무실청소 견적 작업 범위와 준비사항, 진행 순서, 확인 항목을 정리했습니다. 인천 강화군 사무실청소 현장에 맞춰 필요한 청소 내용을 확인해보세요.",https://clever-griffin-93819d.netlify.app/incheon-ganghwa-gun-office-cleaning-quote/,인천 강화군 사무실청소 견적,12
인천 강화군 빌라청소,incheon-ganghwa-gun-villa-cleaning,PASS,100,,인천 강화군 빌라청소 | 현장별 청소 정보,인천 강화군 빌라청소를 알아보는 분을 위한 안내입니다. 인천 강화군 빌라청소 작업 전 확인사항부터 마무리 점검까지 자세히 정리했습니다.,https://clever-griffin-93819d.netlify.app/incheon-ganghwa-gun-villa-cleaning/,인천 강화군 빌라청소,12
인천 강화군 빌라청소 전문업체,incheon-ganghwa-gun-villa-cleaning-company,PASS,100,,인천 강화군 빌라청소 전문업체 - 청소 작업 안내,"인천 강화군 빌라청소 전문업체 작업 범위와 준비사항, 진행 순서, 확인 항목을 정리했습니다. 인천 강화군 빌라청소 현장에 맞춰 필요한 청소 내용을 확인해보세요.",https://clever-griffin-93819d.netlify.app/incheon-ganghwa-gun-villa-cleaning-company/,인천 강화군 빌라청소 전문업체,12
인천 강화군 빌라청소 잘하는곳,incheon-ganghwa-gun-villa-cleaning-best,PASS,100,,인천 강화군 빌라청소 잘하는곳 | 체인지클린,인천 강화군 빌라청소를 알아보는 분을 위한 안내입니다. 인천 강화군 빌라청소 잘하는곳 작업 전 확인사항부터 마무리 점검까지 자세히 정리했습니다.,https://clever-griffin-93819d.netlify.app/incheon-ganghwa-gun-villa-cleaning-best/,인천 강화군 빌라청소 잘하는곳,12
인천 강화군 빌라청소 가격,incheon-ganghwa-gun-villa-cleaning-price,PASS,100,,인천 강화군 빌라청소 가격 | 현장별 청소 정보,"인천 강화군 빌라청소 가격 작업 범위와 준비사항, 진행 순서, 확인 항목을 정리했습니다. 인천 강화군 빌라청소 현장에 맞춰 필요한 청소 내용을 확인해보세요.",https://clever-griffin-93819d.netlify.app/incheon-ganghwa-gun-villa-cleaning-price/,인천 강화군 빌라청소 가격,12
인천 강화군 빌라청소 비용,incheon-ganghwa-gun-villa-cleaning-cost,PASS,100,,인천 강화군 빌라청소 비용 - 청소 작업 안내,"인천 강화군 빌라청소 비용 작업 범위와 준비사항, 진행 순서, 확인 항목을 정리했습니다. 인천 강화군 빌라청소 현장에 맞춰 필요한 청소 내용을 확인해보세요.",https://clever-griffin-93819d.netlify.app/incheon-ganghwa-gun-villa-cleaning-cost/,인천 강화군 빌라청소 비용,12
인천 강화군 빌라청소 견적,incheon-ganghwa-gun-villa-cleaning-quote,PASS,100,,인천 강화군 빌라청소 견적 | 체인지클린,"인천 강화군 빌라청소 견적 작업 범위와 준비사항, 진행 순서, 확인 항목을 정리했습니다. 인천 강화군 빌라청소 현장에 맞춰 필요한 청소 내용을 확인해보세요.",https://clever-griffin-93819d.netlify.app/incheon-ganghwa-gun-villa-cleaning-quote/,인천 강화군 빌라청소 견적,12
인천 강화군 아파트청소,incheon-ganghwa-gun-apartment-cleaning,PASS,100,,인천 강화군 아파트청소 | 현장별 청소 정보,인천 강화군 아파트청소를 알아보는 분을 위한 안내입니다. 인천 강화군 아파트청소 작업 전 확인사항부터 마무리 점검까지 자세히 정리했습니다.,https://clever-griffin-93819d.netlify.app/incheon-ganghwa-gun-apartment-cleaning/,인천 강화군 아파트청소,12
인천 강화군 아파트청소 전문업체,incheon-ganghwa-gun-apartment-cleaning-company,PASS,100,,인천 강화군 아파트청소 전문업체 | 체인지클린,"인천 강화군 아파트청소 전문업체 작업 범위와 준비사항, 진행 순서, 확인 항목을 정리했습니다. 인천 강화군 아파트청소 현장에 맞춰 필요한 청소 내용을 확인해보세요.",https://clever-griffin-93819d.netlify.app/incheon-ganghwa-gun-apartment-cleaning-company/,인천 강화군 아파트청소 전문업체,12
인천 강화군 아파트청소 잘하는곳,incheon-ganghwa-gun-apartment-cleaning-best,PASS,100,,인천 강화군 아파트청소 잘하는곳 | 체인지클린,"인천 강화군 아파트청소 잘하는곳 작업 범위와 준비사항, 진행 순서, 확인 항목을 정리했습니다. 인천 강화군 아파트청소 현장에 맞춰 필요한 청소 내용을 확인해보세요.",https://clever-griffin-93819d.netlify.app/incheon-ganghwa-gun-apartment-cleaning-best/,인천 강화군 아파트청소 잘하는곳,12
인천 강화군 아파트청소 가격,incheon-ganghwa-gun-apartment-cleaning-price,PASS,100,,인천 강화군 아파트청소 가격 | 체인지클린,"인천 강화군 아파트청소 가격 작업 범위와 준비사항, 진행 순서, 확인 항목을 정리했습니다. 인천 강화군 아파트청소 현장에 맞춰 필요한 청소 내용을 확인해보세요.",https://clever-griffin-93819d.netlify.app/incheon-ganghwa-gun-apartment-cleaning-price/,인천 강화군 아파트청소 가격,12
인천 강화군 아파트청소 비용,incheon-ganghwa-gun-apartment-cleaning-cost,PASS,100,,인천 강화군 아파트청소 비용 | 체인지클린,인천 강화군 아파트청소를 알아보는 분을 위한 안내입니다. 인천 강화군 아파트청소 비용 작업 전 확인사항부터 마무리 점검까지 자세히 정리했습니다.,https://clever-griffin-93819d.netlify.app/incheon-ganghwa-gun-apartment-cleaning-cost/,인천 강화군 아파트청소 비용,12
인천 강화군 아파트청소 견적,incheon-ganghwa-gun-apartment-cleaning-quote,PASS,100,,인천 강화군 아파트청소 견적 | 현장별 청소 정보,인천 강화군 아파트청소 견적 관련 청소 과정과 체크포인트를 안내합니다. 공간 상태와 오염 범위를 확인한 뒤 현장에 맞는 작업을 진행합니다.,https://clever-griffin-93819d.netlify.app/incheon-ganghwa-gun-apartment-cleaning-quote/,인천 강화군 아파트청소 견적,12
인천 강화군 오피스텔청소,incheon-ganghwa-gun-officetel-cleaning,PASS,100,,인천 강화군 오피스텔청소 | 현장별 청소 정보,인천 강화군 오피스텔청소 관련 청소 과정과 체크포인트를 안내합니다. 공간 상태와 오염 범위를 확인한 뒤 현장에 맞는 작업을 진행합니다.,https://clever-griffin-93819d.netlify.app/incheon-ganghwa-gun-officetel-cleaning/,인천 강화군 오피스텔청소,12
인천 강화군 오피스텔청소 전문업체,incheon-ganghwa-gun-officetel-cleaning-company,PASS,100,,인천 강화군 오피스텔청소 전문업체 - 청소 작업 안내,인천 강화군 오피스텔청소 전문업체 관련 청소 과정과 체크포인트를 안내합니다. 공간 상태와 오염 범위를 확인한 뒤 현장에 맞는 작업을 진행합니다.,https://clever-griffin-93819d.netlify.app/incheon-ganghwa-gun-officetel-cleaning-company/,인천 강화군 오피스텔청소 전문업체,12
인천 강화군 오피스텔청소 잘하는곳,incheon-ganghwa-gun-officetel-cleaning-best,PASS,100,,인천 강화군 오피스텔청소 잘하는곳 | 현장별 청소 정보,"인천 강화군 오피스텔청소 잘하는곳 작업 범위와 준비사항, 진행 순서, 확인 항목을 정리했습니다. 인천 강화군 오피스텔청소 현장에 맞춰 필요한 청소 내용을 확인해보세요.",https://clever-griffin-93819d.netlify.app/incheon-ganghwa-gun-officetel-cleaning-best/,인천 강화군 오피스텔청소 잘하는곳,12
인천 강화군 오피스텔청소 가격,incheon-ganghwa-gun-officetel-cleaning-price,PASS,100,,인천 강화군 오피스텔청소 가격 - 청소 작업 안내,인천 강화군 오피스텔청소를 알아보는 분을 위한 안내입니다. 인천 강화군 오피스텔청소 가격 작업 전 확인사항부터 마무리 점검까지 자세히 정리했습니다.,https://clever-griffin-93819d.netlify.app/incheon-ganghwa-gun-officetel-cleaning-price/,인천 강화군 오피스텔청소 가격,12
인천 강화군 오피스텔청소 비용,incheon-ganghwa-gun-officetel-cleaning-cost,PASS,100,,인천 강화군 오피스텔청소 비용 | 현장별 청소 정보,인천 강화군 오피스텔청소 비용 관련 청소 과정과 체크포인트를 안내합니다. 공간 상태와 오염 범위를 확인한 뒤 현장에 맞는 작업을 진행합니다.,https://clever-griffin-93819d.netlify.app/incheon-ganghwa-gun-officetel-cleaning-cost/,인천 강화군 오피스텔청소 비용,12
인천 강화군 오피스텔청소 견적,incheon-ganghwa-gun-officetel-cleaning-quote,PASS,100,,인천 강화군 오피스텔청소 견적 | 현장별 청소 정보,인천 강화군 오피스텔청소 견적 관련 청소 과정과 체크포인트를 안내합니다. 공간 상태와 오염 범위를 확인한 뒤 현장에 맞는 작업을 진행합니다.,https://clever-griffin-93819d.netlify.app/incheon-ganghwa-gun-officetel-cleaning-quote/,인천 강화군 오피스텔청소 견적,12
인천 강화군 거주청소,incheon-ganghwa-gun-home-cleaning,PASS,100,,인천 강화군 거주청소 | 현장별 청소 정보,"인천 강화군 거주청소 작업 범위와 준비사항, 진행 순서, 확인 항목을 정리했습니다. 인천 강화군 거주청소 현장에 맞춰 필요한 청소 내용을 확인해보세요.",https://clever-griffin-93819d.netlify.app/incheon-ganghwa-gun-home-cleaning/,인천 강화군 거주청소,12
인천 강화군 거주청소 전문업체,incheon-ganghwa-gun-home-cleaning-company,PASS,100,,인천 강화군 거주청소 전문업체 | 체인지클린,인천 강화군 거주청소를 알아보는 분을 위한 안내입니다. 인천 강화군 거주청소 전문업체 작업 전 확인사항부터 마무리 점검까지 자세히 정리했습니다.,https://clever-griffin-93819d.netlify.app/incheon-ganghwa-gun-home-cleaning-company/,인천 강화군 거주청소 전문업체,12
인천 강화군 거주청소 잘하는곳,incheon-ganghwa-gun-home-cleaning-best,PASS,100,,인천 강화군 거주청소 잘하는곳 - 청소 작업 안내,"인천 강화군 거주청소 잘하는곳 작업 범위와 준비사항, 진행 순서, 확인 항목을 정리했습니다. 인천 강화군 거주청소 현장에 맞춰 필요한 청소 내용을 확인해보세요.",https://clever-griffin-93819d.netlify.app/incheon-ganghwa-gun-home-cleaning-best/,인천 강화군 거주청소 잘하는곳,12
인천 강화군 거주청소 가격,incheon-ganghwa-gun-home-cleaning-price,PASS,100,,인천 강화군 거주청소 가격 - 청소 작업 안내,인천 강화군 거주청소를 알아보는 분을 위한 안내입니다. 인천 강화군 거주청소 가격 작업 전 확인사항부터 마무리 점검까지 자세히 정리했습니다.,https://clever-griffin-93819d.netlify.app/incheon-ganghwa-gun-home-cleaning-price/,인천 강화군 거주청소 가격,12
인천 강화군 거주청소 비용,incheon-ganghwa-gun-home-cleaning-cost,PASS,100,,인천 강화군 거주청소 비용 - 청소 작업 안내,인천 강화군 거주청소 비용 관련 청소 과정과 체크포인트를 안내합니다. 공간 상태와 오염 범위를 확인한 뒤 현장에 맞는 작업을 진행합니다.,https://clever-griffin-93819d.netlify.app/incheon-ganghwa-gun-home-cleaning-cost/,인천 강화군 거주청소 비용,12
인천 강화군 거주청소 견적,incheon-ganghwa-gun-home-cleaning-quote,PASS,100,,인천 강화군 거주청소 견적 - 청소 작업 안내,인천 강화군 거주청소 견적 관련 청소 과정과 체크포인트를 안내합니다. 공간 상태와 오염 범위를 확인한 뒤 현장에 맞는 작업을 진행합니다.,https://clever-griffin-93819d.netlify.app/incheon-ganghwa-gun-home-cleaning-quote/,인천 강화군 거주청소 견적,12
경기 수원시 입주청소,gyeonggi-suwon-si-move-in-cleaning,PASS,100,,경기 수원시 입주청소 - 청소 작업 안내,"경기 수원시 입주청소 작업 범위와 준비사항, 진행 순서, 확인 항목을 정리했습니다. 경기 수원시 입주청소 현장에 맞춰 필요한 청소 내용을 확인해보세요.",https://clever-griffin-93819d.netlify.app/gyeonggi-suwon-si-move-in-cleaning/,경기 수원시 입주청소,12
경기 수원시 입주청소 전문업체,gyeonggi-suwon-si-move-in-cleaning-company,PASS,100,,경기 수원시 입주청소 전문업체 | 현장별 청소 정보,경기 수원시 입주청소를 알아보는 분을 위한 안내입니다. 경기 수원시 입주청소 전문업체 작업 전 확인사항부터 마무리 점검까지 자세히 정리했습니다.,https://clever-griffin-93819d.netlify.app/gyeonggi-suwon-si-move-in-cleaning-company/,경기 수원시 입주청소 전문업체,12
경기 수원시 입주청소 잘하는곳,gyeonggi-suwon-si-move-in-cleaning-best,PASS,100,,경기 수원시 입주청소 잘하는곳 - 청소 작업 안내,"경기 수원시 입주청소 잘하는곳 작업 범위와 준비사항, 진행 순서, 확인 항목을 정리했습니다. 경기 수원시 입주청소 현장에 맞춰 필요한 청소 내용을 확인해보세요.",https://clever-griffin-93819d.netlify.app/gyeonggi-suwon-si-move-in-cleaning-best/,경기 수원시 입주청소 잘하는곳,12
경기 수원시 입주청소 가격,gyeonggi-suwon-si-move-in-cleaning-price,PASS,100,,경기 수원시 입주청소 가격 | 현장별 청소 정보,"경기 수원시 입주청소 가격 작업 범위와 준비사항, 진행 순서, 확인 항목을 정리했습니다. 경기 수원시 입주청소 현장에 맞춰 필요한 청소 내용을 확인해보세요.",https://clever-griffin-93819d.netlify.app/gyeonggi-suwon-si-move-in-cleaning-price/,경기 수원시 입주청소 가격,12
경기 수원시 입주청소 비용,gyeonggi-suwon-si-move-in-cleaning-cost,PASS,100,,경기 수원시 입주청소 비용 - 청소 작업 안내,경기 수원시 입주청소를 알아보는 분을 위한 안내입니다. 경기 수원시 입주청소 비용 작업 전 확인사항부터 마무리 점검까지 자세히 정리했습니다.,https://clever-griffin-93819d.netlify.app/gyeonggi-suwon-si-move-in-cleaning-cost/,경기 수원시 입주청소 비용,12
경기 수원시 입주청소 견적,gyeonggi-suwon-si-move-in-cleaning-quote,PASS,100,,경기 수원시 입주청소 견적 - 청소 작업 안내,"경기 수원시 입주청소 견적 작업 범위와 준비사항, 진행 순서, 확인 항목을 정리했습니다. 경기 수원시 입주청소 현장에 맞춰 필요한 청소 내용을 확인해보세요.",https://clever-griffin-93819d.netlify.app/gyeonggi-suwon-si-move-in-cleaning-quote/,경기 수원시 입주청소 견적,12
경기 수원시 이사청소,gyeonggi-suwon-si-move-out-cleaning,CHECK,96,title 길이 확인,경기 수원시 이사청소 | 체인지클린,"경기 수원시 이사청소 작업 범위와 준비사항, 진행 순서, 확인 항목을 정리했습니다. 경기 수원시 이사청소 현장에 맞춰 필요한 청소 내용을 확인해보세요.",https://clever-griffin-93819d.netlify.app/gyeonggi-suwon-si-move-out-cleaning/,경기 수원시 이사청소,12
경기 수원시 이사청소 전문업체,gyeonggi-suwon-si-move-out-cleaning-company,PASS,100,,경기 수원시 이사청소 전문업체 - 청소 작업 안내,경기 수원시 이사청소 전문업체 관련 청소 과정과 체크포인트를 안내합니다. 공간 상태와 오염 범위를 확인한 뒤 현장에 맞는 작업을 진행합니다.,https://clever-griffin-93819d.netlify.app/gyeonggi-suwon-si-move-out-cleaning-company/,경기 수원시 이사청소 전문업체,12
경기 수원시 이사청소 잘하는곳,gyeonggi-suwon-si-move-out-cleaning-best,PASS,100,,경기 수원시 이사청소 잘하는곳 - 청소 작업 안내,"경기 수원시 이사청소 잘하는곳 작업 범위와 준비사항, 진행 순서, 확인 항목을 정리했습니다. 경기 수원시 이사청소 현장에 맞춰 필요한 청소 내용을 확인해보세요.",https://clever-griffin-93819d.netlify.app/gyeonggi-suwon-si-move-out-cleaning-best/,경기 수원시 이사청소 잘하는곳,12
경기 수원시 이사청소 가격,gyeonggi-suwon-si-move-out-cleaning-price,PASS,100,,경기 수원시 이사청소 가격 | 현장별 청소 정보,"경기 수원시 이사청소 가격 작업 범위와 준비사항, 진행 순서, 확인 항목을 정리했습니다. 경기 수원시 이사청소 현장에 맞춰 필요한 청소 내용을 확인해보세요.",https://clever-griffin-93819d.netlify.app/gyeonggi-suwon-si-move-out-cleaning-price/,경기 수원시 이사청소 가격,12
경기 수원시 이사청소 비용,gyeonggi-suwon-si-move-out-cleaning-cost,PASS,100,,경기 수원시 이사청소 비용 | 현장별 청소 정보,"경기 수원시 이사청소 비용 작업 범위와 준비사항, 진행 순서, 확인 항목을 정리했습니다. 경기 수원시 이사청소 현장에 맞춰 필요한 청소 내용을 확인해보세요.",https://clever-griffin-93819d.netlify.app/gyeonggi-suwon-si-move-out-cleaning-cost/,경기 수원시 이사청소 비용,12
경기 수원시 이사청소 견적,gyeonggi-suwon-si-move-out-cleaning-quote,PASS,100,,경기 수원시 이사청소 견적 - 청소 작업 안내,"경기 수원시 이사청소 견적 작업 범위와 준비사항, 진행 순서, 확인 항목을 정리했습니다. 경기 수원시 이사청소 현장에 맞춰 필요한 청소 내용을 확인해보세요.",https://clever-griffin-93819d.netlify.app/gyeonggi-suwon-si-move-out-cleaning-quote/,경기 수원시 이사청소 견적,12
경기 수원시 준공청소,gyeonggi-suwon-si-post-construction-cleaning,PASS,100,,경기 수원시 준공청소 - 청소 작업 안내,경기 수원시 준공청소를 알아보는 분을 위한 안내입니다. 경기 수원시 준공청소 작업 전 확인사항부터 마무리 점검까지 자세히 정리했습니다.,https://clever-griffin-93819d.netlify.app/gyeonggi-suwon-si-post-construction-cleaning/,경기 수원시 준공청소,12
경기 수원시 준공청소 전문업체,gyeonggi-suwon-si-post-construction-cleaning-company,PASS,100,,경기 수원시 준공청소 전문업체 - 청소 작업 안내,경기 수원시 준공청소를 알아보는 분을 위한 안내입니다. 경기 수원시 준공청소 전문업체 작업 전 확인사항부터 마무리 점검까지 자세히 정리했습니다.,https://clever-griffin-93819d.netlify.app/gyeonggi-suwon-si-post-construction-cleaning-company/,경기 수원시 준공청소 전문업체,12
경기 수원시 준공청소 잘하는곳,gyeonggi-suwon-si-post-construction-cleaning-best,PASS,100,,경기 수원시 준공청소 잘하는곳 - 청소 작업 안내,경기 수원시 준공청소를 알아보는 분을 위한 안내입니다. 경기 수원시 준공청소 잘하는곳 작업 전 확인사항부터 마무리 점검까지 자세히 정리했습니다.,https://clever-griffin-93819d.netlify.app/gyeonggi-suwon-si-post-construction-cleaning-best/,경기 수원시 준공청소 잘하는곳,12
경기 수원시 준공청소 가격,gyeonggi-suwon-si-post-construction-cleaning-price,PASS,100,,경기 수원시 준공청소 가격 | 체인지클린,"경기 수원시 준공청소 가격 작업 범위와 준비사항, 진행 순서, 확인 항목을 정리했습니다. 경기 수원시 준공청소 현장에 맞춰 필요한 청소 내용을 확인해보세요.",https://clever-griffin-93819d.netlify.app/gyeonggi-suwon-si-post-construction-cleaning-price/,경기 수원시 준공청소 가격,12
경기 수원시 준공청소 비용,gyeonggi-suwon-si-post-construction-cleaning-cost,PASS,100,,경기 수원시 준공청소 비용 | 체인지클린,경기 수원시 준공청소를 알아보는 분을 위한 안내입니다. 경기 수원시 준공청소 비용 작업 전 확인사항부터 마무리 점검까지 자세히 정리했습니다.,https://clever-griffin-93819d.netlify.app/gyeonggi-suwon-si-post-construction-cleaning-cost/,경기 수원시 준공청소 비용,12
경기 수원시 준공청소 견적,gyeonggi-suwon-si-post-construction-cleaning-quote,PASS,100,,경기 수원시 준공청소 견적 | 현장별 청소 정보,"경기 수원시 준공청소 견적 작업 범위와 준비사항, 진행 순서, 확인 항목을 정리했습니다. 경기 수원시 준공청소 현장에 맞춰 필요한 청소 내용을 확인해보세요.",https://clever-griffin-93819d.netlify.app/gyeonggi-suwon-si-post-construction-cleaning-quote/,경기 수원시 준공청소 견적,12
경기 수원시 상가청소,gyeonggi-suwon-si-store-cleaning,PASS,100,,경기 수원시 상가청소 | 현장별 청소 정보,경기 수원시 상가청소를 알아보는 분을 위한 안내입니다. 경기 수원시 상가청소 작업 전 확인사항부터 마무리 점검까지 자세히 정리했습니다.,https://clever-griffin-93819d.netlify.app/gyeonggi-suwon-si-store-cleaning/,경기 수원시 상가청소,12
경기 수원시 상가청소 전문업체,gyeonggi-suwon-si-store-cleaning-company,PASS,100,,경기 수원시 상가청소 전문업체 | 현장별 청소 정보,"경기 수원시 상가청소 전문업체 작업 범위와 준비사항, 진행 순서, 확인 항목을 정리했습니다. 경기 수원시 상가청소 현장에 맞춰 필요한 청소 내용을 확인해보세요.",https://clever-griffin-93819d.netlify.app/gyeonggi-suwon-si-store-cleaning-company/,경기 수원시 상가청소 전문업체,12
경기 수원시 상가청소 잘하는곳,gyeonggi-suwon-si-store-cleaning-best,PASS,100,,경기 수원시 상가청소 잘하는곳 - 청소 작업 안내,경기 수원시 상가청소 잘하는곳 관련 청소 과정과 체크포인트를 안내합니다. 공간 상태와 오염 범위를 확인한 뒤 현장에 맞는 작업을 진행합니다.,https://clever-griffin-93819d.netlify.app/gyeonggi-suwon-si-store-cleaning-best/,경기 수원시 상가청소 잘하는곳,12
경기 수원시 상가청소 가격,gyeonggi-suwon-si-store-cleaning-price,PASS,100,,경기 수원시 상가청소 가격 | 현장별 청소 정보,경기 수원시 상가청소 가격 관련 청소 과정과 체크포인트를 안내합니다. 공간 상태와 오염 범위를 확인한 뒤 현장에 맞는 작업을 진행합니다.,https://clever-griffin-93819d.netlify.app/gyeonggi-suwon-si-store-cleaning-price/,경기 수원시 상가청소 가격,12
경기 수원시 상가청소 비용,gyeonggi-suwon-si-store-cleaning-cost,PASS,100,,경기 수원시 상가청소 비용 | 현장별 청소 정보,경기 수원시 상가청소 비용 관련 청소 과정과 체크포인트를 안내합니다. 공간 상태와 오염 범위를 확인한 뒤 현장에 맞는 작업을 진행합니다.,https://clever-griffin-93819d.netlify.app/gyeonggi-suwon-si-store-cleaning-cost/,경기 수원시 상가청소 비용,12
경기 수원시 상가청소 견적,gyeonggi-suwon-si-store-cleaning-quote,PASS,100,,경기 수원시 상가청소 견적 | 체인지클린,경기 수원시 상가청소 견적 관련 청소 과정과 체크포인트를 안내합니다. 공간 상태와 오염 범위를 확인한 뒤 현장에 맞는 작업을 진행합니다.,https://clever-griffin-93819d.netlify.app/gyeonggi-suwon-si-store-cleaning-quote/,경기 수원시 상가청소 견적,12
경기 수원시 사무실청소,gyeonggi-suwon-si-office-cleaning,PASS,100,,경기 수원시 사무실청소 | 현장별 청소 정보,경기 수원시 사무실청소를 알아보는 분을 위한 안내입니다. 경기 수원시 사무실청소 작업 전 확인사항부터 마무리 점검까지 자세히 정리했습니다.,https://clever-griffin-93819d.netlify.app/gyeonggi-suwon-si-office-cleaning/,경기 수원시 사무실청소,12
경기 수원시 사무실청소 전문업체,gyeonggi-suwon-si-office-cleaning-company,PASS,100,,경기 수원시 사무실청소 전문업체 | 체인지클린,경기 수원시 사무실청소 전문업체 관련 청소 과정과 체크포인트를 안내합니다. 공간 상태와 오염 범위를 확인한 뒤 현장에 맞는 작업을 진행합니다.,https://clever-griffin-93819d.netlify.app/gyeonggi-suwon-si-office-cleaning-company/,경기 수원시 사무실청소 전문업체,12
경기 수원시 사무실청소 잘하는곳,gyeonggi-suwon-si-office-cleaning-best,PASS,100,,경기 수원시 사무실청소 잘하는곳 | 체인지클린,경기 수원시 사무실청소를 알아보는 분을 위한 안내입니다. 경기 수원시 사무실청소 잘하는곳 작업 전 확인사항부터 마무리 점검까지 자세히 정리했습니다.,https://clever-griffin-93819d.netlify.app/gyeonggi-suwon-si-office-cleaning-best/,경기 수원시 사무실청소 잘하는곳,12
경기 수원시 사무실청소 가격,gyeonggi-suwon-si-office-cleaning-price,PASS,100,,경기 수원시 사무실청소 가격 - 청소 작업 안내,"경기 수원시 사무실청소 가격 작업 범위와 준비사항, 진행 순서, 확인 항목을 정리했습니다. 경기 수원시 사무실청소 현장에 맞춰 필요한 청소 내용을 확인해보세요.",https://clever-griffin-93819d.netlify.app/gyeonggi-suwon-si-office-cleaning-price/,경기 수원시 사무실청소 가격,12
경기 수원시 사무실청소 비용,gyeonggi-suwon-si-office-cleaning-cost,PASS,100,,경기 수원시 사무실청소 비용 | 현장별 청소 정보,"경기 수원시 사무실청소 비용 작업 범위와 준비사항, 진행 순서, 확인 항목을 정리했습니다. 경기 수원시 사무실청소 현장에 맞춰 필요한 청소 내용을 확인해보세요.",https://clever-griffin-93819d.netlify.app/gyeonggi-suwon-si-office-cleaning-cost/,경기 수원시 사무실청소 비용,12
경기 수원시 사무실청소 견적,gyeonggi-suwon-si-office-cleaning-quote,PASS,100,,경기 수원시 사무실청소 견적 | 체인지클린,경기 수원시 사무실청소를 알아보는 분을 위한 안내입니다. 경기 수원시 사무실청소 견적 작업 전 확인사항부터 마무리 점검까지 자세히 정리했습니다.,https://clever-griffin-93819d.netlify.app/gyeonggi-suwon-si-office-cleaning-quote/,경기 수원시 사무실청소 견적,12
경기 수원시 빌라청소,gyeonggi-suwon-si-villa-cleaning,PASS,100,,경기 수원시 빌라청소 | 현장별 청소 정보,경기 수원시 빌라청소를 알아보는 분을 위한 안내입니다. 경기 수원시 빌라청소 작업 전 확인사항부터 마무리 점검까지 자세히 정리했습니다.,https://clever-griffin-93819d.netlify.app/gyeonggi-suwon-si-villa-cleaning/,경기 수원시 빌라청소,12
경기 수원시 빌라청소 전문업체,gyeonggi-suwon-si-villa-cleaning-company,PASS,100,,경기 수원시 빌라청소 전문업체 | 체인지클린,경기 수원시 빌라청소를 알아보는 분을 위한 안내입니다. 경기 수원시 빌라청소 전문업체 작업 전 확인사항부터 마무리 점검까지 자세히 정리했습니다.,https://clever-griffin-93819d.netlify.app/gyeonggi-suwon-si-villa-cleaning-company/,경기 수원시 빌라청소 전문업체,12
경기 수원시 빌라청소 잘하는곳,gyeonggi-suwon-si-villa-cleaning-best,PASS,100,,경기 수원시 빌라청소 잘하는곳 - 청소 작업 안내,경기 수원시 빌라청소 잘하는곳 관련 청소 과정과 체크포인트를 안내합니다. 공간 상태와 오염 범위를 확인한 뒤 현장에 맞는 작업을 진행합니다.,https://clever-griffin-93819d.netlify.app/gyeonggi-suwon-si-villa-cleaning-best/,경기 수원시 빌라청소 잘하는곳,12
경기 수원시 빌라청소 가격,gyeonggi-suwon-si-villa-cleaning-price,PASS,100,,경기 수원시 빌라청소 가격 - 청소 작업 안내,경기 수원시 빌라청소를 알아보는 분을 위한 안내입니다. 경기 수원시 빌라청소 가격 작업 전 확인사항부터 마무리 점검까지 자세히 정리했습니다.,https://clever-griffin-93819d.netlify.app/gyeonggi-suwon-si-villa-cleaning-price/,경기 수원시 빌라청소 가격,12
경기 수원시 빌라청소 비용,gyeonggi-suwon-si-villa-cleaning-cost,PASS,100,,경기 수원시 빌라청소 비용 | 체인지클린,경기 수원시 빌라청소 비용 관련 청소 과정과 체크포인트를 안내합니다. 공간 상태와 오염 범위를 확인한 뒤 현장에 맞는 작업을 진행합니다.,https://clever-griffin-93819d.netlify.app/gyeonggi-suwon-si-villa-cleaning-cost/,경기 수원시 빌라청소 비용,12
경기 수원시 빌라청소 견적,gyeonggi-suwon-si-villa-cleaning-quote,PASS,100,,경기 수원시 빌라청소 견적 - 청소 작업 안내,경기 수원시 빌라청소를 알아보는 분을 위한 안내입니다. 경기 수원시 빌라청소 견적 작업 전 확인사항부터 마무리 점검까지 자세히 정리했습니다.,https://clever-griffin-93819d.netlify.app/gyeonggi-suwon-si-villa-cleaning-quote/,경기 수원시 빌라청소 견적,12
경기 수원시 아파트청소,gyeonggi-suwon-si-apartment-cleaning,PASS,100,,경기 수원시 아파트청소 - 청소 작업 안내,경기 수원시 아파트청소 관련 청소 과정과 체크포인트를 안내합니다. 공간 상태와 오염 범위를 확인한 뒤 현장에 맞는 작업을 진행합니다.,https://clever-griffin-93819d.netlify.app/gyeonggi-suwon-si-apartment-cleaning/,경기 수원시 아파트청소,12
경기 수원시 아파트청소 전문업체,gyeonggi-suwon-si-apartment-cleaning-company,PASS,100,,경기 수원시 아파트청소 전문업체 | 현장별 청소 정보,"경기 수원시 아파트청소 전문업체 작업 범위와 준비사항, 진행 순서, 확인 항목을 정리했습니다. 경기 수원시 아파트청소 현장에 맞춰 필요한 청소 내용을 확인해보세요.",https://clever-griffin-93819d.netlify.app/gyeonggi-suwon-si-apartment-cleaning-company/,경기 수원시 아파트청소 전문업체,12
경기 수원시 아파트청소 잘하는곳,gyeonggi-suwon-si-apartment-cleaning-best,PASS,100,,경기 수원시 아파트청소 잘하는곳 | 현장별 청소 정보,"경기 수원시 아파트청소 잘하는곳 작업 범위와 준비사항, 진행 순서, 확인 항목을 정리했습니다. 경기 수원시 아파트청소 현장에 맞춰 필요한 청소 내용을 확인해보세요.",https://clever-griffin-93819d.netlify.app/gyeonggi-suwon-si-apartment-cleaning-best/,경기 수원시 아파트청소 잘하는곳,12
경기 수원시 아파트청소 가격,gyeonggi-suwon-si-apartment-cleaning-price,PASS,100,,경기 수원시 아파트청소 가격 | 현장별 청소 정보,경기 수원시 아파트청소 가격 관련 청소 과정과 체크포인트를 안내합니다. 공간 상태와 오염 범위를 확인한 뒤 현장에 맞는 작업을 진행합니다.,https://clever-griffin-93819d.netlify.app/gyeonggi-suwon-si-apartment-cleaning-price/,경기 수원시 아파트청소 가격,12
경기 수원시 아파트청소 비용,gyeonggi-suwon-si-apartment-cleaning-cost,PASS,100,,경기 수원시 아파트청소 비용 | 현장별 청소 정보,경기 수원시 아파트청소를 알아보는 분을 위한 안내입니다. 경기 수원시 아파트청소 비용 작업 전 확인사항부터 마무리 점검까지 자세히 정리했습니다.,https://clever-griffin-93819d.netlify.app/gyeonggi-suwon-si-apartment-cleaning-cost/,경기 수원시 아파트청소 비용,12
경기 수원시 아파트청소 견적,gyeonggi-suwon-si-apartment-cleaning-quote,PASS,100,,경기 수원시 아파트청소 견적 | 현장별 청소 정보,"경기 수원시 아파트청소 견적 작업 범위와 준비사항, 진행 순서, 확인 항목을 정리했습니다. 경기 수원시 아파트청소 현장에 맞춰 필요한 청소 내용을 확인해보세요.",https://clever-griffin-93819d.netlify.app/gyeonggi-suwon-si-apartment-cleaning-quote/,경기 수원시 아파트청소 견적,12
경기 수원시 오피스텔청소,gyeonggi-suwon-si-officetel-cleaning,PASS,100,,경기 수원시 오피스텔청소 | 현장별 청소 정보,"경기 수원시 오피스텔청소 작업 범위와 준비사항, 진행 순서, 확인 항목을 정리했습니다. 경기 수원시 오피스텔청소 현장에 맞춰 필요한 청소 내용을 확인해보세요.",https://clever-griffin-93819d.netlify.app/gyeonggi-suwon-si-officetel-cleaning/,경기 수원시 오피스텔청소,12
경기 수원시 오피스텔청소 전문업체,gyeonggi-suwon-si-officetel-cleaning-company,PASS,100,,경기 수원시 오피스텔청소 전문업체 | 현장별 청소 정보,"경기 수원시 오피스텔청소 전문업체 작업 범위와 준비사항, 진행 순서, 확인 항목을 정리했습니다. 경기 수원시 오피스텔청소 현장에 맞춰 필요한 청소 내용을 확인해보세요.",https://clever-griffin-93819d.netlify.app/gyeonggi-suwon-si-officetel-cleaning-company/,경기 수원시 오피스텔청소 전문업체,12
경기 수원시 오피스텔청소 잘하는곳,gyeonggi-suwon-si-officetel-cleaning-best,PASS,100,,경기 수원시 오피스텔청소 잘하는곳 - 청소 작업 안내,경기 수원시 오피스텔청소 잘하는곳 관련 청소 과정과 체크포인트를 안내합니다. 공간 상태와 오염 범위를 확인한 뒤 현장에 맞는 작업을 진행합니다.,https://clever-griffin-93819d.netlify.app/gyeonggi-suwon-si-officetel-cleaning-best/,경기 수원시 오피스텔청소 잘하는곳,12
경기 수원시 오피스텔청소 가격,gyeonggi-suwon-si-officetel-cleaning-price,PASS,100,,경기 수원시 오피스텔청소 가격 | 현장별 청소 정보,"경기 수원시 오피스텔청소 가격 작업 범위와 준비사항, 진행 순서, 확인 항목을 정리했습니다. 경기 수원시 오피스텔청소 현장에 맞춰 필요한 청소 내용을 확인해보세요.",https://clever-griffin-93819d.netlify.app/gyeonggi-suwon-si-officetel-cleaning-price/,경기 수원시 오피스텔청소 가격,12
경기 수원시 오피스텔청소 비용,gyeonggi-suwon-si-officetel-cleaning-cost,PASS,100,,경기 수원시 오피스텔청소 비용 - 청소 작업 안내,경기 수원시 오피스텔청소 비용 관련 청소 과정과 체크포인트를 안내합니다. 공간 상태와 오염 범위를 확인한 뒤 현장에 맞는 작업을 진행합니다.,https://clever-griffin-93819d.netlify.app/gyeonggi-suwon-si-officetel-cleaning-cost/,경기 수원시 오피스텔청소 비용,12
경기 수원시 오피스텔청소 견적,gyeonggi-suwon-si-officetel-cleaning-quote,PASS,100,,경기 수원시 오피스텔청소 견적 - 청소 작업 안내,"경기 수원시 오피스텔청소 견적 작업 범위와 준비사항, 진행 순서, 확인 항목을 정리했습니다. 경기 수원시 오피스텔청소 현장에 맞춰 필요한 청소 내용을 확인해보세요.",https://clever-griffin-93819d.netlify.app/gyeonggi-suwon-si-officetel-cleaning-quote/,경기 수원시 오피스텔청소 견적,12
경기 수원시 거주청소,gyeonggi-suwon-si-home-cleaning,CHECK,96,title 길이 확인,경기 수원시 거주청소 | 체인지클린,경기 수원시 거주청소 관련 청소 과정과 체크포인트를 안내합니다. 공간 상태와 오염 범위를 확인한 뒤 현장에 맞는 작업을 진행합니다.,https://clever-griffin-93819d.netlify.app/gyeonggi-suwon-si-home-cleaning/,경기 수원시 거주청소,12
경기 수원시 거주청소 전문업체,gyeonggi-suwon-si-home-cleaning-company,PASS,100,,경기 수원시 거주청소 전문업체 | 체인지클린,경기 수원시 거주청소 전문업체 관련 청소 과정과 체크포인트를 안내합니다. 공간 상태와 오염 범위를 확인한 뒤 현장에 맞는 작업을 진행합니다.,https://clever-griffin-93819d.netlify.app/gyeonggi-suwon-si-home-cleaning-company/,경기 수원시 거주청소 전문업체,12
경기 수원시 거주청소 잘하는곳,gyeonggi-suwon-si-home-cleaning-best,PASS,100,,경기 수원시 거주청소 잘하는곳 | 체인지클린,"경기 수원시 거주청소 잘하는곳 작업 범위와 준비사항, 진행 순서, 확인 항목을 정리했습니다. 경기 수원시 거주청소 현장에 맞춰 필요한 청소 내용을 확인해보세요.",https://clever-griffin-93819d.netlify.app/gyeonggi-suwon-si-home-cleaning-best/,경기 수원시 거주청소 잘하는곳,12
경기 수원시 거주청소 가격,gyeonggi-suwon-si-home-cleaning-price,PASS,100,,경기 수원시 거주청소 가격 | 체인지클린,"경기 수원시 거주청소 가격 작업 범위와 준비사항, 진행 순서, 확인 항목을 정리했습니다. 경기 수원시 거주청소 현장에 맞춰 필요한 청소 내용을 확인해보세요.",https://clever-griffin-93819d.netlify.app/gyeonggi-suwon-si-home-cleaning-price/,경기 수원시 거주청소 가격,12
경기 수원시 거주청소 비용,gyeonggi-suwon-si-home-cleaning-cost,PASS,100,,경기 수원시 거주청소 비용 | 현장별 청소 정보,경기 수원시 거주청소 비용 관련 청소 과정과 체크포인트를 안내합니다. 공간 상태와 오염 범위를 확인한 뒤 현장에 맞는 작업을 진행합니다.,https://clever-griffin-93819d.netlify.app/gyeonggi-suwon-si-home-cleaning-cost/,경기 수원시 거주청소 비용,12
경기 수원시 거주청소 견적,gyeonggi-suwon-si-home-cleaning-quote,PASS,100,,경기 수원시 거주청소 견적 | 체인지클린,경기 수원시 거주청소를 알아보는 분을 위한 안내입니다. 경기 수원시 거주청소 견적 작업 전 확인사항부터 마무리 점검까지 자세히 정리했습니다.,https://clever-griffin-93819d.netlify.app/gyeonggi-suwon-si-home-cleaning-quote/,경기 수원시 거주청소 견적,12
경기 성남시 입주청소,gyeonggi-seongnam-si-move-in-cleaning,PASS,100,,경기 성남시 입주청소 | 현장별 청소 정보,"경기 성남시 입주청소 작업 범위와 준비사항, 진행 순서, 확인 항목을 정리했습니다. 경기 성남시 입주청소 현장에 맞춰 필요한 청소 내용을 확인해보세요.",https://clever-griffin-93819d.netlify.app/gyeonggi-seongnam-si-move-in-cleaning/,경기 성남시 입주청소,12
경기 성남시 입주청소 전문업체,gyeonggi-seongnam-si-move-in-cleaning-company,PASS,100,,경기 성남시 입주청소 전문업체 | 현장별 청소 정보,"경기 성남시 입주청소 전문업체 작업 범위와 준비사항, 진행 순서, 확인 항목을 정리했습니다. 경기 성남시 입주청소 현장에 맞춰 필요한 청소 내용을 확인해보세요.",https://clever-griffin-93819d.netlify.app/gyeonggi-seongnam-si-move-in-cleaning-company/,경기 성남시 입주청소 전문업체,12
경기 성남시 입주청소 잘하는곳,gyeonggi-seongnam-si-move-in-cleaning-best,PASS,100,,경기 성남시 입주청소 잘하는곳 | 체인지클린,"경기 성남시 입주청소 잘하는곳 작업 범위와 준비사항, 진행 순서, 확인 항목을 정리했습니다. 경기 성남시 입주청소 현장에 맞춰 필요한 청소 내용을 확인해보세요.",https://clever-griffin-93819d.netlify.app/gyeonggi-seongnam-si-move-in-cleaning-best/,경기 성남시 입주청소 잘하는곳,12
경기 성남시 입주청소 가격,gyeonggi-seongnam-si-move-in-cleaning-price,PASS,100,,경기 성남시 입주청소 가격 - 청소 작업 안내,경기 성남시 입주청소를 알아보는 분을 위한 안내입니다. 경기 성남시 입주청소 가격 작업 전 확인사항부터 마무리 점검까지 자세히 정리했습니다.,https://clever-griffin-93819d.netlify.app/gyeonggi-seongnam-si-move-in-cleaning-price/,경기 성남시 입주청소 가격,12
경기 성남시 입주청소 비용,gyeonggi-seongnam-si-move-in-cleaning-cost,PASS,100,,경기 성남시 입주청소 비용 - 청소 작업 안내,경기 성남시 입주청소 비용 관련 청소 과정과 체크포인트를 안내합니다. 공간 상태와 오염 범위를 확인한 뒤 현장에 맞는 작업을 진행합니다.,https://clever-griffin-93819d.netlify.app/gyeonggi-seongnam-si-move-in-cleaning-cost/,경기 성남시 입주청소 비용,12
경기 성남시 입주청소 견적,gyeonggi-seongnam-si-move-in-cleaning-quote,PASS,100,,경기 성남시 입주청소 견적 | 체인지클린,"경기 성남시 입주청소 견적 작업 범위와 준비사항, 진행 순서, 확인 항목을 정리했습니다. 경기 성남시 입주청소 현장에 맞춰 필요한 청소 내용을 확인해보세요.",https://clever-griffin-93819d.netlify.app/gyeonggi-seongnam-si-move-in-cleaning-quote/,경기 성남시 입주청소 견적,12
경기 성남시 이사청소,gyeonggi-seongnam-si-move-out-cleaning,PASS,100,,경기 성남시 이사청소 - 청소 작업 안내,경기 성남시 이사청소 관련 청소 과정과 체크포인트를 안내합니다. 공간 상태와 오염 범위를 확인한 뒤 현장에 맞는 작업을 진행합니다.,https://clever-griffin-93819d.netlify.app/gyeonggi-seongnam-si-move-out-cleaning/,경기 성남시 이사청소,12
경기 성남시 이사청소 전문업체,gyeonggi-seongnam-si-move-out-cleaning-company,PASS,100,,경기 성남시 이사청소 전문업체 | 현장별 청소 정보,경기 성남시 이사청소를 알아보는 분을 위한 안내입니다. 경기 성남시 이사청소 전문업체 작업 전 확인사항부터 마무리 점검까지 자세히 정리했습니다.,https://clever-griffin-93819d.netlify.app/gyeonggi-seongnam-si-move-out-cleaning-company/,경기 성남시 이사청소 전문업체,12
경기 성남시 이사청소 잘하는곳,gyeonggi-seongnam-si-move-out-cleaning-best,PASS,100,,경기 성남시 이사청소 잘하는곳 - 청소 작업 안내,경기 성남시 이사청소를 알아보는 분을 위한 안내입니다. 경기 성남시 이사청소 잘하는곳 작업 전 확인사항부터 마무리 점검까지 자세히 정리했습니다.,https://clever-griffin-93819d.netlify.app/gyeonggi-seongnam-si-move-out-cleaning-best/,경기 성남시 이사청소 잘하는곳,12
경기 성남시 이사청소 가격,gyeonggi-seongnam-si-move-out-cleaning-price,PASS,100,,경기 성남시 이사청소 가격 | 체인지클린,"경기 성남시 이사청소 가격 작업 범위와 준비사항, 진행 순서, 확인 항목을 정리했습니다. 경기 성남시 이사청소 현장에 맞춰 필요한 청소 내용을 확인해보세요.",https://clever-griffin-93819d.netlify.app/gyeonggi-seongnam-si-move-out-cleaning-price/,경기 성남시 이사청소 가격,12
경기 성남시 이사청소 비용,gyeonggi-seongnam-si-move-out-cleaning-cost,PASS,100,,경기 성남시 이사청소 비용 - 청소 작업 안내,"경기 성남시 이사청소 비용 작업 범위와 준비사항, 진행 순서, 확인 항목을 정리했습니다. 경기 성남시 이사청소 현장에 맞춰 필요한 청소 내용을 확인해보세요.",https://clever-griffin-93819d.netlify.app/gyeonggi-seongnam-si-move-out-cleaning-cost/,경기 성남시 이사청소 비용,12
경기 성남시 이사청소 견적,gyeonggi-seongnam-si-move-out-cleaning-quote,PASS,100,,경기 성남시 이사청소 견적 | 체인지클린,경기 성남시 이사청소를 알아보는 분을 위한 안내입니다. 경기 성남시 이사청소 견적 작업 전 확인사항부터 마무리 점검까지 자세히 정리했습니다.,https://clever-griffin-93819d.netlify.app/gyeonggi-seongnam-si-move-out-cleaning-quote/,경기 성남시 이사청소 견적,12
경기 성남시 준공청소,gyeonggi-seongnam-si-post-construction-cleaning,PASS,100,,경기 성남시 준공청소 | 현장별 청소 정보,경기 성남시 준공청소 관련 청소 과정과 체크포인트를 안내합니다. 공간 상태와 오염 범위를 확인한 뒤 현장에 맞는 작업을 진행합니다.,https://clever-griffin-93819d.netlify.app/gyeonggi-seongnam-si-post-construction-cleaning/,경기 성남시 준공청소,12
경기 성남시 준공청소 전문업체,gyeonggi-seongnam-si-post-construction-cleaning-company,PASS,100,,경기 성남시 준공청소 전문업체 | 체인지클린,"경기 성남시 준공청소 전문업체 작업 범위와 준비사항, 진행 순서, 확인 항목을 정리했습니다. 경기 성남시 준공청소 현장에 맞춰 필요한 청소 내용을 확인해보세요.",https://clever-griffin-93819d.netlify.app/gyeonggi-seongnam-si-post-construction-cleaning-company/,경기 성남시 준공청소 전문업체,12
경기 성남시 준공청소 잘하는곳,gyeonggi-seongnam-si-post-construction-cleaning-best,PASS,100,,경기 성남시 준공청소 잘하는곳 - 청소 작업 안내,경기 성남시 준공청소 잘하는곳 관련 청소 과정과 체크포인트를 안내합니다. 공간 상태와 오염 범위를 확인한 뒤 현장에 맞는 작업을 진행합니다.,https://clever-griffin-93819d.netlify.app/gyeonggi-seongnam-si-post-construction-cleaning-best/,경기 성남시 준공청소 잘하는곳,12
경기 성남시 준공청소 가격,gyeonggi-seongnam-si-post-construction-cleaning-price,PASS,100,,경기 성남시 준공청소 가격 - 청소 작업 안내,경기 성남시 준공청소를 알아보는 분을 위한 안내입니다. 경기 성남시 준공청소 가격 작업 전 확인사항부터 마무리 점검까지 자세히 정리했습니다.,https://clever-griffin-93819d.netlify.app/gyeonggi-seongnam-si-post-construction-cleaning-price/,경기 성남시 준공청소 가격,12
경기 성남시 준공청소 비용,gyeonggi-seongnam-si-post-construction-cleaning-cost,PASS,100,,경기 성남시 준공청소 비용 | 체인지클린,"경기 성남시 준공청소 비용 작업 범위와 준비사항, 진행 순서, 확인 항목을 정리했습니다. 경기 성남시 준공청소 현장에 맞춰 필요한 청소 내용을 확인해보세요.",https://clever-griffin-93819d.netlify.app/gyeonggi-seongnam-si-post-construction-cleaning-cost/,경기 성남시 준공청소 비용,12
경기 성남시 준공청소 견적,gyeonggi-seongnam-si-post-construction-cleaning-quote,PASS,100,,경기 성남시 준공청소 견적 | 체인지클린,"경기 성남시 준공청소 견적 작업 범위와 준비사항, 진행 순서, 확인 항목을 정리했습니다. 경기 성남시 준공청소 현장에 맞춰 필요한 청소 내용을 확인해보세요.",https://clever-griffin-93819d.netlify.app/gyeonggi-seongnam-si-post-construction-cleaning-quote/,경기 성남시 준공청소 견적,12
경기 성남시 상가청소,gyeonggi-seongnam-si-store-cleaning,CHECK,96,title 길이 확인,경기 성남시 상가청소 | 체인지클린,경기 성남시 상가청소를 알아보는 분을 위한 안내입니다. 경기 성남시 상가청소 작업 전 확인사항부터 마무리 점검까지 자세히 정리했습니다.,https://clever-griffin-93819d.netlify.app/gyeonggi-seongnam-si-store-cleaning/,경기 성남시 상가청소,12
경기 성남시 상가청소 전문업체,gyeonggi-seongnam-si-store-cleaning-company,PASS,100,,경기 성남시 상가청소 전문업체 | 현장별 청소 정보,"경기 성남시 상가청소 전문업체 작업 범위와 준비사항, 진행 순서, 확인 항목을 정리했습니다. 경기 성남시 상가청소 현장에 맞춰 필요한 청소 내용을 확인해보세요.",https://clever-griffin-93819d.netlify.app/gyeonggi-seongnam-si-store-cleaning-company/,경기 성남시 상가청소 전문업체,12
경기 성남시 상가청소 잘하는곳,gyeonggi-seongnam-si-store-cleaning-best,PASS,100,,경기 성남시 상가청소 잘하는곳 - 청소 작업 안내,"경기 성남시 상가청소 잘하는곳 작업 범위와 준비사항, 진행 순서, 확인 항목을 정리했습니다. 경기 성남시 상가청소 현장에 맞춰 필요한 청소 내용을 확인해보세요.",https://clever-griffin-93819d.netlify.app/gyeonggi-seongnam-si-store-cleaning-best/,경기 성남시 상가청소 잘하는곳,12
경기 성남시 상가청소 가격,gyeonggi-seongnam-si-store-cleaning-price,PASS,100,,경기 성남시 상가청소 가격 - 청소 작업 안내,"경기 성남시 상가청소 가격 작업 범위와 준비사항, 진행 순서, 확인 항목을 정리했습니다. 경기 성남시 상가청소 현장에 맞춰 필요한 청소 내용을 확인해보세요.",https://clever-griffin-93819d.netlify.app/gyeonggi-seongnam-si-store-cleaning-price/,경기 성남시 상가청소 가격,12
경기 성남시 상가청소 비용,gyeonggi-seongnam-si-store-cleaning-cost,PASS,100,,경기 성남시 상가청소 비용 - 청소 작업 안내,"경기 성남시 상가청소 비용 작업 범위와 준비사항, 진행 순서, 확인 항목을 정리했습니다. 경기 성남시 상가청소 현장에 맞춰 필요한 청소 내용을 확인해보세요.",https://clever-griffin-93819d.netlify.app/gyeonggi-seongnam-si-store-cleaning-cost/,경기 성남시 상가청소 비용,12
경기 성남시 상가청소 견적,gyeonggi-seongnam-si-store-cleaning-quote,PASS,100,,경기 성남시 상가청소 견적 | 체인지클린,경기 성남시 상가청소를 알아보는 분을 위한 안내입니다. 경기 성남시 상가청소 견적 작업 전 확인사항부터 마무리 점검까지 자세히 정리했습니다.,https://clever-griffin-93819d.netlify.app/gyeonggi-seongnam-si-store-cleaning-quote/,경기 성남시 상가청소 견적,12
경기 성남시 사무실청소,gyeonggi-seongnam-si-office-cleaning,PASS,100,,경기 성남시 사무실청소 - 청소 작업 안내,"경기 성남시 사무실청소 작업 범위와 준비사항, 진행 순서, 확인 항목을 정리했습니다. 경기 성남시 사무실청소 현장에 맞춰 필요한 청소 내용을 확인해보세요.",https://clever-griffin-93819d.netlify.app/gyeonggi-seongnam-si-office-cleaning/,경기 성남시 사무실청소,12
경기 성남시 사무실청소 전문업체,gyeonggi-seongnam-si-office-cleaning-company,PASS,100,,경기 성남시 사무실청소 전문업체 | 체인지클린,경기 성남시 사무실청소를 알아보는 분을 위한 안내입니다. 경기 성남시 사무실청소 전문업체 작업 전 확인사항부터 마무리 점검까지 자세히 정리했습니다.,https://clever-griffin-93819d.netlify.app/gyeonggi-seongnam-si-office-cleaning-company/,경기 성남시 사무실청소 전문업체,12
경기 성남시 사무실청소 잘하는곳,gyeonggi-seongnam-si-office-cleaning-best,PASS,100,,경기 성남시 사무실청소 잘하는곳 - 청소 작업 안내,경기 성남시 사무실청소 잘하는곳 관련 청소 과정과 체크포인트를 안내합니다. 공간 상태와 오염 범위를 확인한 뒤 현장에 맞는 작업을 진행합니다.,https://clever-griffin-93819d.netlify.app/gyeonggi-seongnam-si-office-cleaning-best/,경기 성남시 사무실청소 잘하는곳,12
경기 성남시 사무실청소 가격,gyeonggi-seongnam-si-office-cleaning-price,PASS,100,,경기 성남시 사무실청소 가격 | 현장별 청소 정보,"경기 성남시 사무실청소 가격 작업 범위와 준비사항, 진행 순서, 확인 항목을 정리했습니다. 경기 성남시 사무실청소 현장에 맞춰 필요한 청소 내용을 확인해보세요.",https://clever-griffin-93819d.netlify.app/gyeonggi-seongnam-si-office-cleaning-price/,경기 성남시 사무실청소 가격,12
경기 성남시 사무실청소 비용,gyeonggi-seongnam-si-office-cleaning-cost,PASS,100,,경기 성남시 사무실청소 비용 | 현장별 청소 정보,경기 성남시 사무실청소 비용 관련 청소 과정과 체크포인트를 안내합니다. 공간 상태와 오염 범위를 확인한 뒤 현장에 맞는 작업을 진행합니다.,https://clever-griffin-93819d.netlify.app/gyeonggi-seongnam-si-office-cleaning-cost/,경기 성남시 사무실청소 비용,12
경기 성남시 사무실청소 견적,gyeonggi-seongnam-si-office-cleaning-quote,PASS,100,,경기 성남시 사무실청소 견적 | 체인지클린,경기 성남시 사무실청소 견적 관련 청소 과정과 체크포인트를 안내합니다. 공간 상태와 오염 범위를 확인한 뒤 현장에 맞는 작업을 진행합니다.,https://clever-griffin-93819d.netlify.app/gyeonggi-seongnam-si-office-cleaning-quote/,경기 성남시 사무실청소 견적,12
경기 성남시 빌라청소,gyeonggi-seongnam-si-villa-cleaning,CHECK,96,title 길이 확인,경기 성남시 빌라청소 | 체인지클린,"경기 성남시 빌라청소 작업 범위와 준비사항, 진행 순서, 확인 항목을 정리했습니다. 경기 성남시 빌라청소 현장에 맞춰 필요한 청소 내용을 확인해보세요.",https://clever-griffin-93819d.netlify.app/gyeonggi-seongnam-si-villa-cleaning/,경기 성남시 빌라청소,12
경기 성남시 빌라청소 전문업체,gyeonggi-seongnam-si-villa-cleaning-company,PASS,100,,경기 성남시 빌라청소 전문업체 - 청소 작업 안내,"경기 성남시 빌라청소 전문업체 작업 범위와 준비사항, 진행 순서, 확인 항목을 정리했습니다. 경기 성남시 빌라청소 현장에 맞춰 필요한 청소 내용을 확인해보세요.",https://clever-griffin-93819d.netlify.app/gyeonggi-seongnam-si-villa-cleaning-company/,경기 성남시 빌라청소 전문업체,12
경기 성남시 빌라청소 잘하는곳,gyeonggi-seongnam-si-villa-cleaning-best,PASS,100,,경기 성남시 빌라청소 잘하는곳 | 현장별 청소 정보,경기 성남시 빌라청소 잘하는곳 관련 청소 과정과 체크포인트를 안내합니다. 공간 상태와 오염 범위를 확인한 뒤 현장에 맞는 작업을 진행합니다.,https://clever-griffin-93819d.netlify.app/gyeonggi-seongnam-si-villa-cleaning-best/,경기 성남시 빌라청소 잘하는곳,12
경기 성남시 빌라청소 가격,gyeonggi-seongnam-si-villa-cleaning-price,PASS,100,,경기 성남시 빌라청소 가격 - 청소 작업 안내,경기 성남시 빌라청소를 알아보는 분을 위한 안내입니다. 경기 성남시 빌라청소 가격 작업 전 확인사항부터 마무리 점검까지 자세히 정리했습니다.,https://clever-griffin-93819d.netlify.app/gyeonggi-seongnam-si-villa-cleaning-price/,경기 성남시 빌라청소 가격,12
경기 성남시 빌라청소 비용,gyeonggi-seongnam-si-villa-cleaning-cost,PASS,100,,경기 성남시 빌라청소 비용 | 체인지클린,"경기 성남시 빌라청소 비용 작업 범위와 준비사항, 진행 순서, 확인 항목을 정리했습니다. 경기 성남시 빌라청소 현장에 맞춰 필요한 청소 내용을 확인해보세요.",https://clever-griffin-93819d.netlify.app/gyeonggi-seongnam-si-villa-cleaning-cost/,경기 성남시 빌라청소 비용,12
경기 성남시 빌라청소 견적,gyeonggi-seongnam-si-villa-cleaning-quote,PASS,100,,경기 성남시 빌라청소 견적 | 체인지클린,"경기 성남시 빌라청소 견적 작업 범위와 준비사항, 진행 순서, 확인 항목을 정리했습니다. 경기 성남시 빌라청소 현장에 맞춰 필요한 청소 내용을 확인해보세요.",https://clever-griffin-93819d.netlify.app/gyeonggi-seongnam-si-villa-cleaning-quote/,경기 성남시 빌라청소 견적,12
경기 성남시 아파트청소,gyeonggi-seongnam-si-apartment-cleaning,PASS,100,,경기 성남시 아파트청소 | 현장별 청소 정보,"경기 성남시 아파트청소 작업 범위와 준비사항, 진행 순서, 확인 항목을 정리했습니다. 경기 성남시 아파트청소 현장에 맞춰 필요한 청소 내용을 확인해보세요.",https://clever-griffin-93819d.netlify.app/gyeonggi-seongnam-si-apartment-cleaning/,경기 성남시 아파트청소,12
경기 성남시 아파트청소 전문업체,gyeonggi-seongnam-si-apartment-cleaning-company,PASS,100,,경기 성남시 아파트청소 전문업체 - 청소 작업 안내,경기 성남시 아파트청소를 알아보는 분을 위한 안내입니다. 경기 성남시 아파트청소 전문업체 작업 전 확인사항부터 마무리 점검까지 자세히 정리했습니다.,https://clever-griffin-93819d.netlify.app/gyeonggi-seongnam-si-apartment-cleaning-company/,경기 성남시 아파트청소 전문업체,12
경기 성남시 아파트청소 잘하는곳,gyeonggi-seongnam-si-apartment-cleaning-best,PASS,100,,경기 성남시 아파트청소 잘하는곳 | 현장별 청소 정보,"경기 성남시 아파트청소 잘하는곳 작업 범위와 준비사항, 진행 순서, 확인 항목을 정리했습니다. 경기 성남시 아파트청소 현장에 맞춰 필요한 청소 내용을 확인해보세요.",https://clever-griffin-93819d.netlify.app/gyeonggi-seongnam-si-apartment-cleaning-best/,경기 성남시 아파트청소 잘하는곳,12
경기 성남시 아파트청소 가격,gyeonggi-seongnam-si-apartment-cleaning-price,PASS,100,,경기 성남시 아파트청소 가격 | 체인지클린,"경기 성남시 아파트청소 가격 작업 범위와 준비사항, 진행 순서, 확인 항목을 정리했습니다. 경기 성남시 아파트청소 현장에 맞춰 필요한 청소 내용을 확인해보세요.",https://clever-griffin-93819d.netlify.app/gyeonggi-seongnam-si-apartment-cleaning-price/,경기 성남시 아파트청소 가격,12
경기 성남시 아파트청소 비용,gyeonggi-seongnam-si-apartment-cleaning-cost,PASS,100,,경기 성남시 아파트청소 비용 | 체인지클린,"경기 성남시 아파트청소 비용 작업 범위와 준비사항, 진행 순서, 확인 항목을 정리했습니다. 경기 성남시 아파트청소 현장에 맞춰 필요한 청소 내용을 확인해보세요.",https://clever-griffin-93819d.netlify.app/gyeonggi-seongnam-si-apartment-cleaning-cost/,경기 성남시 아파트청소 비용,12
경기 성남시 아파트청소 견적,gyeonggi-seongnam-si-apartment-cleaning-quote,PASS,100,,경기 성남시 아파트청소 견적 - 청소 작업 안내,경기 성남시 아파트청소 견적 관련 청소 과정과 체크포인트를 안내합니다. 공간 상태와 오염 범위를 확인한 뒤 현장에 맞는 작업을 진행합니다.,https://clever-griffin-93819d.netlify.app/gyeonggi-seongnam-si-apartment-cleaning-quote/,경기 성남시 아파트청소 견적,12
경기 성남시 오피스텔청소,gyeonggi-seongnam-si-officetel-cleaning,PASS,100,,경기 성남시 오피스텔청소 | 체인지클린,경기 성남시 오피스텔청소 관련 청소 과정과 체크포인트를 안내합니다. 공간 상태와 오염 범위를 확인한 뒤 현장에 맞는 작업을 진행합니다.,https://clever-griffin-93819d.netlify.app/gyeonggi-seongnam-si-officetel-cleaning/,경기 성남시 오피스텔청소,12
경기 성남시 오피스텔청소 전문업체,gyeonggi-seongnam-si-officetel-cleaning-company,PASS,100,,경기 성남시 오피스텔청소 전문업체 | 체인지클린,경기 성남시 오피스텔청소를 알아보는 분을 위한 안내입니다. 경기 성남시 오피스텔청소 전문업체 작업 전 확인사항부터 마무리 점검까지 자세히 정리했습니다.,https://clever-griffin-93819d.netlify.app/gyeonggi-seongnam-si-officetel-cleaning-company/,경기 성남시 오피스텔청소 전문업체,12
경기 성남시 오피스텔청소 잘하는곳,gyeonggi-seongnam-si-officetel-cleaning-best,PASS,100,,경기 성남시 오피스텔청소 잘하는곳 | 현장별 청소 정보,경기 성남시 오피스텔청소 잘하는곳 관련 청소 과정과 체크포인트를 안내합니다. 공간 상태와 오염 범위를 확인한 뒤 현장에 맞는 작업을 진행합니다.,https://clever-griffin-93819d.netlify.app/gyeonggi-seongnam-si-officetel-cleaning-best/,경기 성남시 오피스텔청소 잘하는곳,12
경기 성남시 오피스텔청소 가격,gyeonggi-seongnam-si-officetel-cleaning-price,PASS,100,,경기 성남시 오피스텔청소 가격 | 현장별 청소 정보,"경기 성남시 오피스텔청소 가격 작업 범위와 준비사항, 진행 순서, 확인 항목을 정리했습니다. 경기 성남시 오피스텔청소 현장에 맞춰 필요한 청소 내용을 확인해보세요.",https://clever-griffin-93819d.netlify.app/gyeonggi-seongnam-si-officetel-cleaning-price/,경기 성남시 오피스텔청소 가격,12
경기 성남시 오피스텔청소 비용,gyeonggi-seongnam-si-officetel-cleaning-cost,PASS,100,,경기 성남시 오피스텔청소 비용 | 체인지클린,경기 성남시 오피스텔청소를 알아보는 분을 위한 안내입니다. 경기 성남시 오피스텔청소 비용 작업 전 확인사항부터 마무리 점검까지 자세히 정리했습니다.,https://clever-griffin-93819d.netlify.app/gyeonggi-seongnam-si-officetel-cleaning-cost/,경기 성남시 오피스텔청소 비용,12
경기 성남시 오피스텔청소 견적,gyeonggi-seongnam-si-officetel-cleaning-quote,PASS,100,,경기 성남시 오피스텔청소 견적 | 체인지클린,경기 성남시 오피스텔청소를 알아보는 분을 위한 안내입니다. 경기 성남시 오피스텔청소 견적 작업 전 확인사항부터 마무리 점검까지 자세히 정리했습니다.,https://clever-griffin-93819d.netlify.app/gyeonggi-seongnam-si-officetel-cleaning-quote/,경기 성남시 오피스텔청소 견적,12
경기 성남시 거주청소,gyeonggi-seongnam-si-home-cleaning,PASS,100,,경기 성남시 거주청소 | 현장별 청소 정보,"경기 성남시 거주청소 작업 범위와 준비사항, 진행 순서, 확인 항목을 정리했습니다. 경기 성남시 거주청소 현장에 맞춰 필요한 청소 내용을 확인해보세요.",https://clever-griffin-93819d.netlify.app/gyeonggi-seongnam-si-home-cleaning/,경기 성남시 거주청소,12
경기 성남시 거주청소 전문업체,gyeonggi-seongnam-si-home-cleaning-company,PASS,100,,경기 성남시 거주청소 전문업체 - 청소 작업 안내,경기 성남시 거주청소를 알아보는 분을 위한 안내입니다. 경기 성남시 거주청소 전문업체 작업 전 확인사항부터 마무리 점검까지 자세히 정리했습니다.,https://clever-griffin-93819d.netlify.app/gyeonggi-seongnam-si-home-cleaning-company/,경기 성남시 거주청소 전문업체,12
경기 성남시 거주청소 잘하는곳,gyeonggi-seongnam-si-home-cleaning-best,PASS,100,,경기 성남시 거주청소 잘하는곳 | 현장별 청소 정보,경기 성남시 거주청소 잘하는곳 관련 청소 과정과 체크포인트를 안내합니다. 공간 상태와 오염 범위를 확인한 뒤 현장에 맞는 작업을 진행합니다.,https://clever-griffin-93819d.netlify.app/gyeonggi-seongnam-si-home-cleaning-best/,경기 성남시 거주청소 잘하는곳,12
경기 성남시 거주청소 가격,gyeonggi-seongnam-si-home-cleaning-price,PASS,100,,경기 성남시 거주청소 가격 | 현장별 청소 정보,경기 성남시 거주청소를 알아보는 분을 위한 안내입니다. 경기 성남시 거주청소 가격 작업 전 확인사항부터 마무리 점검까지 자세히 정리했습니다.,https://clever-griffin-93819d.netlify.app/gyeonggi-seongnam-si-home-cleaning-price/,경기 성남시 거주청소 가격,12
경기 성남시 거주청소 비용,gyeonggi-seongnam-si-home-cleaning-cost,PASS,100,,경기 성남시 거주청소 비용 - 청소 작업 안내,"경기 성남시 거주청소 비용 작업 범위와 준비사항, 진행 순서, 확인 항목을 정리했습니다. 경기 성남시 거주청소 현장에 맞춰 필요한 청소 내용을 확인해보세요.",https://clever-griffin-93819d.netlify.app/gyeonggi-seongnam-si-home-cleaning-cost/,경기 성남시 거주청소 비용,12
경기 성남시 거주청소 견적,gyeonggi-seongnam-si-home-cleaning-quote,PASS,100,,경기 성남시 거주청소 견적 | 체인지클린,경기 성남시 거주청소를 알아보는 분을 위한 안내입니다. 경기 성남시 거주청소 견적 작업 전 확인사항부터 마무리 점검까지 자세히 정리했습니다.,https://clever-griffin-93819d.netlify.app/gyeonggi-seongnam-si-home-cleaning-quote/,경기 성남시 거주청소 견적,12
경기 용인시 입주청소,gyeonggi-yongin-si-move-in-cleaning,PASS,100,,경기 용인시 입주청소 - 청소 작업 안내,"경기 용인시 입주청소 작업 범위와 준비사항, 진행 순서, 확인 항목을 정리했습니다. 경기 용인시 입주청소 현장에 맞춰 필요한 청소 내용을 확인해보세요.",https://clever-griffin-93819d.netlify.app/gyeonggi-yongin-si-move-in-cleaning/,경기 용인시 입주청소,12
경기 용인시 입주청소 전문업체,gyeonggi-yongin-si-move-in-cleaning-company,PASS,100,,경기 용인시 입주청소 전문업체 | 현장별 청소 정보,경기 용인시 입주청소 전문업체 관련 청소 과정과 체크포인트를 안내합니다. 공간 상태와 오염 범위를 확인한 뒤 현장에 맞는 작업을 진행합니다.,https://clever-griffin-93819d.netlify.app/gyeonggi-yongin-si-move-in-cleaning-company/,경기 용인시 입주청소 전문업체,12
경기 용인시 입주청소 잘하는곳,gyeonggi-yongin-si-move-in-cleaning-best,PASS,100,,경기 용인시 입주청소 잘하는곳 | 현장별 청소 정보,"경기 용인시 입주청소 잘하는곳 작업 범위와 준비사항, 진행 순서, 확인 항목을 정리했습니다. 경기 용인시 입주청소 현장에 맞춰 필요한 청소 내용을 확인해보세요.",https://clever-griffin-93819d.netlify.app/gyeonggi-yongin-si-move-in-cleaning-best/,경기 용인시 입주청소 잘하는곳,12
경기 용인시 입주청소 가격,gyeonggi-yongin-si-move-in-cleaning-price,PASS,100,,경기 용인시 입주청소 가격 | 현장별 청소 정보,경기 용인시 입주청소를 알아보는 분을 위한 안내입니다. 경기 용인시 입주청소 가격 작업 전 확인사항부터 마무리 점검까지 자세히 정리했습니다.,https://clever-griffin-93819d.netlify.app/gyeonggi-yongin-si-move-in-cleaning-price/,경기 용인시 입주청소 가격,12
경기 용인시 입주청소 비용,gyeonggi-yongin-si-move-in-cleaning-cost,PASS,100,,경기 용인시 입주청소 비용 - 청소 작업 안내,경기 용인시 입주청소 비용 관련 청소 과정과 체크포인트를 안내합니다. 공간 상태와 오염 범위를 확인한 뒤 현장에 맞는 작업을 진행합니다.,https://clever-griffin-93819d.netlify.app/gyeonggi-yongin-si-move-in-cleaning-cost/,경기 용인시 입주청소 비용,12
경기 용인시 입주청소 견적,gyeonggi-yongin-si-move-in-cleaning-quote,PASS,100,,경기 용인시 입주청소 견적 | 현장별 청소 정보,경기 용인시 입주청소 견적 관련 청소 과정과 체크포인트를 안내합니다. 공간 상태와 오염 범위를 확인한 뒤 현장에 맞는 작업을 진행합니다.,https://clever-griffin-93819d.netlify.app/gyeonggi-yongin-si-move-in-cleaning-quote/,경기 용인시 입주청소 견적,12
경기 용인시 이사청소,gyeonggi-yongin-si-move-out-cleaning,PASS,100,,경기 용인시 이사청소 - 청소 작업 안내,경기 용인시 이사청소를 알아보는 분을 위한 안내입니다. 경기 용인시 이사청소 작업 전 확인사항부터 마무리 점검까지 자세히 정리했습니다.,https://clever-griffin-93819d.netlify.app/gyeonggi-yongin-si-move-out-cleaning/,경기 용인시 이사청소,12
경기 용인시 이사청소 전문업체,gyeonggi-yongin-si-move-out-cleaning-company,PASS,100,,경기 용인시 이사청소 전문업체 - 청소 작업 안내,경기 용인시 이사청소 전문업체 관련 청소 과정과 체크포인트를 안내합니다. 공간 상태와 오염 범위를 확인한 뒤 현장에 맞는 작업을 진행합니다.,https://clever-griffin-93819d.netlify.app/gyeonggi-yongin-si-move-out-cleaning-company/,경기 용인시 이사청소 전문업체,12
경기 용인시 이사청소 잘하는곳,gyeonggi-yongin-si-move-out-cleaning-best,PASS,100,,경기 용인시 이사청소 잘하는곳 - 청소 작업 안내,경기 용인시 이사청소를 알아보는 분을 위한 안내입니다. 경기 용인시 이사청소 잘하는곳 작업 전 확인사항부터 마무리 점검까지 자세히 정리했습니다.,https://clever-griffin-93819d.netlify.app/gyeonggi-yongin-si-move-out-cleaning-best/,경기 용인시 이사청소 잘하는곳,12
경기 용인시 이사청소 가격,gyeonggi-yongin-si-move-out-cleaning-price,PASS,100,,경기 용인시 이사청소 가격 | 현장별 청소 정보,경기 용인시 이사청소를 알아보는 분을 위한 안내입니다. 경기 용인시 이사청소 가격 작업 전 확인사항부터 마무리 점검까지 자세히 정리했습니다.,https://clever-griffin-93819d.netlify.app/gyeonggi-yongin-si-move-out-cleaning-price/,경기 용인시 이사청소 가격,12
경기 용인시 이사청소 비용,gyeonggi-yongin-si-move-out-cleaning-cost,PASS,100,,경기 용인시 이사청소 비용 | 현장별 청소 정보,경기 용인시 이사청소 비용 관련 청소 과정과 체크포인트를 안내합니다. 공간 상태와 오염 범위를 확인한 뒤 현장에 맞는 작업을 진행합니다.,https://clever-griffin-93819d.netlify.app/gyeonggi-yongin-si-move-out-cleaning-cost/,경기 용인시 이사청소 비용,12
경기 용인시 이사청소 견적,gyeonggi-yongin-si-move-out-cleaning-quote,PASS,100,,경기 용인시 이사청소 견적 | 체인지클린,"경기 용인시 이사청소 견적 작업 범위와 준비사항, 진행 순서, 확인 항목을 정리했습니다. 경기 용인시 이사청소 현장에 맞춰 필요한 청소 내용을 확인해보세요.",https://clever-griffin-93819d.netlify.app/gyeonggi-yongin-si-move-out-cleaning-quote/,경기 용인시 이사청소 견적,12
경기 용인시 준공청소,gyeonggi-yongin-si-post-construction-cleaning,CHECK,96,title 길이 확인,경기 용인시 준공청소 | 체인지클린,"경기 용인시 준공청소 작업 범위와 준비사항, 진행 순서, 확인 항목을 정리했습니다. 경기 용인시 준공청소 현장에 맞춰 필요한 청소 내용을 확인해보세요.",https://clever-griffin-93819d.netlify.app/gyeonggi-yongin-si-post-construction-cleaning/,경기 용인시 준공청소,12
경기 용인시 준공청소 전문업체,gyeonggi-yongin-si-post-construction-cleaning-company,PASS,100,,경기 용인시 준공청소 전문업체 | 체인지클린,"경기 용인시 준공청소 전문업체 작업 범위와 준비사항, 진행 순서, 확인 항목을 정리했습니다. 경기 용인시 준공청소 현장에 맞춰 필요한 청소 내용을 확인해보세요.",https://clever-griffin-93819d.netlify.app/gyeonggi-yongin-si-post-construction-cleaning-company/,경기 용인시 준공청소 전문업체,12
경기 용인시 준공청소 잘하는곳,gyeonggi-yongin-si-post-construction-cleaning-best,PASS,100,,경기 용인시 준공청소 잘하는곳 | 체인지클린,경기 용인시 준공청소를 알아보는 분을 위한 안내입니다. 경기 용인시 준공청소 잘하는곳 작업 전 확인사항부터 마무리 점검까지 자세히 정리했습니다.,https://clever-griffin-93819d.netlify.app/gyeonggi-yongin-si-post-construction-cleaning-best/,경기 용인시 준공청소 잘하는곳,12
경기 용인시 준공청소 가격,gyeonggi-yongin-si-post-construction-cleaning-price,PASS,100,,경기 용인시 준공청소 가격 | 체인지클린,경기 용인시 준공청소 가격 관련 청소 과정과 체크포인트를 안내합니다. 공간 상태와 오염 범위를 확인한 뒤 현장에 맞는 작업을 진행합니다.,https://clever-griffin-93819d.netlify.app/gyeonggi-yongin-si-post-construction-cleaning-price/,경기 용인시 준공청소 가격,12
경기 용인시 준공청소 비용,gyeonggi-yongin-si-post-construction-cleaning-cost,PASS,100,,경기 용인시 준공청소 비용 | 현장별 청소 정보,"경기 용인시 준공청소 비용 작업 범위와 준비사항, 진행 순서, 확인 항목을 정리했습니다. 경기 용인시 준공청소 현장에 맞춰 필요한 청소 내용을 확인해보세요.",https://clever-griffin-93819d.netlify.app/gyeonggi-yongin-si-post-construction-cleaning-cost/,경기 용인시 준공청소 비용,12
경기 용인시 준공청소 견적,gyeonggi-yongin-si-post-construction-cleaning-quote,PASS,100,,경기 용인시 준공청소 견적 | 현장별 청소 정보,경기 용인시 준공청소 견적 관련 청소 과정과 체크포인트를 안내합니다. 공간 상태와 오염 범위를 확인한 뒤 현장에 맞는 작업을 진행합니다.,https://clever-griffin-93819d.netlify.app/gyeonggi-yongin-si-post-construction-cleaning-quote/,경기 용인시 준공청소 견적,12
경기 용인시 상가청소,gyeonggi-yongin-si-store-cleaning,PASS,100,,경기 용인시 상가청소 - 청소 작업 안내,경기 용인시 상가청소 관련 청소 과정과 체크포인트를 안내합니다. 공간 상태와 오염 범위를 확인한 뒤 현장에 맞는 작업을 진행합니다.,https://clever-griffin-93819d.netlify.app/gyeonggi-yongin-si-store-cleaning/,경기 용인시 상가청소,12
경기 용인시 상가청소 전문업체,gyeonggi-yongin-si-store-cleaning-company,PASS,100,,경기 용인시 상가청소 전문업체 | 체인지클린,경기 용인시 상가청소 전문업체 관련 청소 과정과 체크포인트를 안내합니다. 공간 상태와 오염 범위를 확인한 뒤 현장에 맞는 작업을 진행합니다.,https://clever-griffin-93819d.netlify.app/gyeonggi-yongin-si-store-cleaning-company/,경기 용인시 상가청소 전문업체,12
경기 용인시 상가청소 잘하는곳,gyeonggi-yongin-si-store-cleaning-best,PASS,100,,경기 용인시 상가청소 잘하는곳 - 청소 작업 안내,경기 용인시 상가청소 잘하는곳 관련 청소 과정과 체크포인트를 안내합니다. 공간 상태와 오염 범위를 확인한 뒤 현장에 맞는 작업을 진행합니다.,https://clever-griffin-93819d.netlify.app/gyeonggi-yongin-si-store-cleaning-best/,경기 용인시 상가청소 잘하는곳,12
경기 용인시 상가청소 가격,gyeonggi-yongin-si-store-cleaning-price,PASS,100,,경기 용인시 상가청소 가격 - 청소 작업 안내,경기 용인시 상가청소를 알아보는 분을 위한 안내입니다. 경기 용인시 상가청소 가격 작업 전 확인사항부터 마무리 점검까지 자세히 정리했습니다.,https://clever-griffin-93819d.netlify.app/gyeonggi-yongin-si-store-cleaning-price/,경기 용인시 상가청소 가격,12
경기 용인시 상가청소 비용,gyeonggi-yongin-si-store-cleaning-cost,PASS,100,,경기 용인시 상가청소 비용 - 청소 작업 안내,경기 용인시 상가청소를 알아보는 분을 위한 안내입니다. 경기 용인시 상가청소 비용 작업 전 확인사항부터 마무리 점검까지 자세히 정리했습니다.,https://clever-griffin-93819d.netlify.app/gyeonggi-yongin-si-store-cleaning-cost/,경기 용인시 상가청소 비용,12
경기 용인시 상가청소 견적,gyeonggi-yongin-si-store-cleaning-quote,PASS,100,,경기 용인시 상가청소 견적 | 체인지클린,"경기 용인시 상가청소 견적 작업 범위와 준비사항, 진행 순서, 확인 항목을 정리했습니다. 경기 용인시 상가청소 현장에 맞춰 필요한 청소 내용을 확인해보세요.",https://clever-griffin-93819d.netlify.app/gyeonggi-yongin-si-store-cleaning-quote/,경기 용인시 상가청소 견적,12
경기 용인시 사무실청소,gyeonggi-yongin-si-office-cleaning,PASS,100,,경기 용인시 사무실청소 | 현장별 청소 정보,"경기 용인시 사무실청소 작업 범위와 준비사항, 진행 순서, 확인 항목을 정리했습니다. 경기 용인시 사무실청소 현장에 맞춰 필요한 청소 내용을 확인해보세요.",https://clever-griffin-93819d.netlify.app/gyeonggi-yongin-si-office-cleaning/,경기 용인시 사무실청소,12
경기 용인시 사무실청소 전문업체,gyeonggi-yongin-si-office-cleaning-company,PASS,100,,경기 용인시 사무실청소 전문업체 | 체인지클린,"경기 용인시 사무실청소 전문업체 작업 범위와 준비사항, 진행 순서, 확인 항목을 정리했습니다. 경기 용인시 사무실청소 현장에 맞춰 필요한 청소 내용을 확인해보세요.",https://clever-griffin-93819d.netlify.app/gyeonggi-yongin-si-office-cleaning-company/,경기 용인시 사무실청소 전문업체,12
경기 용인시 사무실청소 잘하는곳,gyeonggi-yongin-si-office-cleaning-best,PASS,100,,경기 용인시 사무실청소 잘하는곳 - 청소 작업 안내,경기 용인시 사무실청소를 알아보는 분을 위한 안내입니다. 경기 용인시 사무실청소 잘하는곳 작업 전 확인사항부터 마무리 점검까지 자세히 정리했습니다.,https://clever-griffin-93819d.netlify.app/gyeonggi-yongin-si-office-cleaning-best/,경기 용인시 사무실청소 잘하는곳,12
경기 용인시 사무실청소 가격,gyeonggi-yongin-si-office-cleaning-price,PASS,100,,경기 용인시 사무실청소 가격 | 현장별 청소 정보,경기 용인시 사무실청소를 알아보는 분을 위한 안내입니다. 경기 용인시 사무실청소 가격 작업 전 확인사항부터 마무리 점검까지 자세히 정리했습니다.,https://clever-griffin-93819d.netlify.app/gyeonggi-yongin-si-office-cleaning-price/,경기 용인시 사무실청소 가격,12
경기 용인시 사무실청소 비용,gyeonggi-yongin-si-office-cleaning-cost,PASS,100,,경기 용인시 사무실청소 비용 - 청소 작업 안내,"경기 용인시 사무실청소 비용 작업 범위와 준비사항, 진행 순서, 확인 항목을 정리했습니다. 경기 용인시 사무실청소 현장에 맞춰 필요한 청소 내용을 확인해보세요.",https://clever-griffin-93819d.netlify.app/gyeonggi-yongin-si-office-cleaning-cost/,경기 용인시 사무실청소 비용,12
경기 용인시 사무실청소 견적,gyeonggi-yongin-si-office-cleaning-quote,PASS,100,,경기 용인시 사무실청소 견적 | 체인지클린,"경기 용인시 사무실청소 견적 작업 범위와 준비사항, 진행 순서, 확인 항목을 정리했습니다. 경기 용인시 사무실청소 현장에 맞춰 필요한 청소 내용을 확인해보세요.",https://clever-griffin-93819d.netlify.app/gyeonggi-yongin-si-office-cleaning-quote/,경기 용인시 사무실청소 견적,12
경기 용인시 빌라청소,gyeonggi-yongin-si-villa-cleaning,PASS,100,,경기 용인시 빌라청소 - 청소 작업 안내,경기 용인시 빌라청소 관련 청소 과정과 체크포인트를 안내합니다. 공간 상태와 오염 범위를 확인한 뒤 현장에 맞는 작업을 진행합니다.,https://clever-griffin-93819d.netlify.app/gyeonggi-yongin-si-villa-cleaning/,경기 용인시 빌라청소,12
경기 용인시 빌라청소 전문업체,gyeonggi-yongin-si-villa-cleaning-company,PASS,100,,경기 용인시 빌라청소 전문업체 | 현장별 청소 정보,경기 용인시 빌라청소를 알아보는 분을 위한 안내입니다. 경기 용인시 빌라청소 전문업체 작업 전 확인사항부터 마무리 점검까지 자세히 정리했습니다.,https://clever-griffin-93819d.netlify.app/gyeonggi-yongin-si-villa-cleaning-company/,경기 용인시 빌라청소 전문업체,12
경기 용인시 빌라청소 잘하는곳,gyeonggi-yongin-si-villa-cleaning-best,PASS,100,,경기 용인시 빌라청소 잘하는곳 | 현장별 청소 정보,경기 용인시 빌라청소를 알아보는 분을 위한 안내입니다. 경기 용인시 빌라청소 잘하는곳 작업 전 확인사항부터 마무리 점검까지 자세히 정리했습니다.,https://clever-griffin-93819d.netlify.app/gyeonggi-yongin-si-villa-cleaning-best/,경기 용인시 빌라청소 잘하는곳,12
경기 용인시 빌라청소 가격,gyeonggi-yongin-si-villa-cleaning-price,PASS,100,,경기 용인시 빌라청소 가격 - 청소 작업 안내,"경기 용인시 빌라청소 가격 작업 범위와 준비사항, 진행 순서, 확인 항목을 정리했습니다. 경기 용인시 빌라청소 현장에 맞춰 필요한 청소 내용을 확인해보세요.",https://clever-griffin-93819d.netlify.app/gyeonggi-yongin-si-villa-cleaning-price/,경기 용인시 빌라청소 가격,12
경기 용인시 빌라청소 비용,gyeonggi-yongin-si-villa-cleaning-cost,PASS,100,,경기 용인시 빌라청소 비용 | 체인지클린,경기 용인시 빌라청소 비용 관련 청소 과정과 체크포인트를 안내합니다. 공간 상태와 오염 범위를 확인한 뒤 현장에 맞는 작업을 진행합니다.,https://clever-griffin-93819d.netlify.app/gyeonggi-yongin-si-villa-cleaning-cost/,경기 용인시 빌라청소 비용,12
경기 용인시 빌라청소 견적,gyeonggi-yongin-si-villa-cleaning-quote,PASS,100,,경기 용인시 빌라청소 견적 | 체인지클린,경기 용인시 빌라청소 견적 관련 청소 과정과 체크포인트를 안내합니다. 공간 상태와 오염 범위를 확인한 뒤 현장에 맞는 작업을 진행합니다.,https://clever-griffin-93819d.netlify.app/gyeonggi-yongin-si-villa-cleaning-quote/,경기 용인시 빌라청소 견적,12
경기 용인시 아파트청소,gyeonggi-yongin-si-apartment-cleaning,PASS,100,,경기 용인시 아파트청소 | 현장별 청소 정보,"경기 용인시 아파트청소 작업 범위와 준비사항, 진행 순서, 확인 항목을 정리했습니다. 경기 용인시 아파트청소 현장에 맞춰 필요한 청소 내용을 확인해보세요.",https://clever-griffin-93819d.netlify.app/gyeonggi-yongin-si-apartment-cleaning/,경기 용인시 아파트청소,12
경기 용인시 아파트청소 전문업체,gyeonggi-yongin-si-apartment-cleaning-company,PASS,100,,경기 용인시 아파트청소 전문업체 | 체인지클린,경기 용인시 아파트청소 전문업체 관련 청소 과정과 체크포인트를 안내합니다. 공간 상태와 오염 범위를 확인한 뒤 현장에 맞는 작업을 진행합니다.,https://clever-griffin-93819d.netlify.app/gyeonggi-yongin-si-apartment-cleaning-company/,경기 용인시 아파트청소 전문업체,12
경기 용인시 아파트청소 잘하는곳,gyeonggi-yongin-si-apartment-cleaning-best,PASS,100,,경기 용인시 아파트청소 잘하는곳 - 청소 작업 안내,"경기 용인시 아파트청소 잘하는곳 작업 범위와 준비사항, 진행 순서, 확인 항목을 정리했습니다. 경기 용인시 아파트청소 현장에 맞춰 필요한 청소 내용을 확인해보세요.",https://clever-griffin-93819d.netlify.app/gyeonggi-yongin-si-apartment-cleaning-best/,경기 용인시 아파트청소 잘하는곳,12
경기 용인시 아파트청소 가격,gyeonggi-yongin-si-apartment-cleaning-price,PASS,100,,경기 용인시 아파트청소 가격 | 체인지클린,경기 용인시 아파트청소 가격 관련 청소 과정과 체크포인트를 안내합니다. 공간 상태와 오염 범위를 확인한 뒤 현장에 맞는 작업을 진행합니다.,https://clever-griffin-93819d.netlify.app/gyeonggi-yongin-si-apartment-cleaning-price/,경기 용인시 아파트청소 가격,12
경기 용인시 아파트청소 비용,gyeonggi-yongin-si-apartment-cleaning-cost,PASS,100,,경기 용인시 아파트청소 비용 | 현장별 청소 정보,"경기 용인시 아파트청소 비용 작업 범위와 준비사항, 진행 순서, 확인 항목을 정리했습니다. 경기 용인시 아파트청소 현장에 맞춰 필요한 청소 내용을 확인해보세요.",https://clever-griffin-93819d.netlify.app/gyeonggi-yongin-si-apartment-cleaning-cost/,경기 용인시 아파트청소 비용,12
경기 용인시 아파트청소 견적,gyeonggi-yongin-si-apartment-cleaning-quote,PASS,100,,경기 용인시 아파트청소 견적 | 체인지클린,경기 용인시 아파트청소 견적 관련 청소 과정과 체크포인트를 안내합니다. 공간 상태와 오염 범위를 확인한 뒤 현장에 맞는 작업을 진행합니다.,https://clever-griffin-93819d.netlify.app/gyeonggi-yongin-si-apartment-cleaning-quote/,경기 용인시 아파트청소 견적,12
경기 용인시 오피스텔청소,gyeonggi-yongin-si-officetel-cleaning,PASS,100,,경기 용인시 오피스텔청소 | 체인지클린,경기 용인시 오피스텔청소 관련 청소 과정과 체크포인트를 안내합니다. 공간 상태와 오염 범위를 확인한 뒤 현장에 맞는 작업을 진행합니다.,https://clever-griffin-93819d.netlify.app/gyeonggi-yongin-si-officetel-cleaning/,경기 용인시 오피스텔청소,12
경기 용인시 오피스텔청소 전문업체,gyeonggi-yongin-si-officetel-cleaning-company,PASS,100,,경기 용인시 오피스텔청소 전문업체 | 현장별 청소 정보,경기 용인시 오피스텔청소를 알아보는 분을 위한 안내입니다. 경기 용인시 오피스텔청소 전문업체 작업 전 확인사항부터 마무리 점검까지 자세히 정리했습니다.,https://clever-griffin-93819d.netlify.app/gyeonggi-yongin-si-officetel-cleaning-company/,경기 용인시 오피스텔청소 전문업체,12
경기 용인시 오피스텔청소 잘하는곳,gyeonggi-yongin-si-officetel-cleaning-best,PASS,100,,경기 용인시 오피스텔청소 잘하는곳 - 청소 작업 안내,"경기 용인시 오피스텔청소 잘하는곳 작업 범위와 준비사항, 진행 순서, 확인 항목을 정리했습니다. 경기 용인시 오피스텔청소 현장에 맞춰 필요한 청소 내용을 확인해보세요.",https://clever-griffin-93819d.netlify.app/gyeonggi-yongin-si-officetel-cleaning-best/,경기 용인시 오피스텔청소 잘하는곳,12
경기 용인시 오피스텔청소 가격,gyeonggi-yongin-si-officetel-cleaning-price,PASS,100,,경기 용인시 오피스텔청소 가격 | 체인지클린,경기 용인시 오피스텔청소 가격 관련 청소 과정과 체크포인트를 안내합니다. 공간 상태와 오염 범위를 확인한 뒤 현장에 맞는 작업을 진행합니다.,https://clever-griffin-93819d.netlify.app/gyeonggi-yongin-si-officetel-cleaning-price/,경기 용인시 오피스텔청소 가격,12
경기 용인시 오피스텔청소 비용,gyeonggi-yongin-si-officetel-cleaning-cost,PASS,100,,경기 용인시 오피스텔청소 비용 | 현장별 청소 정보,경기 용인시 오피스텔청소 비용 관련 청소 과정과 체크포인트를 안내합니다. 공간 상태와 오염 범위를 확인한 뒤 현장에 맞는 작업을 진행합니다.,https://clever-griffin-93819d.netlify.app/gyeonggi-yongin-si-officetel-cleaning-cost/,경기 용인시 오피스텔청소 비용,12
경기 용인시 오피스텔청소 견적,gyeonggi-yongin-si-officetel-cleaning-quote,PASS,100,,경기 용인시 오피스텔청소 견적 | 체인지클린,경기 용인시 오피스텔청소 견적 관련 청소 과정과 체크포인트를 안내합니다. 공간 상태와 오염 범위를 확인한 뒤 현장에 맞는 작업을 진행합니다.,https://clever-griffin-93819d.netlify.app/gyeonggi-yongin-si-officetel-cleaning-quote/,경기 용인시 오피스텔청소 견적,12
경기 용인시 거주청소,gyeonggi-yongin-si-home-cleaning,PASS,100,,경기 용인시 거주청소 | 현장별 청소 정보,"경기 용인시 거주청소 작업 범위와 준비사항, 진행 순서, 확인 항목을 정리했습니다. 경기 용인시 거주청소 현장에 맞춰 필요한 청소 내용을 확인해보세요.",https://clever-griffin-93819d.netlify.app/gyeonggi-yongin-si-home-cleaning/,경기 용인시 거주청소,12
경기 용인시 거주청소 전문업체,gyeonggi-yongin-si-home-cleaning-company,PASS,100,,경기 용인시 거주청소 전문업체 | 체인지클린,경기 용인시 거주청소를 알아보는 분을 위한 안내입니다. 경기 용인시 거주청소 전문업체 작업 전 확인사항부터 마무리 점검까지 자세히 정리했습니다.,https://clever-griffin-93819d.netlify.app/gyeonggi-yongin-si-home-cleaning-company/,경기 용인시 거주청소 전문업체,12
경기 용인시 거주청소 잘하는곳,gyeonggi-yongin-si-home-cleaning-best,PASS,100,,경기 용인시 거주청소 잘하는곳 - 청소 작업 안내,경기 용인시 거주청소 잘하는곳 관련 청소 과정과 체크포인트를 안내합니다. 공간 상태와 오염 범위를 확인한 뒤 현장에 맞는 작업을 진행합니다.,https://clever-griffin-93819d.netlify.app/gyeonggi-yongin-si-home-cleaning-best/,경기 용인시 거주청소 잘하는곳,12
경기 용인시 거주청소 가격,gyeonggi-yongin-si-home-cleaning-price,PASS,100,,경기 용인시 거주청소 가격 - 청소 작업 안내,"경기 용인시 거주청소 가격 작업 범위와 준비사항, 진행 순서, 확인 항목을 정리했습니다. 경기 용인시 거주청소 현장에 맞춰 필요한 청소 내용을 확인해보세요.",https://clever-griffin-93819d.netlify.app/gyeonggi-yongin-si-home-cleaning-price/,경기 용인시 거주청소 가격,12
경기 용인시 거주청소 비용,gyeonggi-yongin-si-home-cleaning-cost,PASS,100,,경기 용인시 거주청소 비용 | 현장별 청소 정보,경기 용인시 거주청소 비용 관련 청소 과정과 체크포인트를 안내합니다. 공간 상태와 오염 범위를 확인한 뒤 현장에 맞는 작업을 진행합니다.,https://clever-griffin-93819d.netlify.app/gyeonggi-yongin-si-home-cleaning-cost/,경기 용인시 거주청소 비용,12
경기 용인시 거주청소 견적,gyeonggi-yongin-si-home-cleaning-quote,PASS,100,,경기 용인시 거주청소 견적 | 현장별 청소 정보,경기 용인시 거주청소를 알아보는 분을 위한 안내입니다. 경기 용인시 거주청소 견적 작업 전 확인사항부터 마무리 점검까지 자세히 정리했습니다.,https://clever-griffin-93819d.netlify.app/gyeonggi-yongin-si-home-cleaning-quote/,경기 용인시 거주청소 견적,12
경기 고양시 입주청소,gyeonggi-goyang-si-move-in-cleaning,CHECK,96,title 길이 확인,경기 고양시 입주청소 | 체인지클린,경기 고양시 입주청소를 알아보는 분을 위한 안내입니다. 경기 고양시 입주청소 작업 전 확인사항부터 마무리 점검까지 자세히 정리했습니다.,https://clever-griffin-93819d.netlify.app/gyeonggi-goyang-si-move-in-cleaning/,경기 고양시 입주청소,12
경기 고양시 입주청소 전문업체,gyeonggi-goyang-si-move-in-cleaning-company,PASS,100,,경기 고양시 입주청소 전문업체 | 현장별 청소 정보,경기 고양시 입주청소 전문업체 관련 청소 과정과 체크포인트를 안내합니다. 공간 상태와 오염 범위를 확인한 뒤 현장에 맞는 작업을 진행합니다.,https://clever-griffin-93819d.netlify.app/gyeonggi-goyang-si-move-in-cleaning-company/,경기 고양시 입주청소 전문업체,12
경기 고양시 입주청소 잘하는곳,gyeonggi-goyang-si-move-in-cleaning-best,PASS,100,,경기 고양시 입주청소 잘하는곳 - 청소 작업 안내,경기 고양시 입주청소를 알아보는 분을 위한 안내입니다. 경기 고양시 입주청소 잘하는곳 작업 전 확인사항부터 마무리 점검까지 자세히 정리했습니다.,https://clever-griffin-93819d.netlify.app/gyeonggi-goyang-si-move-in-cleaning-best/,경기 고양시 입주청소 잘하는곳,12
경기 고양시 입주청소 가격,gyeonggi-goyang-si-move-in-cleaning-price,PASS,100,,경기 고양시 입주청소 가격 - 청소 작업 안내,"경기 고양시 입주청소 가격 작업 범위와 준비사항, 진행 순서, 확인 항목을 정리했습니다. 경기 고양시 입주청소 현장에 맞춰 필요한 청소 내용을 확인해보세요.",https://clever-griffin-93819d.netlify.app/gyeonggi-goyang-si-move-in-cleaning-price/,경기 고양시 입주청소 가격,12
경기 고양시 입주청소 비용,gyeonggi-goyang-si-move-in-cleaning-cost,PASS,100,,경기 고양시 입주청소 비용 | 현장별 청소 정보,경기 고양시 입주청소 비용 관련 청소 과정과 체크포인트를 안내합니다. 공간 상태와 오염 범위를 확인한 뒤 현장에 맞는 작업을 진행합니다.,https://clever-griffin-93819d.netlify.app/gyeonggi-goyang-si-move-in-cleaning-cost/,경기 고양시 입주청소 비용,12
경기 고양시 입주청소 견적,gyeonggi-goyang-si-move-in-cleaning-quote,PASS,100,,경기 고양시 입주청소 견적 | 체인지클린,경기 고양시 입주청소 견적 관련 청소 과정과 체크포인트를 안내합니다. 공간 상태와 오염 범위를 확인한 뒤 현장에 맞는 작업을 진행합니다.,https://clever-griffin-93819d.netlify.app/gyeonggi-goyang-si-move-in-cleaning-quote/,경기 고양시 입주청소 견적,12
경기 고양시 이사청소,gyeonggi-goyang-si-move-out-cleaning,PASS,100,,경기 고양시 이사청소 | 현장별 청소 정보,"경기 고양시 이사청소 작업 범위와 준비사항, 진행 순서, 확인 항목을 정리했습니다. 경기 고양시 이사청소 현장에 맞춰 필요한 청소 내용을 확인해보세요.",https://clever-griffin-93819d.netlify.app/gyeonggi-goyang-si-move-out-cleaning/,경기 고양시 이사청소,12
경기 고양시 이사청소 전문업체,gyeonggi-goyang-si-move-out-cleaning-company,PASS,100,,경기 고양시 이사청소 전문업체 | 체인지클린,"경기 고양시 이사청소 전문업체 작업 범위와 준비사항, 진행 순서, 확인 항목을 정리했습니다. 경기 고양시 이사청소 현장에 맞춰 필요한 청소 내용을 확인해보세요.",https://clever-griffin-93819d.netlify.app/gyeonggi-goyang-si-move-out-cleaning-company/,경기 고양시 이사청소 전문업체,12
경기 고양시 이사청소 잘하는곳,gyeonggi-goyang-si-move-out-cleaning-best,PASS,100,,경기 고양시 이사청소 잘하는곳 | 현장별 청소 정보,경기 고양시 이사청소를 알아보는 분을 위한 안내입니다. 경기 고양시 이사청소 잘하는곳 작업 전 확인사항부터 마무리 점검까지 자세히 정리했습니다.,https://clever-griffin-93819d.netlify.app/gyeonggi-goyang-si-move-out-cleaning-best/,경기 고양시 이사청소 잘하는곳,12
경기 고양시 이사청소 가격,gyeonggi-goyang-si-move-out-cleaning-price,PASS,100,,경기 고양시 이사청소 가격 | 현장별 청소 정보,경기 고양시 이사청소 가격 관련 청소 과정과 체크포인트를 안내합니다. 공간 상태와 오염 범위를 확인한 뒤 현장에 맞는 작업을 진행합니다.,https://clever-griffin-93819d.netlify.app/gyeonggi-goyang-si-move-out-cleaning-price/,경기 고양시 이사청소 가격,12
경기 고양시 이사청소 비용,gyeonggi-goyang-si-move-out-cleaning-cost,PASS,100,,경기 고양시 이사청소 비용 - 청소 작업 안내,경기 고양시 이사청소 비용 관련 청소 과정과 체크포인트를 안내합니다. 공간 상태와 오염 범위를 확인한 뒤 현장에 맞는 작업을 진행합니다.,https://clever-griffin-93819d.netlify.app/gyeonggi-goyang-si-move-out-cleaning-cost/,경기 고양시 이사청소 비용,12
경기 고양시 이사청소 견적,gyeonggi-goyang-si-move-out-cleaning-quote,PASS,100,,경기 고양시 이사청소 견적 - 청소 작업 안내,"경기 고양시 이사청소 견적 작업 범위와 준비사항, 진행 순서, 확인 항목을 정리했습니다. 경기 고양시 이사청소 현장에 맞춰 필요한 청소 내용을 확인해보세요.",https://clever-griffin-93819d.netlify.app/gyeonggi-goyang-si-move-out-cleaning-quote/,경기 고양시 이사청소 견적,12
경기 고양시 준공청소,gyeonggi-goyang-si-post-construction-cleaning,CHECK,96,title 길이 확인,경기 고양시 준공청소 | 체인지클린,경기 고양시 준공청소 관련 청소 과정과 체크포인트를 안내합니다. 공간 상태와 오염 범위를 확인한 뒤 현장에 맞는 작업을 진행합니다.,https://clever-griffin-93819d.netlify.app/gyeonggi-goyang-si-post-construction-cleaning/,경기 고양시 준공청소,12
경기 고양시 준공청소 전문업체,gyeonggi-goyang-si-post-construction-cleaning-company,PASS,100,,경기 고양시 준공청소 전문업체 - 청소 작업 안내,경기 고양시 준공청소 전문업체 관련 청소 과정과 체크포인트를 안내합니다. 공간 상태와 오염 범위를 확인한 뒤 현장에 맞는 작업을 진행합니다.,https://clever-griffin-93819d.netlify.app/gyeonggi-goyang-si-post-construction-cleaning-company/,경기 고양시 준공청소 전문업체,12
경기 고양시 준공청소 잘하는곳,gyeonggi-goyang-si-post-construction-cleaning-best,PASS,100,,경기 고양시 준공청소 잘하는곳 - 청소 작업 안내,경기 고양시 준공청소 잘하는곳 관련 청소 과정과 체크포인트를 안내합니다. 공간 상태와 오염 범위를 확인한 뒤 현장에 맞는 작업을 진행합니다.,https://clever-griffin-93819d.netlify.app/gyeonggi-goyang-si-post-construction-cleaning-best/,경기 고양시 준공청소 잘하는곳,12
경기 고양시 준공청소 가격,gyeonggi-goyang-si-post-construction-cleaning-price,PASS,100,,경기 고양시 준공청소 가격 | 체인지클린,경기 고양시 준공청소를 알아보는 분을 위한 안내입니다. 경기 고양시 준공청소 가격 작업 전 확인사항부터 마무리 점검까지 자세히 정리했습니다.,https://clever-griffin-93819d.netlify.app/gyeonggi-goyang-si-post-construction-cleaning-price/,경기 고양시 준공청소 가격,12
경기 고양시 준공청소 비용,gyeonggi-goyang-si-post-construction-cleaning-cost,PASS,100,,경기 고양시 준공청소 비용 | 체인지클린,경기 고양시 준공청소를 알아보는 분을 위한 안내입니다. 경기 고양시 준공청소 비용 작업 전 확인사항부터 마무리 점검까지 자세히 정리했습니다.,https://clever-griffin-93819d.netlify.app/gyeonggi-goyang-si-post-construction-cleaning-cost/,경기 고양시 준공청소 비용,12
경기 고양시 준공청소 견적,gyeonggi-goyang-si-post-construction-cleaning-quote,PASS,100,,경기 고양시 준공청소 견적 | 현장별 청소 정보,"경기 고양시 준공청소 견적 작업 범위와 준비사항, 진행 순서, 확인 항목을 정리했습니다. 경기 고양시 준공청소 현장에 맞춰 필요한 청소 내용을 확인해보세요.",https://clever-griffin-93819d.netlify.app/gyeonggi-goyang-si-post-construction-cleaning-quote/,경기 고양시 준공청소 견적,12
경기 고양시 상가청소,gyeonggi-goyang-si-store-cleaning,CHECK,96,title 길이 확인,경기 고양시 상가청소 | 체인지클린,경기 고양시 상가청소를 알아보는 분을 위한 안내입니다. 경기 고양시 상가청소 작업 전 확인사항부터 마무리 점검까지 자세히 정리했습니다.,https://clever-griffin-93819d.netlify.app/gyeonggi-goyang-si-store-cleaning/,경기 고양시 상가청소,12
경기 고양시 상가청소 전문업체,gyeonggi-goyang-si-store-cleaning-company,PASS,100,,경기 고양시 상가청소 전문업체 | 체인지클린,경기 고양시 상가청소를 알아보는 분을 위한 안내입니다. 경기 고양시 상가청소 전문업체 작업 전 확인사항부터 마무리 점검까지 자세히 정리했습니다.,https://clever-griffin-93819d.netlify.app/gyeonggi-goyang-si-store-cleaning-company/,경기 고양시 상가청소 전문업체,12
경기 고양시 상가청소 잘하는곳,gyeonggi-goyang-si-store-cleaning-best,PASS,100,,경기 고양시 상가청소 잘하는곳 | 체인지클린,경기 고양시 상가청소를 알아보는 분을 위한 안내입니다. 경기 고양시 상가청소 잘하는곳 작업 전 확인사항부터 마무리 점검까지 자세히 정리했습니다.,https://clever-griffin-93819d.netlify.app/gyeonggi-goyang-si-store-cleaning-best/,경기 고양시 상가청소 잘하는곳,12
경기 고양시 상가청소 가격,gyeonggi-goyang-si-store-cleaning-price,PASS,100,,경기 고양시 상가청소 가격 - 청소 작업 안내,"경기 고양시 상가청소 가격 작업 범위와 준비사항, 진행 순서, 확인 항목을 정리했습니다. 경기 고양시 상가청소 현장에 맞춰 필요한 청소 내용을 확인해보세요.",https://clever-griffin-93819d.netlify.app/gyeonggi-goyang-si-store-cleaning-price/,경기 고양시 상가청소 가격,12
경기 고양시 상가청소 비용,gyeonggi-goyang-si-store-cleaning-cost,PASS,100,,경기 고양시 상가청소 비용 - 청소 작업 안내,"경기 고양시 상가청소 비용 작업 범위와 준비사항, 진행 순서, 확인 항목을 정리했습니다. 경기 고양시 상가청소 현장에 맞춰 필요한 청소 내용을 확인해보세요.",https://clever-griffin-93819d.netlify.app/gyeonggi-goyang-si-store-cleaning-cost/,경기 고양시 상가청소 비용,12
경기 고양시 상가청소 견적,gyeonggi-goyang-si-store-cleaning-quote,PASS,100,,경기 고양시 상가청소 견적 | 현장별 청소 정보,경기 고양시 상가청소를 알아보는 분을 위한 안내입니다. 경기 고양시 상가청소 견적 작업 전 확인사항부터 마무리 점검까지 자세히 정리했습니다.,https://clever-griffin-93819d.netlify.app/gyeonggi-goyang-si-store-cleaning-quote/,경기 고양시 상가청소 견적,12
경기 고양시 사무실청소,gyeonggi-goyang-si-office-cleaning,PASS,100,,경기 고양시 사무실청소 | 체인지클린,경기 고양시 사무실청소 관련 청소 과정과 체크포인트를 안내합니다. 공간 상태와 오염 범위를 확인한 뒤 현장에 맞는 작업을 진행합니다.,https://clever-griffin-93819d.netlify.app/gyeonggi-goyang-si-office-cleaning/,경기 고양시 사무실청소,12
경기 고양시 사무실청소 전문업체,gyeonggi-goyang-si-office-cleaning-company,PASS,100,,경기 고양시 사무실청소 전문업체 - 청소 작업 안내,경기 고양시 사무실청소를 알아보는 분을 위한 안내입니다. 경기 고양시 사무실청소 전문업체 작업 전 확인사항부터 마무리 점검까지 자세히 정리했습니다.,https://clever-griffin-93819d.netlify.app/gyeonggi-goyang-si-office-cleaning-company/,경기 고양시 사무실청소 전문업체,12
경기 고양시 사무실청소 잘하는곳,gyeonggi-goyang-si-office-cleaning-best,PASS,100,,경기 고양시 사무실청소 잘하는곳 | 체인지클린,경기 고양시 사무실청소를 알아보는 분을 위한 안내입니다. 경기 고양시 사무실청소 잘하는곳 작업 전 확인사항부터 마무리 점검까지 자세히 정리했습니다.,https://clever-griffin-93819d.netlify.app/gyeonggi-goyang-si-office-cleaning-best/,경기 고양시 사무실청소 잘하는곳,12
경기 고양시 사무실청소 가격,gyeonggi-goyang-si-office-cleaning-price,PASS,100,,경기 고양시 사무실청소 가격 | 현장별 청소 정보,"경기 고양시 사무실청소 가격 작업 범위와 준비사항, 진행 순서, 확인 항목을 정리했습니다. 경기 고양시 사무실청소 현장에 맞춰 필요한 청소 내용을 확인해보세요.",https://clever-griffin-93819d.netlify.app/gyeonggi-goyang-si-office-cleaning-price/,경기 고양시 사무실청소 가격,12
경기 고양시 사무실청소 비용,gyeonggi-goyang-si-office-cleaning-cost,PASS,100,,경기 고양시 사무실청소 비용 | 체인지클린,경기 고양시 사무실청소 비용 관련 청소 과정과 체크포인트를 안내합니다. 공간 상태와 오염 범위를 확인한 뒤 현장에 맞는 작업을 진행합니다.,https://clever-griffin-93819d.netlify.app/gyeonggi-goyang-si-office-cleaning-cost/,경기 고양시 사무실청소 비용,12
경기 고양시 사무실청소 견적,gyeonggi-goyang-si-office-cleaning-quote,PASS,100,,경기 고양시 사무실청소 견적 | 체인지클린,"경기 고양시 사무실청소 견적 작업 범위와 준비사항, 진행 순서, 확인 항목을 정리했습니다. 경기 고양시 사무실청소 현장에 맞춰 필요한 청소 내용을 확인해보세요.",https://clever-griffin-93819d.netlify.app/gyeonggi-goyang-si-office-cleaning-quote/,경기 고양시 사무실청소 견적,12
경기 고양시 빌라청소,gyeonggi-goyang-si-villa-cleaning,PASS,100,,경기 고양시 빌라청소 - 청소 작업 안내,경기 고양시 빌라청소 관련 청소 과정과 체크포인트를 안내합니다. 공간 상태와 오염 범위를 확인한 뒤 현장에 맞는 작업을 진행합니다.,https://clever-griffin-93819d.netlify.app/gyeonggi-goyang-si-villa-cleaning/,경기 고양시 빌라청소,12
경기 고양시 빌라청소 전문업체,gyeonggi-goyang-si-villa-cleaning-company,PASS,100,,경기 고양시 빌라청소 전문업체 | 현장별 청소 정보,경기 고양시 빌라청소를 알아보는 분을 위한 안내입니다. 경기 고양시 빌라청소 전문업체 작업 전 확인사항부터 마무리 점검까지 자세히 정리했습니다.,https://clever-griffin-93819d.netlify.app/gyeonggi-goyang-si-villa-cleaning-company/,경기 고양시 빌라청소 전문업체,12
경기 고양시 빌라청소 잘하는곳,gyeonggi-goyang-si-villa-cleaning-best,PASS,100,,경기 고양시 빌라청소 잘하는곳 - 청소 작업 안내,경기 고양시 빌라청소 잘하는곳 관련 청소 과정과 체크포인트를 안내합니다. 공간 상태와 오염 범위를 확인한 뒤 현장에 맞는 작업을 진행합니다.,https://clever-griffin-93819d.netlify.app/gyeonggi-goyang-si-villa-cleaning-best/,경기 고양시 빌라청소 잘하는곳,12
경기 고양시 빌라청소 가격,gyeonggi-goyang-si-villa-cleaning-price,PASS,100,,경기 고양시 빌라청소 가격 - 청소 작업 안내,경기 고양시 빌라청소를 알아보는 분을 위한 안내입니다. 경기 고양시 빌라청소 가격 작업 전 확인사항부터 마무리 점검까지 자세히 정리했습니다.,https://clever-griffin-93819d.netlify.app/gyeonggi-goyang-si-villa-cleaning-price/,경기 고양시 빌라청소 가격,12
경기 고양시 빌라청소 비용,gyeonggi-goyang-si-villa-cleaning-cost,PASS,100,,경기 고양시 빌라청소 비용 - 청소 작업 안내,경기 고양시 빌라청소 비용 관련 청소 과정과 체크포인트를 안내합니다. 공간 상태와 오염 범위를 확인한 뒤 현장에 맞는 작업을 진행합니다.,https://clever-griffin-93819d.netlify.app/gyeonggi-goyang-si-villa-cleaning-cost/,경기 고양시 빌라청소 비용,12
경기 고양시 빌라청소 견적,gyeonggi-goyang-si-villa-cleaning-quote,PASS,100,,경기 고양시 빌라청소 견적 | 현장별 청소 정보,경기 고양시 빌라청소를 알아보는 분을 위한 안내입니다. 경기 고양시 빌라청소 견적 작업 전 확인사항부터 마무리 점검까지 자세히 정리했습니다.,https://clever-griffin-93819d.netlify.app/gyeonggi-goyang-si-villa-cleaning-quote/,경기 고양시 빌라청소 견적,12
경기 고양시 아파트청소,gyeonggi-goyang-si-apartment-cleaning,PASS,100,,경기 고양시 아파트청소 - 청소 작업 안내,"경기 고양시 아파트청소 작업 범위와 준비사항, 진행 순서, 확인 항목을 정리했습니다. 경기 고양시 아파트청소 현장에 맞춰 필요한 청소 내용을 확인해보세요.",https://clever-griffin-93819d.netlify.app/gyeonggi-goyang-si-apartment-cleaning/,경기 고양시 아파트청소,12
경기 고양시 아파트청소 전문업체,gyeonggi-goyang-si-apartment-cleaning-company,PASS,100,,경기 고양시 아파트청소 전문업체 | 체인지클린,경기 고양시 아파트청소 전문업체 관련 청소 과정과 체크포인트를 안내합니다. 공간 상태와 오염 범위를 확인한 뒤 현장에 맞는 작업을 진행합니다.,https://clever-griffin-93819d.netlify.app/gyeonggi-goyang-si-apartment-cleaning-company/,경기 고양시 아파트청소 전문업체,12
경기 고양시 아파트청소 잘하는곳,gyeonggi-goyang-si-apartment-cleaning-best,PASS,100,,경기 고양시 아파트청소 잘하는곳 | 체인지클린,"경기 고양시 아파트청소 잘하는곳 작업 범위와 준비사항, 진행 순서, 확인 항목을 정리했습니다. 경기 고양시 아파트청소 현장에 맞춰 필요한 청소 내용을 확인해보세요.",https://clever-griffin-93819d.netlify.app/gyeonggi-goyang-si-apartment-cleaning-best/,경기 고양시 아파트청소 잘하는곳,12
경기 고양시 아파트청소 가격,gyeonggi-goyang-si-apartment-cleaning-price,PASS,100,,경기 고양시 아파트청소 가격 | 현장별 청소 정보,경기 고양시 아파트청소를 알아보는 분을 위한 안내입니다. 경기 고양시 아파트청소 가격 작업 전 확인사항부터 마무리 점검까지 자세히 정리했습니다.,https://clever-griffin-93819d.netlify.app/gyeonggi-goyang-si-apartment-cleaning-price/,경기 고양시 아파트청소 가격,12
경기 고양시 아파트청소 비용,gyeonggi-goyang-si-apartment-cleaning-cost,PASS,100,,경기 고양시 아파트청소 비용 | 체인지클린,"경기 고양시 아파트청소 비용 작업 범위와 준비사항, 진행 순서, 확인 항목을 정리했습니다. 경기 고양시 아파트청소 현장에 맞춰 필요한 청소 내용을 확인해보세요.",https://clever-griffin-93819d.netlify.app/gyeonggi-goyang-si-apartment-cleaning-cost/,경기 고양시 아파트청소 비용,12
경기 고양시 아파트청소 견적,gyeonggi-goyang-si-apartment-cleaning-quote,PASS,100,,경기 고양시 아파트청소 견적 - 청소 작업 안내,"경기 고양시 아파트청소 견적 작업 범위와 준비사항, 진행 순서, 확인 항목을 정리했습니다. 경기 고양시 아파트청소 현장에 맞춰 필요한 청소 내용을 확인해보세요.",https://clever-griffin-93819d.netlify.app/gyeonggi-goyang-si-apartment-cleaning-quote/,경기 고양시 아파트청소 견적,12
경기 고양시 오피스텔청소,gyeonggi-goyang-si-officetel-cleaning,PASS,100,,경기 고양시 오피스텔청소 - 청소 작업 안내,경기 고양시 오피스텔청소를 알아보는 분을 위한 안내입니다. 경기 고양시 오피스텔청소 작업 전 확인사항부터 마무리 점검까지 자세히 정리했습니다.,https://clever-griffin-93819d.netlify.app/gyeonggi-goyang-si-officetel-cleaning/,경기 고양시 오피스텔청소,12
경기 고양시 오피스텔청소 전문업체,gyeonggi-goyang-si-officetel-cleaning-company,PASS,100,,경기 고양시 오피스텔청소 전문업체 | 현장별 청소 정보,경기 고양시 오피스텔청소를 알아보는 분을 위한 안내입니다. 경기 고양시 오피스텔청소 전문업체 작업 전 확인사항부터 마무리 점검까지 자세히 정리했습니다.,https://clever-griffin-93819d.netlify.app/gyeonggi-goyang-si-officetel-cleaning-company/,경기 고양시 오피스텔청소 전문업체,12
경기 고양시 오피스텔청소 잘하는곳,gyeonggi-goyang-si-officetel-cleaning-best,PASS,100,,경기 고양시 오피스텔청소 잘하는곳 - 청소 작업 안내,경기 고양시 오피스텔청소 잘하는곳 관련 청소 과정과 체크포인트를 안내합니다. 공간 상태와 오염 범위를 확인한 뒤 현장에 맞는 작업을 진행합니다.,https://clever-griffin-93819d.netlify.app/gyeonggi-goyang-si-officetel-cleaning-best/,경기 고양시 오피스텔청소 잘하는곳,12
경기 고양시 오피스텔청소 가격,gyeonggi-goyang-si-officetel-cleaning-price,PASS,100,,경기 고양시 오피스텔청소 가격 | 현장별 청소 정보,"경기 고양시 오피스텔청소 가격 작업 범위와 준비사항, 진행 순서, 확인 항목을 정리했습니다. 경기 고양시 오피스텔청소 현장에 맞춰 필요한 청소 내용을 확인해보세요.",https://clever-griffin-93819d.netlify.app/gyeonggi-goyang-si-officetel-cleaning-price/,경기 고양시 오피스텔청소 가격,12
경기 고양시 오피스텔청소 비용,gyeonggi-goyang-si-officetel-cleaning-cost,PASS,100,,경기 고양시 오피스텔청소 비용 | 체인지클린,경기 고양시 오피스텔청소를 알아보는 분을 위한 안내입니다. 경기 고양시 오피스텔청소 비용 작업 전 확인사항부터 마무리 점검까지 자세히 정리했습니다.,https://clever-griffin-93819d.netlify.app/gyeonggi-goyang-si-officetel-cleaning-cost/,경기 고양시 오피스텔청소 비용,12
경기 고양시 오피스텔청소 견적,gyeonggi-goyang-si-officetel-cleaning-quote,PASS,100,,경기 고양시 오피스텔청소 견적 | 현장별 청소 정보,"경기 고양시 오피스텔청소 견적 작업 범위와 준비사항, 진행 순서, 확인 항목을 정리했습니다. 경기 고양시 오피스텔청소 현장에 맞춰 필요한 청소 내용을 확인해보세요.",https://clever-griffin-93819d.netlify.app/gyeonggi-goyang-si-officetel-cleaning-quote/,경기 고양시 오피스텔청소 견적,12
경기 고양시 거주청소,gyeonggi-goyang-si-home-cleaning,PASS,100,,경기 고양시 거주청소 - 청소 작업 안내,경기 고양시 거주청소 관련 청소 과정과 체크포인트를 안내합니다. 공간 상태와 오염 범위를 확인한 뒤 현장에 맞는 작업을 진행합니다.,https://clever-griffin-93819d.netlify.app/gyeonggi-goyang-si-home-cleaning/,경기 고양시 거주청소,12
경기 고양시 거주청소 전문업체,gyeonggi-goyang-si-home-cleaning-company,PASS,100,,경기 고양시 거주청소 전문업체 | 현장별 청소 정보,"경기 고양시 거주청소 전문업체 작업 범위와 준비사항, 진행 순서, 확인 항목을 정리했습니다. 경기 고양시 거주청소 현장에 맞춰 필요한 청소 내용을 확인해보세요.",https://clever-griffin-93819d.netlify.app/gyeonggi-goyang-si-home-cleaning-company/,경기 고양시 거주청소 전문업체,12
경기 고양시 거주청소 잘하는곳,gyeonggi-goyang-si-home-cleaning-best,PASS,100,,경기 고양시 거주청소 잘하는곳 | 체인지클린,경기 고양시 거주청소를 알아보는 분을 위한 안내입니다. 경기 고양시 거주청소 잘하는곳 작업 전 확인사항부터 마무리 점검까지 자세히 정리했습니다.,https://clever-griffin-93819d.netlify.app/gyeonggi-goyang-si-home-cleaning-best/,경기 고양시 거주청소 잘하는곳,12
경기 고양시 거주청소 가격,gyeonggi-goyang-si-home-cleaning-price,PASS,100,,경기 고양시 거주청소 가격 - 청소 작업 안내,"경기 고양시 거주청소 가격 작업 범위와 준비사항, 진행 순서, 확인 항목을 정리했습니다. 경기 고양시 거주청소 현장에 맞춰 필요한 청소 내용을 확인해보세요.",https://clever-griffin-93819d.netlify.app/gyeonggi-goyang-si-home-cleaning-price/,경기 고양시 거주청소 가격,12
경기 고양시 거주청소 비용,gyeonggi-goyang-si-home-cleaning-cost,PASS,100,,경기 고양시 거주청소 비용 | 체인지클린,경기 고양시 거주청소 비용 관련 청소 과정과 체크포인트를 안내합니다. 공간 상태와 오염 범위를 확인한 뒤 현장에 맞는 작업을 진행합니다.,https://clever-griffin-93819d.netlify.app/gyeonggi-goyang-si-home-cleaning-cost/,경기 고양시 거주청소 비용,12
경기 고양시 거주청소 견적,gyeonggi-goyang-si-home-cleaning-quote,PASS,100,,경기 고양시 거주청소 견적 | 현장별 청소 정보,"경기 고양시 거주청소 견적 작업 범위와 준비사항, 진행 순서, 확인 항목을 정리했습니다. 경기 고양시 거주청소 현장에 맞춰 필요한 청소 내용을 확인해보세요.",https://clever-griffin-93819d.netlify.app/gyeonggi-goyang-si-home-cleaning-quote/,경기 고양시 거주청소 견적,12
경기 부천시 입주청소,gyeonggi-bucheon-si-move-in-cleaning,CHECK,96,title 길이 확인,경기 부천시 입주청소 | 체인지클린,경기 부천시 입주청소를 알아보는 분을 위한 안내입니다. 경기 부천시 입주청소 작업 전 확인사항부터 마무리 점검까지 자세히 정리했습니다.,https://clever-griffin-93819d.netlify.app/gyeonggi-bucheon-si-move-in-cleaning/,경기 부천시 입주청소,12
경기 부천시 입주청소 전문업체,gyeonggi-bucheon-si-move-in-cleaning-company,PASS,100,,경기 부천시 입주청소 전문업체 - 청소 작업 안내,경기 부천시 입주청소를 알아보는 분을 위한 안내입니다. 경기 부천시 입주청소 전문업체 작업 전 확인사항부터 마무리 점검까지 자세히 정리했습니다.,https://clever-griffin-93819d.netlify.app/gyeonggi-bucheon-si-move-in-cleaning-company/,경기 부천시 입주청소 전문업체,12
경기 부천시 입주청소 잘하는곳,gyeonggi-bucheon-si-move-in-cleaning-best,PASS,100,,경기 부천시 입주청소 잘하는곳 | 현장별 청소 정보,경기 부천시 입주청소 잘하는곳 관련 청소 과정과 체크포인트를 안내합니다. 공간 상태와 오염 범위를 확인한 뒤 현장에 맞는 작업을 진행합니다.,https://clever-griffin-93819d.netlify.app/gyeonggi-bucheon-si-move-in-cleaning-best/,경기 부천시 입주청소 잘하는곳,12
경기 부천시 입주청소 가격,gyeonggi-bucheon-si-move-in-cleaning-price,PASS,100,,경기 부천시 입주청소 가격 - 청소 작업 안내,"경기 부천시 입주청소 가격 작업 범위와 준비사항, 진행 순서, 확인 항목을 정리했습니다. 경기 부천시 입주청소 현장에 맞춰 필요한 청소 내용을 확인해보세요.",https://clever-griffin-93819d.netlify.app/gyeonggi-bucheon-si-move-in-cleaning-price/,경기 부천시 입주청소 가격,12
경기 부천시 입주청소 비용,gyeonggi-bucheon-si-move-in-cleaning-cost,PASS,100,,경기 부천시 입주청소 비용 - 청소 작업 안내,경기 부천시 입주청소를 알아보는 분을 위한 안내입니다. 경기 부천시 입주청소 비용 작업 전 확인사항부터 마무리 점검까지 자세히 정리했습니다.,https://clever-griffin-93819d.netlify.app/gyeonggi-bucheon-si-move-in-cleaning-cost/,경기 부천시 입주청소 비용,12
경기 부천시 입주청소 견적,gyeonggi-bucheon-si-move-in-cleaning-quote,PASS,100,,경기 부천시 입주청소 견적 - 청소 작업 안내,경기 부천시 입주청소 견적 관련 청소 과정과 체크포인트를 안내합니다. 공간 상태와 오염 범위를 확인한 뒤 현장에 맞는 작업을 진행합니다.,https://clever-griffin-93819d.netlify.app/gyeonggi-bucheon-si-move-in-cleaning-quote/,경기 부천시 입주청소 견적,12
경기 부천시 이사청소,gyeonggi-bucheon-si-move-out-cleaning,CHECK,96,title 길이 확인,경기 부천시 이사청소 | 체인지클린,경기 부천시 이사청소 관련 청소 과정과 체크포인트를 안내합니다. 공간 상태와 오염 범위를 확인한 뒤 현장에 맞는 작업을 진행합니다.,https://clever-griffin-93819d.netlify.app/gyeonggi-bucheon-si-move-out-cleaning/,경기 부천시 이사청소,12
경기 부천시 이사청소 전문업체,gyeonggi-bucheon-si-move-out-cleaning-company,PASS,100,,경기 부천시 이사청소 전문업체 - 청소 작업 안내,경기 부천시 이사청소를 알아보는 분을 위한 안내입니다. 경기 부천시 이사청소 전문업체 작업 전 확인사항부터 마무리 점검까지 자세히 정리했습니다.,https://clever-griffin-93819d.netlify.app/gyeonggi-bucheon-si-move-out-cleaning-company/,경기 부천시 이사청소 전문업체,12
경기 부천시 이사청소 잘하는곳,gyeonggi-bucheon-si-move-out-cleaning-best,PASS,100,,경기 부천시 이사청소 잘하는곳 | 체인지클린,경기 부천시 이사청소를 알아보는 분을 위한 안내입니다. 경기 부천시 이사청소 잘하는곳 작업 전 확인사항부터 마무리 점검까지 자세히 정리했습니다.,https://clever-griffin-93819d.netlify.app/gyeonggi-bucheon-si-move-out-cleaning-best/,경기 부천시 이사청소 잘하는곳,12
경기 부천시 이사청소 가격,gyeonggi-bucheon-si-move-out-cleaning-price,PASS,100,,경기 부천시 이사청소 가격 | 체인지클린,경기 부천시 이사청소를 알아보는 분을 위한 안내입니다. 경기 부천시 이사청소 가격 작업 전 확인사항부터 마무리 점검까지 자세히 정리했습니다.,https://clever-griffin-93819d.netlify.app/gyeonggi-bucheon-si-move-out-cleaning-price/,경기 부천시 이사청소 가격,12
경기 부천시 이사청소 비용,gyeonggi-bucheon-si-move-out-cleaning-cost,PASS,100,,경기 부천시 이사청소 비용 | 현장별 청소 정보,경기 부천시 이사청소를 알아보는 분을 위한 안내입니다. 경기 부천시 이사청소 비용 작업 전 확인사항부터 마무리 점검까지 자세히 정리했습니다.,https://clever-griffin-93819d.netlify.app/gyeonggi-bucheon-si-move-out-cleaning-cost/,경기 부천시 이사청소 비용,12
경기 부천시 이사청소 견적,gyeonggi-bucheon-si-move-out-cleaning-quote,PASS,100,,경기 부천시 이사청소 견적 | 체인지클린,"경기 부천시 이사청소 견적 작업 범위와 준비사항, 진행 순서, 확인 항목을 정리했습니다. 경기 부천시 이사청소 현장에 맞춰 필요한 청소 내용을 확인해보세요.",https://clever-griffin-93819d.netlify.app/gyeonggi-bucheon-si-move-out-cleaning-quote/,경기 부천시 이사청소 견적,12
경기 부천시 준공청소,gyeonggi-bucheon-si-post-construction-cleaning,CHECK,96,title 길이 확인,경기 부천시 준공청소 | 체인지클린,"경기 부천시 준공청소 작업 범위와 준비사항, 진행 순서, 확인 항목을 정리했습니다. 경기 부천시 준공청소 현장에 맞춰 필요한 청소 내용을 확인해보세요.",https://clever-griffin-93819d.netlify.app/gyeonggi-bucheon-si-post-construction-cleaning/,경기 부천시 준공청소,12
경기 부천시 준공청소 전문업체,gyeonggi-bucheon-si-post-construction-cleaning-company,PASS,100,,경기 부천시 준공청소 전문업체 | 체인지클린,"경기 부천시 준공청소 전문업체 작업 범위와 준비사항, 진행 순서, 확인 항목을 정리했습니다. 경기 부천시 준공청소 현장에 맞춰 필요한 청소 내용을 확인해보세요.",https://clever-griffin-93819d.netlify.app/gyeonggi-bucheon-si-post-construction-cleaning-company/,경기 부천시 준공청소 전문업체,12
경기 부천시 준공청소 잘하는곳,gyeonggi-bucheon-si-post-construction-cleaning-best,PASS,100,,경기 부천시 준공청소 잘하는곳 - 청소 작업 안내,경기 부천시 준공청소 잘하는곳 관련 청소 과정과 체크포인트를 안내합니다. 공간 상태와 오염 범위를 확인한 뒤 현장에 맞는 작업을 진행합니다.,https://clever-griffin-93819d.netlify.app/gyeonggi-bucheon-si-post-construction-cleaning-best/,경기 부천시 준공청소 잘하는곳,12
경기 부천시 준공청소 가격,gyeonggi-bucheon-si-post-construction-cleaning-price,PASS,100,,경기 부천시 준공청소 가격 | 현장별 청소 정보,경기 부천시 준공청소 가격 관련 청소 과정과 체크포인트를 안내합니다. 공간 상태와 오염 범위를 확인한 뒤 현장에 맞는 작업을 진행합니다.,https://clever-griffin-93819d.netlify.app/gyeonggi-bucheon-si-post-construction-cleaning-price/,경기 부천시 준공청소 가격,12
경기 부천시 준공청소 비용,gyeonggi-bucheon-si-post-construction-cleaning-cost,PASS,100,,경기 부천시 준공청소 비용 - 청소 작업 안내,경기 부천시 준공청소 비용 관련 청소 과정과 체크포인트를 안내합니다. 공간 상태와 오염 범위를 확인한 뒤 현장에 맞는 작업을 진행합니다.,https://clever-griffin-93819d.netlify.app/gyeonggi-bucheon-si-post-construction-cleaning-cost/,경기 부천시 준공청소 비용,12
경기 부천시 준공청소 견적,gyeonggi-bucheon-si-post-construction-cleaning-quote,PASS,100,,경기 부천시 준공청소 견적 - 청소 작업 안내,"경기 부천시 준공청소 견적 작업 범위와 준비사항, 진행 순서, 확인 항목을 정리했습니다. 경기 부천시 준공청소 현장에 맞춰 필요한 청소 내용을 확인해보세요.",https://clever-griffin-93819d.netlify.app/gyeonggi-bucheon-si-post-construction-cleaning-quote/,경기 부천시 준공청소 견적,12
경기 부천시 상가청소,gyeonggi-bucheon-si-store-cleaning,CHECK,96,title 길이 확인,경기 부천시 상가청소 | 체인지클린,경기 부천시 상가청소 관련 청소 과정과 체크포인트를 안내합니다. 공간 상태와 오염 범위를 확인한 뒤 현장에 맞는 작업을 진행합니다.,https://clever-griffin-93819d.netlify.app/gyeonggi-bucheon-si-store-cleaning/,경기 부천시 상가청소,12
경기 부천시 상가청소 전문업체,gyeonggi-bucheon-si-store-cleaning-company,PASS,100,,경기 부천시 상가청소 전문업체 - 청소 작업 안내,경기 부천시 상가청소 전문업체 관련 청소 과정과 체크포인트를 안내합니다. 공간 상태와 오염 범위를 확인한 뒤 현장에 맞는 작업을 진행합니다.,https://clever-griffin-93819d.netlify.app/gyeonggi-bucheon-si-store-cleaning-company/,경기 부천시 상가청소 전문업체,12
경기 부천시 상가청소 잘하는곳,gyeonggi-bucheon-si-store-cleaning-best,PASS,100,,경기 부천시 상가청소 잘하는곳 | 현장별 청소 정보,경기 부천시 상가청소 잘하는곳 관련 청소 과정과 체크포인트를 안내합니다. 공간 상태와 오염 범위를 확인한 뒤 현장에 맞는 작업을 진행합니다.,https://clever-griffin-93819d.netlify.app/gyeonggi-bucheon-si-store-cleaning-best/,경기 부천시 상가청소 잘하는곳,12
경기 부천시 상가청소 가격,gyeonggi-bucheon-si-store-cleaning-price,PASS,100,,경기 부천시 상가청소 가격 | 현장별 청소 정보,"경기 부천시 상가청소 가격 작업 범위와 준비사항, 진행 순서, 확인 항목을 정리했습니다. 경기 부천시 상가청소 현장에 맞춰 필요한 청소 내용을 확인해보세요.",https://clever-griffin-93819d.netlify.app/gyeonggi-bucheon-si-store-cleaning-price/,경기 부천시 상가청소 가격,12
경기 부천시 상가청소 비용,gyeonggi-bucheon-si-store-cleaning-cost,PASS,100,,경기 부천시 상가청소 비용 - 청소 작업 안내,경기 부천시 상가청소 비용 관련 청소 과정과 체크포인트를 안내합니다. 공간 상태와 오염 범위를 확인한 뒤 현장에 맞는 작업을 진행합니다.,https://clever-griffin-93819d.netlify.app/gyeonggi-bucheon-si-store-cleaning-cost/,경기 부천시 상가청소 비용,12
경기 부천시 상가청소 견적,gyeonggi-bucheon-si-store-cleaning-quote,PASS,100,,경기 부천시 상가청소 견적 | 체인지클린,경기 부천시 상가청소를 알아보는 분을 위한 안내입니다. 경기 부천시 상가청소 견적 작업 전 확인사항부터 마무리 점검까지 자세히 정리했습니다.,https://clever-griffin-93819d.netlify.app/gyeonggi-bucheon-si-store-cleaning-quote/,경기 부천시 상가청소 견적,12
경기 부천시 사무실청소,gyeonggi-bucheon-si-office-cleaning,PASS,100,,경기 부천시 사무실청소 | 체인지클린,"경기 부천시 사무실청소 작업 범위와 준비사항, 진행 순서, 확인 항목을 정리했습니다. 경기 부천시 사무실청소 현장에 맞춰 필요한 청소 내용을 확인해보세요.",https://clever-griffin-93819d.netlify.app/gyeonggi-bucheon-si-office-cleaning/,경기 부천시 사무실청소,12
경기 부천시 사무실청소 전문업체,gyeonggi-bucheon-si-office-cleaning-company,PASS,100,,경기 부천시 사무실청소 전문업체 | 현장별 청소 정보,경기 부천시 사무실청소를 알아보는 분을 위한 안내입니다. 경기 부천시 사무실청소 전문업체 작업 전 확인사항부터 마무리 점검까지 자세히 정리했습니다.,https://clever-griffin-93819d.netlify.app/gyeonggi-bucheon-si-office-cleaning-company/,경기 부천시 사무실청소 전문업체,12
경기 부천시 사무실청소 잘하는곳,gyeonggi-bucheon-si-office-cleaning-best,PASS,100,,경기 부천시 사무실청소 잘하는곳 - 청소 작업 안내,"경기 부천시 사무실청소 잘하는곳 작업 범위와 준비사항, 진행 순서, 확인 항목을 정리했습니다. 경기 부천시 사무실청소 현장에 맞춰 필요한 청소 내용을 확인해보세요.",https://clever-griffin-93819d.netlify.app/gyeonggi-bucheon-si-office-cleaning-best/,경기 부천시 사무실청소 잘하는곳,12
경기 부천시 사무실청소 가격,gyeonggi-bucheon-si-office-cleaning-price,PASS,100,,경기 부천시 사무실청소 가격 | 체인지클린,경기 부천시 사무실청소 가격 관련 청소 과정과 체크포인트를 안내합니다. 공간 상태와 오염 범위를 확인한 뒤 현장에 맞는 작업을 진행합니다.,https://clever-griffin-93819d.netlify.app/gyeonggi-bucheon-si-office-cleaning-price/,경기 부천시 사무실청소 가격,12
경기 부천시 사무실청소 비용,gyeonggi-bucheon-si-office-cleaning-cost,PASS,100,,경기 부천시 사무실청소 비용 | 체인지클린,경기 부천시 사무실청소를 알아보는 분을 위한 안내입니다. 경기 부천시 사무실청소 비용 작업 전 확인사항부터 마무리 점검까지 자세히 정리했습니다.,https://clever-griffin-93819d.netlify.app/gyeonggi-bucheon-si-office-cleaning-cost/,경기 부천시 사무실청소 비용,12
경기 부천시 사무실청소 견적,gyeonggi-bucheon-si-office-cleaning-quote,PASS,100,,경기 부천시 사무실청소 견적 | 체인지클린,"경기 부천시 사무실청소 견적 작업 범위와 준비사항, 진행 순서, 확인 항목을 정리했습니다. 경기 부천시 사무실청소 현장에 맞춰 필요한 청소 내용을 확인해보세요.",https://clever-griffin-93819d.netlify.app/gyeonggi-bucheon-si-office-cleaning-quote/,경기 부천시 사무실청소 견적,12
경기 부천시 빌라청소,gyeonggi-bucheon-si-villa-cleaning,CHECK,96,title 길이 확인,경기 부천시 빌라청소 | 체인지클린,경기 부천시 빌라청소를 알아보는 분을 위한 안내입니다. 경기 부천시 빌라청소 작업 전 확인사항부터 마무리 점검까지 자세히 정리했습니다.,https://clever-griffin-93819d.netlify.app/gyeonggi-bucheon-si-villa-cleaning/,경기 부천시 빌라청소,12
경기 부천시 빌라청소 전문업체,gyeonggi-bucheon-si-villa-cleaning-company,PASS,100,,경기 부천시 빌라청소 전문업체 - 청소 작업 안내,경기 부천시 빌라청소를 알아보는 분을 위한 안내입니다. 경기 부천시 빌라청소 전문업체 작업 전 확인사항부터 마무리 점검까지 자세히 정리했습니다.,https://clever-griffin-93819d.netlify.app/gyeonggi-bucheon-si-villa-cleaning-company/,경기 부천시 빌라청소 전문업체,12
경기 부천시 빌라청소 잘하는곳,gyeonggi-bucheon-si-villa-cleaning-best,PASS,100,,경기 부천시 빌라청소 잘하는곳 | 체인지클린,"경기 부천시 빌라청소 잘하는곳 작업 범위와 준비사항, 진행 순서, 확인 항목을 정리했습니다. 경기 부천시 빌라청소 현장에 맞춰 필요한 청소 내용을 확인해보세요.",https://clever-griffin-93819d.netlify.app/gyeonggi-bucheon-si-villa-cleaning-best/,경기 부천시 빌라청소 잘하는곳,12
경기 부천시 빌라청소 가격,gyeonggi-bucheon-si-villa-cleaning-price,PASS,100,,경기 부천시 빌라청소 가격 - 청소 작업 안내,경기 부천시 빌라청소를 알아보는 분을 위한 안내입니다. 경기 부천시 빌라청소 가격 작업 전 확인사항부터 마무리 점검까지 자세히 정리했습니다.,https://clever-griffin-93819d.netlify.app/gyeonggi-bucheon-si-villa-cleaning-price/,경기 부천시 빌라청소 가격,12
경기 부천시 빌라청소 비용,gyeonggi-bucheon-si-villa-cleaning-cost,PASS,100,,경기 부천시 빌라청소 비용 - 청소 작업 안내,"경기 부천시 빌라청소 비용 작업 범위와 준비사항, 진행 순서, 확인 항목을 정리했습니다. 경기 부천시 빌라청소 현장에 맞춰 필요한 청소 내용을 확인해보세요.",https://clever-griffin-93819d.netlify.app/gyeonggi-bucheon-si-villa-cleaning-cost/,경기 부천시 빌라청소 비용,12
경기 부천시 빌라청소 견적,gyeonggi-bucheon-si-villa-cleaning-quote,PASS,100,,경기 부천시 빌라청소 견적 | 현장별 청소 정보,"경기 부천시 빌라청소 견적 작업 범위와 준비사항, 진행 순서, 확인 항목을 정리했습니다. 경기 부천시 빌라청소 현장에 맞춰 필요한 청소 내용을 확인해보세요.",https://clever-griffin-93819d.netlify.app/gyeonggi-bucheon-si-villa-cleaning-quote/,경기 부천시 빌라청소 견적,12
경기 부천시 아파트청소,gyeonggi-bucheon-si-apartment-cleaning,PASS,100,,경기 부천시 아파트청소 | 체인지클린,경기 부천시 아파트청소 관련 청소 과정과 체크포인트를 안내합니다. 공간 상태와 오염 범위를 확인한 뒤 현장에 맞는 작업을 진행합니다.,https://clever-griffin-93819d.netlify.app/gyeonggi-bucheon-si-apartment-cleaning/,경기 부천시 아파트청소,12
경기 부천시 아파트청소 전문업체,gyeonggi-bucheon-si-apartment-cleaning-company,PASS,100,,경기 부천시 아파트청소 전문업체 | 체인지클린,경기 부천시 아파트청소를 알아보는 분을 위한 안내입니다. 경기 부천시 아파트청소 전문업체 작업 전 확인사항부터 마무리 점검까지 자세히 정리했습니다.,https://clever-griffin-93819d.netlify.app/gyeonggi-bucheon-si-apartment-cleaning-company/,경기 부천시 아파트청소 전문업체,12
경기 부천시 아파트청소 잘하는곳,gyeonggi-bucheon-si-apartment-cleaning-best,PASS,100,,경기 부천시 아파트청소 잘하는곳 | 현장별 청소 정보,경기 부천시 아파트청소 잘하는곳 관련 청소 과정과 체크포인트를 안내합니다. 공간 상태와 오염 범위를 확인한 뒤 현장에 맞는 작업을 진행합니다.,https://clever-griffin-93819d.netlify.app/gyeonggi-bucheon-si-apartment-cleaning-best/,경기 부천시 아파트청소 잘하는곳,12
경기 부천시 아파트청소 가격,gyeonggi-bucheon-si-apartment-cleaning-price,PASS,100,,경기 부천시 아파트청소 가격 | 현장별 청소 정보,경기 부천시 아파트청소 가격 관련 청소 과정과 체크포인트를 안내합니다. 공간 상태와 오염 범위를 확인한 뒤 현장에 맞는 작업을 진행합니다.,https://clever-griffin-93819d.netlify.app/gyeonggi-bucheon-si-apartment-cleaning-price/,경기 부천시 아파트청소 가격,12
경기 부천시 아파트청소 비용,gyeonggi-bucheon-si-apartment-cleaning-cost,PASS,100,,경기 부천시 아파트청소 비용 - 청소 작업 안내,"경기 부천시 아파트청소 비용 작업 범위와 준비사항, 진행 순서, 확인 항목을 정리했습니다. 경기 부천시 아파트청소 현장에 맞춰 필요한 청소 내용을 확인해보세요.",https://clever-griffin-93819d.netlify.app/gyeonggi-bucheon-si-apartment-cleaning-cost/,경기 부천시 아파트청소 비용,12
경기 부천시 아파트청소 견적,gyeonggi-bucheon-si-apartment-cleaning-quote,PASS,100,,경기 부천시 아파트청소 견적 | 현장별 청소 정보,경기 부천시 아파트청소를 알아보는 분을 위한 안내입니다. 경기 부천시 아파트청소 견적 작업 전 확인사항부터 마무리 점검까지 자세히 정리했습니다.,https://clever-griffin-93819d.netlify.app/gyeonggi-bucheon-si-apartment-cleaning-quote/,경기 부천시 아파트청소 견적,12
경기 부천시 오피스텔청소,gyeonggi-bucheon-si-officetel-cleaning,PASS,100,,경기 부천시 오피스텔청소 - 청소 작업 안내,"경기 부천시 오피스텔청소 작업 범위와 준비사항, 진행 순서, 확인 항목을 정리했습니다. 경기 부천시 오피스텔청소 현장에 맞춰 필요한 청소 내용을 확인해보세요.",https://clever-griffin-93819d.netlify.app/gyeonggi-bucheon-si-officetel-cleaning/,경기 부천시 오피스텔청소,12
경기 부천시 오피스텔청소 전문업체,gyeonggi-bucheon-si-officetel-cleaning-company,PASS,100,,경기 부천시 오피스텔청소 전문업체 | 현장별 청소 정보,경기 부천시 오피스텔청소를 알아보는 분을 위한 안내입니다. 경기 부천시 오피스텔청소 전문업체 작업 전 확인사항부터 마무리 점검까지 자세히 정리했습니다.,https://clever-griffin-93819d.netlify.app/gyeonggi-bucheon-si-officetel-cleaning-company/,경기 부천시 오피스텔청소 전문업체,12
경기 부천시 오피스텔청소 잘하는곳,gyeonggi-bucheon-si-officetel-cleaning-best,PASS,100,,경기 부천시 오피스텔청소 잘하는곳 | 체인지클린,경기 부천시 오피스텔청소 잘하는곳 관련 청소 과정과 체크포인트를 안내합니다. 공간 상태와 오염 범위를 확인한 뒤 현장에 맞는 작업을 진행합니다.,https://clever-griffin-93819d.netlify.app/gyeonggi-bucheon-si-officetel-cleaning-best/,경기 부천시 오피스텔청소 잘하는곳,12
경기 부천시 오피스텔청소 가격,gyeonggi-bucheon-si-officetel-cleaning-price,PASS,100,,경기 부천시 오피스텔청소 가격 | 체인지클린,경기 부천시 오피스텔청소 가격 관련 청소 과정과 체크포인트를 안내합니다. 공간 상태와 오염 범위를 확인한 뒤 현장에 맞는 작업을 진행합니다.,https://clever-griffin-93819d.netlify.app/gyeonggi-bucheon-si-officetel-cleaning-price/,경기 부천시 오피스텔청소 가격,12
경기 부천시 오피스텔청소 비용,gyeonggi-bucheon-si-officetel-cleaning-cost,PASS,100,,경기 부천시 오피스텔청소 비용 - 청소 작업 안내,경기 부천시 오피스텔청소를 알아보는 분을 위한 안내입니다. 경기 부천시 오피스텔청소 비용 작업 전 확인사항부터 마무리 점검까지 자세히 정리했습니다.,https://clever-griffin-93819d.netlify.app/gyeonggi-bucheon-si-officetel-cleaning-cost/,경기 부천시 오피스텔청소 비용,12
경기 부천시 오피스텔청소 견적,gyeonggi-bucheon-si-officetel-cleaning-quote,PASS,100,,경기 부천시 오피스텔청소 견적 | 체인지클린,경기 부천시 오피스텔청소 견적 관련 청소 과정과 체크포인트를 안내합니다. 공간 상태와 오염 범위를 확인한 뒤 현장에 맞는 작업을 진행합니다.,https://clever-griffin-93819d.netlify.app/gyeonggi-bucheon-si-officetel-cleaning-quote/,경기 부천시 오피스텔청소 견적,12
경기 부천시 거주청소,gyeonggi-bucheon-si-home-cleaning,PASS,100,,경기 부천시 거주청소 | 현장별 청소 정보,경기 부천시 거주청소를 알아보는 분을 위한 안내입니다. 경기 부천시 거주청소 작업 전 확인사항부터 마무리 점검까지 자세히 정리했습니다.,https://clever-griffin-93819d.netlify.app/gyeonggi-bucheon-si-home-cleaning/,경기 부천시 거주청소,12
경기 부천시 거주청소 전문업체,gyeonggi-bucheon-si-home-cleaning-company,PASS,100,,경기 부천시 거주청소 전문업체 - 청소 작업 안내,경기 부천시 거주청소 전문업체 관련 청소 과정과 체크포인트를 안내합니다. 공간 상태와 오염 범위를 확인한 뒤 현장에 맞는 작업을 진행합니다.,https://clever-griffin-93819d.netlify.app/gyeonggi-bucheon-si-home-cleaning-company/,경기 부천시 거주청소 전문업체,12
경기 부천시 거주청소 잘하는곳,gyeonggi-bucheon-si-home-cleaning-best,PASS,100,,경기 부천시 거주청소 잘하는곳 | 체인지클린,"경기 부천시 거주청소 잘하는곳 작업 범위와 준비사항, 진행 순서, 확인 항목을 정리했습니다. 경기 부천시 거주청소 현장에 맞춰 필요한 청소 내용을 확인해보세요.",https://clever-griffin-93819d.netlify.app/gyeonggi-bucheon-si-home-cleaning-best/,경기 부천시 거주청소 잘하는곳,12
경기 부천시 거주청소 가격,gyeonggi-bucheon-si-home-cleaning-price,PASS,100,,경기 부천시 거주청소 가격 | 체인지클린,경기 부천시 거주청소 가격 관련 청소 과정과 체크포인트를 안내합니다. 공간 상태와 오염 범위를 확인한 뒤 현장에 맞는 작업을 진행합니다.,https://clever-griffin-93819d.netlify.app/gyeonggi-bucheon-si-home-cleaning-price/,경기 부천시 거주청소 가격,12
경기 부천시 거주청소 비용,gyeonggi-bucheon-si-home-cleaning-cost,PASS,100,,경기 부천시 거주청소 비용 | 체인지클린,경기 부천시 거주청소 비용 관련 청소 과정과 체크포인트를 안내합니다. 공간 상태와 오염 범위를 확인한 뒤 현장에 맞는 작업을 진행합니다.,https://clever-griffin-93819d.netlify.app/gyeonggi-bucheon-si-home-cleaning-cost/,경기 부천시 거주청소 비용,12
경기 부천시 거주청소 견적,gyeonggi-bucheon-si-home-cleaning-quote,PASS,100,,경기 부천시 거주청소 견적 | 현장별 청소 정보,"경기 부천시 거주청소 견적 작업 범위와 준비사항, 진행 순서, 확인 항목을 정리했습니다. 경기 부천시 거주청소 현장에 맞춰 필요한 청소 내용을 확인해보세요.",https://clever-griffin-93819d.netlify.app/gyeonggi-bucheon-si-home-cleaning-quote/,경기 부천시 거주청소 견적,12
경기 안산시 입주청소,gyeonggi-ansan-si-move-in-cleaning,PASS,100,,경기 안산시 입주청소 | 현장별 청소 정보,"경기 안산시 입주청소 작업 범위와 준비사항, 진행 순서, 확인 항목을 정리했습니다. 경기 안산시 입주청소 현장에 맞춰 필요한 청소 내용을 확인해보세요.",https://clever-griffin-93819d.netlify.app/gyeonggi-ansan-si-move-in-cleaning/,경기 안산시 입주청소,12
경기 안산시 입주청소 전문업체,gyeonggi-ansan-si-move-in-cleaning-company,PASS,100,,경기 안산시 입주청소 전문업체 - 청소 작업 안내,경기 안산시 입주청소를 알아보는 분을 위한 안내입니다. 경기 안산시 입주청소 전문업체 작업 전 확인사항부터 마무리 점검까지 자세히 정리했습니다.,https://clever-griffin-93819d.netlify.app/gyeonggi-ansan-si-move-in-cleaning-company/,경기 안산시 입주청소 전문업체,12
경기 안산시 입주청소 잘하는곳,gyeonggi-ansan-si-move-in-cleaning-best,PASS,100,,경기 안산시 입주청소 잘하는곳 - 청소 작업 안내,경기 안산시 입주청소를 알아보는 분을 위한 안내입니다. 경기 안산시 입주청소 잘하는곳 작업 전 확인사항부터 마무리 점검까지 자세히 정리했습니다.,https://clever-griffin-93819d.netlify.app/gyeonggi-ansan-si-move-in-cleaning-best/,경기 안산시 입주청소 잘하는곳,12
경기 안산시 입주청소 가격,gyeonggi-ansan-si-move-in-cleaning-price,PASS,100,,경기 안산시 입주청소 가격 | 현장별 청소 정보,경기 안산시 입주청소 가격 관련 청소 과정과 체크포인트를 안내합니다. 공간 상태와 오염 범위를 확인한 뒤 현장에 맞는 작업을 진행합니다.,https://clever-griffin-93819d.netlify.app/gyeonggi-ansan-si-move-in-cleaning-price/,경기 안산시 입주청소 가격,12
경기 안산시 입주청소 비용,gyeonggi-ansan-si-move-in-cleaning-cost,PASS,100,,경기 안산시 입주청소 비용 | 체인지클린,경기 안산시 입주청소 비용 관련 청소 과정과 체크포인트를 안내합니다. 공간 상태와 오염 범위를 확인한 뒤 현장에 맞는 작업을 진행합니다.,https://clever-griffin-93819d.netlify.app/gyeonggi-ansan-si-move-in-cleaning-cost/,경기 안산시 입주청소 비용,12
경기 안산시 입주청소 견적,gyeonggi-ansan-si-move-in-cleaning-quote,PASS,100,,경기 안산시 입주청소 견적 | 체인지클린,경기 안산시 입주청소를 알아보는 분을 위한 안내입니다. 경기 안산시 입주청소 견적 작업 전 확인사항부터 마무리 점검까지 자세히 정리했습니다.,https://clever-griffin-93819d.netlify.app/gyeonggi-ansan-si-move-in-cleaning-quote/,경기 안산시 입주청소 견적,12
경기 안산시 이사청소,gyeonggi-ansan-si-move-out-cleaning,PASS,100,,경기 안산시 이사청소 | 현장별 청소 정보,경기 안산시 이사청소 관련 청소 과정과 체크포인트를 안내합니다. 공간 상태와 오염 범위를 확인한 뒤 현장에 맞는 작업을 진행합니다.,https://clever-griffin-93819d.netlify.app/gyeonggi-ansan-si-move-out-cleaning/,경기 안산시 이사청소,12
경기 안산시 이사청소 전문업체,gyeonggi-ansan-si-move-out-cleaning-company,PASS,100,,경기 안산시 이사청소 전문업체 | 체인지클린,"경기 안산시 이사청소 전문업체 작업 범위와 준비사항, 진행 순서, 확인 항목을 정리했습니다. 경기 안산시 이사청소 현장에 맞춰 필요한 청소 내용을 확인해보세요.",https://clever-griffin-93819d.netlify.app/gyeonggi-ansan-si-move-out-cleaning-company/,경기 안산시 이사청소 전문업체,12
경기 안산시 이사청소 잘하는곳,gyeonggi-ansan-si-move-out-cleaning-best,PASS,100,,경기 안산시 이사청소 잘하는곳 - 청소 작업 안내,"경기 안산시 이사청소 잘하는곳 작업 범위와 준비사항, 진행 순서, 확인 항목을 정리했습니다. 경기 안산시 이사청소 현장에 맞춰 필요한 청소 내용을 확인해보세요.",https://clever-griffin-93819d.netlify.app/gyeonggi-ansan-si-move-out-cleaning-best/,경기 안산시 이사청소 잘하는곳,12
경기 안산시 이사청소 가격,gyeonggi-ansan-si-move-out-cleaning-price,PASS,100,,경기 안산시 이사청소 가격 | 체인지클린,"경기 안산시 이사청소 가격 작업 범위와 준비사항, 진행 순서, 확인 항목을 정리했습니다. 경기 안산시 이사청소 현장에 맞춰 필요한 청소 내용을 확인해보세요.",https://clever-griffin-93819d.netlify.app/gyeonggi-ansan-si-move-out-cleaning-price/,경기 안산시 이사청소 가격,12
경기 안산시 이사청소 비용,gyeonggi-ansan-si-move-out-cleaning-cost,PASS,100,,경기 안산시 이사청소 비용 | 현장별 청소 정보,경기 안산시 이사청소를 알아보는 분을 위한 안내입니다. 경기 안산시 이사청소 비용 작업 전 확인사항부터 마무리 점검까지 자세히 정리했습니다.,https://clever-griffin-93819d.netlify.app/gyeonggi-ansan-si-move-out-cleaning-cost/,경기 안산시 이사청소 비용,12
경기 안산시 이사청소 견적,gyeonggi-ansan-si-move-out-cleaning-quote,PASS,100,,경기 안산시 이사청소 견적 | 체인지클린,"경기 안산시 이사청소 견적 작업 범위와 준비사항, 진행 순서, 확인 항목을 정리했습니다. 경기 안산시 이사청소 현장에 맞춰 필요한 청소 내용을 확인해보세요.",https://clever-griffin-93819d.netlify.app/gyeonggi-ansan-si-move-out-cleaning-quote/,경기 안산시 이사청소 견적,12
경기 안산시 준공청소,gyeonggi-ansan-si-post-construction-cleaning,PASS,100,,경기 안산시 준공청소 - 청소 작업 안내,"경기 안산시 준공청소 작업 범위와 준비사항, 진행 순서, 확인 항목을 정리했습니다. 경기 안산시 준공청소 현장에 맞춰 필요한 청소 내용을 확인해보세요.",https://clever-griffin-93819d.netlify.app/gyeonggi-ansan-si-post-construction-cleaning/,경기 안산시 준공청소,12
경기 안산시 준공청소 전문업체,gyeonggi-ansan-si-post-construction-cleaning-company,PASS,100,,경기 안산시 준공청소 전문업체 - 청소 작업 안내,경기 안산시 준공청소 전문업체 관련 청소 과정과 체크포인트를 안내합니다. 공간 상태와 오염 범위를 확인한 뒤 현장에 맞는 작업을 진행합니다.,https://clever-griffin-93819d.netlify.app/gyeonggi-ansan-si-post-construction-cleaning-company/,경기 안산시 준공청소 전문업체,12
경기 안산시 준공청소 잘하는곳,gyeonggi-ansan-si-post-construction-cleaning-best,PASS,100,,경기 안산시 준공청소 잘하는곳 | 현장별 청소 정보,경기 안산시 준공청소를 알아보는 분을 위한 안내입니다. 경기 안산시 준공청소 잘하는곳 작업 전 확인사항부터 마무리 점검까지 자세히 정리했습니다.,https://clever-griffin-93819d.netlify.app/gyeonggi-ansan-si-post-construction-cleaning-best/,경기 안산시 준공청소 잘하는곳,12
경기 안산시 준공청소 가격,gyeonggi-ansan-si-post-construction-cleaning-price,PASS,100,,경기 안산시 준공청소 가격 - 청소 작업 안내,경기 안산시 준공청소 가격 관련 청소 과정과 체크포인트를 안내합니다. 공간 상태와 오염 범위를 확인한 뒤 현장에 맞는 작업을 진행합니다.,https://clever-griffin-93819d.netlify.app/gyeonggi-ansan-si-post-construction-cleaning-price/,경기 안산시 준공청소 가격,12
경기 안산시 준공청소 비용,gyeonggi-ansan-si-post-construction-cleaning-cost,PASS,100,,경기 안산시 준공청소 비용 - 청소 작업 안내,"경기 안산시 준공청소 비용 작업 범위와 준비사항, 진행 순서, 확인 항목을 정리했습니다. 경기 안산시 준공청소 현장에 맞춰 필요한 청소 내용을 확인해보세요.",https://clever-griffin-93819d.netlify.app/gyeonggi-ansan-si-post-construction-cleaning-cost/,경기 안산시 준공청소 비용,12
경기 안산시 준공청소 견적,gyeonggi-ansan-si-post-construction-cleaning-quote,PASS,100,,경기 안산시 준공청소 견적 | 현장별 청소 정보,"경기 안산시 준공청소 견적 작업 범위와 준비사항, 진행 순서, 확인 항목을 정리했습니다. 경기 안산시 준공청소 현장에 맞춰 필요한 청소 내용을 확인해보세요.",https://clever-griffin-93819d.netlify.app/gyeonggi-ansan-si-post-construction-cleaning-quote/,경기 안산시 준공청소 견적,12
경기 안산시 상가청소,gyeonggi-ansan-si-store-cleaning,CHECK,96,title 길이 확인,경기 안산시 상가청소 | 체인지클린,경기 안산시 상가청소 관련 청소 과정과 체크포인트를 안내합니다. 공간 상태와 오염 범위를 확인한 뒤 현장에 맞는 작업을 진행합니다.,https://clever-griffin-93819d.netlify.app/gyeonggi-ansan-si-store-cleaning/,경기 안산시 상가청소,12
경기 안산시 상가청소 전문업체,gyeonggi-ansan-si-store-cleaning-company,PASS,100,,경기 안산시 상가청소 전문업체 - 청소 작업 안내,"경기 안산시 상가청소 전문업체 작업 범위와 준비사항, 진행 순서, 확인 항목을 정리했습니다. 경기 안산시 상가청소 현장에 맞춰 필요한 청소 내용을 확인해보세요.",https://clever-griffin-93819d.netlify.app/gyeonggi-ansan-si-store-cleaning-company/,경기 안산시 상가청소 전문업체,12
경기 안산시 상가청소 잘하는곳,gyeonggi-ansan-si-store-cleaning-best,PASS,100,,경기 안산시 상가청소 잘하는곳 | 현장별 청소 정보,경기 안산시 상가청소를 알아보는 분을 위한 안내입니다. 경기 안산시 상가청소 잘하는곳 작업 전 확인사항부터 마무리 점검까지 자세히 정리했습니다.,https://clever-griffin-93819d.netlify.app/gyeonggi-ansan-si-store-cleaning-best/,경기 안산시 상가청소 잘하는곳,12
경기 안산시 상가청소 가격,gyeonggi-ansan-si-store-cleaning-price,PASS,100,,경기 안산시 상가청소 가격 | 체인지클린,경기 안산시 상가청소를 알아보는 분을 위한 안내입니다. 경기 안산시 상가청소 가격 작업 전 확인사항부터 마무리 점검까지 자세히 정리했습니다.,https://clever-griffin-93819d.netlify.app/gyeonggi-ansan-si-store-cleaning-price/,경기 안산시 상가청소 가격,12
경기 안산시 상가청소 비용,gyeonggi-ansan-si-store-cleaning-cost,PASS,100,,경기 안산시 상가청소 비용 | 체인지클린,"경기 안산시 상가청소 비용 작업 범위와 준비사항, 진행 순서, 확인 항목을 정리했습니다. 경기 안산시 상가청소 현장에 맞춰 필요한 청소 내용을 확인해보세요.",https://clever-griffin-93819d.netlify.app/gyeonggi-ansan-si-store-cleaning-cost/,경기 안산시 상가청소 비용,12
경기 안산시 상가청소 견적,gyeonggi-ansan-si-store-cleaning-quote,PASS,100,,경기 안산시 상가청소 견적 | 체인지클린,경기 안산시 상가청소 견적 관련 청소 과정과 체크포인트를 안내합니다. 공간 상태와 오염 범위를 확인한 뒤 현장에 맞는 작업을 진행합니다.,https://clever-griffin-93819d.netlify.app/gyeonggi-ansan-si-store-cleaning-quote/,경기 안산시 상가청소 견적,12
경기 안산시 사무실청소,gyeonggi-ansan-si-office-cleaning,PASS,100,,경기 안산시 사무실청소 | 현장별 청소 정보,경기 안산시 사무실청소를 알아보는 분을 위한 안내입니다. 경기 안산시 사무실청소 작업 전 확인사항부터 마무리 점검까지 자세히 정리했습니다.,https://clever-griffin-93819d.netlify.app/gyeonggi-ansan-si-office-cleaning/,경기 안산시 사무실청소,12
경기 안산시 사무실청소 전문업체,gyeonggi-ansan-si-office-cleaning-company,PASS,100,,경기 안산시 사무실청소 전문업체 | 현장별 청소 정보,경기 안산시 사무실청소를 알아보는 분을 위한 안내입니다. 경기 안산시 사무실청소 전문업체 작업 전 확인사항부터 마무리 점검까지 자세히 정리했습니다.,https://clever-griffin-93819d.netlify.app/gyeonggi-ansan-si-office-cleaning-company/,경기 안산시 사무실청소 전문업체,12
경기 안산시 사무실청소 잘하는곳,gyeonggi-ansan-si-office-cleaning-best,PASS,100,,경기 안산시 사무실청소 잘하는곳 - 청소 작업 안내,경기 안산시 사무실청소를 알아보는 분을 위한 안내입니다. 경기 안산시 사무실청소 잘하는곳 작업 전 확인사항부터 마무리 점검까지 자세히 정리했습니다.,https://clever-griffin-93819d.netlify.app/gyeonggi-ansan-si-office-cleaning-best/,경기 안산시 사무실청소 잘하는곳,12
경기 안산시 사무실청소 가격,gyeonggi-ansan-si-office-cleaning-price,PASS,100,,경기 안산시 사무실청소 가격 | 현장별 청소 정보,"경기 안산시 사무실청소 가격 작업 범위와 준비사항, 진행 순서, 확인 항목을 정리했습니다. 경기 안산시 사무실청소 현장에 맞춰 필요한 청소 내용을 확인해보세요.",https://clever-griffin-93819d.netlify.app/gyeonggi-ansan-si-office-cleaning-price/,경기 안산시 사무실청소 가격,12
경기 안산시 사무실청소 비용,gyeonggi-ansan-si-office-cleaning-cost,PASS,100,,경기 안산시 사무실청소 비용 | 체인지클린,"경기 안산시 사무실청소 비용 작업 범위와 준비사항, 진행 순서, 확인 항목을 정리했습니다. 경기 안산시 사무실청소 현장에 맞춰 필요한 청소 내용을 확인해보세요.",https://clever-griffin-93819d.netlify.app/gyeonggi-ansan-si-office-cleaning-cost/,경기 안산시 사무실청소 비용,12
경기 안산시 사무실청소 견적,gyeonggi-ansan-si-office-cleaning-quote,PASS,100,,경기 안산시 사무실청소 견적 - 청소 작업 안내,"경기 안산시 사무실청소 견적 작업 범위와 준비사항, 진행 순서, 확인 항목을 정리했습니다. 경기 안산시 사무실청소 현장에 맞춰 필요한 청소 내용을 확인해보세요.",https://clever-griffin-93819d.netlify.app/gyeonggi-ansan-si-office-cleaning-quote/,경기 안산시 사무실청소 견적,12
경기 안산시 빌라청소,gyeonggi-ansan-si-villa-cleaning,PASS,100,,경기 안산시 빌라청소 | 현장별 청소 정보,"경기 안산시 빌라청소 작업 범위와 준비사항, 진행 순서, 확인 항목을 정리했습니다. 경기 안산시 빌라청소 현장에 맞춰 필요한 청소 내용을 확인해보세요.",https://clever-griffin-93819d.netlify.app/gyeonggi-ansan-si-villa-cleaning/,경기 안산시 빌라청소,12
경기 안산시 빌라청소 전문업체,gyeonggi-ansan-si-villa-cleaning-company,PASS,100,,경기 안산시 빌라청소 전문업체 | 현장별 청소 정보,경기 안산시 빌라청소를 알아보는 분을 위한 안내입니다. 경기 안산시 빌라청소 전문업체 작업 전 확인사항부터 마무리 점검까지 자세히 정리했습니다.,https://clever-griffin-93819d.netlify.app/gyeonggi-ansan-si-villa-cleaning-company/,경기 안산시 빌라청소 전문업체,12
경기 안산시 빌라청소 잘하는곳,gyeonggi-ansan-si-villa-cleaning-best,PASS,100,,경기 안산시 빌라청소 잘하는곳 | 현장별 청소 정보,"경기 안산시 빌라청소 잘하는곳 작업 범위와 준비사항, 진행 순서, 확인 항목을 정리했습니다. 경기 안산시 빌라청소 현장에 맞춰 필요한 청소 내용을 확인해보세요.",https://clever-griffin-93819d.netlify.app/gyeonggi-ansan-si-villa-cleaning-best/,경기 안산시 빌라청소 잘하는곳,12
경기 안산시 빌라청소 가격,gyeonggi-ansan-si-villa-cleaning-price,PASS,100,,경기 안산시 빌라청소 가격 | 체인지클린,경기 안산시 빌라청소 가격 관련 청소 과정과 체크포인트를 안내합니다. 공간 상태와 오염 범위를 확인한 뒤 현장에 맞는 작업을 진행합니다.,https://clever-griffin-93819d.netlify.app/gyeonggi-ansan-si-villa-cleaning-price/,경기 안산시 빌라청소 가격,12
경기 안산시 빌라청소 비용,gyeonggi-ansan-si-villa-cleaning-cost,PASS,100,,경기 안산시 빌라청소 비용 | 체인지클린,경기 안산시 빌라청소 비용 관련 청소 과정과 체크포인트를 안내합니다. 공간 상태와 오염 범위를 확인한 뒤 현장에 맞는 작업을 진행합니다.,https://clever-griffin-93819d.netlify.app/gyeonggi-ansan-si-villa-cleaning-cost/,경기 안산시 빌라청소 비용,12
경기 안산시 빌라청소 견적,gyeonggi-ansan-si-villa-cleaning-quote,PASS,100,,경기 안산시 빌라청소 견적 - 청소 작업 안내,"경기 안산시 빌라청소 견적 작업 범위와 준비사항, 진행 순서, 확인 항목을 정리했습니다. 경기 안산시 빌라청소 현장에 맞춰 필요한 청소 내용을 확인해보세요.",https://clever-griffin-93819d.netlify.app/gyeonggi-ansan-si-villa-cleaning-quote/,경기 안산시 빌라청소 견적,12
경기 안산시 아파트청소,gyeonggi-ansan-si-apartment-cleaning,PASS,100,,경기 안산시 아파트청소 - 청소 작업 안내,경기 안산시 아파트청소를 알아보는 분을 위한 안내입니다. 경기 안산시 아파트청소 작업 전 확인사항부터 마무리 점검까지 자세히 정리했습니다.,https://clever-griffin-93819d.netlify.app/gyeonggi-ansan-si-apartment-cleaning/,경기 안산시 아파트청소,12
경기 안산시 아파트청소 전문업체,gyeonggi-ansan-si-apartment-cleaning-company,PASS,100,,경기 안산시 아파트청소 전문업체 | 체인지클린,"경기 안산시 아파트청소 전문업체 작업 범위와 준비사항, 진행 순서, 확인 항목을 정리했습니다. 경기 안산시 아파트청소 현장에 맞춰 필요한 청소 내용을 확인해보세요.",https://clever-griffin-93819d.netlify.app/gyeonggi-ansan-si-apartment-cleaning-company/,경기 안산시 아파트청소 전문업체,12
경기 안산시 아파트청소 잘하는곳,gyeonggi-ansan-si-apartment-cleaning-best,PASS,100,,경기 안산시 아파트청소 잘하는곳 | 체인지클린,"경기 안산시 아파트청소 잘하는곳 작업 범위와 준비사항, 진행 순서, 확인 항목을 정리했습니다. 경기 안산시 아파트청소 현장에 맞춰 필요한 청소 내용을 확인해보세요.",https://clever-griffin-93819d.netlify.app/gyeonggi-ansan-si-apartment-cleaning-best/,경기 안산시 아파트청소 잘하는곳,12
경기 안산시 아파트청소 가격,gyeonggi-ansan-si-apartment-cleaning-price,PASS,100,,경기 안산시 아파트청소 가격 - 청소 작업 안내,경기 안산시 아파트청소 가격 관련 청소 과정과 체크포인트를 안내합니다. 공간 상태와 오염 범위를 확인한 뒤 현장에 맞는 작업을 진행합니다.,https://clever-griffin-93819d.netlify.app/gyeonggi-ansan-si-apartment-cleaning-price/,경기 안산시 아파트청소 가격,12
경기 안산시 아파트청소 비용,gyeonggi-ansan-si-apartment-cleaning-cost,PASS,100,,경기 안산시 아파트청소 비용 | 체인지클린,경기 안산시 아파트청소 비용 관련 청소 과정과 체크포인트를 안내합니다. 공간 상태와 오염 범위를 확인한 뒤 현장에 맞는 작업을 진행합니다.,https://clever-griffin-93819d.netlify.app/gyeonggi-ansan-si-apartment-cleaning-cost/,경기 안산시 아파트청소 비용,12
경기 안산시 아파트청소 견적,gyeonggi-ansan-si-apartment-cleaning-quote,PASS,100,,경기 안산시 아파트청소 견적 | 현장별 청소 정보,경기 안산시 아파트청소 견적 관련 청소 과정과 체크포인트를 안내합니다. 공간 상태와 오염 범위를 확인한 뒤 현장에 맞는 작업을 진행합니다.,https://clever-griffin-93819d.netlify.app/gyeonggi-ansan-si-apartment-cleaning-quote/,경기 안산시 아파트청소 견적,12
경기 안산시 오피스텔청소,gyeonggi-ansan-si-officetel-cleaning,PASS,100,,경기 안산시 오피스텔청소 | 현장별 청소 정보,경기 안산시 오피스텔청소를 알아보는 분을 위한 안내입니다. 경기 안산시 오피스텔청소 작업 전 확인사항부터 마무리 점검까지 자세히 정리했습니다.,https://clever-griffin-93819d.netlify.app/gyeonggi-ansan-si-officetel-cleaning/,경기 안산시 오피스텔청소,12
경기 안산시 오피스텔청소 전문업체,gyeonggi-ansan-si-officetel-cleaning-company,PASS,100,,경기 안산시 오피스텔청소 전문업체 - 청소 작업 안내,경기 안산시 오피스텔청소 전문업체 관련 청소 과정과 체크포인트를 안내합니다. 공간 상태와 오염 범위를 확인한 뒤 현장에 맞는 작업을 진행합니다.,https://clever-griffin-93819d.netlify.app/gyeonggi-ansan-si-officetel-cleaning-company/,경기 안산시 오피스텔청소 전문업체,12
경기 안산시 오피스텔청소 잘하는곳,gyeonggi-ansan-si-officetel-cleaning-best,PASS,100,,경기 안산시 오피스텔청소 잘하는곳 | 체인지클린,경기 안산시 오피스텔청소 잘하는곳 관련 청소 과정과 체크포인트를 안내합니다. 공간 상태와 오염 범위를 확인한 뒤 현장에 맞는 작업을 진행합니다.,https://clever-griffin-93819d.netlify.app/gyeonggi-ansan-si-officetel-cleaning-best/,경기 안산시 오피스텔청소 잘하는곳,12
경기 안산시 오피스텔청소 가격,gyeonggi-ansan-si-officetel-cleaning-price,PASS,100,,경기 안산시 오피스텔청소 가격 | 현장별 청소 정보,경기 안산시 오피스텔청소 가격 관련 청소 과정과 체크포인트를 안내합니다. 공간 상태와 오염 범위를 확인한 뒤 현장에 맞는 작업을 진행합니다.,https://clever-griffin-93819d.netlify.app/gyeonggi-ansan-si-officetel-cleaning-price/,경기 안산시 오피스텔청소 가격,12
경기 안산시 오피스텔청소 비용,gyeonggi-ansan-si-officetel-cleaning-cost,PASS,100,,경기 안산시 오피스텔청소 비용 | 체인지클린,경기 안산시 오피스텔청소를 알아보는 분을 위한 안내입니다. 경기 안산시 오피스텔청소 비용 작업 전 확인사항부터 마무리 점검까지 자세히 정리했습니다.,https://clever-griffin-93819d.netlify.app/gyeonggi-ansan-si-officetel-cleaning-cost/,경기 안산시 오피스텔청소 비용,12
경기 안산시 오피스텔청소 견적,gyeonggi-ansan-si-officetel-cleaning-quote,PASS,100,,경기 안산시 오피스텔청소 견적 - 청소 작업 안내,"경기 안산시 오피스텔청소 견적 작업 범위와 준비사항, 진행 순서, 확인 항목을 정리했습니다. 경기 안산시 오피스텔청소 현장에 맞춰 필요한 청소 내용을 확인해보세요.",https://clever-griffin-93819d.netlify.app/gyeonggi-ansan-si-officetel-cleaning-quote/,경기 안산시 오피스텔청소 견적,12
경기 안산시 거주청소,gyeonggi-ansan-si-home-cleaning,PASS,100,,경기 안산시 거주청소 | 현장별 청소 정보,경기 안산시 거주청소를 알아보는 분을 위한 안내입니다. 경기 안산시 거주청소 작업 전 확인사항부터 마무리 점검까지 자세히 정리했습니다.,https://clever-griffin-93819d.netlify.app/gyeonggi-ansan-si-home-cleaning/,경기 안산시 거주청소,12
경기 안산시 거주청소 전문업체,gyeonggi-ansan-si-home-cleaning-company,PASS,100,,경기 안산시 거주청소 전문업체 | 현장별 청소 정보,"경기 안산시 거주청소 전문업체 작업 범위와 준비사항, 진행 순서, 확인 항목을 정리했습니다. 경기 안산시 거주청소 현장에 맞춰 필요한 청소 내용을 확인해보세요.",https://clever-griffin-93819d.netlify.app/gyeonggi-ansan-si-home-cleaning-company/,경기 안산시 거주청소 전문업체,12
경기 안산시 거주청소 잘하는곳,gyeonggi-ansan-si-home-cleaning-best,PASS,100,,경기 안산시 거주청소 잘하는곳 | 현장별 청소 정보,경기 안산시 거주청소를 알아보는 분을 위한 안내입니다. 경기 안산시 거주청소 잘하는곳 작업 전 확인사항부터 마무리 점검까지 자세히 정리했습니다.,https://clever-griffin-93819d.netlify.app/gyeonggi-ansan-si-home-cleaning-best/,경기 안산시 거주청소 잘하는곳,12
경기 안산시 거주청소 가격,gyeonggi-ansan-si-home-cleaning-price,PASS,100,,경기 안산시 거주청소 가격 | 체인지클린,"경기 안산시 거주청소 가격 작업 범위와 준비사항, 진행 순서, 확인 항목을 정리했습니다. 경기 안산시 거주청소 현장에 맞춰 필요한 청소 내용을 확인해보세요.",https://clever-griffin-93819d.netlify.app/gyeonggi-ansan-si-home-cleaning-price/,경기 안산시 거주청소 가격,12
경기 안산시 거주청소 비용,gyeonggi-ansan-si-home-cleaning-cost,PASS,100,,경기 안산시 거주청소 비용 | 체인지클린,"경기 안산시 거주청소 비용 작업 범위와 준비사항, 진행 순서, 확인 항목을 정리했습니다. 경기 안산시 거주청소 현장에 맞춰 필요한 청소 내용을 확인해보세요.",https://clever-griffin-93819d.netlify.app/gyeonggi-ansan-si-home-cleaning-cost/,경기 안산시 거주청소 비용,12
경기 안산시 거주청소 견적,gyeonggi-ansan-si-home-cleaning-quote,PASS,100,,경기 안산시 거주청소 견적 | 체인지클린,경기 안산시 거주청소를 알아보는 분을 위한 안내입니다. 경기 안산시 거주청소 견적 작업 전 확인사항부터 마무리 점검까지 자세히 정리했습니다.,https://clever-griffin-93819d.netlify.app/gyeonggi-ansan-si-home-cleaning-quote/,경기 안산시 거주청소 견적,12
경기 안양시 입주청소,gyeonggi-anyang-si-move-in-cleaning,PASS,100,,경기 안양시 입주청소 - 청소 작업 안내,경기 안양시 입주청소를 알아보는 분을 위한 안내입니다. 경기 안양시 입주청소 작업 전 확인사항부터 마무리 점검까지 자세히 정리했습니다.,https://clever-griffin-93819d.netlify.app/gyeonggi-anyang-si-move-in-cleaning/,경기 안양시 입주청소,12
경기 안양시 입주청소 전문업체,gyeonggi-anyang-si-move-in-cleaning-company,PASS,100,,경기 안양시 입주청소 전문업체 | 체인지클린,경기 안양시 입주청소를 알아보는 분을 위한 안내입니다. 경기 안양시 입주청소 전문업체 작업 전 확인사항부터 마무리 점검까지 자세히 정리했습니다.,https://clever-griffin-93819d.netlify.app/gyeonggi-anyang-si-move-in-cleaning-company/,경기 안양시 입주청소 전문업체,12
경기 안양시 입주청소 잘하는곳,gyeonggi-anyang-si-move-in-cleaning-best,PASS,100,,경기 안양시 입주청소 잘하는곳 - 청소 작업 안내,경기 안양시 입주청소 잘하는곳 관련 청소 과정과 체크포인트를 안내합니다. 공간 상태와 오염 범위를 확인한 뒤 현장에 맞는 작업을 진행합니다.,https://clever-griffin-93819d.netlify.app/gyeonggi-anyang-si-move-in-cleaning-best/,경기 안양시 입주청소 잘하는곳,12
경기 안양시 입주청소 가격,gyeonggi-anyang-si-move-in-cleaning-price,PASS,100,,경기 안양시 입주청소 가격 - 청소 작업 안내,경기 안양시 입주청소를 알아보는 분을 위한 안내입니다. 경기 안양시 입주청소 가격 작업 전 확인사항부터 마무리 점검까지 자세히 정리했습니다.,https://clever-griffin-93819d.netlify.app/gyeonggi-anyang-si-move-in-cleaning-price/,경기 안양시 입주청소 가격,12
경기 안양시 입주청소 비용,gyeonggi-anyang-si-move-in-cleaning-cost,PASS,100,,경기 안양시 입주청소 비용 - 청소 작업 안내,경기 안양시 입주청소 비용 관련 청소 과정과 체크포인트를 안내합니다. 공간 상태와 오염 범위를 확인한 뒤 현장에 맞는 작업을 진행합니다.,https://clever-griffin-93819d.netlify.app/gyeonggi-anyang-si-move-in-cleaning-cost/,경기 안양시 입주청소 비용,12
경기 안양시 입주청소 견적,gyeonggi-anyang-si-move-in-cleaning-quote,PASS,100,,경기 안양시 입주청소 견적 | 현장별 청소 정보,경기 안양시 입주청소 견적 관련 청소 과정과 체크포인트를 안내합니다. 공간 상태와 오염 범위를 확인한 뒤 현장에 맞는 작업을 진행합니다.,https://clever-griffin-93819d.netlify.app/gyeonggi-anyang-si-move-in-cleaning-quote/,경기 안양시 입주청소 견적,12
경기 안양시 이사청소,gyeonggi-anyang-si-move-out-cleaning,PASS,100,,경기 안양시 이사청소 - 청소 작업 안내,경기 안양시 이사청소 관련 청소 과정과 체크포인트를 안내합니다. 공간 상태와 오염 범위를 확인한 뒤 현장에 맞는 작업을 진행합니다.,https://clever-griffin-93819d.netlify.app/gyeonggi-anyang-si-move-out-cleaning/,경기 안양시 이사청소,12
경기 안양시 이사청소 전문업체,gyeonggi-anyang-si-move-out-cleaning-company,PASS,100,,경기 안양시 이사청소 전문업체 | 체인지클린,"경기 안양시 이사청소 전문업체 작업 범위와 준비사항, 진행 순서, 확인 항목을 정리했습니다. 경기 안양시 이사청소 현장에 맞춰 필요한 청소 내용을 확인해보세요.",https://clever-griffin-93819d.netlify.app/gyeonggi-anyang-si-move-out-cleaning-company/,경기 안양시 이사청소 전문업체,12
경기 안양시 이사청소 잘하는곳,gyeonggi-anyang-si-move-out-cleaning-best,PASS,100,,경기 안양시 이사청소 잘하는곳 - 청소 작업 안내,"경기 안양시 이사청소 잘하는곳 작업 범위와 준비사항, 진행 순서, 확인 항목을 정리했습니다. 경기 안양시 이사청소 현장에 맞춰 필요한 청소 내용을 확인해보세요.",https://clever-griffin-93819d.netlify.app/gyeonggi-anyang-si-move-out-cleaning-best/,경기 안양시 이사청소 잘하는곳,12
경기 안양시 이사청소 가격,gyeonggi-anyang-si-move-out-cleaning-price,PASS,100,,경기 안양시 이사청소 가격 | 체인지클린,"경기 안양시 이사청소 가격 작업 범위와 준비사항, 진행 순서, 확인 항목을 정리했습니다. 경기 안양시 이사청소 현장에 맞춰 필요한 청소 내용을 확인해보세요.",https://clever-griffin-93819d.netlify.app/gyeonggi-anyang-si-move-out-cleaning-price/,경기 안양시 이사청소 가격,12
경기 안양시 이사청소 비용,gyeonggi-anyang-si-move-out-cleaning-cost,PASS,100,,경기 안양시 이사청소 비용 | 체인지클린,경기 안양시 이사청소를 알아보는 분을 위한 안내입니다. 경기 안양시 이사청소 비용 작업 전 확인사항부터 마무리 점검까지 자세히 정리했습니다.,https://clever-griffin-93819d.netlify.app/gyeonggi-anyang-si-move-out-cleaning-cost/,경기 안양시 이사청소 비용,12
경기 안양시 이사청소 견적,gyeonggi-anyang-si-move-out-cleaning-quote,PASS,100,,경기 안양시 이사청소 견적 | 체인지클린,"경기 안양시 이사청소 견적 작업 범위와 준비사항, 진행 순서, 확인 항목을 정리했습니다. 경기 안양시 이사청소 현장에 맞춰 필요한 청소 내용을 확인해보세요.",https://clever-griffin-93819d.netlify.app/gyeonggi-anyang-si-move-out-cleaning-quote/,경기 안양시 이사청소 견적,12
경기 안양시 준공청소,gyeonggi-anyang-si-post-construction-cleaning,PASS,100,,경기 안양시 준공청소 - 청소 작업 안내,"경기 안양시 준공청소 작업 범위와 준비사항, 진행 순서, 확인 항목을 정리했습니다. 경기 안양시 준공청소 현장에 맞춰 필요한 청소 내용을 확인해보세요.",https://clever-griffin-93819d.netlify.app/gyeonggi-anyang-si-post-construction-cleaning/,경기 안양시 준공청소,12
경기 안양시 준공청소 전문업체,gyeonggi-anyang-si-post-construction-cleaning-company,PASS,100,,경기 안양시 준공청소 전문업체 - 청소 작업 안내,경기 안양시 준공청소를 알아보는 분을 위한 안내입니다. 경기 안양시 준공청소 전문업체 작업 전 확인사항부터 마무리 점검까지 자세히 정리했습니다.,https://clever-griffin-93819d.netlify.app/gyeonggi-anyang-si-post-construction-cleaning-company/,경기 안양시 준공청소 전문업체,12
경기 안양시 준공청소 잘하는곳,gyeonggi-anyang-si-post-construction-cleaning-best,PASS,100,,경기 안양시 준공청소 잘하는곳 | 체인지클린,"경기 안양시 준공청소 잘하는곳 작업 범위와 준비사항, 진행 순서, 확인 항목을 정리했습니다. 경기 안양시 준공청소 현장에 맞춰 필요한 청소 내용을 확인해보세요.",https://clever-griffin-93819d.netlify.app/gyeonggi-anyang-si-post-construction-cleaning-best/,경기 안양시 준공청소 잘하는곳,12
경기 안양시 준공청소 가격,gyeonggi-anyang-si-post-construction-cleaning-price,PASS,100,,경기 안양시 준공청소 가격 - 청소 작업 안내,"경기 안양시 준공청소 가격 작업 범위와 준비사항, 진행 순서, 확인 항목을 정리했습니다. 경기 안양시 준공청소 현장에 맞춰 필요한 청소 내용을 확인해보세요.",https://clever-griffin-93819d.netlify.app/gyeonggi-anyang-si-post-construction-cleaning-price/,경기 안양시 준공청소 가격,12
경기 안양시 준공청소 비용,gyeonggi-anyang-si-post-construction-cleaning-cost,PASS,100,,경기 안양시 준공청소 비용 | 체인지클린,경기 안양시 준공청소 비용 관련 청소 과정과 체크포인트를 안내합니다. 공간 상태와 오염 범위를 확인한 뒤 현장에 맞는 작업을 진행합니다.,https://clever-griffin-93819d.netlify.app/gyeonggi-anyang-si-post-construction-cleaning-cost/,경기 안양시 준공청소 비용,12
경기 안양시 준공청소 견적,gyeonggi-anyang-si-post-construction-cleaning-quote,PASS,100,,경기 안양시 준공청소 견적 | 체인지클린,"경기 안양시 준공청소 견적 작업 범위와 준비사항, 진행 순서, 확인 항목을 정리했습니다. 경기 안양시 준공청소 현장에 맞춰 필요한 청소 내용을 확인해보세요.",https://clever-griffin-93819d.netlify.app/gyeonggi-anyang-si-post-construction-cleaning-quote/,경기 안양시 준공청소 견적,12
경기 안양시 상가청소,gyeonggi-anyang-si-store-cleaning,PASS,100,,경기 안양시 상가청소 | 현장별 청소 정보,"경기 안양시 상가청소 작업 범위와 준비사항, 진행 순서, 확인 항목을 정리했습니다. 경기 안양시 상가청소 현장에 맞춰 필요한 청소 내용을 확인해보세요.",https://clever-griffin-93819d.netlify.app/gyeonggi-anyang-si-store-cleaning/,경기 안양시 상가청소,12
경기 안양시 상가청소 전문업체,gyeonggi-anyang-si-store-cleaning-company,PASS,100,,경기 안양시 상가청소 전문업체 | 체인지클린,경기 안양시 상가청소를 알아보는 분을 위한 안내입니다. 경기 안양시 상가청소 전문업체 작업 전 확인사항부터 마무리 점검까지 자세히 정리했습니다.,https://clever-griffin-93819d.netlify.app/gyeonggi-anyang-si-store-cleaning-company/,경기 안양시 상가청소 전문업체,12
경기 안양시 상가청소 잘하는곳,gyeonggi-anyang-si-store-cleaning-best,PASS,100,,경기 안양시 상가청소 잘하는곳 - 청소 작업 안내,"경기 안양시 상가청소 잘하는곳 작업 범위와 준비사항, 진행 순서, 확인 항목을 정리했습니다. 경기 안양시 상가청소 현장에 맞춰 필요한 청소 내용을 확인해보세요.",https://clever-griffin-93819d.netlify.app/gyeonggi-anyang-si-store-cleaning-best/,경기 안양시 상가청소 잘하는곳,12
경기 안양시 상가청소 가격,gyeonggi-anyang-si-store-cleaning-price,PASS,100,,경기 안양시 상가청소 가격 - 청소 작업 안내,"경기 안양시 상가청소 가격 작업 범위와 준비사항, 진행 순서, 확인 항목을 정리했습니다. 경기 안양시 상가청소 현장에 맞춰 필요한 청소 내용을 확인해보세요.",https://clever-griffin-93819d.netlify.app/gyeonggi-anyang-si-store-cleaning-price/,경기 안양시 상가청소 가격,12
경기 안양시 상가청소 비용,gyeonggi-anyang-si-store-cleaning-cost,PASS,100,,경기 안양시 상가청소 비용 - 청소 작업 안내,경기 안양시 상가청소를 알아보는 분을 위한 안내입니다. 경기 안양시 상가청소 비용 작업 전 확인사항부터 마무리 점검까지 자세히 정리했습니다.,https://clever-griffin-93819d.netlify.app/gyeonggi-anyang-si-store-cleaning-cost/,경기 안양시 상가청소 비용,12
경기 안양시 상가청소 견적,gyeonggi-anyang-si-store-cleaning-quote,PASS,100,,경기 안양시 상가청소 견적 - 청소 작업 안내,"경기 안양시 상가청소 견적 작업 범위와 준비사항, 진행 순서, 확인 항목을 정리했습니다. 경기 안양시 상가청소 현장에 맞춰 필요한 청소 내용을 확인해보세요.",https://clever-griffin-93819d.netlify.app/gyeonggi-anyang-si-store-cleaning-quote/,경기 안양시 상가청소 견적,12
경기 안양시 사무실청소,gyeonggi-anyang-si-office-cleaning,PASS,100,,경기 안양시 사무실청소 - 청소 작업 안내,"경기 안양시 사무실청소 작업 범위와 준비사항, 진행 순서, 확인 항목을 정리했습니다. 경기 안양시 사무실청소 현장에 맞춰 필요한 청소 내용을 확인해보세요.",https://clever-griffin-93819d.netlify.app/gyeonggi-anyang-si-office-cleaning/,경기 안양시 사무실청소,12
경기 안양시 사무실청소 전문업체,gyeonggi-anyang-si-office-cleaning-company,PASS,100,,경기 안양시 사무실청소 전문업체 | 체인지클린,경기 안양시 사무실청소 전문업체 관련 청소 과정과 체크포인트를 안내합니다. 공간 상태와 오염 범위를 확인한 뒤 현장에 맞는 작업을 진행합니다.,https://clever-griffin-93819d.netlify.app/gyeonggi-anyang-si-office-cleaning-company/,경기 안양시 사무실청소 전문업체,12
경기 안양시 사무실청소 잘하는곳,gyeonggi-anyang-si-office-cleaning-best,PASS,100,,경기 안양시 사무실청소 잘하는곳 | 현장별 청소 정보,"경기 안양시 사무실청소 잘하는곳 작업 범위와 준비사항, 진행 순서, 확인 항목을 정리했습니다. 경기 안양시 사무실청소 현장에 맞춰 필요한 청소 내용을 확인해보세요.",https://clever-griffin-93819d.netlify.app/gyeonggi-anyang-si-office-cleaning-best/,경기 안양시 사무실청소 잘하는곳,12
경기 안양시 사무실청소 가격,gyeonggi-anyang-si-office-cleaning-price,PASS,100,,경기 안양시 사무실청소 가격 - 청소 작업 안내,경기 안양시 사무실청소를 알아보는 분을 위한 안내입니다. 경기 안양시 사무실청소 가격 작업 전 확인사항부터 마무리 점검까지 자세히 정리했습니다.,https://clever-griffin-93819d.netlify.app/gyeonggi-anyang-si-office-cleaning-price/,경기 안양시 사무실청소 가격,12
경기 안양시 사무실청소 비용,gyeonggi-anyang-si-office-cleaning-cost,PASS,100,,경기 안양시 사무실청소 비용 | 체인지클린,경기 안양시 사무실청소를 알아보는 분을 위한 안내입니다. 경기 안양시 사무실청소 비용 작업 전 확인사항부터 마무리 점검까지 자세히 정리했습니다.,https://clever-griffin-93819d.netlify.app/gyeonggi-anyang-si-office-cleaning-cost/,경기 안양시 사무실청소 비용,12
경기 안양시 사무실청소 견적,gyeonggi-anyang-si-office-cleaning-quote,PASS,100,,경기 안양시 사무실청소 견적 - 청소 작업 안내,경기 안양시 사무실청소 견적 관련 청소 과정과 체크포인트를 안내합니다. 공간 상태와 오염 범위를 확인한 뒤 현장에 맞는 작업을 진행합니다.,https://clever-griffin-93819d.netlify.app/gyeonggi-anyang-si-office-cleaning-quote/,경기 안양시 사무실청소 견적,12
경기 안양시 빌라청소,gyeonggi-anyang-si-villa-cleaning,CHECK,96,title 길이 확인,경기 안양시 빌라청소 | 체인지클린,경기 안양시 빌라청소를 알아보는 분을 위한 안내입니다. 경기 안양시 빌라청소 작업 전 확인사항부터 마무리 점검까지 자세히 정리했습니다.,https://clever-griffin-93819d.netlify.app/gyeonggi-anyang-si-villa-cleaning/,경기 안양시 빌라청소,12
경기 안양시 빌라청소 전문업체,gyeonggi-anyang-si-villa-cleaning-company,PASS,100,,경기 안양시 빌라청소 전문업체 | 체인지클린,경기 안양시 빌라청소 전문업체 관련 청소 과정과 체크포인트를 안내합니다. 공간 상태와 오염 범위를 확인한 뒤 현장에 맞는 작업을 진행합니다.,https://clever-griffin-93819d.netlify.app/gyeonggi-anyang-si-villa-cleaning-company/,경기 안양시 빌라청소 전문업체,12
경기 안양시 빌라청소 잘하는곳,gyeonggi-anyang-si-villa-cleaning-best,PASS,100,,경기 안양시 빌라청소 잘하는곳 | 현장별 청소 정보,"경기 안양시 빌라청소 잘하는곳 작업 범위와 준비사항, 진행 순서, 확인 항목을 정리했습니다. 경기 안양시 빌라청소 현장에 맞춰 필요한 청소 내용을 확인해보세요.",https://clever-griffin-93819d.netlify.app/gyeonggi-anyang-si-villa-cleaning-best/,경기 안양시 빌라청소 잘하는곳,12
경기 안양시 빌라청소 가격,gyeonggi-anyang-si-villa-cleaning-price,PASS,100,,경기 안양시 빌라청소 가격 | 체인지클린,"경기 안양시 빌라청소 가격 작업 범위와 준비사항, 진행 순서, 확인 항목을 정리했습니다. 경기 안양시 빌라청소 현장에 맞춰 필요한 청소 내용을 확인해보세요.",https://clever-griffin-93819d.netlify.app/gyeonggi-anyang-si-villa-cleaning-price/,경기 안양시 빌라청소 가격,12
경기 안양시 빌라청소 비용,gyeonggi-anyang-si-villa-cleaning-cost,PASS,100,,경기 안양시 빌라청소 비용 | 체인지클린,"경기 안양시 빌라청소 비용 작업 범위와 준비사항, 진행 순서, 확인 항목을 정리했습니다. 경기 안양시 빌라청소 현장에 맞춰 필요한 청소 내용을 확인해보세요.",https://clever-griffin-93819d.netlify.app/gyeonggi-anyang-si-villa-cleaning-cost/,경기 안양시 빌라청소 비용,12
경기 안양시 빌라청소 견적,gyeonggi-anyang-si-villa-cleaning-quote,PASS,100,,경기 안양시 빌라청소 견적 - 청소 작업 안내,"경기 안양시 빌라청소 견적 작업 범위와 준비사항, 진행 순서, 확인 항목을 정리했습니다. 경기 안양시 빌라청소 현장에 맞춰 필요한 청소 내용을 확인해보세요.",https://clever-griffin-93819d.netlify.app/gyeonggi-anyang-si-villa-cleaning-quote/,경기 안양시 빌라청소 견적,12
경기 안양시 아파트청소,gyeonggi-anyang-si-apartment-cleaning,PASS,100,,경기 안양시 아파트청소 | 현장별 청소 정보,경기 안양시 아파트청소를 알아보는 분을 위한 안내입니다. 경기 안양시 아파트청소 작업 전 확인사항부터 마무리 점검까지 자세히 정리했습니다.,https://clever-griffin-93819d.netlify.app/gyeonggi-anyang-si-apartment-cleaning/,경기 안양시 아파트청소,12
경기 안양시 아파트청소 전문업체,gyeonggi-anyang-si-apartment-cleaning-company,PASS,100,,경기 안양시 아파트청소 전문업체 | 현장별 청소 정보,경기 안양시 아파트청소를 알아보는 분을 위한 안내입니다. 경기 안양시 아파트청소 전문업체 작업 전 확인사항부터 마무리 점검까지 자세히 정리했습니다.,https://clever-griffin-93819d.netlify.app/gyeonggi-anyang-si-apartment-cleaning-company/,경기 안양시 아파트청소 전문업체,12
경기 안양시 아파트청소 잘하는곳,gyeonggi-anyang-si-apartment-cleaning-best,PASS,100,,경기 안양시 아파트청소 잘하는곳 - 청소 작업 안내,경기 안양시 아파트청소를 알아보는 분을 위한 안내입니다. 경기 안양시 아파트청소 잘하는곳 작업 전 확인사항부터 마무리 점검까지 자세히 정리했습니다.,https://clever-griffin-93819d.netlify.app/gyeonggi-anyang-si-apartment-cleaning-best/,경기 안양시 아파트청소 잘하는곳,12
경기 안양시 아파트청소 가격,gyeonggi-anyang-si-apartment-cleaning-price,PASS,100,,경기 안양시 아파트청소 가격 | 현장별 청소 정보,"경기 안양시 아파트청소 가격 작업 범위와 준비사항, 진행 순서, 확인 항목을 정리했습니다. 경기 안양시 아파트청소 현장에 맞춰 필요한 청소 내용을 확인해보세요.",https://clever-griffin-93819d.netlify.app/gyeonggi-anyang-si-apartment-cleaning-price/,경기 안양시 아파트청소 가격,12
경기 안양시 아파트청소 비용,gyeonggi-anyang-si-apartment-cleaning-cost,PASS,100,,경기 안양시 아파트청소 비용 | 현장별 청소 정보,"경기 안양시 아파트청소 비용 작업 범위와 준비사항, 진행 순서, 확인 항목을 정리했습니다. 경기 안양시 아파트청소 현장에 맞춰 필요한 청소 내용을 확인해보세요.",https://clever-griffin-93819d.netlify.app/gyeonggi-anyang-si-apartment-cleaning-cost/,경기 안양시 아파트청소 비용,12
경기 안양시 아파트청소 견적,gyeonggi-anyang-si-apartment-cleaning-quote,PASS,100,,경기 안양시 아파트청소 견적 | 체인지클린,경기 안양시 아파트청소를 알아보는 분을 위한 안내입니다. 경기 안양시 아파트청소 견적 작업 전 확인사항부터 마무리 점검까지 자세히 정리했습니다.,https://clever-griffin-93819d.netlify.app/gyeonggi-anyang-si-apartment-cleaning-quote/,경기 안양시 아파트청소 견적,12
경기 안양시 오피스텔청소,gyeonggi-anyang-si-officetel-cleaning,PASS,100,,경기 안양시 오피스텔청소 | 현장별 청소 정보,경기 안양시 오피스텔청소를 알아보는 분을 위한 안내입니다. 경기 안양시 오피스텔청소 작업 전 확인사항부터 마무리 점검까지 자세히 정리했습니다.,https://clever-griffin-93819d.netlify.app/gyeonggi-anyang-si-officetel-cleaning/,경기 안양시 오피스텔청소,12
경기 안양시 오피스텔청소 전문업체,gyeonggi-anyang-si-officetel-cleaning-company,PASS,100,,경기 안양시 오피스텔청소 전문업체 | 현장별 청소 정보,경기 안양시 오피스텔청소를 알아보는 분을 위한 안내입니다. 경기 안양시 오피스텔청소 전문업체 작업 전 확인사항부터 마무리 점검까지 자세히 정리했습니다.,https://clever-griffin-93819d.netlify.app/gyeonggi-anyang-si-officetel-cleaning-company/,경기 안양시 오피스텔청소 전문업체,12
경기 안양시 오피스텔청소 잘하는곳,gyeonggi-anyang-si-officetel-cleaning-best,PASS,100,,경기 안양시 오피스텔청소 잘하는곳 | 현장별 청소 정보,경기 안양시 오피스텔청소 잘하는곳 관련 청소 과정과 체크포인트를 안내합니다. 공간 상태와 오염 범위를 확인한 뒤 현장에 맞는 작업을 진행합니다.,https://clever-griffin-93819d.netlify.app/gyeonggi-anyang-si-officetel-cleaning-best/,경기 안양시 오피스텔청소 잘하는곳,12
경기 안양시 오피스텔청소 가격,gyeonggi-anyang-si-officetel-cleaning-price,PASS,100,,경기 안양시 오피스텔청소 가격 - 청소 작업 안내,경기 안양시 오피스텔청소를 알아보는 분을 위한 안내입니다. 경기 안양시 오피스텔청소 가격 작업 전 확인사항부터 마무리 점검까지 자세히 정리했습니다.,https://clever-griffin-93819d.netlify.app/gyeonggi-anyang-si-officetel-cleaning-price/,경기 안양시 오피스텔청소 가격,12
경기 안양시 오피스텔청소 비용,gyeonggi-anyang-si-officetel-cleaning-cost,PASS,100,,경기 안양시 오피스텔청소 비용 | 현장별 청소 정보,경기 안양시 오피스텔청소를 알아보는 분을 위한 안내입니다. 경기 안양시 오피스텔청소 비용 작업 전 확인사항부터 마무리 점검까지 자세히 정리했습니다.,https://clever-griffin-93819d.netlify.app/gyeonggi-anyang-si-officetel-cleaning-cost/,경기 안양시 오피스텔청소 비용,12
경기 안양시 오피스텔청소 견적,gyeonggi-anyang-si-officetel-cleaning-quote,PASS,100,,경기 안양시 오피스텔청소 견적 | 체인지클린,경기 안양시 오피스텔청소 견적 관련 청소 과정과 체크포인트를 안내합니다. 공간 상태와 오염 범위를 확인한 뒤 현장에 맞는 작업을 진행합니다.,https://clever-griffin-93819d.netlify.app/gyeonggi-anyang-si-officetel-cleaning-quote/,경기 안양시 오피스텔청소 견적,12
경기 안양시 거주청소,gyeonggi-anyang-si-home-cleaning,PASS,100,,경기 안양시 거주청소 - 청소 작업 안내,경기 안양시 거주청소를 알아보는 분을 위한 안내입니다. 경기 안양시 거주청소 작업 전 확인사항부터 마무리 점검까지 자세히 정리했습니다.,https://clever-griffin-93819d.netlify.app/gyeonggi-anyang-si-home-cleaning/,경기 안양시 거주청소,12
경기 안양시 거주청소 전문업체,gyeonggi-anyang-si-home-cleaning-company,PASS,100,,경기 안양시 거주청소 전문업체 | 체인지클린,경기 안양시 거주청소 전문업체 관련 청소 과정과 체크포인트를 안내합니다. 공간 상태와 오염 범위를 확인한 뒤 현장에 맞는 작업을 진행합니다.,https://clever-griffin-93819d.netlify.app/gyeonggi-anyang-si-home-cleaning-company/,경기 안양시 거주청소 전문업체,12
경기 안양시 거주청소 잘하는곳,gyeonggi-anyang-si-home-cleaning-best,PASS,100,,경기 안양시 거주청소 잘하는곳 - 청소 작업 안내,"경기 안양시 거주청소 잘하는곳 작업 범위와 준비사항, 진행 순서, 확인 항목을 정리했습니다. 경기 안양시 거주청소 현장에 맞춰 필요한 청소 내용을 확인해보세요.",https://clever-griffin-93819d.netlify.app/gyeonggi-anyang-si-home-cleaning-best/,경기 안양시 거주청소 잘하는곳,12
경기 안양시 거주청소 가격,gyeonggi-anyang-si-home-cleaning-price,PASS,100,,경기 안양시 거주청소 가격 - 청소 작업 안내,경기 안양시 거주청소 가격 관련 청소 과정과 체크포인트를 안내합니다. 공간 상태와 오염 범위를 확인한 뒤 현장에 맞는 작업을 진행합니다.,https://clever-griffin-93819d.netlify.app/gyeonggi-anyang-si-home-cleaning-price/,경기 안양시 거주청소 가격,12
경기 안양시 거주청소 비용,gyeonggi-anyang-si-home-cleaning-cost,PASS,100,,경기 안양시 거주청소 비용 | 체인지클린,경기 안양시 거주청소 비용 관련 청소 과정과 체크포인트를 안내합니다. 공간 상태와 오염 범위를 확인한 뒤 현장에 맞는 작업을 진행합니다.,https://clever-griffin-93819d.netlify.app/gyeonggi-anyang-si-home-cleaning-cost/,경기 안양시 거주청소 비용,12
경기 안양시 거주청소 견적,gyeonggi-anyang-si-home-cleaning-quote,PASS,100,,경기 안양시 거주청소 견적 - 청소 작업 안내,경기 안양시 거주청소 견적 관련 청소 과정과 체크포인트를 안내합니다. 공간 상태와 오염 범위를 확인한 뒤 현장에 맞는 작업을 진행합니다.,https://clever-griffin-93819d.netlify.app/gyeonggi-anyang-si-home-cleaning-quote/,경기 안양시 거주청소 견적,12
경기 남양주시 입주청소,gyeonggi-namyangju-si-move-in-cleaning,PASS,100,,경기 남양주시 입주청소 - 청소 작업 안내,"경기 남양주시 입주청소 작업 범위와 준비사항, 진행 순서, 확인 항목을 정리했습니다. 경기 남양주시 입주청소 현장에 맞춰 필요한 청소 내용을 확인해보세요.",https://clever-griffin-93819d.netlify.app/gyeonggi-namyangju-si-move-in-cleaning/,경기 남양주시 입주청소,12
경기 남양주시 입주청소 전문업체,gyeonggi-namyangju-si-move-in-cleaning-company,PASS,100,,경기 남양주시 입주청소 전문업체 | 현장별 청소 정보,경기 남양주시 입주청소를 알아보는 분을 위한 안내입니다. 경기 남양주시 입주청소 전문업체 작업 전 확인사항부터 마무리 점검까지 자세히 정리했습니다.,https://clever-griffin-93819d.netlify.app/gyeonggi-namyangju-si-move-in-cleaning-company/,경기 남양주시 입주청소 전문업체,12
경기 남양주시 입주청소 잘하는곳,gyeonggi-namyangju-si-move-in-cleaning-best,PASS,100,,경기 남양주시 입주청소 잘하는곳 | 체인지클린,경기 남양주시 입주청소를 알아보는 분을 위한 안내입니다. 경기 남양주시 입주청소 잘하는곳 작업 전 확인사항부터 마무리 점검까지 자세히 정리했습니다.,https://clever-griffin-93819d.netlify.app/gyeonggi-namyangju-si-move-in-cleaning-best/,경기 남양주시 입주청소 잘하는곳,12
경기 남양주시 입주청소 가격,gyeonggi-namyangju-si-move-in-cleaning-price,PASS,100,,경기 남양주시 입주청소 가격 | 체인지클린,"경기 남양주시 입주청소 가격 작업 범위와 준비사항, 진행 순서, 확인 항목을 정리했습니다. 경기 남양주시 입주청소 현장에 맞춰 필요한 청소 내용을 확인해보세요.",https://clever-griffin-93819d.netlify.app/gyeonggi-namyangju-si-move-in-cleaning-price/,경기 남양주시 입주청소 가격,12
경기 남양주시 입주청소 비용,gyeonggi-namyangju-si-move-in-cleaning-cost,PASS,100,,경기 남양주시 입주청소 비용 | 체인지클린,경기 남양주시 입주청소를 알아보는 분을 위한 안내입니다. 경기 남양주시 입주청소 비용 작업 전 확인사항부터 마무리 점검까지 자세히 정리했습니다.,https://clever-griffin-93819d.netlify.app/gyeonggi-namyangju-si-move-in-cleaning-cost/,경기 남양주시 입주청소 비용,12
경기 남양주시 입주청소 견적,gyeonggi-namyangju-si-move-in-cleaning-quote,PASS,100,,경기 남양주시 입주청소 견적 | 체인지클린,경기 남양주시 입주청소 견적 관련 청소 과정과 체크포인트를 안내합니다. 공간 상태와 오염 범위를 확인한 뒤 현장에 맞는 작업을 진행합니다.,https://clever-griffin-93819d.netlify.app/gyeonggi-namyangju-si-move-in-cleaning-quote/,경기 남양주시 입주청소 견적,12
경기 남양주시 이사청소,gyeonggi-namyangju-si-move-out-cleaning,PASS,100,,경기 남양주시 이사청소 | 체인지클린,"경기 남양주시 이사청소 작업 범위와 준비사항, 진행 순서, 확인 항목을 정리했습니다. 경기 남양주시 이사청소 현장에 맞춰 필요한 청소 내용을 확인해보세요.",https://clever-griffin-93819d.netlify.app/gyeonggi-namyangju-si-move-out-cleaning/,경기 남양주시 이사청소,12
경기 남양주시 이사청소 전문업체,gyeonggi-namyangju-si-move-out-cleaning-company,PASS,100,,경기 남양주시 이사청소 전문업체 - 청소 작업 안내,경기 남양주시 이사청소를 알아보는 분을 위한 안내입니다. 경기 남양주시 이사청소 전문업체 작업 전 확인사항부터 마무리 점검까지 자세히 정리했습니다.,https://clever-griffin-93819d.netlify.app/gyeonggi-namyangju-si-move-out-cleaning-company/,경기 남양주시 이사청소 전문업체,12
경기 남양주시 이사청소 잘하는곳,gyeonggi-namyangju-si-move-out-cleaning-best,PASS,100,,경기 남양주시 이사청소 잘하는곳 | 현장별 청소 정보,경기 남양주시 이사청소 잘하는곳 관련 청소 과정과 체크포인트를 안내합니다. 공간 상태와 오염 범위를 확인한 뒤 현장에 맞는 작업을 진행합니다.,https://clever-griffin-93819d.netlify.app/gyeonggi-namyangju-si-move-out-cleaning-best/,경기 남양주시 이사청소 잘하는곳,12
경기 남양주시 이사청소 가격,gyeonggi-namyangju-si-move-out-cleaning-price,PASS,100,,경기 남양주시 이사청소 가격 - 청소 작업 안내,경기 남양주시 이사청소를 알아보는 분을 위한 안내입니다. 경기 남양주시 이사청소 가격 작업 전 확인사항부터 마무리 점검까지 자세히 정리했습니다.,https://clever-griffin-93819d.netlify.app/gyeonggi-namyangju-si-move-out-cleaning-price/,경기 남양주시 이사청소 가격,12
경기 남양주시 이사청소 비용,gyeonggi-namyangju-si-move-out-cleaning-cost,PASS,100,,경기 남양주시 이사청소 비용 | 체인지클린,경기 남양주시 이사청소를 알아보는 분을 위한 안내입니다. 경기 남양주시 이사청소 비용 작업 전 확인사항부터 마무리 점검까지 자세히 정리했습니다.,https://clever-griffin-93819d.netlify.app/gyeonggi-namyangju-si-move-out-cleaning-cost/,경기 남양주시 이사청소 비용,12
경기 남양주시 이사청소 견적,gyeonggi-namyangju-si-move-out-cleaning-quote,PASS,100,,경기 남양주시 이사청소 견적 - 청소 작업 안내,"경기 남양주시 이사청소 견적 작업 범위와 준비사항, 진행 순서, 확인 항목을 정리했습니다. 경기 남양주시 이사청소 현장에 맞춰 필요한 청소 내용을 확인해보세요.",https://clever-griffin-93819d.netlify.app/gyeonggi-namyangju-si-move-out-cleaning-quote/,경기 남양주시 이사청소 견적,12
경기 남양주시 준공청소,gyeonggi-namyangju-si-post-construction-cleaning,PASS,100,,경기 남양주시 준공청소 - 청소 작업 안내,경기 남양주시 준공청소를 알아보는 분을 위한 안내입니다. 경기 남양주시 준공청소 작업 전 확인사항부터 마무리 점검까지 자세히 정리했습니다.,https://clever-griffin-93819d.netlify.app/gyeonggi-namyangju-si-post-construction-cleaning/,경기 남양주시 준공청소,12
경기 남양주시 준공청소 전문업체,gyeonggi-namyangju-si-post-construction-cleaning-company,PASS,100,,경기 남양주시 준공청소 전문업체 - 청소 작업 안내,"경기 남양주시 준공청소 전문업체 작업 범위와 준비사항, 진행 순서, 확인 항목을 정리했습니다. 경기 남양주시 준공청소 현장에 맞춰 필요한 청소 내용을 확인해보세요.",https://clever-griffin-93819d.netlify.app/gyeonggi-namyangju-si-post-construction-cleaning-company/,경기 남양주시 준공청소 전문업체,12
경기 남양주시 준공청소 잘하는곳,gyeonggi-namyangju-si-post-construction-cleaning-best,PASS,100,,경기 남양주시 준공청소 잘하는곳 | 현장별 청소 정보,"경기 남양주시 준공청소 잘하는곳 작업 범위와 준비사항, 진행 순서, 확인 항목을 정리했습니다. 경기 남양주시 준공청소 현장에 맞춰 필요한 청소 내용을 확인해보세요.",https://clever-griffin-93819d.netlify.app/gyeonggi-namyangju-si-post-construction-cleaning-best/,경기 남양주시 준공청소 잘하는곳,12
경기 남양주시 준공청소 가격,gyeonggi-namyangju-si-post-construction-cleaning-price,PASS,100,,경기 남양주시 준공청소 가격 | 현장별 청소 정보,"경기 남양주시 준공청소 가격 작업 범위와 준비사항, 진행 순서, 확인 항목을 정리했습니다. 경기 남양주시 준공청소 현장에 맞춰 필요한 청소 내용을 확인해보세요.",https://clever-griffin-93819d.netlify.app/gyeonggi-namyangju-si-post-construction-cleaning-price/,경기 남양주시 준공청소 가격,12
경기 남양주시 준공청소 비용,gyeonggi-namyangju-si-post-construction-cleaning-cost,PASS,100,,경기 남양주시 준공청소 비용 | 체인지클린,경기 남양주시 준공청소 비용 관련 청소 과정과 체크포인트를 안내합니다. 공간 상태와 오염 범위를 확인한 뒤 현장에 맞는 작업을 진행합니다.,https://clever-griffin-93819d.netlify.app/gyeonggi-namyangju-si-post-construction-cleaning-cost/,경기 남양주시 준공청소 비용,12
경기 남양주시 준공청소 견적,gyeonggi-namyangju-si-post-construction-cleaning-quote,PASS,100,,경기 남양주시 준공청소 견적 | 현장별 청소 정보,"경기 남양주시 준공청소 견적 작업 범위와 준비사항, 진행 순서, 확인 항목을 정리했습니다. 경기 남양주시 준공청소 현장에 맞춰 필요한 청소 내용을 확인해보세요.",https://clever-griffin-93819d.netlify.app/gyeonggi-namyangju-si-post-construction-cleaning-quote/,경기 남양주시 준공청소 견적,12
경기 남양주시 상가청소,gyeonggi-namyangju-si-store-cleaning,PASS,100,,경기 남양주시 상가청소 | 체인지클린,경기 남양주시 상가청소 관련 청소 과정과 체크포인트를 안내합니다. 공간 상태와 오염 범위를 확인한 뒤 현장에 맞는 작업을 진행합니다.,https://clever-griffin-93819d.netlify.app/gyeonggi-namyangju-si-store-cleaning/,경기 남양주시 상가청소,12
경기 남양주시 상가청소 전문업체,gyeonggi-namyangju-si-store-cleaning-company,PASS,100,,경기 남양주시 상가청소 전문업체 | 현장별 청소 정보,경기 남양주시 상가청소 전문업체 관련 청소 과정과 체크포인트를 안내합니다. 공간 상태와 오염 범위를 확인한 뒤 현장에 맞는 작업을 진행합니다.,https://clever-griffin-93819d.netlify.app/gyeonggi-namyangju-si-store-cleaning-company/,경기 남양주시 상가청소 전문업체,12
경기 남양주시 상가청소 잘하는곳,gyeonggi-namyangju-si-store-cleaning-best,PASS,100,,경기 남양주시 상가청소 잘하는곳 | 체인지클린,"경기 남양주시 상가청소 잘하는곳 작업 범위와 준비사항, 진행 순서, 확인 항목을 정리했습니다. 경기 남양주시 상가청소 현장에 맞춰 필요한 청소 내용을 확인해보세요.",https://clever-griffin-93819d.netlify.app/gyeonggi-namyangju-si-store-cleaning-best/,경기 남양주시 상가청소 잘하는곳,12
경기 남양주시 상가청소 가격,gyeonggi-namyangju-si-store-cleaning-price,PASS,100,,경기 남양주시 상가청소 가격 - 청소 작업 안내,"경기 남양주시 상가청소 가격 작업 범위와 준비사항, 진행 순서, 확인 항목을 정리했습니다. 경기 남양주시 상가청소 현장에 맞춰 필요한 청소 내용을 확인해보세요.",https://clever-griffin-93819d.netlify.app/gyeonggi-namyangju-si-store-cleaning-price/,경기 남양주시 상가청소 가격,12
경기 남양주시 상가청소 비용,gyeonggi-namyangju-si-store-cleaning-cost,PASS,100,,경기 남양주시 상가청소 비용 - 청소 작업 안내,"경기 남양주시 상가청소 비용 작업 범위와 준비사항, 진행 순서, 확인 항목을 정리했습니다. 경기 남양주시 상가청소 현장에 맞춰 필요한 청소 내용을 확인해보세요.",https://clever-griffin-93819d.netlify.app/gyeonggi-namyangju-si-store-cleaning-cost/,경기 남양주시 상가청소 비용,12
경기 남양주시 상가청소 견적,gyeonggi-namyangju-si-store-cleaning-quote,PASS,100,,경기 남양주시 상가청소 견적 | 체인지클린,"경기 남양주시 상가청소 견적 작업 범위와 준비사항, 진행 순서, 확인 항목을 정리했습니다. 경기 남양주시 상가청소 현장에 맞춰 필요한 청소 내용을 확인해보세요.",https://clever-griffin-93819d.netlify.app/gyeonggi-namyangju-si-store-cleaning-quote/,경기 남양주시 상가청소 견적,12
경기 남양주시 사무실청소,gyeonggi-namyangju-si-office-cleaning,PASS,100,,경기 남양주시 사무실청소 | 현장별 청소 정보,경기 남양주시 사무실청소 관련 청소 과정과 체크포인트를 안내합니다. 공간 상태와 오염 범위를 확인한 뒤 현장에 맞는 작업을 진행합니다.,https://clever-griffin-93819d.netlify.app/gyeonggi-namyangju-si-office-cleaning/,경기 남양주시 사무실청소,12
경기 남양주시 사무실청소 전문업체,gyeonggi-namyangju-si-office-cleaning-company,PASS,100,,경기 남양주시 사무실청소 전문업체 | 체인지클린,"경기 남양주시 사무실청소 전문업체 작업 범위와 준비사항, 진행 순서, 확인 항목을 정리했습니다. 경기 남양주시 사무실청소 현장에 맞춰 필요한 청소 내용을 확인해보세요.",https://clever-griffin-93819d.netlify.app/gyeonggi-namyangju-si-office-cleaning-company/,경기 남양주시 사무실청소 전문업체,12
경기 남양주시 사무실청소 잘하는곳,gyeonggi-namyangju-si-office-cleaning-best,PASS,100,,경기 남양주시 사무실청소 잘하는곳 | 현장별 청소 정보,경기 남양주시 사무실청소를 알아보는 분을 위한 안내입니다. 경기 남양주시 사무실청소 잘하는곳 작업 전 확인사항부터 마무리 점검까지 자세히 정리했습니다.,https://clever-griffin-93819d.netlify.app/gyeonggi-namyangju-si-office-cleaning-best/,경기 남양주시 사무실청소 잘하는곳,12
경기 남양주시 사무실청소 가격,gyeonggi-namyangju-si-office-cleaning-price,PASS,100,,경기 남양주시 사무실청소 가격 | 체인지클린,경기 남양주시 사무실청소를 알아보는 분을 위한 안내입니다. 경기 남양주시 사무실청소 가격 작업 전 확인사항부터 마무리 점검까지 자세히 정리했습니다.,https://clever-griffin-93819d.netlify.app/gyeonggi-namyangju-si-office-cleaning-price/,경기 남양주시 사무실청소 가격,12
경기 남양주시 사무실청소 비용,gyeonggi-namyangju-si-office-cleaning-cost,PASS,100,,경기 남양주시 사무실청소 비용 - 청소 작업 안내,"경기 남양주시 사무실청소 비용 작업 범위와 준비사항, 진행 순서, 확인 항목을 정리했습니다. 경기 남양주시 사무실청소 현장에 맞춰 필요한 청소 내용을 확인해보세요.",https://clever-griffin-93819d.netlify.app/gyeonggi-namyangju-si-office-cleaning-cost/,경기 남양주시 사무실청소 비용,12
경기 남양주시 사무실청소 견적,gyeonggi-namyangju-si-office-cleaning-quote,PASS,100,,경기 남양주시 사무실청소 견적 | 체인지클린,경기 남양주시 사무실청소를 알아보는 분을 위한 안내입니다. 경기 남양주시 사무실청소 견적 작업 전 확인사항부터 마무리 점검까지 자세히 정리했습니다.,https://clever-griffin-93819d.netlify.app/gyeonggi-namyangju-si-office-cleaning-quote/,경기 남양주시 사무실청소 견적,12
경기 남양주시 빌라청소,gyeonggi-namyangju-si-villa-cleaning,PASS,100,,경기 남양주시 빌라청소 - 청소 작업 안내,경기 남양주시 빌라청소를 알아보는 분을 위한 안내입니다. 경기 남양주시 빌라청소 작업 전 확인사항부터 마무리 점검까지 자세히 정리했습니다.,https://clever-griffin-93819d.netlify.app/gyeonggi-namyangju-si-villa-cleaning/,경기 남양주시 빌라청소,12
경기 남양주시 빌라청소 전문업체,gyeonggi-namyangju-si-villa-cleaning-company,PASS,100,,경기 남양주시 빌라청소 전문업체 | 현장별 청소 정보,경기 남양주시 빌라청소를 알아보는 분을 위한 안내입니다. 경기 남양주시 빌라청소 전문업체 작업 전 확인사항부터 마무리 점검까지 자세히 정리했습니다.,https://clever-griffin-93819d.netlify.app/gyeonggi-namyangju-si-villa-cleaning-company/,경기 남양주시 빌라청소 전문업체,12
경기 남양주시 빌라청소 잘하는곳,gyeonggi-namyangju-si-villa-cleaning-best,PASS,100,,경기 남양주시 빌라청소 잘하는곳 - 청소 작업 안내,경기 남양주시 빌라청소 잘하는곳 관련 청소 과정과 체크포인트를 안내합니다. 공간 상태와 오염 범위를 확인한 뒤 현장에 맞는 작업을 진행합니다.,https://clever-griffin-93819d.netlify.app/gyeonggi-namyangju-si-villa-cleaning-best/,경기 남양주시 빌라청소 잘하는곳,12
경기 남양주시 빌라청소 가격,gyeonggi-namyangju-si-villa-cleaning-price,PASS,100,,경기 남양주시 빌라청소 가격 | 현장별 청소 정보,경기 남양주시 빌라청소 가격 관련 청소 과정과 체크포인트를 안내합니다. 공간 상태와 오염 범위를 확인한 뒤 현장에 맞는 작업을 진행합니다.,https://clever-griffin-93819d.netlify.app/gyeonggi-namyangju-si-villa-cleaning-price/,경기 남양주시 빌라청소 가격,12
경기 남양주시 빌라청소 비용,gyeonggi-namyangju-si-villa-cleaning-cost,PASS,100,,경기 남양주시 빌라청소 비용 | 체인지클린,경기 남양주시 빌라청소 비용 관련 청소 과정과 체크포인트를 안내합니다. 공간 상태와 오염 범위를 확인한 뒤 현장에 맞는 작업을 진행합니다.,https://clever-griffin-93819d.netlify.app/gyeonggi-namyangju-si-villa-cleaning-cost/,경기 남양주시 빌라청소 비용,12
경기 남양주시 빌라청소 견적,gyeonggi-namyangju-si-villa-cleaning-quote,PASS,100,,경기 남양주시 빌라청소 견적 | 체인지클린,"경기 남양주시 빌라청소 견적 작업 범위와 준비사항, 진행 순서, 확인 항목을 정리했습니다. 경기 남양주시 빌라청소 현장에 맞춰 필요한 청소 내용을 확인해보세요.",https://clever-griffin-93819d.netlify.app/gyeonggi-namyangju-si-villa-cleaning-quote/,경기 남양주시 빌라청소 견적,12
경기 남양주시 아파트청소,gyeonggi-namyangju-si-apartment-cleaning,PASS,100,,경기 남양주시 아파트청소 - 청소 작업 안내,경기 남양주시 아파트청소를 알아보는 분을 위한 안내입니다. 경기 남양주시 아파트청소 작업 전 확인사항부터 마무리 점검까지 자세히 정리했습니다.,https://clever-griffin-93819d.netlify.app/gyeonggi-namyangju-si-apartment-cleaning/,경기 남양주시 아파트청소,12
경기 남양주시 아파트청소 전문업체,gyeonggi-namyangju-si-apartment-cleaning-company,PASS,100,,경기 남양주시 아파트청소 전문업체 | 현장별 청소 정보,경기 남양주시 아파트청소 전문업체 관련 청소 과정과 체크포인트를 안내합니다. 공간 상태와 오염 범위를 확인한 뒤 현장에 맞는 작업을 진행합니다.,https://clever-griffin-93819d.netlify.app/gyeonggi-namyangju-si-apartment-cleaning-company/,경기 남양주시 아파트청소 전문업체,12
경기 남양주시 아파트청소 잘하는곳,gyeonggi-namyangju-si-apartment-cleaning-best,PASS,100,,경기 남양주시 아파트청소 잘하는곳 | 현장별 청소 정보,"경기 남양주시 아파트청소 잘하는곳 작업 범위와 준비사항, 진행 순서, 확인 항목을 정리했습니다. 경기 남양주시 아파트청소 현장에 맞춰 필요한 청소 내용을 확인해보세요.",https://clever-griffin-93819d.netlify.app/gyeonggi-namyangju-si-apartment-cleaning-best/,경기 남양주시 아파트청소 잘하는곳,12
경기 남양주시 아파트청소 가격,gyeonggi-namyangju-si-apartment-cleaning-price,PASS,100,,경기 남양주시 아파트청소 가격 - 청소 작업 안내,"경기 남양주시 아파트청소 가격 작업 범위와 준비사항, 진행 순서, 확인 항목을 정리했습니다. 경기 남양주시 아파트청소 현장에 맞춰 필요한 청소 내용을 확인해보세요.",https://clever-griffin-93819d.netlify.app/gyeonggi-namyangju-si-apartment-cleaning-price/,경기 남양주시 아파트청소 가격,12
경기 남양주시 아파트청소 비용,gyeonggi-namyangju-si-apartment-cleaning-cost,PASS,100,,경기 남양주시 아파트청소 비용 | 체인지클린,"경기 남양주시 아파트청소 비용 작업 범위와 준비사항, 진행 순서, 확인 항목을 정리했습니다. 경기 남양주시 아파트청소 현장에 맞춰 필요한 청소 내용을 확인해보세요.",https://clever-griffin-93819d.netlify.app/gyeonggi-namyangju-si-apartment-cleaning-cost/,경기 남양주시 아파트청소 비용,12
경기 남양주시 아파트청소 견적,gyeonggi-namyangju-si-apartment-cleaning-quote,PASS,100,,경기 남양주시 아파트청소 견적 | 체인지클린,"경기 남양주시 아파트청소 견적 작업 범위와 준비사항, 진행 순서, 확인 항목을 정리했습니다. 경기 남양주시 아파트청소 현장에 맞춰 필요한 청소 내용을 확인해보세요.",https://clever-griffin-93819d.netlify.app/gyeonggi-namyangju-si-apartment-cleaning-quote/,경기 남양주시 아파트청소 견적,12
경기 남양주시 오피스텔청소,gyeonggi-namyangju-si-officetel-cleaning,PASS,100,,경기 남양주시 오피스텔청소 | 체인지클린,경기 남양주시 오피스텔청소 관련 청소 과정과 체크포인트를 안내합니다. 공간 상태와 오염 범위를 확인한 뒤 현장에 맞는 작업을 진행합니다.,https://clever-griffin-93819d.netlify.app/gyeonggi-namyangju-si-officetel-cleaning/,경기 남양주시 오피스텔청소,12
경기 남양주시 오피스텔청소 전문업체,gyeonggi-namyangju-si-officetel-cleaning-company,PASS,100,,경기 남양주시 오피스텔청소 전문업체 - 청소 작업 안내,경기 남양주시 오피스텔청소를 알아보는 분을 위한 안내입니다. 경기 남양주시 오피스텔청소 전문업체 작업 전 확인사항부터 마무리 점검까지 자세히 정리했습니다.,https://clever-griffin-93819d.netlify.app/gyeonggi-namyangju-si-officetel-cleaning-company/,경기 남양주시 오피스텔청소 전문업체,12
경기 남양주시 오피스텔청소 잘하는곳,gyeonggi-namyangju-si-officetel-cleaning-best,PASS,100,,경기 남양주시 오피스텔청소 잘하는곳 - 청소 작업 안내,경기 남양주시 오피스텔청소를 알아보는 분을 위한 안내입니다. 경기 남양주시 오피스텔청소 잘하는곳 작업 전 확인사항부터 마무리 점검까지 자세히 정리했습니다.,https://clever-griffin-93819d.netlify.app/gyeonggi-namyangju-si-officetel-cleaning-best/,경기 남양주시 오피스텔청소 잘하는곳,12
경기 남양주시 오피스텔청소 가격,gyeonggi-namyangju-si-officetel-cleaning-price,PASS,100,,경기 남양주시 오피스텔청소 가격 - 청소 작업 안내,경기 남양주시 오피스텔청소를 알아보는 분을 위한 안내입니다. 경기 남양주시 오피스텔청소 가격 작업 전 확인사항부터 마무리 점검까지 자세히 정리했습니다.,https://clever-griffin-93819d.netlify.app/gyeonggi-namyangju-si-officetel-cleaning-price/,경기 남양주시 오피스텔청소 가격,12
경기 남양주시 오피스텔청소 비용,gyeonggi-namyangju-si-officetel-cleaning-cost,PASS,100,,경기 남양주시 오피스텔청소 비용 - 청소 작업 안내,"경기 남양주시 오피스텔청소 비용 작업 범위와 준비사항, 진행 순서, 확인 항목을 정리했습니다. 경기 남양주시 오피스텔청소 현장에 맞춰 필요한 청소 내용을 확인해보세요.",https://clever-griffin-93819d.netlify.app/gyeonggi-namyangju-si-officetel-cleaning-cost/,경기 남양주시 오피스텔청소 비용,12
경기 남양주시 오피스텔청소 견적,gyeonggi-namyangju-si-officetel-cleaning-quote,PASS,100,,경기 남양주시 오피스텔청소 견적 - 청소 작업 안내,경기 남양주시 오피스텔청소를 알아보는 분을 위한 안내입니다. 경기 남양주시 오피스텔청소 견적 작업 전 확인사항부터 마무리 점검까지 자세히 정리했습니다.,https://clever-griffin-93819d.netlify.app/gyeonggi-namyangju-si-officetel-cleaning-quote/,경기 남양주시 오피스텔청소 견적,12
경기 남양주시 거주청소,gyeonggi-namyangju-si-home-cleaning,PASS,100,,경기 남양주시 거주청소 | 현장별 청소 정보,"경기 남양주시 거주청소 작업 범위와 준비사항, 진행 순서, 확인 항목을 정리했습니다. 경기 남양주시 거주청소 현장에 맞춰 필요한 청소 내용을 확인해보세요.",https://clever-griffin-93819d.netlify.app/gyeonggi-namyangju-si-home-cleaning/,경기 남양주시 거주청소,12
경기 남양주시 거주청소 전문업체,gyeonggi-namyangju-si-home-cleaning-company,PASS,100,,경기 남양주시 거주청소 전문업체 | 체인지클린,"경기 남양주시 거주청소 전문업체 작업 범위와 준비사항, 진행 순서, 확인 항목을 정리했습니다. 경기 남양주시 거주청소 현장에 맞춰 필요한 청소 내용을 확인해보세요.",https://clever-griffin-93819d.netlify.app/gyeonggi-namyangju-si-home-cleaning-company/,경기 남양주시 거주청소 전문업체,12
경기 남양주시 거주청소 잘하는곳,gyeonggi-namyangju-si-home-cleaning-best,PASS,100,,경기 남양주시 거주청소 잘하는곳 - 청소 작업 안내,경기 남양주시 거주청소 잘하는곳 관련 청소 과정과 체크포인트를 안내합니다. 공간 상태와 오염 범위를 확인한 뒤 현장에 맞는 작업을 진행합니다.,https://clever-griffin-93819d.netlify.app/gyeonggi-namyangju-si-home-cleaning-best/,경기 남양주시 거주청소 잘하는곳,12
경기 남양주시 거주청소 가격,gyeonggi-namyangju-si-home-cleaning-price,PASS,100,,경기 남양주시 거주청소 가격 | 체인지클린,경기 남양주시 거주청소 가격 관련 청소 과정과 체크포인트를 안내합니다. 공간 상태와 오염 범위를 확인한 뒤 현장에 맞는 작업을 진행합니다.,https://clever-griffin-93819d.netlify.app/gyeonggi-namyangju-si-home-cleaning-price/,경기 남양주시 거주청소 가격,12
경기 남양주시 거주청소 비용,gyeonggi-namyangju-si-home-cleaning-cost,PASS,100,,경기 남양주시 거주청소 비용 - 청소 작업 안내,경기 남양주시 거주청소 비용 관련 청소 과정과 체크포인트를 안내합니다. 공간 상태와 오염 범위를 확인한 뒤 현장에 맞는 작업을 진행합니다.,https://clever-griffin-93819d.netlify.app/gyeonggi-namyangju-si-home-cleaning-cost/,경기 남양주시 거주청소 비용,12
경기 남양주시 거주청소 견적,gyeonggi-namyangju-si-home-cleaning-quote,PASS,100,,경기 남양주시 거주청소 견적 | 체인지클린,경기 남양주시 거주청소 견적 관련 청소 과정과 체크포인트를 안내합니다. 공간 상태와 오염 범위를 확인한 뒤 현장에 맞는 작업을 진행합니다.,https://clever-griffin-93819d.netlify.app/gyeonggi-namyangju-si-home-cleaning-quote/,경기 남양주시 거주청소 견적,12
경기 화성시 입주청소,gyeonggi-hwaseong-si-move-in-cleaning,PASS,100,,경기 화성시 입주청소 - 청소 작업 안내,경기 화성시 입주청소 관련 청소 과정과 체크포인트를 안내합니다. 공간 상태와 오염 범위를 확인한 뒤 현장에 맞는 작업을 진행합니다.,https://clever-griffin-93819d.netlify.app/gyeonggi-hwaseong-si-move-in-cleaning/,경기 화성시 입주청소,12
경기 화성시 입주청소 전문업체,gyeonggi-hwaseong-si-move-in-cleaning-company,PASS,100,,경기 화성시 입주청소 전문업체 - 청소 작업 안내,경기 화성시 입주청소를 알아보는 분을 위한 안내입니다. 경기 화성시 입주청소 전문업체 작업 전 확인사항부터 마무리 점검까지 자세히 정리했습니다.,https://clever-griffin-93819d.netlify.app/gyeonggi-hwaseong-si-move-in-cleaning-company/,경기 화성시 입주청소 전문업체,12
경기 화성시 입주청소 잘하는곳,gyeonggi-hwaseong-si-move-in-cleaning-best,PASS,100,,경기 화성시 입주청소 잘하는곳 - 청소 작업 안내,"경기 화성시 입주청소 잘하는곳 작업 범위와 준비사항, 진행 순서, 확인 항목을 정리했습니다. 경기 화성시 입주청소 현장에 맞춰 필요한 청소 내용을 확인해보세요.",https://clever-griffin-93819d.netlify.app/gyeonggi-hwaseong-si-move-in-cleaning-best/,경기 화성시 입주청소 잘하는곳,12
경기 화성시 입주청소 가격,gyeonggi-hwaseong-si-move-in-cleaning-price,PASS,100,,경기 화성시 입주청소 가격 - 청소 작업 안내,"경기 화성시 입주청소 가격 작업 범위와 준비사항, 진행 순서, 확인 항목을 정리했습니다. 경기 화성시 입주청소 현장에 맞춰 필요한 청소 내용을 확인해보세요.",https://clever-griffin-93819d.netlify.app/gyeonggi-hwaseong-si-move-in-cleaning-price/,경기 화성시 입주청소 가격,12
경기 화성시 입주청소 비용,gyeonggi-hwaseong-si-move-in-cleaning-cost,PASS,100,,경기 화성시 입주청소 비용 - 청소 작업 안내,"경기 화성시 입주청소 비용 작업 범위와 준비사항, 진행 순서, 확인 항목을 정리했습니다. 경기 화성시 입주청소 현장에 맞춰 필요한 청소 내용을 확인해보세요.",https://clever-griffin-93819d.netlify.app/gyeonggi-hwaseong-si-move-in-cleaning-cost/,경기 화성시 입주청소 비용,12
경기 화성시 입주청소 견적,gyeonggi-hwaseong-si-move-in-cleaning-quote,PASS,100,,경기 화성시 입주청소 견적 - 청소 작업 안내,"경기 화성시 입주청소 견적 작업 범위와 준비사항, 진행 순서, 확인 항목을 정리했습니다. 경기 화성시 입주청소 현장에 맞춰 필요한 청소 내용을 확인해보세요.",https://clever-griffin-93819d.netlify.app/gyeonggi-hwaseong-si-move-in-cleaning-quote/,경기 화성시 입주청소 견적,12
경기 화성시 이사청소,gyeonggi-hwaseong-si-move-out-cleaning,PASS,100,,경기 화성시 이사청소 - 청소 작업 안내,경기 화성시 이사청소 관련 청소 과정과 체크포인트를 안내합니다. 공간 상태와 오염 범위를 확인한 뒤 현장에 맞는 작업을 진행합니다.,https://clever-griffin-93819d.netlify.app/gyeonggi-hwaseong-si-move-out-cleaning/,경기 화성시 이사청소,12
경기 화성시 이사청소 전문업체,gyeonggi-hwaseong-si-move-out-cleaning-company,PASS,100,,경기 화성시 이사청소 전문업체 - 청소 작업 안내,경기 화성시 이사청소 전문업체 관련 청소 과정과 체크포인트를 안내합니다. 공간 상태와 오염 범위를 확인한 뒤 현장에 맞는 작업을 진행합니다.,https://clever-griffin-93819d.netlify.app/gyeonggi-hwaseong-si-move-out-cleaning-company/,경기 화성시 이사청소 전문업체,12
경기 화성시 이사청소 잘하는곳,gyeonggi-hwaseong-si-move-out-cleaning-best,PASS,100,,경기 화성시 이사청소 잘하는곳 - 청소 작업 안내,경기 화성시 이사청소 잘하는곳 관련 청소 과정과 체크포인트를 안내합니다. 공간 상태와 오염 범위를 확인한 뒤 현장에 맞는 작업을 진행합니다.,https://clever-griffin-93819d.netlify.app/gyeonggi-hwaseong-si-move-out-cleaning-best/,경기 화성시 이사청소 잘하는곳,12
경기 화성시 이사청소 가격,gyeonggi-hwaseong-si-move-out-cleaning-price,PASS,100,,경기 화성시 이사청소 가격 | 체인지클린,경기 화성시 이사청소를 알아보는 분을 위한 안내입니다. 경기 화성시 이사청소 가격 작업 전 확인사항부터 마무리 점검까지 자세히 정리했습니다.,https://clever-griffin-93819d.netlify.app/gyeonggi-hwaseong-si-move-out-cleaning-price/,경기 화성시 이사청소 가격,12
경기 화성시 이사청소 비용,gyeonggi-hwaseong-si-move-out-cleaning-cost,PASS,100,,경기 화성시 이사청소 비용 - 청소 작업 안내,경기 화성시 이사청소 비용 관련 청소 과정과 체크포인트를 안내합니다. 공간 상태와 오염 범위를 확인한 뒤 현장에 맞는 작업을 진행합니다.,https://clever-griffin-93819d.netlify.app/gyeonggi-hwaseong-si-move-out-cleaning-cost/,경기 화성시 이사청소 비용,12
경기 화성시 이사청소 견적,gyeonggi-hwaseong-si-move-out-cleaning-quote,PASS,100,,경기 화성시 이사청소 견적 | 현장별 청소 정보,경기 화성시 이사청소를 알아보는 분을 위한 안내입니다. 경기 화성시 이사청소 견적 작업 전 확인사항부터 마무리 점검까지 자세히 정리했습니다.,https://clever-griffin-93819d.netlify.app/gyeonggi-hwaseong-si-move-out-cleaning-quote/,경기 화성시 이사청소 견적,12
경기 화성시 준공청소,gyeonggi-hwaseong-si-post-construction-cleaning,PASS,100,,경기 화성시 준공청소 | 현장별 청소 정보,경기 화성시 준공청소 관련 청소 과정과 체크포인트를 안내합니다. 공간 상태와 오염 범위를 확인한 뒤 현장에 맞는 작업을 진행합니다.,https://clever-griffin-93819d.netlify.app/gyeonggi-hwaseong-si-post-construction-cleaning/,경기 화성시 준공청소,12
경기 화성시 준공청소 전문업체,gyeonggi-hwaseong-si-post-construction-cleaning-company,PASS,100,,경기 화성시 준공청소 전문업체 | 체인지클린,경기 화성시 준공청소 전문업체 관련 청소 과정과 체크포인트를 안내합니다. 공간 상태와 오염 범위를 확인한 뒤 현장에 맞는 작업을 진행합니다.,https://clever-griffin-93819d.netlify.app/gyeonggi-hwaseong-si-post-construction-cleaning-company/,경기 화성시 준공청소 전문업체,12
경기 화성시 준공청소 잘하는곳,gyeonggi-hwaseong-si-post-construction-cleaning-best,PASS,100,,경기 화성시 준공청소 잘하는곳 - 청소 작업 안내,"경기 화성시 준공청소 잘하는곳 작업 범위와 준비사항, 진행 순서, 확인 항목을 정리했습니다. 경기 화성시 준공청소 현장에 맞춰 필요한 청소 내용을 확인해보세요.",https://clever-griffin-93819d.netlify.app/gyeonggi-hwaseong-si-post-construction-cleaning-best/,경기 화성시 준공청소 잘하는곳,12
경기 화성시 준공청소 가격,gyeonggi-hwaseong-si-post-construction-cleaning-price,PASS,100,,경기 화성시 준공청소 가격 - 청소 작업 안내,경기 화성시 준공청소 가격 관련 청소 과정과 체크포인트를 안내합니다. 공간 상태와 오염 범위를 확인한 뒤 현장에 맞는 작업을 진행합니다.,https://clever-griffin-93819d.netlify.app/gyeonggi-hwaseong-si-post-construction-cleaning-price/,경기 화성시 준공청소 가격,12
경기 화성시 준공청소 비용,gyeonggi-hwaseong-si-post-construction-cleaning-cost,PASS,100,,경기 화성시 준공청소 비용 | 현장별 청소 정보,경기 화성시 준공청소를 알아보는 분을 위한 안내입니다. 경기 화성시 준공청소 비용 작업 전 확인사항부터 마무리 점검까지 자세히 정리했습니다.,https://clever-griffin-93819d.netlify.app/gyeonggi-hwaseong-si-post-construction-cleaning-cost/,경기 화성시 준공청소 비용,12
경기 화성시 준공청소 견적,gyeonggi-hwaseong-si-post-construction-cleaning-quote,PASS,100,,경기 화성시 준공청소 견적 | 체인지클린,"경기 화성시 준공청소 견적 작업 범위와 준비사항, 진행 순서, 확인 항목을 정리했습니다. 경기 화성시 준공청소 현장에 맞춰 필요한 청소 내용을 확인해보세요.",https://clever-griffin-93819d.netlify.app/gyeonggi-hwaseong-si-post-construction-cleaning-quote/,경기 화성시 준공청소 견적,12
경기 화성시 상가청소,gyeonggi-hwaseong-si-store-cleaning,CHECK,96,title 길이 확인,경기 화성시 상가청소 | 체인지클린,경기 화성시 상가청소 관련 청소 과정과 체크포인트를 안내합니다. 공간 상태와 오염 범위를 확인한 뒤 현장에 맞는 작업을 진행합니다.,https://clever-griffin-93819d.netlify.app/gyeonggi-hwaseong-si-store-cleaning/,경기 화성시 상가청소,12
경기 화성시 상가청소 전문업체,gyeonggi-hwaseong-si-store-cleaning-company,PASS,100,,경기 화성시 상가청소 전문업체 | 현장별 청소 정보,"경기 화성시 상가청소 전문업체 작업 범위와 준비사항, 진행 순서, 확인 항목을 정리했습니다. 경기 화성시 상가청소 현장에 맞춰 필요한 청소 내용을 확인해보세요.",https://clever-griffin-93819d.netlify.app/gyeonggi-hwaseong-si-store-cleaning-company/,경기 화성시 상가청소 전문업체,12
경기 화성시 상가청소 잘하는곳,gyeonggi-hwaseong-si-store-cleaning-best,PASS,100,,경기 화성시 상가청소 잘하는곳 | 체인지클린,"경기 화성시 상가청소 잘하는곳 작업 범위와 준비사항, 진행 순서, 확인 항목을 정리했습니다. 경기 화성시 상가청소 현장에 맞춰 필요한 청소 내용을 확인해보세요.",https://clever-griffin-93819d.netlify.app/gyeonggi-hwaseong-si-store-cleaning-best/,경기 화성시 상가청소 잘하는곳,12
경기 화성시 상가청소 가격,gyeonggi-hwaseong-si-store-cleaning-price,PASS,100,,경기 화성시 상가청소 가격 | 현장별 청소 정보,경기 화성시 상가청소 가격 관련 청소 과정과 체크포인트를 안내합니다. 공간 상태와 오염 범위를 확인한 뒤 현장에 맞는 작업을 진행합니다.,https://clever-griffin-93819d.netlify.app/gyeonggi-hwaseong-si-store-cleaning-price/,경기 화성시 상가청소 가격,12
경기 화성시 상가청소 비용,gyeonggi-hwaseong-si-store-cleaning-cost,PASS,100,,경기 화성시 상가청소 비용 | 현장별 청소 정보,"경기 화성시 상가청소 비용 작업 범위와 준비사항, 진행 순서, 확인 항목을 정리했습니다. 경기 화성시 상가청소 현장에 맞춰 필요한 청소 내용을 확인해보세요.",https://clever-griffin-93819d.netlify.app/gyeonggi-hwaseong-si-store-cleaning-cost/,경기 화성시 상가청소 비용,12
경기 화성시 상가청소 견적,gyeonggi-hwaseong-si-store-cleaning-quote,PASS,100,,경기 화성시 상가청소 견적 | 현장별 청소 정보,경기 화성시 상가청소 견적 관련 청소 과정과 체크포인트를 안내합니다. 공간 상태와 오염 범위를 확인한 뒤 현장에 맞는 작업을 진행합니다.,https://clever-griffin-93819d.netlify.app/gyeonggi-hwaseong-si-store-cleaning-quote/,경기 화성시 상가청소 견적,12
경기 화성시 사무실청소,gyeonggi-hwaseong-si-office-cleaning,PASS,100,,경기 화성시 사무실청소 | 체인지클린,경기 화성시 사무실청소를 알아보는 분을 위한 안내입니다. 경기 화성시 사무실청소 작업 전 확인사항부터 마무리 점검까지 자세히 정리했습니다.,https://clever-griffin-93819d.netlify.app/gyeonggi-hwaseong-si-office-cleaning/,경기 화성시 사무실청소,12
경기 화성시 사무실청소 전문업체,gyeonggi-hwaseong-si-office-cleaning-company,PASS,100,,경기 화성시 사무실청소 전문업체 | 체인지클린,경기 화성시 사무실청소를 알아보는 분을 위한 안내입니다. 경기 화성시 사무실청소 전문업체 작업 전 확인사항부터 마무리 점검까지 자세히 정리했습니다.,https://clever-griffin-93819d.netlify.app/gyeonggi-hwaseong-si-office-cleaning-company/,경기 화성시 사무실청소 전문업체,12
경기 화성시 사무실청소 잘하는곳,gyeonggi-hwaseong-si-office-cleaning-best,PASS,100,,경기 화성시 사무실청소 잘하는곳 | 체인지클린,경기 화성시 사무실청소를 알아보는 분을 위한 안내입니다. 경기 화성시 사무실청소 잘하는곳 작업 전 확인사항부터 마무리 점검까지 자세히 정리했습니다.,https://clever-griffin-93819d.netlify.app/gyeonggi-hwaseong-si-office-cleaning-best/,경기 화성시 사무실청소 잘하는곳,12
경기 화성시 사무실청소 가격,gyeonggi-hwaseong-si-office-cleaning-price,PASS,100,,경기 화성시 사무실청소 가격 | 체인지클린,경기 화성시 사무실청소 가격 관련 청소 과정과 체크포인트를 안내합니다. 공간 상태와 오염 범위를 확인한 뒤 현장에 맞는 작업을 진행합니다.,https://clever-griffin-93819d.netlify.app/gyeonggi-hwaseong-si-office-cleaning-price/,경기 화성시 사무실청소 가격,12
경기 화성시 사무실청소 비용,gyeonggi-hwaseong-si-office-cleaning-cost,PASS,100,,경기 화성시 사무실청소 비용 | 현장별 청소 정보,"경기 화성시 사무실청소 비용 작업 범위와 준비사항, 진행 순서, 확인 항목을 정리했습니다. 경기 화성시 사무실청소 현장에 맞춰 필요한 청소 내용을 확인해보세요.",https://clever-griffin-93819d.netlify.app/gyeonggi-hwaseong-si-office-cleaning-cost/,경기 화성시 사무실청소 비용,12
경기 화성시 사무실청소 견적,gyeonggi-hwaseong-si-office-cleaning-quote,PASS,100,,경기 화성시 사무실청소 견적 | 체인지클린,경기 화성시 사무실청소 견적 관련 청소 과정과 체크포인트를 안내합니다. 공간 상태와 오염 범위를 확인한 뒤 현장에 맞는 작업을 진행합니다.,https://clever-griffin-93819d.netlify.app/gyeonggi-hwaseong-si-office-cleaning-quote/,경기 화성시 사무실청소 견적,12
경기 화성시 빌라청소,gyeonggi-hwaseong-si-villa-cleaning,PASS,100,,경기 화성시 빌라청소 - 청소 작업 안내,경기 화성시 빌라청소를 알아보는 분을 위한 안내입니다. 경기 화성시 빌라청소 작업 전 확인사항부터 마무리 점검까지 자세히 정리했습니다.,https://clever-griffin-93819d.netlify.app/gyeonggi-hwaseong-si-villa-cleaning/,경기 화성시 빌라청소,12
경기 화성시 빌라청소 전문업체,gyeonggi-hwaseong-si-villa-cleaning-company,PASS,100,,경기 화성시 빌라청소 전문업체 | 체인지클린,경기 화성시 빌라청소를 알아보는 분을 위한 안내입니다. 경기 화성시 빌라청소 전문업체 작업 전 확인사항부터 마무리 점검까지 자세히 정리했습니다.,https://clever-griffin-93819d.netlify.app/gyeonggi-hwaseong-si-villa-cleaning-company/,경기 화성시 빌라청소 전문업체,12
경기 화성시 빌라청소 잘하는곳,gyeonggi-hwaseong-si-villa-cleaning-best,PASS,100,,경기 화성시 빌라청소 잘하는곳 - 청소 작업 안내,경기 화성시 빌라청소를 알아보는 분을 위한 안내입니다. 경기 화성시 빌라청소 잘하는곳 작업 전 확인사항부터 마무리 점검까지 자세히 정리했습니다.,https://clever-griffin-93819d.netlify.app/gyeonggi-hwaseong-si-villa-cleaning-best/,경기 화성시 빌라청소 잘하는곳,12
경기 화성시 빌라청소 가격,gyeonggi-hwaseong-si-villa-cleaning-price,PASS,100,,경기 화성시 빌라청소 가격 - 청소 작업 안내,"경기 화성시 빌라청소 가격 작업 범위와 준비사항, 진행 순서, 확인 항목을 정리했습니다. 경기 화성시 빌라청소 현장에 맞춰 필요한 청소 내용을 확인해보세요.",https://clever-griffin-93819d.netlify.app/gyeonggi-hwaseong-si-villa-cleaning-price/,경기 화성시 빌라청소 가격,12
경기 화성시 빌라청소 비용,gyeonggi-hwaseong-si-villa-cleaning-cost,PASS,100,,경기 화성시 빌라청소 비용 - 청소 작업 안내,"경기 화성시 빌라청소 비용 작업 범위와 준비사항, 진행 순서, 확인 항목을 정리했습니다. 경기 화성시 빌라청소 현장에 맞춰 필요한 청소 내용을 확인해보세요.",https://clever-griffin-93819d.netlify.app/gyeonggi-hwaseong-si-villa-cleaning-cost/,경기 화성시 빌라청소 비용,12
경기 화성시 빌라청소 견적,gyeonggi-hwaseong-si-villa-cleaning-quote,PASS,100,,경기 화성시 빌라청소 견적 | 현장별 청소 정보,경기 화성시 빌라청소 견적 관련 청소 과정과 체크포인트를 안내합니다. 공간 상태와 오염 범위를 확인한 뒤 현장에 맞는 작업을 진행합니다.,https://clever-griffin-93819d.netlify.app/gyeonggi-hwaseong-si-villa-cleaning-quote/,경기 화성시 빌라청소 견적,12
경기 화성시 아파트청소,gyeonggi-hwaseong-si-apartment-cleaning,PASS,100,,경기 화성시 아파트청소 - 청소 작업 안내,경기 화성시 아파트청소 관련 청소 과정과 체크포인트를 안내합니다. 공간 상태와 오염 범위를 확인한 뒤 현장에 맞는 작업을 진행합니다.,https://clever-griffin-93819d.netlify.app/gyeonggi-hwaseong-si-apartment-cleaning/,경기 화성시 아파트청소,12
경기 화성시 아파트청소 전문업체,gyeonggi-hwaseong-si-apartment-cleaning-company,PASS,100,,경기 화성시 아파트청소 전문업체 - 청소 작업 안내,경기 화성시 아파트청소 전문업체 관련 청소 과정과 체크포인트를 안내합니다. 공간 상태와 오염 범위를 확인한 뒤 현장에 맞는 작업을 진행합니다.,https://clever-griffin-93819d.netlify.app/gyeonggi-hwaseong-si-apartment-cleaning-company/,경기 화성시 아파트청소 전문업체,12
경기 화성시 아파트청소 잘하는곳,gyeonggi-hwaseong-si-apartment-cleaning-best,PASS,100,,경기 화성시 아파트청소 잘하는곳 - 청소 작업 안내,"경기 화성시 아파트청소 잘하는곳 작업 범위와 준비사항, 진행 순서, 확인 항목을 정리했습니다. 경기 화성시 아파트청소 현장에 맞춰 필요한 청소 내용을 확인해보세요.",https://clever-griffin-93819d.netlify.app/gyeonggi-hwaseong-si-apartment-cleaning-best/,경기 화성시 아파트청소 잘하는곳,12
경기 화성시 아파트청소 가격,gyeonggi-hwaseong-si-apartment-cleaning-price,PASS,100,,경기 화성시 아파트청소 가격 | 체인지클린,"경기 화성시 아파트청소 가격 작업 범위와 준비사항, 진행 순서, 확인 항목을 정리했습니다. 경기 화성시 아파트청소 현장에 맞춰 필요한 청소 내용을 확인해보세요.",https://clever-griffin-93819d.netlify.app/gyeonggi-hwaseong-si-apartment-cleaning-price/,경기 화성시 아파트청소 가격,12
경기 화성시 아파트청소 비용,gyeonggi-hwaseong-si-apartment-cleaning-cost,PASS,100,,경기 화성시 아파트청소 비용 - 청소 작업 안내,경기 화성시 아파트청소를 알아보는 분을 위한 안내입니다. 경기 화성시 아파트청소 비용 작업 전 확인사항부터 마무리 점검까지 자세히 정리했습니다.,https://clever-griffin-93819d.netlify.app/gyeonggi-hwaseong-si-apartment-cleaning-cost/,경기 화성시 아파트청소 비용,12
경기 화성시 아파트청소 견적,gyeonggi-hwaseong-si-apartment-cleaning-quote,PASS,100,,경기 화성시 아파트청소 견적 - 청소 작업 안내,"경기 화성시 아파트청소 견적 작업 범위와 준비사항, 진행 순서, 확인 항목을 정리했습니다. 경기 화성시 아파트청소 현장에 맞춰 필요한 청소 내용을 확인해보세요.",https://clever-griffin-93819d.netlify.app/gyeonggi-hwaseong-si-apartment-cleaning-quote/,경기 화성시 아파트청소 견적,12
경기 화성시 오피스텔청소,gyeonggi-hwaseong-si-officetel-cleaning,PASS,100,,경기 화성시 오피스텔청소 - 청소 작업 안내,"경기 화성시 오피스텔청소 작업 범위와 준비사항, 진행 순서, 확인 항목을 정리했습니다. 경기 화성시 오피스텔청소 현장에 맞춰 필요한 청소 내용을 확인해보세요.",https://clever-griffin-93819d.netlify.app/gyeonggi-hwaseong-si-officetel-cleaning/,경기 화성시 오피스텔청소,12
경기 화성시 오피스텔청소 전문업체,gyeonggi-hwaseong-si-officetel-cleaning-company,PASS,100,,경기 화성시 오피스텔청소 전문업체 | 현장별 청소 정보,경기 화성시 오피스텔청소 전문업체 관련 청소 과정과 체크포인트를 안내합니다. 공간 상태와 오염 범위를 확인한 뒤 현장에 맞는 작업을 진행합니다.,https://clever-griffin-93819d.netlify.app/gyeonggi-hwaseong-si-officetel-cleaning-company/,경기 화성시 오피스텔청소 전문업체,12
경기 화성시 오피스텔청소 잘하는곳,gyeonggi-hwaseong-si-officetel-cleaning-best,PASS,100,,경기 화성시 오피스텔청소 잘하는곳 | 현장별 청소 정보,"경기 화성시 오피스텔청소 잘하는곳 작업 범위와 준비사항, 진행 순서, 확인 항목을 정리했습니다. 경기 화성시 오피스텔청소 현장에 맞춰 필요한 청소 내용을 확인해보세요.",https://clever-griffin-93819d.netlify.app/gyeonggi-hwaseong-si-officetel-cleaning-best/,경기 화성시 오피스텔청소 잘하는곳,12
경기 화성시 오피스텔청소 가격,gyeonggi-hwaseong-si-officetel-cleaning-price,PASS,100,,경기 화성시 오피스텔청소 가격 | 현장별 청소 정보,경기 화성시 오피스텔청소 가격 관련 청소 과정과 체크포인트를 안내합니다. 공간 상태와 오염 범위를 확인한 뒤 현장에 맞는 작업을 진행합니다.,https://clever-griffin-93819d.netlify.app/gyeonggi-hwaseong-si-officetel-cleaning-price/,경기 화성시 오피스텔청소 가격,12
경기 화성시 오피스텔청소 비용,gyeonggi-hwaseong-si-officetel-cleaning-cost,PASS,100,,경기 화성시 오피스텔청소 비용 | 체인지클린,경기 화성시 오피스텔청소 비용 관련 청소 과정과 체크포인트를 안내합니다. 공간 상태와 오염 범위를 확인한 뒤 현장에 맞는 작업을 진행합니다.,https://clever-griffin-93819d.netlify.app/gyeonggi-hwaseong-si-officetel-cleaning-cost/,경기 화성시 오피스텔청소 비용,12
경기 화성시 오피스텔청소 견적,gyeonggi-hwaseong-si-officetel-cleaning-quote,PASS,100,,경기 화성시 오피스텔청소 견적 | 현장별 청소 정보,경기 화성시 오피스텔청소를 알아보는 분을 위한 안내입니다. 경기 화성시 오피스텔청소 견적 작업 전 확인사항부터 마무리 점검까지 자세히 정리했습니다.,https://clever-griffin-93819d.netlify.app/gyeonggi-hwaseong-si-officetel-cleaning-quote/,경기 화성시 오피스텔청소 견적,12
경기 화성시 거주청소,gyeonggi-hwaseong-si-home-cleaning,CHECK,96,title 길이 확인,경기 화성시 거주청소 | 체인지클린,경기 화성시 거주청소를 알아보는 분을 위한 안내입니다. 경기 화성시 거주청소 작업 전 확인사항부터 마무리 점검까지 자세히 정리했습니다.,https://clever-griffin-93819d.netlify.app/gyeonggi-hwaseong-si-home-cleaning/,경기 화성시 거주청소,12
경기 화성시 거주청소 전문업체,gyeonggi-hwaseong-si-home-cleaning-company,PASS,100,,경기 화성시 거주청소 전문업체 | 체인지클린,경기 화성시 거주청소를 알아보는 분을 위한 안내입니다. 경기 화성시 거주청소 전문업체 작업 전 확인사항부터 마무리 점검까지 자세히 정리했습니다.,https://clever-griffin-93819d.netlify.app/gyeonggi-hwaseong-si-home-cleaning-company/,경기 화성시 거주청소 전문업체,12
경기 화성시 거주청소 잘하는곳,gyeonggi-hwaseong-si-home-cleaning-best,PASS,100,,경기 화성시 거주청소 잘하는곳 | 현장별 청소 정보,경기 화성시 거주청소 잘하는곳 관련 청소 과정과 체크포인트를 안내합니다. 공간 상태와 오염 범위를 확인한 뒤 현장에 맞는 작업을 진행합니다.,https://clever-griffin-93819d.netlify.app/gyeonggi-hwaseong-si-home-cleaning-best/,경기 화성시 거주청소 잘하는곳,12
경기 화성시 거주청소 가격,gyeonggi-hwaseong-si-home-cleaning-price,PASS,100,,경기 화성시 거주청소 가격 | 현장별 청소 정보,경기 화성시 거주청소 가격 관련 청소 과정과 체크포인트를 안내합니다. 공간 상태와 오염 범위를 확인한 뒤 현장에 맞는 작업을 진행합니다.,https://clever-griffin-93819d.netlify.app/gyeonggi-hwaseong-si-home-cleaning-price/,경기 화성시 거주청소 가격,12
경기 화성시 거주청소 비용,gyeonggi-hwaseong-si-home-cleaning-cost,PASS,100,,경기 화성시 거주청소 비용 - 청소 작업 안내,"경기 화성시 거주청소 비용 작업 범위와 준비사항, 진행 순서, 확인 항목을 정리했습니다. 경기 화성시 거주청소 현장에 맞춰 필요한 청소 내용을 확인해보세요.",https://clever-griffin-93819d.netlify.app/gyeonggi-hwaseong-si-home-cleaning-cost/,경기 화성시 거주청소 비용,12
경기 화성시 거주청소 견적,gyeonggi-hwaseong-si-home-cleaning-quote,PASS,100,,경기 화성시 거주청소 견적 - 청소 작업 안내,경기 화성시 거주청소 견적 관련 청소 과정과 체크포인트를 안내합니다. 공간 상태와 오염 범위를 확인한 뒤 현장에 맞는 작업을 진행합니다.,https://clever-griffin-93819d.netlify.app/gyeonggi-hwaseong-si-home-cleaning-quote/,경기 화성시 거주청소 견적,12
경기 평택시 입주청소,gyeonggi-pyeongtaek-si-move-in-cleaning,PASS,100,,경기 평택시 입주청소 | 현장별 청소 정보,"경기 평택시 입주청소 작업 범위와 준비사항, 진행 순서, 확인 항목을 정리했습니다. 경기 평택시 입주청소 현장에 맞춰 필요한 청소 내용을 확인해보세요.",https://clever-griffin-93819d.netlify.app/gyeonggi-pyeongtaek-si-move-in-cleaning/,경기 평택시 입주청소,12
경기 평택시 입주청소 전문업체,gyeonggi-pyeongtaek-si-move-in-cleaning-company,PASS,100,,경기 평택시 입주청소 전문업체 | 현장별 청소 정보,경기 평택시 입주청소 전문업체 관련 청소 과정과 체크포인트를 안내합니다. 공간 상태와 오염 범위를 확인한 뒤 현장에 맞는 작업을 진행합니다.,https://clever-griffin-93819d.netlify.app/gyeonggi-pyeongtaek-si-move-in-cleaning-company/,경기 평택시 입주청소 전문업체,12
경기 평택시 입주청소 잘하는곳,gyeonggi-pyeongtaek-si-move-in-cleaning-best,PASS,100,,경기 평택시 입주청소 잘하는곳 | 체인지클린,경기 평택시 입주청소 잘하는곳 관련 청소 과정과 체크포인트를 안내합니다. 공간 상태와 오염 범위를 확인한 뒤 현장에 맞는 작업을 진행합니다.,https://clever-griffin-93819d.netlify.app/gyeonggi-pyeongtaek-si-move-in-cleaning-best/,경기 평택시 입주청소 잘하는곳,12
경기 평택시 입주청소 가격,gyeonggi-pyeongtaek-si-move-in-cleaning-price,PASS,100,,경기 평택시 입주청소 가격 | 현장별 청소 정보,경기 평택시 입주청소를 알아보는 분을 위한 안내입니다. 경기 평택시 입주청소 가격 작업 전 확인사항부터 마무리 점검까지 자세히 정리했습니다.,https://clever-griffin-93819d.netlify.app/gyeonggi-pyeongtaek-si-move-in-cleaning-price/,경기 평택시 입주청소 가격,12
경기 평택시 입주청소 비용,gyeonggi-pyeongtaek-si-move-in-cleaning-cost,PASS,100,,경기 평택시 입주청소 비용 - 청소 작업 안내,"경기 평택시 입주청소 비용 작업 범위와 준비사항, 진행 순서, 확인 항목을 정리했습니다. 경기 평택시 입주청소 현장에 맞춰 필요한 청소 내용을 확인해보세요.",https://clever-griffin-93819d.netlify.app/gyeonggi-pyeongtaek-si-move-in-cleaning-cost/,경기 평택시 입주청소 비용,12
경기 평택시 입주청소 견적,gyeonggi-pyeongtaek-si-move-in-cleaning-quote,PASS,100,,경기 평택시 입주청소 견적 | 체인지클린,경기 평택시 입주청소 견적 관련 청소 과정과 체크포인트를 안내합니다. 공간 상태와 오염 범위를 확인한 뒤 현장에 맞는 작업을 진행합니다.,https://clever-griffin-93819d.netlify.app/gyeonggi-pyeongtaek-si-move-in-cleaning-quote/,경기 평택시 입주청소 견적,12
경기 평택시 이사청소,gyeonggi-pyeongtaek-si-move-out-cleaning,PASS,100,,경기 평택시 이사청소 | 현장별 청소 정보,경기 평택시 이사청소를 알아보는 분을 위한 안내입니다. 경기 평택시 이사청소 작업 전 확인사항부터 마무리 점검까지 자세히 정리했습니다.,https://clever-griffin-93819d.netlify.app/gyeonggi-pyeongtaek-si-move-out-cleaning/,경기 평택시 이사청소,12
경기 평택시 이사청소 전문업체,gyeonggi-pyeongtaek-si-move-out-cleaning-company,PASS,100,,경기 평택시 이사청소 전문업체 - 청소 작업 안내,"경기 평택시 이사청소 전문업체 작업 범위와 준비사항, 진행 순서, 확인 항목을 정리했습니다. 경기 평택시 이사청소 현장에 맞춰 필요한 청소 내용을 확인해보세요.",https://clever-griffin-93819d.netlify.app/gyeonggi-pyeongtaek-si-move-out-cleaning-company/,경기 평택시 이사청소 전문업체,12
경기 평택시 이사청소 잘하는곳,gyeonggi-pyeongtaek-si-move-out-cleaning-best,PASS,100,,경기 평택시 이사청소 잘하는곳 - 청소 작업 안내,"경기 평택시 이사청소 잘하는곳 작업 범위와 준비사항, 진행 순서, 확인 항목을 정리했습니다. 경기 평택시 이사청소 현장에 맞춰 필요한 청소 내용을 확인해보세요.",https://clever-griffin-93819d.netlify.app/gyeonggi-pyeongtaek-si-move-out-cleaning-best/,경기 평택시 이사청소 잘하는곳,12
경기 평택시 이사청소 가격,gyeonggi-pyeongtaek-si-move-out-cleaning-price,PASS,100,,경기 평택시 이사청소 가격 | 현장별 청소 정보,"경기 평택시 이사청소 가격 작업 범위와 준비사항, 진행 순서, 확인 항목을 정리했습니다. 경기 평택시 이사청소 현장에 맞춰 필요한 청소 내용을 확인해보세요.",https://clever-griffin-93819d.netlify.app/gyeonggi-pyeongtaek-si-move-out-cleaning-price/,경기 평택시 이사청소 가격,12
경기 평택시 이사청소 비용,gyeonggi-pyeongtaek-si-move-out-cleaning-cost,PASS,100,,경기 평택시 이사청소 비용 | 현장별 청소 정보,경기 평택시 이사청소를 알아보는 분을 위한 안내입니다. 경기 평택시 이사청소 비용 작업 전 확인사항부터 마무리 점검까지 자세히 정리했습니다.,https://clever-griffin-93819d.netlify.app/gyeonggi-pyeongtaek-si-move-out-cleaning-cost/,경기 평택시 이사청소 비용,12
경기 평택시 이사청소 견적,gyeonggi-pyeongtaek-si-move-out-cleaning-quote,PASS,100,,경기 평택시 이사청소 견적 | 현장별 청소 정보,경기 평택시 이사청소 견적 관련 청소 과정과 체크포인트를 안내합니다. 공간 상태와 오염 범위를 확인한 뒤 현장에 맞는 작업을 진행합니다.,https://clever-griffin-93819d.netlify.app/gyeonggi-pyeongtaek-si-move-out-cleaning-quote/,경기 평택시 이사청소 견적,12
경기 평택시 준공청소,gyeonggi-pyeongtaek-si-post-construction-cleaning,CHECK,96,title 길이 확인,경기 평택시 준공청소 | 체인지클린,"경기 평택시 준공청소 작업 범위와 준비사항, 진행 순서, 확인 항목을 정리했습니다. 경기 평택시 준공청소 현장에 맞춰 필요한 청소 내용을 확인해보세요.",https://clever-griffin-93819d.netlify.app/gyeonggi-pyeongtaek-si-post-construction-cleaning/,경기 평택시 준공청소,12
경기 평택시 준공청소 전문업체,gyeonggi-pyeongtaek-si-post-construction-cleaning-company,PASS,100,,경기 평택시 준공청소 전문업체 | 체인지클린,경기 평택시 준공청소 전문업체 관련 청소 과정과 체크포인트를 안내합니다. 공간 상태와 오염 범위를 확인한 뒤 현장에 맞는 작업을 진행합니다.,https://clever-griffin-93819d.netlify.app/gyeonggi-pyeongtaek-si-post-construction-cleaning-company/,경기 평택시 준공청소 전문업체,12
경기 평택시 준공청소 잘하는곳,gyeonggi-pyeongtaek-si-post-construction-cleaning-best,PASS,100,,경기 평택시 준공청소 잘하는곳 | 현장별 청소 정보,"경기 평택시 준공청소 잘하는곳 작업 범위와 준비사항, 진행 순서, 확인 항목을 정리했습니다. 경기 평택시 준공청소 현장에 맞춰 필요한 청소 내용을 확인해보세요.",https://clever-griffin-93819d.netlify.app/gyeonggi-pyeongtaek-si-post-construction-cleaning-best/,경기 평택시 준공청소 잘하는곳,12
경기 평택시 준공청소 가격,gyeonggi-pyeongtaek-si-post-construction-cleaning-price,PASS,100,,경기 평택시 준공청소 가격 | 현장별 청소 정보,경기 평택시 준공청소를 알아보는 분을 위한 안내입니다. 경기 평택시 준공청소 가격 작업 전 확인사항부터 마무리 점검까지 자세히 정리했습니다.,https://clever-griffin-93819d.netlify.app/gyeonggi-pyeongtaek-si-post-construction-cleaning-price/,경기 평택시 준공청소 가격,12
경기 평택시 준공청소 비용,gyeonggi-pyeongtaek-si-post-construction-cleaning-cost,PASS,100,,경기 평택시 준공청소 비용 - 청소 작업 안내,경기 평택시 준공청소를 알아보는 분을 위한 안내입니다. 경기 평택시 준공청소 비용 작업 전 확인사항부터 마무리 점검까지 자세히 정리했습니다.,https://clever-griffin-93819d.netlify.app/gyeonggi-pyeongtaek-si-post-construction-cleaning-cost/,경기 평택시 준공청소 비용,12
경기 평택시 준공청소 견적,gyeonggi-pyeongtaek-si-post-construction-cleaning-quote,PASS,100,,경기 평택시 준공청소 견적 | 체인지클린,경기 평택시 준공청소 견적 관련 청소 과정과 체크포인트를 안내합니다. 공간 상태와 오염 범위를 확인한 뒤 현장에 맞는 작업을 진행합니다.,https://clever-griffin-93819d.netlify.app/gyeonggi-pyeongtaek-si-post-construction-cleaning-quote/,경기 평택시 준공청소 견적,12
경기 평택시 상가청소,gyeonggi-pyeongtaek-si-store-cleaning,PASS,100,,경기 평택시 상가청소 - 청소 작업 안내,경기 평택시 상가청소를 알아보는 분을 위한 안내입니다. 경기 평택시 상가청소 작업 전 확인사항부터 마무리 점검까지 자세히 정리했습니다.,https://clever-griffin-93819d.netlify.app/gyeonggi-pyeongtaek-si-store-cleaning/,경기 평택시 상가청소,12
경기 평택시 상가청소 전문업체,gyeonggi-pyeongtaek-si-store-cleaning-company,PASS,100,,경기 평택시 상가청소 전문업체 - 청소 작업 안내,"경기 평택시 상가청소 전문업체 작업 범위와 준비사항, 진행 순서, 확인 항목을 정리했습니다. 경기 평택시 상가청소 현장에 맞춰 필요한 청소 내용을 확인해보세요.",https://clever-griffin-93819d.netlify.app/gyeonggi-pyeongtaek-si-store-cleaning-company/,경기 평택시 상가청소 전문업체,12
경기 평택시 상가청소 잘하는곳,gyeonggi-pyeongtaek-si-store-cleaning-best,PASS,100,,경기 평택시 상가청소 잘하는곳 | 현장별 청소 정보,경기 평택시 상가청소를 알아보는 분을 위한 안내입니다. 경기 평택시 상가청소 잘하는곳 작업 전 확인사항부터 마무리 점검까지 자세히 정리했습니다.,https://clever-griffin-93819d.netlify.app/gyeonggi-pyeongtaek-si-store-cleaning-best/,경기 평택시 상가청소 잘하는곳,12
경기 평택시 상가청소 가격,gyeonggi-pyeongtaek-si-store-cleaning-price,PASS,100,,경기 평택시 상가청소 가격 | 체인지클린,경기 평택시 상가청소를 알아보는 분을 위한 안내입니다. 경기 평택시 상가청소 가격 작업 전 확인사항부터 마무리 점검까지 자세히 정리했습니다.,https://clever-griffin-93819d.netlify.app/gyeonggi-pyeongtaek-si-store-cleaning-price/,경기 평택시 상가청소 가격,12
경기 평택시 상가청소 비용,gyeonggi-pyeongtaek-si-store-cleaning-cost,PASS,100,,경기 평택시 상가청소 비용 | 현장별 청소 정보,"경기 평택시 상가청소 비용 작업 범위와 준비사항, 진행 순서, 확인 항목을 정리했습니다. 경기 평택시 상가청소 현장에 맞춰 필요한 청소 내용을 확인해보세요.",https://clever-griffin-93819d.netlify.app/gyeonggi-pyeongtaek-si-store-cleaning-cost/,경기 평택시 상가청소 비용,12
경기 평택시 상가청소 견적,gyeonggi-pyeongtaek-si-store-cleaning-quote,PASS,100,,경기 평택시 상가청소 견적 | 현장별 청소 정보,경기 평택시 상가청소를 알아보는 분을 위한 안내입니다. 경기 평택시 상가청소 견적 작업 전 확인사항부터 마무리 점검까지 자세히 정리했습니다.,https://clever-griffin-93819d.netlify.app/gyeonggi-pyeongtaek-si-store-cleaning-quote/,경기 평택시 상가청소 견적,12
경기 평택시 사무실청소,gyeonggi-pyeongtaek-si-office-cleaning,PASS,100,,경기 평택시 사무실청소 - 청소 작업 안내,"경기 평택시 사무실청소 작업 범위와 준비사항, 진행 순서, 확인 항목을 정리했습니다. 경기 평택시 사무실청소 현장에 맞춰 필요한 청소 내용을 확인해보세요.",https://clever-griffin-93819d.netlify.app/gyeonggi-pyeongtaek-si-office-cleaning/,경기 평택시 사무실청소,12
경기 평택시 사무실청소 전문업체,gyeonggi-pyeongtaek-si-office-cleaning-company,PASS,100,,경기 평택시 사무실청소 전문업체 - 청소 작업 안내,"경기 평택시 사무실청소 전문업체 작업 범위와 준비사항, 진행 순서, 확인 항목을 정리했습니다. 경기 평택시 사무실청소 현장에 맞춰 필요한 청소 내용을 확인해보세요.",https://clever-griffin-93819d.netlify.app/gyeonggi-pyeongtaek-si-office-cleaning-company/,경기 평택시 사무실청소 전문업체,12
경기 평택시 사무실청소 잘하는곳,gyeonggi-pyeongtaek-si-office-cleaning-best,PASS,100,,경기 평택시 사무실청소 잘하는곳 | 현장별 청소 정보,경기 평택시 사무실청소를 알아보는 분을 위한 안내입니다. 경기 평택시 사무실청소 잘하는곳 작업 전 확인사항부터 마무리 점검까지 자세히 정리했습니다.,https://clever-griffin-93819d.netlify.app/gyeonggi-pyeongtaek-si-office-cleaning-best/,경기 평택시 사무실청소 잘하는곳,12
경기 평택시 사무실청소 가격,gyeonggi-pyeongtaek-si-office-cleaning-price,PASS,100,,경기 평택시 사무실청소 가격 - 청소 작업 안내,경기 평택시 사무실청소 가격 관련 청소 과정과 체크포인트를 안내합니다. 공간 상태와 오염 범위를 확인한 뒤 현장에 맞는 작업을 진행합니다.,https://clever-griffin-93819d.netlify.app/gyeonggi-pyeongtaek-si-office-cleaning-price/,경기 평택시 사무실청소 가격,12
경기 평택시 사무실청소 비용,gyeonggi-pyeongtaek-si-office-cleaning-cost,PASS,100,,경기 평택시 사무실청소 비용 | 현장별 청소 정보,경기 평택시 사무실청소를 알아보는 분을 위한 안내입니다. 경기 평택시 사무실청소 비용 작업 전 확인사항부터 마무리 점검까지 자세히 정리했습니다.,https://clever-griffin-93819d.netlify.app/gyeonggi-pyeongtaek-si-office-cleaning-cost/,경기 평택시 사무실청소 비용,12
경기 평택시 사무실청소 견적,gyeonggi-pyeongtaek-si-office-cleaning-quote,PASS,100,,경기 평택시 사무실청소 견적 | 체인지클린,경기 평택시 사무실청소를 알아보는 분을 위한 안내입니다. 경기 평택시 사무실청소 견적 작업 전 확인사항부터 마무리 점검까지 자세히 정리했습니다.,https://clever-griffin-93819d.netlify.app/gyeonggi-pyeongtaek-si-office-cleaning-quote/,경기 평택시 사무실청소 견적,12
경기 평택시 빌라청소,gyeonggi-pyeongtaek-si-villa-cleaning,PASS,100,,경기 평택시 빌라청소 - 청소 작업 안내,"경기 평택시 빌라청소 작업 범위와 준비사항, 진행 순서, 확인 항목을 정리했습니다. 경기 평택시 빌라청소 현장에 맞춰 필요한 청소 내용을 확인해보세요.",https://clever-griffin-93819d.netlify.app/gyeonggi-pyeongtaek-si-villa-cleaning/,경기 평택시 빌라청소,12
경기 평택시 빌라청소 전문업체,gyeonggi-pyeongtaek-si-villa-cleaning-company,PASS,100,,경기 평택시 빌라청소 전문업체 | 현장별 청소 정보,경기 평택시 빌라청소를 알아보는 분을 위한 안내입니다. 경기 평택시 빌라청소 전문업체 작업 전 확인사항부터 마무리 점검까지 자세히 정리했습니다.,https://clever-griffin-93819d.netlify.app/gyeonggi-pyeongtaek-si-villa-cleaning-company/,경기 평택시 빌라청소 전문업체,12
경기 평택시 빌라청소 잘하는곳,gyeonggi-pyeongtaek-si-villa-cleaning-best,PASS,100,,경기 평택시 빌라청소 잘하는곳 - 청소 작업 안내,경기 평택시 빌라청소를 알아보는 분을 위한 안내입니다. 경기 평택시 빌라청소 잘하는곳 작업 전 확인사항부터 마무리 점검까지 자세히 정리했습니다.,https://clever-griffin-93819d.netlify.app/gyeonggi-pyeongtaek-si-villa-cleaning-best/,경기 평택시 빌라청소 잘하는곳,12
경기 평택시 빌라청소 가격,gyeonggi-pyeongtaek-si-villa-cleaning-price,PASS,100,,경기 평택시 빌라청소 가격 | 체인지클린,경기 평택시 빌라청소를 알아보는 분을 위한 안내입니다. 경기 평택시 빌라청소 가격 작업 전 확인사항부터 마무리 점검까지 자세히 정리했습니다.,https://clever-griffin-93819d.netlify.app/gyeonggi-pyeongtaek-si-villa-cleaning-price/,경기 평택시 빌라청소 가격,12
경기 평택시 빌라청소 비용,gyeonggi-pyeongtaek-si-villa-cleaning-cost,PASS,100,,경기 평택시 빌라청소 비용 | 체인지클린,경기 평택시 빌라청소 비용 관련 청소 과정과 체크포인트를 안내합니다. 공간 상태와 오염 범위를 확인한 뒤 현장에 맞는 작업을 진행합니다.,https://clever-griffin-93819d.netlify.app/gyeonggi-pyeongtaek-si-villa-cleaning-cost/,경기 평택시 빌라청소 비용,12
경기 평택시 빌라청소 견적,gyeonggi-pyeongtaek-si-villa-cleaning-quote,PASS,100,,경기 평택시 빌라청소 견적 - 청소 작업 안내,"경기 평택시 빌라청소 견적 작업 범위와 준비사항, 진행 순서, 확인 항목을 정리했습니다. 경기 평택시 빌라청소 현장에 맞춰 필요한 청소 내용을 확인해보세요.",https://clever-griffin-93819d.netlify.app/gyeonggi-pyeongtaek-si-villa-cleaning-quote/,경기 평택시 빌라청소 견적,12
경기 평택시 아파트청소,gyeonggi-pyeongtaek-si-apartment-cleaning,PASS,100,,경기 평택시 아파트청소 - 청소 작업 안내,경기 평택시 아파트청소를 알아보는 분을 위한 안내입니다. 경기 평택시 아파트청소 작업 전 확인사항부터 마무리 점검까지 자세히 정리했습니다.,https://clever-griffin-93819d.netlify.app/gyeonggi-pyeongtaek-si-apartment-cleaning/,경기 평택시 아파트청소,12
경기 평택시 아파트청소 전문업체,gyeonggi-pyeongtaek-si-apartment-cleaning-company,PASS,100,,경기 평택시 아파트청소 전문업체 - 청소 작업 안내,경기 평택시 아파트청소 전문업체 관련 청소 과정과 체크포인트를 안내합니다. 공간 상태와 오염 범위를 확인한 뒤 현장에 맞는 작업을 진행합니다.,https://clever-griffin-93819d.netlify.app/gyeonggi-pyeongtaek-si-apartment-cleaning-company/,경기 평택시 아파트청소 전문업체,12
경기 평택시 아파트청소 잘하는곳,gyeonggi-pyeongtaek-si-apartment-cleaning-best,PASS,100,,경기 평택시 아파트청소 잘하는곳 - 청소 작업 안내,"경기 평택시 아파트청소 잘하는곳 작업 범위와 준비사항, 진행 순서, 확인 항목을 정리했습니다. 경기 평택시 아파트청소 현장에 맞춰 필요한 청소 내용을 확인해보세요.",https://clever-griffin-93819d.netlify.app/gyeonggi-pyeongtaek-si-apartment-cleaning-best/,경기 평택시 아파트청소 잘하는곳,12
경기 평택시 아파트청소 가격,gyeonggi-pyeongtaek-si-apartment-cleaning-price,PASS,100,,경기 평택시 아파트청소 가격 - 청소 작업 안내,경기 평택시 아파트청소 가격 관련 청소 과정과 체크포인트를 안내합니다. 공간 상태와 오염 범위를 확인한 뒤 현장에 맞는 작업을 진행합니다.,https://clever-griffin-93819d.netlify.app/gyeonggi-pyeongtaek-si-apartment-cleaning-price/,경기 평택시 아파트청소 가격,12
경기 평택시 아파트청소 비용,gyeonggi-pyeongtaek-si-apartment-cleaning-cost,PASS,100,,경기 평택시 아파트청소 비용 - 청소 작업 안내,경기 평택시 아파트청소를 알아보는 분을 위한 안내입니다. 경기 평택시 아파트청소 비용 작업 전 확인사항부터 마무리 점검까지 자세히 정리했습니다.,https://clever-griffin-93819d.netlify.app/gyeonggi-pyeongtaek-si-apartment-cleaning-cost/,경기 평택시 아파트청소 비용,12
경기 평택시 아파트청소 견적,gyeonggi-pyeongtaek-si-apartment-cleaning-quote,PASS,100,,경기 평택시 아파트청소 견적 - 청소 작업 안내,경기 평택시 아파트청소 견적 관련 청소 과정과 체크포인트를 안내합니다. 공간 상태와 오염 범위를 확인한 뒤 현장에 맞는 작업을 진행합니다.,https://clever-griffin-93819d.netlify.app/gyeonggi-pyeongtaek-si-apartment-cleaning-quote/,경기 평택시 아파트청소 견적,12
경기 평택시 오피스텔청소,gyeonggi-pyeongtaek-si-officetel-cleaning,PASS,100,,경기 평택시 오피스텔청소 | 체인지클린,"경기 평택시 오피스텔청소 작업 범위와 준비사항, 진행 순서, 확인 항목을 정리했습니다. 경기 평택시 오피스텔청소 현장에 맞춰 필요한 청소 내용을 확인해보세요.",https://clever-griffin-93819d.netlify.app/gyeonggi-pyeongtaek-si-officetel-cleaning/,경기 평택시 오피스텔청소,12
경기 평택시 오피스텔청소 전문업체,gyeonggi-pyeongtaek-si-officetel-cleaning-company,PASS,100,,경기 평택시 오피스텔청소 전문업체 | 현장별 청소 정보,경기 평택시 오피스텔청소 전문업체 관련 청소 과정과 체크포인트를 안내합니다. 공간 상태와 오염 범위를 확인한 뒤 현장에 맞는 작업을 진행합니다.,https://clever-griffin-93819d.netlify.app/gyeonggi-pyeongtaek-si-officetel-cleaning-company/,경기 평택시 오피스텔청소 전문업체,12
경기 평택시 오피스텔청소 잘하는곳,gyeonggi-pyeongtaek-si-officetel-cleaning-best,PASS,100,,경기 평택시 오피스텔청소 잘하는곳 | 현장별 청소 정보,경기 평택시 오피스텔청소를 알아보는 분을 위한 안내입니다. 경기 평택시 오피스텔청소 잘하는곳 작업 전 확인사항부터 마무리 점검까지 자세히 정리했습니다.,https://clever-griffin-93819d.netlify.app/gyeonggi-pyeongtaek-si-officetel-cleaning-best/,경기 평택시 오피스텔청소 잘하는곳,12
경기 평택시 오피스텔청소 가격,gyeonggi-pyeongtaek-si-officetel-cleaning-price,PASS,100,,경기 평택시 오피스텔청소 가격 | 체인지클린,경기 평택시 오피스텔청소 가격 관련 청소 과정과 체크포인트를 안내합니다. 공간 상태와 오염 범위를 확인한 뒤 현장에 맞는 작업을 진행합니다.,https://clever-griffin-93819d.netlify.app/gyeonggi-pyeongtaek-si-officetel-cleaning-price/,경기 평택시 오피스텔청소 가격,12
경기 평택시 오피스텔청소 비용,gyeonggi-pyeongtaek-si-officetel-cleaning-cost,PASS,100,,경기 평택시 오피스텔청소 비용 | 체인지클린,"경기 평택시 오피스텔청소 비용 작업 범위와 준비사항, 진행 순서, 확인 항목을 정리했습니다. 경기 평택시 오피스텔청소 현장에 맞춰 필요한 청소 내용을 확인해보세요.",https://clever-griffin-93819d.netlify.app/gyeonggi-pyeongtaek-si-officetel-cleaning-cost/,경기 평택시 오피스텔청소 비용,12
경기 평택시 오피스텔청소 견적,gyeonggi-pyeongtaek-si-officetel-cleaning-quote,PASS,100,,경기 평택시 오피스텔청소 견적 | 체인지클린,경기 평택시 오피스텔청소 견적 관련 청소 과정과 체크포인트를 안내합니다. 공간 상태와 오염 범위를 확인한 뒤 현장에 맞는 작업을 진행합니다.,https://clever-griffin-93819d.netlify.app/gyeonggi-pyeongtaek-si-officetel-cleaning-quote/,경기 평택시 오피스텔청소 견적,12
경기 평택시 거주청소,gyeonggi-pyeongtaek-si-home-cleaning,PASS,100,,경기 평택시 거주청소 | 현장별 청소 정보,"경기 평택시 거주청소 작업 범위와 준비사항, 진행 순서, 확인 항목을 정리했습니다. 경기 평택시 거주청소 현장에 맞춰 필요한 청소 내용을 확인해보세요.",https://clever-griffin-93819d.netlify.app/gyeonggi-pyeongtaek-si-home-cleaning/,경기 평택시 거주청소,12
경기 평택시 거주청소 전문업체,gyeonggi-pyeongtaek-si-home-cleaning-company,PASS,100,,경기 평택시 거주청소 전문업체 - 청소 작업 안내,경기 평택시 거주청소를 알아보는 분을 위한 안내입니다. 경기 평택시 거주청소 전문업체 작업 전 확인사항부터 마무리 점검까지 자세히 정리했습니다.,https://clever-griffin-93819d.netlify.app/gyeonggi-pyeongtaek-si-home-cleaning-company/,경기 평택시 거주청소 전문업체,12
경기 평택시 거주청소 잘하는곳,gyeonggi-pyeongtaek-si-home-cleaning-best,PASS,100,,경기 평택시 거주청소 잘하는곳 | 현장별 청소 정보,경기 평택시 거주청소를 알아보는 분을 위한 안내입니다. 경기 평택시 거주청소 잘하는곳 작업 전 확인사항부터 마무리 점검까지 자세히 정리했습니다.,https://clever-griffin-93819d.netlify.app/gyeonggi-pyeongtaek-si-home-cleaning-best/,경기 평택시 거주청소 잘하는곳,12
경기 평택시 거주청소 가격,gyeonggi-pyeongtaek-si-home-cleaning-price,PASS,100,,경기 평택시 거주청소 가격 | 체인지클린,"경기 평택시 거주청소 가격 작업 범위와 준비사항, 진행 순서, 확인 항목을 정리했습니다. 경기 평택시 거주청소 현장에 맞춰 필요한 청소 내용을 확인해보세요.",https://clever-griffin-93819d.netlify.app/gyeonggi-pyeongtaek-si-home-cleaning-price/,경기 평택시 거주청소 가격,12
경기 평택시 거주청소 비용,gyeonggi-pyeongtaek-si-home-cleaning-cost,PASS,100,,경기 평택시 거주청소 비용 | 현장별 청소 정보,경기 평택시 거주청소를 알아보는 분을 위한 안내입니다. 경기 평택시 거주청소 비용 작업 전 확인사항부터 마무리 점검까지 자세히 정리했습니다.,https://clever-griffin-93819d.netlify.app/gyeonggi-pyeongtaek-si-home-cleaning-cost/,경기 평택시 거주청소 비용,12
경기 평택시 거주청소 견적,gyeonggi-pyeongtaek-si-home-cleaning-quote,PASS,100,,경기 평택시 거주청소 견적 | 현장별 청소 정보,경기 평택시 거주청소 견적 관련 청소 과정과 체크포인트를 안내합니다. 공간 상태와 오염 범위를 확인한 뒤 현장에 맞는 작업을 진행합니다.,https://clever-griffin-93819d.netlify.app/gyeonggi-pyeongtaek-si-home-cleaning-quote/,경기 평택시 거주청소 견적,12
경기 의정부시 입주청소,gyeonggi-uijeongbu-si-move-in-cleaning,PASS,100,,경기 의정부시 입주청소 | 체인지클린,경기 의정부시 입주청소 관련 청소 과정과 체크포인트를 안내합니다. 공간 상태와 오염 범위를 확인한 뒤 현장에 맞는 작업을 진행합니다.,https://clever-griffin-93819d.netlify.app/gyeonggi-uijeongbu-si-move-in-cleaning/,경기 의정부시 입주청소,12
경기 의정부시 입주청소 전문업체,gyeonggi-uijeongbu-si-move-in-cleaning-company,PASS,100,,경기 의정부시 입주청소 전문업체 - 청소 작업 안내,"경기 의정부시 입주청소 전문업체 작업 범위와 준비사항, 진행 순서, 확인 항목을 정리했습니다. 경기 의정부시 입주청소 현장에 맞춰 필요한 청소 내용을 확인해보세요.",https://clever-griffin-93819d.netlify.app/gyeonggi-uijeongbu-si-move-in-cleaning-company/,경기 의정부시 입주청소 전문업체,12
경기 의정부시 입주청소 잘하는곳,gyeonggi-uijeongbu-si-move-in-cleaning-best,PASS,100,,경기 의정부시 입주청소 잘하는곳 - 청소 작업 안내,"경기 의정부시 입주청소 잘하는곳 작업 범위와 준비사항, 진행 순서, 확인 항목을 정리했습니다. 경기 의정부시 입주청소 현장에 맞춰 필요한 청소 내용을 확인해보세요.",https://clever-griffin-93819d.netlify.app/gyeonggi-uijeongbu-si-move-in-cleaning-best/,경기 의정부시 입주청소 잘하는곳,12
경기 의정부시 입주청소 가격,gyeonggi-uijeongbu-si-move-in-cleaning-price,PASS,100,,경기 의정부시 입주청소 가격 | 현장별 청소 정보,경기 의정부시 입주청소 가격 관련 청소 과정과 체크포인트를 안내합니다. 공간 상태와 오염 범위를 확인한 뒤 현장에 맞는 작업을 진행합니다.,https://clever-griffin-93819d.netlify.app/gyeonggi-uijeongbu-si-move-in-cleaning-price/,경기 의정부시 입주청소 가격,12
경기 의정부시 입주청소 비용,gyeonggi-uijeongbu-si-move-in-cleaning-cost,PASS,100,,경기 의정부시 입주청소 비용 | 현장별 청소 정보,경기 의정부시 입주청소를 알아보는 분을 위한 안내입니다. 경기 의정부시 입주청소 비용 작업 전 확인사항부터 마무리 점검까지 자세히 정리했습니다.,https://clever-griffin-93819d.netlify.app/gyeonggi-uijeongbu-si-move-in-cleaning-cost/,경기 의정부시 입주청소 비용,12
경기 의정부시 입주청소 견적,gyeonggi-uijeongbu-si-move-in-cleaning-quote,PASS,100,,경기 의정부시 입주청소 견적 | 현장별 청소 정보,"경기 의정부시 입주청소 견적 작업 범위와 준비사항, 진행 순서, 확인 항목을 정리했습니다. 경기 의정부시 입주청소 현장에 맞춰 필요한 청소 내용을 확인해보세요.",https://clever-griffin-93819d.netlify.app/gyeonggi-uijeongbu-si-move-in-cleaning-quote/,경기 의정부시 입주청소 견적,12
경기 의정부시 이사청소,gyeonggi-uijeongbu-si-move-out-cleaning,PASS,100,,경기 의정부시 이사청소 - 청소 작업 안내,"경기 의정부시 이사청소 작업 범위와 준비사항, 진행 순서, 확인 항목을 정리했습니다. 경기 의정부시 이사청소 현장에 맞춰 필요한 청소 내용을 확인해보세요.",https://clever-griffin-93819d.netlify.app/gyeonggi-uijeongbu-si-move-out-cleaning/,경기 의정부시 이사청소,12
경기 의정부시 이사청소 전문업체,gyeonggi-uijeongbu-si-move-out-cleaning-company,PASS,100,,경기 의정부시 이사청소 전문업체 | 체인지클린,경기 의정부시 이사청소 전문업체 관련 청소 과정과 체크포인트를 안내합니다. 공간 상태와 오염 범위를 확인한 뒤 현장에 맞는 작업을 진행합니다.,https://clever-griffin-93819d.netlify.app/gyeonggi-uijeongbu-si-move-out-cleaning-company/,경기 의정부시 이사청소 전문업체,12
경기 의정부시 이사청소 잘하는곳,gyeonggi-uijeongbu-si-move-out-cleaning-best,PASS,100,,경기 의정부시 이사청소 잘하는곳 | 체인지클린,"경기 의정부시 이사청소 잘하는곳 작업 범위와 준비사항, 진행 순서, 확인 항목을 정리했습니다. 경기 의정부시 이사청소 현장에 맞춰 필요한 청소 내용을 확인해보세요.",https://clever-griffin-93819d.netlify.app/gyeonggi-uijeongbu-si-move-out-cleaning-best/,경기 의정부시 이사청소 잘하는곳,12
경기 의정부시 이사청소 가격,gyeonggi-uijeongbu-si-move-out-cleaning-price,PASS,100,,경기 의정부시 이사청소 가격 | 현장별 청소 정보,경기 의정부시 이사청소를 알아보는 분을 위한 안내입니다. 경기 의정부시 이사청소 가격 작업 전 확인사항부터 마무리 점검까지 자세히 정리했습니다.,https://clever-griffin-93819d.netlify.app/gyeonggi-uijeongbu-si-move-out-cleaning-price/,경기 의정부시 이사청소 가격,12
경기 의정부시 이사청소 비용,gyeonggi-uijeongbu-si-move-out-cleaning-cost,PASS,100,,경기 의정부시 이사청소 비용 | 현장별 청소 정보,경기 의정부시 이사청소를 알아보는 분을 위한 안내입니다. 경기 의정부시 이사청소 비용 작업 전 확인사항부터 마무리 점검까지 자세히 정리했습니다.,https://clever-griffin-93819d.netlify.app/gyeonggi-uijeongbu-si-move-out-cleaning-cost/,경기 의정부시 이사청소 비용,12
경기 의정부시 이사청소 견적,gyeonggi-uijeongbu-si-move-out-cleaning-quote,PASS,100,,경기 의정부시 이사청소 견적 | 현장별 청소 정보,"경기 의정부시 이사청소 견적 작업 범위와 준비사항, 진행 순서, 확인 항목을 정리했습니다. 경기 의정부시 이사청소 현장에 맞춰 필요한 청소 내용을 확인해보세요.",https://clever-griffin-93819d.netlify.app/gyeonggi-uijeongbu-si-move-out-cleaning-quote/,경기 의정부시 이사청소 견적,12
경기 의정부시 준공청소,gyeonggi-uijeongbu-si-post-construction-cleaning,PASS,100,,경기 의정부시 준공청소 | 체인지클린,경기 의정부시 준공청소를 알아보는 분을 위한 안내입니다. 경기 의정부시 준공청소 작업 전 확인사항부터 마무리 점검까지 자세히 정리했습니다.,https://clever-griffin-93819d.netlify.app/gyeonggi-uijeongbu-si-post-construction-cleaning/,경기 의정부시 준공청소,12
경기 의정부시 준공청소 전문업체,gyeonggi-uijeongbu-si-post-construction-cleaning-company,PASS,100,,경기 의정부시 준공청소 전문업체 | 현장별 청소 정보,경기 의정부시 준공청소를 알아보는 분을 위한 안내입니다. 경기 의정부시 준공청소 전문업체 작업 전 확인사항부터 마무리 점검까지 자세히 정리했습니다.,https://clever-griffin-93819d.netlify.app/gyeonggi-uijeongbu-si-post-construction-cleaning-company/,경기 의정부시 준공청소 전문업체,12
경기 의정부시 준공청소 잘하는곳,gyeonggi-uijeongbu-si-post-construction-cleaning-best,PASS,100,,경기 의정부시 준공청소 잘하는곳 | 현장별 청소 정보,경기 의정부시 준공청소 잘하는곳 관련 청소 과정과 체크포인트를 안내합니다. 공간 상태와 오염 범위를 확인한 뒤 현장에 맞는 작업을 진행합니다.,https://clever-griffin-93819d.netlify.app/gyeonggi-uijeongbu-si-post-construction-cleaning-best/,경기 의정부시 준공청소 잘하는곳,12
경기 의정부시 준공청소 가격,gyeonggi-uijeongbu-si-post-construction-cleaning-price,PASS,100,,경기 의정부시 준공청소 가격 | 현장별 청소 정보,"경기 의정부시 준공청소 가격 작업 범위와 준비사항, 진행 순서, 확인 항목을 정리했습니다. 경기 의정부시 준공청소 현장에 맞춰 필요한 청소 내용을 확인해보세요.",https://clever-griffin-93819d.netlify.app/gyeonggi-uijeongbu-si-post-construction-cleaning-price/,경기 의정부시 준공청소 가격,12
경기 의정부시 준공청소 비용,gyeonggi-uijeongbu-si-post-construction-cleaning-cost,PASS,100,,경기 의정부시 준공청소 비용 | 체인지클린,"경기 의정부시 준공청소 비용 작업 범위와 준비사항, 진행 순서, 확인 항목을 정리했습니다. 경기 의정부시 준공청소 현장에 맞춰 필요한 청소 내용을 확인해보세요.",https://clever-griffin-93819d.netlify.app/gyeonggi-uijeongbu-si-post-construction-cleaning-cost/,경기 의정부시 준공청소 비용,12
경기 의정부시 준공청소 견적,gyeonggi-uijeongbu-si-post-construction-cleaning-quote,PASS,100,,경기 의정부시 준공청소 견적 | 현장별 청소 정보,경기 의정부시 준공청소를 알아보는 분을 위한 안내입니다. 경기 의정부시 준공청소 견적 작업 전 확인사항부터 마무리 점검까지 자세히 정리했습니다.,https://clever-griffin-93819d.netlify.app/gyeonggi-uijeongbu-si-post-construction-cleaning-quote/,경기 의정부시 준공청소 견적,12
경기 의정부시 상가청소,gyeonggi-uijeongbu-si-store-cleaning,PASS,100,,경기 의정부시 상가청소 | 현장별 청소 정보,경기 의정부시 상가청소 관련 청소 과정과 체크포인트를 안내합니다. 공간 상태와 오염 범위를 확인한 뒤 현장에 맞는 작업을 진행합니다.,https://clever-griffin-93819d.netlify.app/gyeonggi-uijeongbu-si-store-cleaning/,경기 의정부시 상가청소,12
경기 의정부시 상가청소 전문업체,gyeonggi-uijeongbu-si-store-cleaning-company,PASS,100,,경기 의정부시 상가청소 전문업체 | 현장별 청소 정보,"경기 의정부시 상가청소 전문업체 작업 범위와 준비사항, 진행 순서, 확인 항목을 정리했습니다. 경기 의정부시 상가청소 현장에 맞춰 필요한 청소 내용을 확인해보세요.",https://clever-griffin-93819d.netlify.app/gyeonggi-uijeongbu-si-store-cleaning-company/,경기 의정부시 상가청소 전문업체,12
경기 의정부시 상가청소 잘하는곳,gyeonggi-uijeongbu-si-store-cleaning-best,PASS,100,,경기 의정부시 상가청소 잘하는곳 | 체인지클린,경기 의정부시 상가청소를 알아보는 분을 위한 안내입니다. 경기 의정부시 상가청소 잘하는곳 작업 전 확인사항부터 마무리 점검까지 자세히 정리했습니다.,https://clever-griffin-93819d.netlify.app/gyeonggi-uijeongbu-si-store-cleaning-best/,경기 의정부시 상가청소 잘하는곳,12
경기 의정부시 상가청소 가격,gyeonggi-uijeongbu-si-store-cleaning-price,PASS,100,,경기 의정부시 상가청소 가격 | 현장별 청소 정보,경기 의정부시 상가청소 가격 관련 청소 과정과 체크포인트를 안내합니다. 공간 상태와 오염 범위를 확인한 뒤 현장에 맞는 작업을 진행합니다.,https://clever-griffin-93819d.netlify.app/gyeonggi-uijeongbu-si-store-cleaning-price/,경기 의정부시 상가청소 가격,12
경기 의정부시 상가청소 비용,gyeonggi-uijeongbu-si-store-cleaning-cost,PASS,100,,경기 의정부시 상가청소 비용 - 청소 작업 안내,"경기 의정부시 상가청소 비용 작업 범위와 준비사항, 진행 순서, 확인 항목을 정리했습니다. 경기 의정부시 상가청소 현장에 맞춰 필요한 청소 내용을 확인해보세요.",https://clever-griffin-93819d.netlify.app/gyeonggi-uijeongbu-si-store-cleaning-cost/,경기 의정부시 상가청소 비용,12
경기 의정부시 상가청소 견적,gyeonggi-uijeongbu-si-store-cleaning-quote,PASS,100,,경기 의정부시 상가청소 견적 | 체인지클린,경기 의정부시 상가청소를 알아보는 분을 위한 안내입니다. 경기 의정부시 상가청소 견적 작업 전 확인사항부터 마무리 점검까지 자세히 정리했습니다.,https://clever-griffin-93819d.netlify.app/gyeonggi-uijeongbu-si-store-cleaning-quote/,경기 의정부시 상가청소 견적,12
경기 의정부시 사무실청소,gyeonggi-uijeongbu-si-office-cleaning,PASS,100,,경기 의정부시 사무실청소 | 현장별 청소 정보,"경기 의정부시 사무실청소 작업 범위와 준비사항, 진행 순서, 확인 항목을 정리했습니다. 경기 의정부시 사무실청소 현장에 맞춰 필요한 청소 내용을 확인해보세요.",https://clever-griffin-93819d.netlify.app/gyeonggi-uijeongbu-si-office-cleaning/,경기 의정부시 사무실청소,12
경기 의정부시 사무실청소 전문업체,gyeonggi-uijeongbu-si-office-cleaning-company,PASS,100,,경기 의정부시 사무실청소 전문업체 | 현장별 청소 정보,경기 의정부시 사무실청소 전문업체 관련 청소 과정과 체크포인트를 안내합니다. 공간 상태와 오염 범위를 확인한 뒤 현장에 맞는 작업을 진행합니다.,https://clever-griffin-93819d.netlify.app/gyeonggi-uijeongbu-si-office-cleaning-company/,경기 의정부시 사무실청소 전문업체,12
경기 의정부시 사무실청소 잘하는곳,gyeonggi-uijeongbu-si-office-cleaning-best,PASS,100,,경기 의정부시 사무실청소 잘하는곳 - 청소 작업 안내,경기 의정부시 사무실청소 잘하는곳 관련 청소 과정과 체크포인트를 안내합니다. 공간 상태와 오염 범위를 확인한 뒤 현장에 맞는 작업을 진행합니다.,https://clever-griffin-93819d.netlify.app/gyeonggi-uijeongbu-si-office-cleaning-best/,경기 의정부시 사무실청소 잘하는곳,12
경기 의정부시 사무실청소 가격,gyeonggi-uijeongbu-si-office-cleaning-price,PASS,100,,경기 의정부시 사무실청소 가격 | 현장별 청소 정보,"경기 의정부시 사무실청소 가격 작업 범위와 준비사항, 진행 순서, 확인 항목을 정리했습니다. 경기 의정부시 사무실청소 현장에 맞춰 필요한 청소 내용을 확인해보세요.",https://clever-griffin-93819d.netlify.app/gyeonggi-uijeongbu-si-office-cleaning-price/,경기 의정부시 사무실청소 가격,12
경기 의정부시 사무실청소 비용,gyeonggi-uijeongbu-si-office-cleaning-cost,PASS,100,,경기 의정부시 사무실청소 비용 - 청소 작업 안내,"경기 의정부시 사무실청소 비용 작업 범위와 준비사항, 진행 순서, 확인 항목을 정리했습니다. 경기 의정부시 사무실청소 현장에 맞춰 필요한 청소 내용을 확인해보세요.",https://clever-griffin-93819d.netlify.app/gyeonggi-uijeongbu-si-office-cleaning-cost/,경기 의정부시 사무실청소 비용,12
경기 의정부시 사무실청소 견적,gyeonggi-uijeongbu-si-office-cleaning-quote,PASS,100,,경기 의정부시 사무실청소 견적 | 현장별 청소 정보,경기 의정부시 사무실청소 견적 관련 청소 과정과 체크포인트를 안내합니다. 공간 상태와 오염 범위를 확인한 뒤 현장에 맞는 작업을 진행합니다.,https://clever-griffin-93819d.netlify.app/gyeonggi-uijeongbu-si-office-cleaning-quote/,경기 의정부시 사무실청소 견적,12
경기 의정부시 빌라청소,gyeonggi-uijeongbu-si-villa-cleaning,PASS,100,,경기 의정부시 빌라청소 | 체인지클린,"경기 의정부시 빌라청소 작업 범위와 준비사항, 진행 순서, 확인 항목을 정리했습니다. 경기 의정부시 빌라청소 현장에 맞춰 필요한 청소 내용을 확인해보세요.",https://clever-griffin-93819d.netlify.app/gyeonggi-uijeongbu-si-villa-cleaning/,경기 의정부시 빌라청소,12
경기 의정부시 빌라청소 전문업체,gyeonggi-uijeongbu-si-villa-cleaning-company,PASS,100,,경기 의정부시 빌라청소 전문업체 - 청소 작업 안내,"경기 의정부시 빌라청소 전문업체 작업 범위와 준비사항, 진행 순서, 확인 항목을 정리했습니다. 경기 의정부시 빌라청소 현장에 맞춰 필요한 청소 내용을 확인해보세요.",https://clever-griffin-93819d.netlify.app/gyeonggi-uijeongbu-si-villa-cleaning-company/,경기 의정부시 빌라청소 전문업체,12
경기 의정부시 빌라청소 잘하는곳,gyeonggi-uijeongbu-si-villa-cleaning-best,PASS,100,,경기 의정부시 빌라청소 잘하는곳 | 체인지클린,경기 의정부시 빌라청소 잘하는곳 관련 청소 과정과 체크포인트를 안내합니다. 공간 상태와 오염 범위를 확인한 뒤 현장에 맞는 작업을 진행합니다.,https://clever-griffin-93819d.netlify.app/gyeonggi-uijeongbu-si-villa-cleaning-best/,경기 의정부시 빌라청소 잘하는곳,12
경기 의정부시 빌라청소 가격,gyeonggi-uijeongbu-si-villa-cleaning-price,PASS,100,,경기 의정부시 빌라청소 가격 | 현장별 청소 정보,경기 의정부시 빌라청소 가격 관련 청소 과정과 체크포인트를 안내합니다. 공간 상태와 오염 범위를 확인한 뒤 현장에 맞는 작업을 진행합니다.,https://clever-griffin-93819d.netlify.app/gyeonggi-uijeongbu-si-villa-cleaning-price/,경기 의정부시 빌라청소 가격,12
경기 의정부시 빌라청소 비용,gyeonggi-uijeongbu-si-villa-cleaning-cost,PASS,100,,경기 의정부시 빌라청소 비용 | 체인지클린,경기 의정부시 빌라청소를 알아보는 분을 위한 안내입니다. 경기 의정부시 빌라청소 비용 작업 전 확인사항부터 마무리 점검까지 자세히 정리했습니다.,https://clever-griffin-93819d.netlify.app/gyeonggi-uijeongbu-si-villa-cleaning-cost/,경기 의정부시 빌라청소 비용,12
경기 의정부시 빌라청소 견적,gyeonggi-uijeongbu-si-villa-cleaning-quote,PASS,100,,경기 의정부시 빌라청소 견적 | 현장별 청소 정보,경기 의정부시 빌라청소 견적 관련 청소 과정과 체크포인트를 안내합니다. 공간 상태와 오염 범위를 확인한 뒤 현장에 맞는 작업을 진행합니다.,https://clever-griffin-93819d.netlify.app/gyeonggi-uijeongbu-si-villa-cleaning-quote/,경기 의정부시 빌라청소 견적,12
경기 의정부시 아파트청소,gyeonggi-uijeongbu-si-apartment-cleaning,PASS,100,,경기 의정부시 아파트청소 | 현장별 청소 정보,"경기 의정부시 아파트청소 작업 범위와 준비사항, 진행 순서, 확인 항목을 정리했습니다. 경기 의정부시 아파트청소 현장에 맞춰 필요한 청소 내용을 확인해보세요.",https://clever-griffin-93819d.netlify.app/gyeonggi-uijeongbu-si-apartment-cleaning/,경기 의정부시 아파트청소,12
경기 의정부시 아파트청소 전문업체,gyeonggi-uijeongbu-si-apartment-cleaning-company,PASS,100,,경기 의정부시 아파트청소 전문업체 | 체인지클린,"경기 의정부시 아파트청소 전문업체 작업 범위와 준비사항, 진행 순서, 확인 항목을 정리했습니다. 경기 의정부시 아파트청소 현장에 맞춰 필요한 청소 내용을 확인해보세요.",https://clever-griffin-93819d.netlify.app/gyeonggi-uijeongbu-si-apartment-cleaning-company/,경기 의정부시 아파트청소 전문업체,12
경기 의정부시 아파트청소 잘하는곳,gyeonggi-uijeongbu-si-apartment-cleaning-best,PASS,100,,경기 의정부시 아파트청소 잘하는곳 - 청소 작업 안내,경기 의정부시 아파트청소를 알아보는 분을 위한 안내입니다. 경기 의정부시 아파트청소 잘하는곳 작업 전 확인사항부터 마무리 점검까지 자세히 정리했습니다.,https://clever-griffin-93819d.netlify.app/gyeonggi-uijeongbu-si-apartment-cleaning-best/,경기 의정부시 아파트청소 잘하는곳,12
경기 의정부시 아파트청소 가격,gyeonggi-uijeongbu-si-apartment-cleaning-price,PASS,100,,경기 의정부시 아파트청소 가격 - 청소 작업 안내,경기 의정부시 아파트청소를 알아보는 분을 위한 안내입니다. 경기 의정부시 아파트청소 가격 작업 전 확인사항부터 마무리 점검까지 자세히 정리했습니다.,https://clever-griffin-93819d.netlify.app/gyeonggi-uijeongbu-si-apartment-cleaning-price/,경기 의정부시 아파트청소 가격,12
경기 의정부시 아파트청소 비용,gyeonggi-uijeongbu-si-apartment-cleaning-cost,PASS,100,,경기 의정부시 아파트청소 비용 - 청소 작업 안내,"경기 의정부시 아파트청소 비용 작업 범위와 준비사항, 진행 순서, 확인 항목을 정리했습니다. 경기 의정부시 아파트청소 현장에 맞춰 필요한 청소 내용을 확인해보세요.",https://clever-griffin-93819d.netlify.app/gyeonggi-uijeongbu-si-apartment-cleaning-cost/,경기 의정부시 아파트청소 비용,12
경기 의정부시 아파트청소 견적,gyeonggi-uijeongbu-si-apartment-cleaning-quote,PASS,100,,경기 의정부시 아파트청소 견적 - 청소 작업 안내,"경기 의정부시 아파트청소 견적 작업 범위와 준비사항, 진행 순서, 확인 항목을 정리했습니다. 경기 의정부시 아파트청소 현장에 맞춰 필요한 청소 내용을 확인해보세요.",https://clever-griffin-93819d.netlify.app/gyeonggi-uijeongbu-si-apartment-cleaning-quote/,경기 의정부시 아파트청소 견적,12
경기 의정부시 오피스텔청소,gyeonggi-uijeongbu-si-officetel-cleaning,PASS,100,,경기 의정부시 오피스텔청소 - 청소 작업 안내,경기 의정부시 오피스텔청소를 알아보는 분을 위한 안내입니다. 경기 의정부시 오피스텔청소 작업 전 확인사항부터 마무리 점검까지 자세히 정리했습니다.,https://clever-griffin-93819d.netlify.app/gyeonggi-uijeongbu-si-officetel-cleaning/,경기 의정부시 오피스텔청소,12
경기 의정부시 오피스텔청소 전문업체,gyeonggi-uijeongbu-si-officetel-cleaning-company,PASS,100,,경기 의정부시 오피스텔청소 전문업체 - 청소 작업 안내,경기 의정부시 오피스텔청소 전문업체 관련 청소 과정과 체크포인트를 안내합니다. 공간 상태와 오염 범위를 확인한 뒤 현장에 맞는 작업을 진행합니다.,https://clever-griffin-93819d.netlify.app/gyeonggi-uijeongbu-si-officetel-cleaning-company/,경기 의정부시 오피스텔청소 전문업체,12
경기 의정부시 오피스텔청소 잘하는곳,gyeonggi-uijeongbu-si-officetel-cleaning-best,PASS,100,,경기 의정부시 오피스텔청소 잘하는곳 | 체인지클린,"경기 의정부시 오피스텔청소 잘하는곳 작업 범위와 준비사항, 진행 순서, 확인 항목을 정리했습니다. 경기 의정부시 오피스텔청소 현장에 맞춰 필요한 청소 내용을 확인해보세요.",https://clever-griffin-93819d.netlify.app/gyeonggi-uijeongbu-si-officetel-cleaning-best/,경기 의정부시 오피스텔청소 잘하는곳,12
경기 의정부시 오피스텔청소 가격,gyeonggi-uijeongbu-si-officetel-cleaning-price,PASS,100,,경기 의정부시 오피스텔청소 가격 - 청소 작업 안내,"경기 의정부시 오피스텔청소 가격 작업 범위와 준비사항, 진행 순서, 확인 항목을 정리했습니다. 경기 의정부시 오피스텔청소 현장에 맞춰 필요한 청소 내용을 확인해보세요.",https://clever-griffin-93819d.netlify.app/gyeonggi-uijeongbu-si-officetel-cleaning-price/,경기 의정부시 오피스텔청소 가격,12
경기 의정부시 오피스텔청소 비용,gyeonggi-uijeongbu-si-officetel-cleaning-cost,PASS,100,,경기 의정부시 오피스텔청소 비용 - 청소 작업 안내,경기 의정부시 오피스텔청소 비용 관련 청소 과정과 체크포인트를 안내합니다. 공간 상태와 오염 범위를 확인한 뒤 현장에 맞는 작업을 진행합니다.,https://clever-griffin-93819d.netlify.app/gyeonggi-uijeongbu-si-officetel-cleaning-cost/,경기 의정부시 오피스텔청소 비용,12
경기 의정부시 오피스텔청소 견적,gyeonggi-uijeongbu-si-officetel-cleaning-quote,PASS,100,,경기 의정부시 오피스텔청소 견적 | 현장별 청소 정보,경기 의정부시 오피스텔청소를 알아보는 분을 위한 안내입니다. 경기 의정부시 오피스텔청소 견적 작업 전 확인사항부터 마무리 점검까지 자세히 정리했습니다.,https://clever-griffin-93819d.netlify.app/gyeonggi-uijeongbu-si-officetel-cleaning-quote/,경기 의정부시 오피스텔청소 견적,12
경기 의정부시 거주청소,gyeonggi-uijeongbu-si-home-cleaning,PASS,100,,경기 의정부시 거주청소 | 현장별 청소 정보,경기 의정부시 거주청소 관련 청소 과정과 체크포인트를 안내합니다. 공간 상태와 오염 범위를 확인한 뒤 현장에 맞는 작업을 진행합니다.,https://clever-griffin-93819d.netlify.app/gyeonggi-uijeongbu-si-home-cleaning/,경기 의정부시 거주청소,12
경기 의정부시 거주청소 전문업체,gyeonggi-uijeongbu-si-home-cleaning-company,PASS,100,,경기 의정부시 거주청소 전문업체 | 현장별 청소 정보,"경기 의정부시 거주청소 전문업체 작업 범위와 준비사항, 진행 순서, 확인 항목을 정리했습니다. 경기 의정부시 거주청소 현장에 맞춰 필요한 청소 내용을 확인해보세요.",https://clever-griffin-93819d.netlify.app/gyeonggi-uijeongbu-si-home-cleaning-company/,경기 의정부시 거주청소 전문업체,12
경기 의정부시 거주청소 잘하는곳,gyeonggi-uijeongbu-si-home-cleaning-best,PASS,100,,경기 의정부시 거주청소 잘하는곳 | 현장별 청소 정보,경기 의정부시 거주청소 잘하는곳 관련 청소 과정과 체크포인트를 안내합니다. 공간 상태와 오염 범위를 확인한 뒤 현장에 맞는 작업을 진행합니다.,https://clever-griffin-93819d.netlify.app/gyeonggi-uijeongbu-si-home-cleaning-best/,경기 의정부시 거주청소 잘하는곳,12
경기 의정부시 거주청소 가격,gyeonggi-uijeongbu-si-home-cleaning-price,PASS,100,,경기 의정부시 거주청소 가격 | 현장별 청소 정보,경기 의정부시 거주청소를 알아보는 분을 위한 안내입니다. 경기 의정부시 거주청소 가격 작업 전 확인사항부터 마무리 점검까지 자세히 정리했습니다.,https://clever-griffin-93819d.netlify.app/gyeonggi-uijeongbu-si-home-cleaning-price/,경기 의정부시 거주청소 가격,12
경기 의정부시 거주청소 비용,gyeonggi-uijeongbu-si-home-cleaning-cost,PASS,100,,경기 의정부시 거주청소 비용 - 청소 작업 안내,"경기 의정부시 거주청소 비용 작업 범위와 준비사항, 진행 순서, 확인 항목을 정리했습니다. 경기 의정부시 거주청소 현장에 맞춰 필요한 청소 내용을 확인해보세요.",https://clever-griffin-93819d.netlify.app/gyeonggi-uijeongbu-si-home-cleaning-cost/,경기 의정부시 거주청소 비용,12
경기 의정부시 거주청소 견적,gyeonggi-uijeongbu-si-home-cleaning-quote,PASS,100,,경기 의정부시 거주청소 견적 | 현장별 청소 정보,경기 의정부시 거주청소 견적 관련 청소 과정과 체크포인트를 안내합니다. 공간 상태와 오염 범위를 확인한 뒤 현장에 맞는 작업을 진행합니다.,https://clever-griffin-93819d.netlify.app/gyeonggi-uijeongbu-si-home-cleaning-quote/,경기 의정부시 거주청소 견적,12
경기 시흥시 입주청소,gyeonggi-siheung-si-move-in-cleaning,PASS,100,,경기 시흥시 입주청소 | 현장별 청소 정보,경기 시흥시 입주청소 관련 청소 과정과 체크포인트를 안내합니다. 공간 상태와 오염 범위를 확인한 뒤 현장에 맞는 작업을 진행합니다.,https://clever-griffin-93819d.netlify.app/gyeonggi-siheung-si-move-in-cleaning/,경기 시흥시 입주청소,12
경기 시흥시 입주청소 전문업체,gyeonggi-siheung-si-move-in-cleaning-company,PASS,100,,경기 시흥시 입주청소 전문업체 - 청소 작업 안내,경기 시흥시 입주청소 전문업체 관련 청소 과정과 체크포인트를 안내합니다. 공간 상태와 오염 범위를 확인한 뒤 현장에 맞는 작업을 진행합니다.,https://clever-griffin-93819d.netlify.app/gyeonggi-siheung-si-move-in-cleaning-company/,경기 시흥시 입주청소 전문업체,12
경기 시흥시 입주청소 잘하는곳,gyeonggi-siheung-si-move-in-cleaning-best,PASS,100,,경기 시흥시 입주청소 잘하는곳 | 체인지클린,경기 시흥시 입주청소 잘하는곳 관련 청소 과정과 체크포인트를 안내합니다. 공간 상태와 오염 범위를 확인한 뒤 현장에 맞는 작업을 진행합니다.,https://clever-griffin-93819d.netlify.app/gyeonggi-siheung-si-move-in-cleaning-best/,경기 시흥시 입주청소 잘하는곳,12
경기 시흥시 입주청소 가격,gyeonggi-siheung-si-move-in-cleaning-price,PASS,100,,경기 시흥시 입주청소 가격 | 체인지클린,"경기 시흥시 입주청소 가격 작업 범위와 준비사항, 진행 순서, 확인 항목을 정리했습니다. 경기 시흥시 입주청소 현장에 맞춰 필요한 청소 내용을 확인해보세요.",https://clever-griffin-93819d.netlify.app/gyeonggi-siheung-si-move-in-cleaning-price/,경기 시흥시 입주청소 가격,12
경기 시흥시 입주청소 비용,gyeonggi-siheung-si-move-in-cleaning-cost,PASS,100,,경기 시흥시 입주청소 비용 | 현장별 청소 정보,경기 시흥시 입주청소를 알아보는 분을 위한 안내입니다. 경기 시흥시 입주청소 비용 작업 전 확인사항부터 마무리 점검까지 자세히 정리했습니다.,https://clever-griffin-93819d.netlify.app/gyeonggi-siheung-si-move-in-cleaning-cost/,경기 시흥시 입주청소 비용,12
경기 시흥시 입주청소 견적,gyeonggi-siheung-si-move-in-cleaning-quote,PASS,100,,경기 시흥시 입주청소 견적 - 청소 작업 안내,경기 시흥시 입주청소 견적 관련 청소 과정과 체크포인트를 안내합니다. 공간 상태와 오염 범위를 확인한 뒤 현장에 맞는 작업을 진행합니다.,https://clever-griffin-93819d.netlify.app/gyeonggi-siheung-si-move-in-cleaning-quote/,경기 시흥시 입주청소 견적,12
경기 시흥시 이사청소,gyeonggi-siheung-si-move-out-cleaning,CHECK,96,title 길이 확인,경기 시흥시 이사청소 | 체인지클린,"경기 시흥시 이사청소 작업 범위와 준비사항, 진행 순서, 확인 항목을 정리했습니다. 경기 시흥시 이사청소 현장에 맞춰 필요한 청소 내용을 확인해보세요.",https://clever-griffin-93819d.netlify.app/gyeonggi-siheung-si-move-out-cleaning/,경기 시흥시 이사청소,12
경기 시흥시 이사청소 전문업체,gyeonggi-siheung-si-move-out-cleaning-company,PASS,100,,경기 시흥시 이사청소 전문업체 | 체인지클린,경기 시흥시 이사청소 전문업체 관련 청소 과정과 체크포인트를 안내합니다. 공간 상태와 오염 범위를 확인한 뒤 현장에 맞는 작업을 진행합니다.,https://clever-griffin-93819d.netlify.app/gyeonggi-siheung-si-move-out-cleaning-company/,경기 시흥시 이사청소 전문업체,12
경기 시흥시 이사청소 잘하는곳,gyeonggi-siheung-si-move-out-cleaning-best,PASS,100,,경기 시흥시 이사청소 잘하는곳 - 청소 작업 안내,경기 시흥시 이사청소 잘하는곳 관련 청소 과정과 체크포인트를 안내합니다. 공간 상태와 오염 범위를 확인한 뒤 현장에 맞는 작업을 진행합니다.,https://clever-griffin-93819d.netlify.app/gyeonggi-siheung-si-move-out-cleaning-best/,경기 시흥시 이사청소 잘하는곳,12
경기 시흥시 이사청소 가격,gyeonggi-siheung-si-move-out-cleaning-price,PASS,100,,경기 시흥시 이사청소 가격 - 청소 작업 안내,"경기 시흥시 이사청소 가격 작업 범위와 준비사항, 진행 순서, 확인 항목을 정리했습니다. 경기 시흥시 이사청소 현장에 맞춰 필요한 청소 내용을 확인해보세요.",https://clever-griffin-93819d.netlify.app/gyeonggi-siheung-si-move-out-cleaning-price/,경기 시흥시 이사청소 가격,12
경기 시흥시 이사청소 비용,gyeonggi-siheung-si-move-out-cleaning-cost,PASS,100,,경기 시흥시 이사청소 비용 - 청소 작업 안내,경기 시흥시 이사청소를 알아보는 분을 위한 안내입니다. 경기 시흥시 이사청소 비용 작업 전 확인사항부터 마무리 점검까지 자세히 정리했습니다.,https://clever-griffin-93819d.netlify.app/gyeonggi-siheung-si-move-out-cleaning-cost/,경기 시흥시 이사청소 비용,12
경기 시흥시 이사청소 견적,gyeonggi-siheung-si-move-out-cleaning-quote,PASS,100,,경기 시흥시 이사청소 견적 | 체인지클린,경기 시흥시 이사청소를 알아보는 분을 위한 안내입니다. 경기 시흥시 이사청소 견적 작업 전 확인사항부터 마무리 점검까지 자세히 정리했습니다.,https://clever-griffin-93819d.netlify.app/gyeonggi-siheung-si-move-out-cleaning-quote/,경기 시흥시 이사청소 견적,12
경기 시흥시 준공청소,gyeonggi-siheung-si-post-construction-cleaning,CHECK,96,title 길이 확인,경기 시흥시 준공청소 | 체인지클린,경기 시흥시 준공청소 관련 청소 과정과 체크포인트를 안내합니다. 공간 상태와 오염 범위를 확인한 뒤 현장에 맞는 작업을 진행합니다.,https://clever-griffin-93819d.netlify.app/gyeonggi-siheung-si-post-construction-cleaning/,경기 시흥시 준공청소,12
경기 시흥시 준공청소 전문업체,gyeonggi-siheung-si-post-construction-cleaning-company,PASS,100,,경기 시흥시 준공청소 전문업체 | 현장별 청소 정보,경기 시흥시 준공청소 전문업체 관련 청소 과정과 체크포인트를 안내합니다. 공간 상태와 오염 범위를 확인한 뒤 현장에 맞는 작업을 진행합니다.,https://clever-griffin-93819d.netlify.app/gyeonggi-siheung-si-post-construction-cleaning-company/,경기 시흥시 준공청소 전문업체,12
경기 시흥시 준공청소 잘하는곳,gyeonggi-siheung-si-post-construction-cleaning-best,PASS,100,,경기 시흥시 준공청소 잘하는곳 | 현장별 청소 정보,경기 시흥시 준공청소를 알아보는 분을 위한 안내입니다. 경기 시흥시 준공청소 잘하는곳 작업 전 확인사항부터 마무리 점검까지 자세히 정리했습니다.,https://clever-griffin-93819d.netlify.app/gyeonggi-siheung-si-post-construction-cleaning-best/,경기 시흥시 준공청소 잘하는곳,12
경기 시흥시 준공청소 가격,gyeonggi-siheung-si-post-construction-cleaning-price,PASS,100,,경기 시흥시 준공청소 가격 | 체인지클린,경기 시흥시 준공청소를 알아보는 분을 위한 안내입니다. 경기 시흥시 준공청소 가격 작업 전 확인사항부터 마무리 점검까지 자세히 정리했습니다.,https://clever-griffin-93819d.netlify.app/gyeonggi-siheung-si-post-construction-cleaning-price/,경기 시흥시 준공청소 가격,12
경기 시흥시 준공청소 비용,gyeonggi-siheung-si-post-construction-cleaning-cost,PASS,100,,경기 시흥시 준공청소 비용 | 현장별 청소 정보,경기 시흥시 준공청소를 알아보는 분을 위한 안내입니다. 경기 시흥시 준공청소 비용 작업 전 확인사항부터 마무리 점검까지 자세히 정리했습니다.,https://clever-griffin-93819d.netlify.app/gyeonggi-siheung-si-post-construction-cleaning-cost/,경기 시흥시 준공청소 비용,12
경기 시흥시 준공청소 견적,gyeonggi-siheung-si-post-construction-cleaning-quote,PASS,100,,경기 시흥시 준공청소 견적 | 체인지클린,"경기 시흥시 준공청소 견적 작업 범위와 준비사항, 진행 순서, 확인 항목을 정리했습니다. 경기 시흥시 준공청소 현장에 맞춰 필요한 청소 내용을 확인해보세요.",https://clever-griffin-93819d.netlify.app/gyeonggi-siheung-si-post-construction-cleaning-quote/,경기 시흥시 준공청소 견적,12
경기 시흥시 상가청소,gyeonggi-siheung-si-store-cleaning,PASS,100,,경기 시흥시 상가청소 - 청소 작업 안내,경기 시흥시 상가청소 관련 청소 과정과 체크포인트를 안내합니다. 공간 상태와 오염 범위를 확인한 뒤 현장에 맞는 작업을 진행합니다.,https://clever-griffin-93819d.netlify.app/gyeonggi-siheung-si-store-cleaning/,경기 시흥시 상가청소,12
경기 시흥시 상가청소 전문업체,gyeonggi-siheung-si-store-cleaning-company,PASS,100,,경기 시흥시 상가청소 전문업체 - 청소 작업 안내,"경기 시흥시 상가청소 전문업체 작업 범위와 준비사항, 진행 순서, 확인 항목을 정리했습니다. 경기 시흥시 상가청소 현장에 맞춰 필요한 청소 내용을 확인해보세요.",https://clever-griffin-93819d.netlify.app/gyeonggi-siheung-si-store-cleaning-company/,경기 시흥시 상가청소 전문업체,12
경기 시흥시 상가청소 잘하는곳,gyeonggi-siheung-si-store-cleaning-best,PASS,100,,경기 시흥시 상가청소 잘하는곳 - 청소 작업 안내,"경기 시흥시 상가청소 잘하는곳 작업 범위와 준비사항, 진행 순서, 확인 항목을 정리했습니다. 경기 시흥시 상가청소 현장에 맞춰 필요한 청소 내용을 확인해보세요.",https://clever-griffin-93819d.netlify.app/gyeonggi-siheung-si-store-cleaning-best/,경기 시흥시 상가청소 잘하는곳,12
경기 시흥시 상가청소 가격,gyeonggi-siheung-si-store-cleaning-price,PASS,100,,경기 시흥시 상가청소 가격 | 현장별 청소 정보,"경기 시흥시 상가청소 가격 작업 범위와 준비사항, 진행 순서, 확인 항목을 정리했습니다. 경기 시흥시 상가청소 현장에 맞춰 필요한 청소 내용을 확인해보세요.",https://clever-griffin-93819d.netlify.app/gyeonggi-siheung-si-store-cleaning-price/,경기 시흥시 상가청소 가격,12
경기 시흥시 상가청소 비용,gyeonggi-siheung-si-store-cleaning-cost,PASS,100,,경기 시흥시 상가청소 비용 | 현장별 청소 정보,"경기 시흥시 상가청소 비용 작업 범위와 준비사항, 진행 순서, 확인 항목을 정리했습니다. 경기 시흥시 상가청소 현장에 맞춰 필요한 청소 내용을 확인해보세요.",https://clever-griffin-93819d.netlify.app/gyeonggi-siheung-si-store-cleaning-cost/,경기 시흥시 상가청소 비용,12
경기 시흥시 상가청소 견적,gyeonggi-siheung-si-store-cleaning-quote,PASS,100,,경기 시흥시 상가청소 견적 | 체인지클린,경기 시흥시 상가청소 견적 관련 청소 과정과 체크포인트를 안내합니다. 공간 상태와 오염 범위를 확인한 뒤 현장에 맞는 작업을 진행합니다.,https://clever-griffin-93819d.netlify.app/gyeonggi-siheung-si-store-cleaning-quote/,경기 시흥시 상가청소 견적,12
경기 시흥시 사무실청소,gyeonggi-siheung-si-office-cleaning,PASS,100,,경기 시흥시 사무실청소 | 체인지클린,"경기 시흥시 사무실청소 작업 범위와 준비사항, 진행 순서, 확인 항목을 정리했습니다. 경기 시흥시 사무실청소 현장에 맞춰 필요한 청소 내용을 확인해보세요.",https://clever-griffin-93819d.netlify.app/gyeonggi-siheung-si-office-cleaning/,경기 시흥시 사무실청소,12
경기 시흥시 사무실청소 전문업체,gyeonggi-siheung-si-office-cleaning-company,PASS,100,,경기 시흥시 사무실청소 전문업체 | 체인지클린,경기 시흥시 사무실청소 전문업체 관련 청소 과정과 체크포인트를 안내합니다. 공간 상태와 오염 범위를 확인한 뒤 현장에 맞는 작업을 진행합니다.,https://clever-griffin-93819d.netlify.app/gyeonggi-siheung-si-office-cleaning-company/,경기 시흥시 사무실청소 전문업체,12
경기 시흥시 사무실청소 잘하는곳,gyeonggi-siheung-si-office-cleaning-best,PASS,100,,경기 시흥시 사무실청소 잘하는곳 | 현장별 청소 정보,경기 시흥시 사무실청소를 알아보는 분을 위한 안내입니다. 경기 시흥시 사무실청소 잘하는곳 작업 전 확인사항부터 마무리 점검까지 자세히 정리했습니다.,https://clever-griffin-93819d.netlify.app/gyeonggi-siheung-si-office-cleaning-best/,경기 시흥시 사무실청소 잘하는곳,12
경기 시흥시 사무실청소 가격,gyeonggi-siheung-si-office-cleaning-price,PASS,100,,경기 시흥시 사무실청소 가격 | 체인지클린,경기 시흥시 사무실청소 가격 관련 청소 과정과 체크포인트를 안내합니다. 공간 상태와 오염 범위를 확인한 뒤 현장에 맞는 작업을 진행합니다.,https://clever-griffin-93819d.netlify.app/gyeonggi-siheung-si-office-cleaning-price/,경기 시흥시 사무실청소 가격,12
경기 시흥시 사무실청소 비용,gyeonggi-siheung-si-office-cleaning-cost,PASS,100,,경기 시흥시 사무실청소 비용 - 청소 작업 안내,경기 시흥시 사무실청소 비용 관련 청소 과정과 체크포인트를 안내합니다. 공간 상태와 오염 범위를 확인한 뒤 현장에 맞는 작업을 진행합니다.,https://clever-griffin-93819d.netlify.app/gyeonggi-siheung-si-office-cleaning-cost/,경기 시흥시 사무실청소 비용,12
경기 시흥시 사무실청소 견적,gyeonggi-siheung-si-office-cleaning-quote,PASS,100,,경기 시흥시 사무실청소 견적 | 체인지클린,"경기 시흥시 사무실청소 견적 작업 범위와 준비사항, 진행 순서, 확인 항목을 정리했습니다. 경기 시흥시 사무실청소 현장에 맞춰 필요한 청소 내용을 확인해보세요.",https://clever-griffin-93819d.netlify.app/gyeonggi-siheung-si-office-cleaning-quote/,경기 시흥시 사무실청소 견적,12
경기 시흥시 빌라청소,gyeonggi-siheung-si-villa-cleaning,PASS,100,,경기 시흥시 빌라청소 - 청소 작업 안내,경기 시흥시 빌라청소 관련 청소 과정과 체크포인트를 안내합니다. 공간 상태와 오염 범위를 확인한 뒤 현장에 맞는 작업을 진행합니다.,https://clever-griffin-93819d.netlify.app/gyeonggi-siheung-si-villa-cleaning/,경기 시흥시 빌라청소,12
경기 시흥시 빌라청소 전문업체,gyeonggi-siheung-si-villa-cleaning-company,PASS,100,,경기 시흥시 빌라청소 전문업체 - 청소 작업 안내,경기 시흥시 빌라청소 전문업체 관련 청소 과정과 체크포인트를 안내합니다. 공간 상태와 오염 범위를 확인한 뒤 현장에 맞는 작업을 진행합니다.,https://clever-griffin-93819d.netlify.app/gyeonggi-siheung-si-villa-cleaning-company/,경기 시흥시 빌라청소 전문업체,12
경기 시흥시 빌라청소 잘하는곳,gyeonggi-siheung-si-villa-cleaning-best,PASS,100,,경기 시흥시 빌라청소 잘하는곳 | 체인지클린,경기 시흥시 빌라청소 잘하는곳 관련 청소 과정과 체크포인트를 안내합니다. 공간 상태와 오염 범위를 확인한 뒤 현장에 맞는 작업을 진행합니다.,https://clever-griffin-93819d.netlify.app/gyeonggi-siheung-si-villa-cleaning-best/,경기 시흥시 빌라청소 잘하는곳,12
경기 시흥시 빌라청소 가격,gyeonggi-siheung-si-villa-cleaning-price,PASS,100,,경기 시흥시 빌라청소 가격 - 청소 작업 안내,경기 시흥시 빌라청소 가격 관련 청소 과정과 체크포인트를 안내합니다. 공간 상태와 오염 범위를 확인한 뒤 현장에 맞는 작업을 진행합니다.,https://clever-griffin-93819d.netlify.app/gyeonggi-siheung-si-villa-cleaning-price/,경기 시흥시 빌라청소 가격,12
경기 시흥시 빌라청소 비용,gyeonggi-siheung-si-villa-cleaning-cost,PASS,100,,경기 시흥시 빌라청소 비용 - 청소 작업 안내,경기 시흥시 빌라청소를 알아보는 분을 위한 안내입니다. 경기 시흥시 빌라청소 비용 작업 전 확인사항부터 마무리 점검까지 자세히 정리했습니다.,https://clever-griffin-93819d.netlify.app/gyeonggi-siheung-si-villa-cleaning-cost/,경기 시흥시 빌라청소 비용,12
경기 시흥시 빌라청소 견적,gyeonggi-siheung-si-villa-cleaning-quote,PASS,100,,경기 시흥시 빌라청소 견적 - 청소 작업 안내,경기 시흥시 빌라청소 견적 관련 청소 과정과 체크포인트를 안내합니다. 공간 상태와 오염 범위를 확인한 뒤 현장에 맞는 작업을 진행합니다.,https://clever-griffin-93819d.netlify.app/gyeonggi-siheung-si-villa-cleaning-quote/,경기 시흥시 빌라청소 견적,12
경기 시흥시 아파트청소,gyeonggi-siheung-si-apartment-cleaning,PASS,100,,경기 시흥시 아파트청소 | 현장별 청소 정보,경기 시흥시 아파트청소를 알아보는 분을 위한 안내입니다. 경기 시흥시 아파트청소 작업 전 확인사항부터 마무리 점검까지 자세히 정리했습니다.,https://clever-griffin-93819d.netlify.app/gyeonggi-siheung-si-apartment-cleaning/,경기 시흥시 아파트청소,12
경기 시흥시 아파트청소 전문업체,gyeonggi-siheung-si-apartment-cleaning-company,PASS,100,,경기 시흥시 아파트청소 전문업체 | 현장별 청소 정보,경기 시흥시 아파트청소를 알아보는 분을 위한 안내입니다. 경기 시흥시 아파트청소 전문업체 작업 전 확인사항부터 마무리 점검까지 자세히 정리했습니다.,https://clever-griffin-93819d.netlify.app/gyeonggi-siheung-si-apartment-cleaning-company/,경기 시흥시 아파트청소 전문업체,12
경기 시흥시 아파트청소 잘하는곳,gyeonggi-siheung-si-apartment-cleaning-best,PASS,100,,경기 시흥시 아파트청소 잘하는곳 - 청소 작업 안내,경기 시흥시 아파트청소를 알아보는 분을 위한 안내입니다. 경기 시흥시 아파트청소 잘하는곳 작업 전 확인사항부터 마무리 점검까지 자세히 정리했습니다.,https://clever-griffin-93819d.netlify.app/gyeonggi-siheung-si-apartment-cleaning-best/,경기 시흥시 아파트청소 잘하는곳,12
경기 시흥시 아파트청소 가격,gyeonggi-siheung-si-apartment-cleaning-price,PASS,100,,경기 시흥시 아파트청소 가격 | 체인지클린,"경기 시흥시 아파트청소 가격 작업 범위와 준비사항, 진행 순서, 확인 항목을 정리했습니다. 경기 시흥시 아파트청소 현장에 맞춰 필요한 청소 내용을 확인해보세요.",https://clever-griffin-93819d.netlify.app/gyeonggi-siheung-si-apartment-cleaning-price/,경기 시흥시 아파트청소 가격,12
경기 시흥시 아파트청소 비용,gyeonggi-siheung-si-apartment-cleaning-cost,PASS,100,,경기 시흥시 아파트청소 비용 | 체인지클린,경기 시흥시 아파트청소를 알아보는 분을 위한 안내입니다. 경기 시흥시 아파트청소 비용 작업 전 확인사항부터 마무리 점검까지 자세히 정리했습니다.,https://clever-griffin-93819d.netlify.app/gyeonggi-siheung-si-apartment-cleaning-cost/,경기 시흥시 아파트청소 비용,12
경기 시흥시 아파트청소 견적,gyeonggi-siheung-si-apartment-cleaning-quote,PASS,100,,경기 시흥시 아파트청소 견적 | 현장별 청소 정보,경기 시흥시 아파트청소를 알아보는 분을 위한 안내입니다. 경기 시흥시 아파트청소 견적 작업 전 확인사항부터 마무리 점검까지 자세히 정리했습니다.,https://clever-griffin-93819d.netlify.app/gyeonggi-siheung-si-apartment-cleaning-quote/,경기 시흥시 아파트청소 견적,12
경기 시흥시 오피스텔청소,gyeonggi-siheung-si-officetel-cleaning,PASS,100,,경기 시흥시 오피스텔청소 | 현장별 청소 정보,경기 시흥시 오피스텔청소를 알아보는 분을 위한 안내입니다. 경기 시흥시 오피스텔청소 작업 전 확인사항부터 마무리 점검까지 자세히 정리했습니다.,https://clever-griffin-93819d.netlify.app/gyeonggi-siheung-si-officetel-cleaning/,경기 시흥시 오피스텔청소,12
경기 시흥시 오피스텔청소 전문업체,gyeonggi-siheung-si-officetel-cleaning-company,PASS,100,,경기 시흥시 오피스텔청소 전문업체 | 현장별 청소 정보,경기 시흥시 오피스텔청소 전문업체 관련 청소 과정과 체크포인트를 안내합니다. 공간 상태와 오염 범위를 확인한 뒤 현장에 맞는 작업을 진행합니다.,https://clever-griffin-93819d.netlify.app/gyeonggi-siheung-si-officetel-cleaning-company/,경기 시흥시 오피스텔청소 전문업체,12
경기 시흥시 오피스텔청소 잘하는곳,gyeonggi-siheung-si-officetel-cleaning-best,PASS,100,,경기 시흥시 오피스텔청소 잘하는곳 - 청소 작업 안내,경기 시흥시 오피스텔청소를 알아보는 분을 위한 안내입니다. 경기 시흥시 오피스텔청소 잘하는곳 작업 전 확인사항부터 마무리 점검까지 자세히 정리했습니다.,https://clever-griffin-93819d.netlify.app/gyeonggi-siheung-si-officetel-cleaning-best/,경기 시흥시 오피스텔청소 잘하는곳,12
경기 시흥시 오피스텔청소 가격,gyeonggi-siheung-si-officetel-cleaning-price,PASS,100,,경기 시흥시 오피스텔청소 가격 - 청소 작업 안내,경기 시흥시 오피스텔청소를 알아보는 분을 위한 안내입니다. 경기 시흥시 오피스텔청소 가격 작업 전 확인사항부터 마무리 점검까지 자세히 정리했습니다.,https://clever-griffin-93819d.netlify.app/gyeonggi-siheung-si-officetel-cleaning-price/,경기 시흥시 오피스텔청소 가격,12
경기 시흥시 오피스텔청소 비용,gyeonggi-siheung-si-officetel-cleaning-cost,PASS,100,,경기 시흥시 오피스텔청소 비용 | 현장별 청소 정보,경기 시흥시 오피스텔청소 비용 관련 청소 과정과 체크포인트를 안내합니다. 공간 상태와 오염 범위를 확인한 뒤 현장에 맞는 작업을 진행합니다.,https://clever-griffin-93819d.netlify.app/gyeonggi-siheung-si-officetel-cleaning-cost/,경기 시흥시 오피스텔청소 비용,12
경기 시흥시 오피스텔청소 견적,gyeonggi-siheung-si-officetel-cleaning-quote,PASS,100,,경기 시흥시 오피스텔청소 견적 | 현장별 청소 정보,경기 시흥시 오피스텔청소 견적 관련 청소 과정과 체크포인트를 안내합니다. 공간 상태와 오염 범위를 확인한 뒤 현장에 맞는 작업을 진행합니다.,https://clever-griffin-93819d.netlify.app/gyeonggi-siheung-si-officetel-cleaning-quote/,경기 시흥시 오피스텔청소 견적,12
경기 시흥시 거주청소,gyeonggi-siheung-si-home-cleaning,PASS,100,,경기 시흥시 거주청소 - 청소 작업 안내,"경기 시흥시 거주청소 작업 범위와 준비사항, 진행 순서, 확인 항목을 정리했습니다. 경기 시흥시 거주청소 현장에 맞춰 필요한 청소 내용을 확인해보세요.",https://clever-griffin-93819d.netlify.app/gyeonggi-siheung-si-home-cleaning/,경기 시흥시 거주청소,12
경기 시흥시 거주청소 전문업체,gyeonggi-siheung-si-home-cleaning-company,PASS,100,,경기 시흥시 거주청소 전문업체 - 청소 작업 안내,경기 시흥시 거주청소 전문업체 관련 청소 과정과 체크포인트를 안내합니다. 공간 상태와 오염 범위를 확인한 뒤 현장에 맞는 작업을 진행합니다.,https://clever-griffin-93819d.netlify.app/gyeonggi-siheung-si-home-cleaning-company/,경기 시흥시 거주청소 전문업체,12
경기 시흥시 거주청소 잘하는곳,gyeonggi-siheung-si-home-cleaning-best,PASS,100,,경기 시흥시 거주청소 잘하는곳 | 현장별 청소 정보,"경기 시흥시 거주청소 잘하는곳 작업 범위와 준비사항, 진행 순서, 확인 항목을 정리했습니다. 경기 시흥시 거주청소 현장에 맞춰 필요한 청소 내용을 확인해보세요.",https://clever-griffin-93819d.netlify.app/gyeonggi-siheung-si-home-cleaning-best/,경기 시흥시 거주청소 잘하는곳,12
경기 시흥시 거주청소 가격,gyeonggi-siheung-si-home-cleaning-price,PASS,100,,경기 시흥시 거주청소 가격 | 현장별 청소 정보,경기 시흥시 거주청소 가격 관련 청소 과정과 체크포인트를 안내합니다. 공간 상태와 오염 범위를 확인한 뒤 현장에 맞는 작업을 진행합니다.,https://clever-griffin-93819d.netlify.app/gyeonggi-siheung-si-home-cleaning-price/,경기 시흥시 거주청소 가격,12
경기 시흥시 거주청소 비용,gyeonggi-siheung-si-home-cleaning-cost,PASS,100,,경기 시흥시 거주청소 비용 | 현장별 청소 정보,경기 시흥시 거주청소 비용 관련 청소 과정과 체크포인트를 안내합니다. 공간 상태와 오염 범위를 확인한 뒤 현장에 맞는 작업을 진행합니다.,https://clever-griffin-93819d.netlify.app/gyeonggi-siheung-si-home-cleaning-cost/,경기 시흥시 거주청소 비용,12
경기 시흥시 거주청소 견적,gyeonggi-siheung-si-home-cleaning-quote,PASS,100,,경기 시흥시 거주청소 견적 - 청소 작업 안내,경기 시흥시 거주청소를 알아보는 분을 위한 안내입니다. 경기 시흥시 거주청소 견적 작업 전 확인사항부터 마무리 점검까지 자세히 정리했습니다.,https://clever-griffin-93819d.netlify.app/gyeonggi-siheung-si-home-cleaning-quote/,경기 시흥시 거주청소 견적,12
경기 파주시 입주청소,gyeonggi-paju-si-move-in-cleaning,PASS,100,,경기 파주시 입주청소 | 현장별 청소 정보,"경기 파주시 입주청소 작업 범위와 준비사항, 진행 순서, 확인 항목을 정리했습니다. 경기 파주시 입주청소 현장에 맞춰 필요한 청소 내용을 확인해보세요.",https://clever-griffin-93819d.netlify.app/gyeonggi-paju-si-move-in-cleaning/,경기 파주시 입주청소,12
경기 파주시 입주청소 전문업체,gyeonggi-paju-si-move-in-cleaning-company,PASS,100,,경기 파주시 입주청소 전문업체 | 체인지클린,경기 파주시 입주청소를 알아보는 분을 위한 안내입니다. 경기 파주시 입주청소 전문업체 작업 전 확인사항부터 마무리 점검까지 자세히 정리했습니다.,https://clever-griffin-93819d.netlify.app/gyeonggi-paju-si-move-in-cleaning-company/,경기 파주시 입주청소 전문업체,12
경기 파주시 입주청소 잘하는곳,gyeonggi-paju-si-move-in-cleaning-best,PASS,100,,경기 파주시 입주청소 잘하는곳 | 체인지클린,"경기 파주시 입주청소 잘하는곳 작업 범위와 준비사항, 진행 순서, 확인 항목을 정리했습니다. 경기 파주시 입주청소 현장에 맞춰 필요한 청소 내용을 확인해보세요.",https://clever-griffin-93819d.netlify.app/gyeonggi-paju-si-move-in-cleaning-best/,경기 파주시 입주청소 잘하는곳,12
경기 파주시 입주청소 가격,gyeonggi-paju-si-move-in-cleaning-price,PASS,100,,경기 파주시 입주청소 가격 | 체인지클린,경기 파주시 입주청소 가격 관련 청소 과정과 체크포인트를 안내합니다. 공간 상태와 오염 범위를 확인한 뒤 현장에 맞는 작업을 진행합니다.,https://clever-griffin-93819d.netlify.app/gyeonggi-paju-si-move-in-cleaning-price/,경기 파주시 입주청소 가격,12
경기 파주시 입주청소 비용,gyeonggi-paju-si-move-in-cleaning-cost,PASS,100,,경기 파주시 입주청소 비용 | 현장별 청소 정보,"경기 파주시 입주청소 비용 작업 범위와 준비사항, 진행 순서, 확인 항목을 정리했습니다. 경기 파주시 입주청소 현장에 맞춰 필요한 청소 내용을 확인해보세요.",https://clever-griffin-93819d.netlify.app/gyeonggi-paju-si-move-in-cleaning-cost/,경기 파주시 입주청소 비용,12
경기 파주시 입주청소 견적,gyeonggi-paju-si-move-in-cleaning-quote,PASS,100,,경기 파주시 입주청소 견적 | 체인지클린,"경기 파주시 입주청소 견적 작업 범위와 준비사항, 진행 순서, 확인 항목을 정리했습니다. 경기 파주시 입주청소 현장에 맞춰 필요한 청소 내용을 확인해보세요.",https://clever-griffin-93819d.netlify.app/gyeonggi-paju-si-move-in-cleaning-quote/,경기 파주시 입주청소 견적,12
경기 파주시 이사청소,gyeonggi-paju-si-move-out-cleaning,PASS,100,,경기 파주시 이사청소 | 현장별 청소 정보,경기 파주시 이사청소를 알아보는 분을 위한 안내입니다. 경기 파주시 이사청소 작업 전 확인사항부터 마무리 점검까지 자세히 정리했습니다.,https://clever-griffin-93819d.netlify.app/gyeonggi-paju-si-move-out-cleaning/,경기 파주시 이사청소,12
경기 파주시 이사청소 전문업체,gyeonggi-paju-si-move-out-cleaning-company,PASS,100,,경기 파주시 이사청소 전문업체 | 체인지클린,"경기 파주시 이사청소 전문업체 작업 범위와 준비사항, 진행 순서, 확인 항목을 정리했습니다. 경기 파주시 이사청소 현장에 맞춰 필요한 청소 내용을 확인해보세요.",https://clever-griffin-93819d.netlify.app/gyeonggi-paju-si-move-out-cleaning-company/,경기 파주시 이사청소 전문업체,12
경기 파주시 이사청소 잘하는곳,gyeonggi-paju-si-move-out-cleaning-best,PASS,100,,경기 파주시 이사청소 잘하는곳 | 현장별 청소 정보,경기 파주시 이사청소를 알아보는 분을 위한 안내입니다. 경기 파주시 이사청소 잘하는곳 작업 전 확인사항부터 마무리 점검까지 자세히 정리했습니다.,https://clever-griffin-93819d.netlify.app/gyeonggi-paju-si-move-out-cleaning-best/,경기 파주시 이사청소 잘하는곳,12
경기 파주시 이사청소 가격,gyeonggi-paju-si-move-out-cleaning-price,PASS,100,,경기 파주시 이사청소 가격 - 청소 작업 안내,경기 파주시 이사청소 가격 관련 청소 과정과 체크포인트를 안내합니다. 공간 상태와 오염 범위를 확인한 뒤 현장에 맞는 작업을 진행합니다.,https://clever-griffin-93819d.netlify.app/gyeonggi-paju-si-move-out-cleaning-price/,경기 파주시 이사청소 가격,12
경기 파주시 이사청소 비용,gyeonggi-paju-si-move-out-cleaning-cost,PASS,100,,경기 파주시 이사청소 비용 - 청소 작업 안내,경기 파주시 이사청소 비용 관련 청소 과정과 체크포인트를 안내합니다. 공간 상태와 오염 범위를 확인한 뒤 현장에 맞는 작업을 진행합니다.,https://clever-griffin-93819d.netlify.app/gyeonggi-paju-si-move-out-cleaning-cost/,경기 파주시 이사청소 비용,12
경기 파주시 이사청소 견적,gyeonggi-paju-si-move-out-cleaning-quote,PASS,100,,경기 파주시 이사청소 견적 | 현장별 청소 정보,경기 파주시 이사청소를 알아보는 분을 위한 안내입니다. 경기 파주시 이사청소 견적 작업 전 확인사항부터 마무리 점검까지 자세히 정리했습니다.,https://clever-griffin-93819d.netlify.app/gyeonggi-paju-si-move-out-cleaning-quote/,경기 파주시 이사청소 견적,12
경기 파주시 준공청소,gyeonggi-paju-si-post-construction-cleaning,CHECK,96,title 길이 확인,경기 파주시 준공청소 | 체인지클린,"경기 파주시 준공청소 작업 범위와 준비사항, 진행 순서, 확인 항목을 정리했습니다. 경기 파주시 준공청소 현장에 맞춰 필요한 청소 내용을 확인해보세요.",https://clever-griffin-93819d.netlify.app/gyeonggi-paju-si-post-construction-cleaning/,경기 파주시 준공청소,12
경기 파주시 준공청소 전문업체,gyeonggi-paju-si-post-construction-cleaning-company,PASS,100,,경기 파주시 준공청소 전문업체 | 체인지클린,경기 파주시 준공청소 전문업체 관련 청소 과정과 체크포인트를 안내합니다. 공간 상태와 오염 범위를 확인한 뒤 현장에 맞는 작업을 진행합니다.,https://clever-griffin-93819d.netlify.app/gyeonggi-paju-si-post-construction-cleaning-company/,경기 파주시 준공청소 전문업체,12
경기 파주시 준공청소 잘하는곳,gyeonggi-paju-si-post-construction-cleaning-best,PASS,100,,경기 파주시 준공청소 잘하는곳 - 청소 작업 안내,"경기 파주시 준공청소 잘하는곳 작업 범위와 준비사항, 진행 순서, 확인 항목을 정리했습니다. 경기 파주시 준공청소 현장에 맞춰 필요한 청소 내용을 확인해보세요.",https://clever-griffin-93819d.netlify.app/gyeonggi-paju-si-post-construction-cleaning-best/,경기 파주시 준공청소 잘하는곳,12
경기 파주시 준공청소 가격,gyeonggi-paju-si-post-construction-cleaning-price,PASS,100,,경기 파주시 준공청소 가격 - 청소 작업 안내,경기 파주시 준공청소 가격 관련 청소 과정과 체크포인트를 안내합니다. 공간 상태와 오염 범위를 확인한 뒤 현장에 맞는 작업을 진행합니다.,https://clever-griffin-93819d.netlify.app/gyeonggi-paju-si-post-construction-cleaning-price/,경기 파주시 준공청소 가격,12
경기 파주시 준공청소 비용,gyeonggi-paju-si-post-construction-cleaning-cost,PASS,100,,경기 파주시 준공청소 비용 - 청소 작업 안내,"경기 파주시 준공청소 비용 작업 범위와 준비사항, 진행 순서, 확인 항목을 정리했습니다. 경기 파주시 준공청소 현장에 맞춰 필요한 청소 내용을 확인해보세요.",https://clever-griffin-93819d.netlify.app/gyeonggi-paju-si-post-construction-cleaning-cost/,경기 파주시 준공청소 비용,12
경기 파주시 준공청소 견적,gyeonggi-paju-si-post-construction-cleaning-quote,PASS,100,,경기 파주시 준공청소 견적 - 청소 작업 안내,경기 파주시 준공청소를 알아보는 분을 위한 안내입니다. 경기 파주시 준공청소 견적 작업 전 확인사항부터 마무리 점검까지 자세히 정리했습니다.,https://clever-griffin-93819d.netlify.app/gyeonggi-paju-si-post-construction-cleaning-quote/,경기 파주시 준공청소 견적,12
경기 파주시 상가청소,gyeonggi-paju-si-store-cleaning,CHECK,96,title 길이 확인,경기 파주시 상가청소 | 체인지클린,경기 파주시 상가청소 관련 청소 과정과 체크포인트를 안내합니다. 공간 상태와 오염 범위를 확인한 뒤 현장에 맞는 작업을 진행합니다.,https://clever-griffin-93819d.netlify.app/gyeonggi-paju-si-store-cleaning/,경기 파주시 상가청소,12
경기 파주시 상가청소 전문업체,gyeonggi-paju-si-store-cleaning-company,PASS,100,,경기 파주시 상가청소 전문업체 | 체인지클린,경기 파주시 상가청소를 알아보는 분을 위한 안내입니다. 경기 파주시 상가청소 전문업체 작업 전 확인사항부터 마무리 점검까지 자세히 정리했습니다.,https://clever-griffin-93819d.netlify.app/gyeonggi-paju-si-store-cleaning-company/,경기 파주시 상가청소 전문업체,12
경기 파주시 상가청소 잘하는곳,gyeonggi-paju-si-store-cleaning-best,PASS,100,,경기 파주시 상가청소 잘하는곳 | 현장별 청소 정보,경기 파주시 상가청소 잘하는곳 관련 청소 과정과 체크포인트를 안내합니다. 공간 상태와 오염 범위를 확인한 뒤 현장에 맞는 작업을 진행합니다.,https://clever-griffin-93819d.netlify.app/gyeonggi-paju-si-store-cleaning-best/,경기 파주시 상가청소 잘하는곳,12
경기 파주시 상가청소 가격,gyeonggi-paju-si-store-cleaning-price,PASS,100,,경기 파주시 상가청소 가격 - 청소 작업 안내,경기 파주시 상가청소 가격 관련 청소 과정과 체크포인트를 안내합니다. 공간 상태와 오염 범위를 확인한 뒤 현장에 맞는 작업을 진행합니다.,https://clever-griffin-93819d.netlify.app/gyeonggi-paju-si-store-cleaning-price/,경기 파주시 상가청소 가격,12
경기 파주시 상가청소 비용,gyeonggi-paju-si-store-cleaning-cost,PASS,100,,경기 파주시 상가청소 비용 - 청소 작업 안내,경기 파주시 상가청소 비용 관련 청소 과정과 체크포인트를 안내합니다. 공간 상태와 오염 범위를 확인한 뒤 현장에 맞는 작업을 진행합니다.,https://clever-griffin-93819d.netlify.app/gyeonggi-paju-si-store-cleaning-cost/,경기 파주시 상가청소 비용,12
경기 파주시 상가청소 견적,gyeonggi-paju-si-store-cleaning-quote,PASS,100,,경기 파주시 상가청소 견적 | 현장별 청소 정보,경기 파주시 상가청소 견적 관련 청소 과정과 체크포인트를 안내합니다. 공간 상태와 오염 범위를 확인한 뒤 현장에 맞는 작업을 진행합니다.,https://clever-griffin-93819d.netlify.app/gyeonggi-paju-si-store-cleaning-quote/,경기 파주시 상가청소 견적,12
경기 파주시 사무실청소,gyeonggi-paju-si-office-cleaning,PASS,100,,경기 파주시 사무실청소 | 현장별 청소 정보,경기 파주시 사무실청소 관련 청소 과정과 체크포인트를 안내합니다. 공간 상태와 오염 범위를 확인한 뒤 현장에 맞는 작업을 진행합니다.,https://clever-griffin-93819d.netlify.app/gyeonggi-paju-si-office-cleaning/,경기 파주시 사무실청소,12
경기 파주시 사무실청소 전문업체,gyeonggi-paju-si-office-cleaning-company,PASS,100,,경기 파주시 사무실청소 전문업체 | 체인지클린,경기 파주시 사무실청소 전문업체 관련 청소 과정과 체크포인트를 안내합니다. 공간 상태와 오염 범위를 확인한 뒤 현장에 맞는 작업을 진행합니다.,https://clever-griffin-93819d.netlify.app/gyeonggi-paju-si-office-cleaning-company/,경기 파주시 사무실청소 전문업체,12
경기 파주시 사무실청소 잘하는곳,gyeonggi-paju-si-office-cleaning-best,PASS,100,,경기 파주시 사무실청소 잘하는곳 | 체인지클린,경기 파주시 사무실청소를 알아보는 분을 위한 안내입니다. 경기 파주시 사무실청소 잘하는곳 작업 전 확인사항부터 마무리 점검까지 자세히 정리했습니다.,https://clever-griffin-93819d.netlify.app/gyeonggi-paju-si-office-cleaning-best/,경기 파주시 사무실청소 잘하는곳,12
경기 파주시 사무실청소 가격,gyeonggi-paju-si-office-cleaning-price,PASS,100,,경기 파주시 사무실청소 가격 - 청소 작업 안내,경기 파주시 사무실청소를 알아보는 분을 위한 안내입니다. 경기 파주시 사무실청소 가격 작업 전 확인사항부터 마무리 점검까지 자세히 정리했습니다.,https://clever-griffin-93819d.netlify.app/gyeonggi-paju-si-office-cleaning-price/,경기 파주시 사무실청소 가격,12
경기 파주시 사무실청소 비용,gyeonggi-paju-si-office-cleaning-cost,PASS,100,,경기 파주시 사무실청소 비용 | 체인지클린,경기 파주시 사무실청소를 알아보는 분을 위한 안내입니다. 경기 파주시 사무실청소 비용 작업 전 확인사항부터 마무리 점검까지 자세히 정리했습니다.,https://clever-griffin-93819d.netlify.app/gyeonggi-paju-si-office-cleaning-cost/,경기 파주시 사무실청소 비용,12
경기 파주시 사무실청소 견적,gyeonggi-paju-si-office-cleaning-quote,PASS,100,,경기 파주시 사무실청소 견적 | 현장별 청소 정보,"경기 파주시 사무실청소 견적 작업 범위와 준비사항, 진행 순서, 확인 항목을 정리했습니다. 경기 파주시 사무실청소 현장에 맞춰 필요한 청소 내용을 확인해보세요.",https://clever-griffin-93819d.netlify.app/gyeonggi-paju-si-office-cleaning-quote/,경기 파주시 사무실청소 견적,12
경기 파주시 빌라청소,gyeonggi-paju-si-villa-cleaning,CHECK,96,title 길이 확인,경기 파주시 빌라청소 | 체인지클린,경기 파주시 빌라청소를 알아보는 분을 위한 안내입니다. 경기 파주시 빌라청소 작업 전 확인사항부터 마무리 점검까지 자세히 정리했습니다.,https://clever-griffin-93819d.netlify.app/gyeonggi-paju-si-villa-cleaning/,경기 파주시 빌라청소,12
경기 파주시 빌라청소 전문업체,gyeonggi-paju-si-villa-cleaning-company,PASS,100,,경기 파주시 빌라청소 전문업체 | 현장별 청소 정보,경기 파주시 빌라청소를 알아보는 분을 위한 안내입니다. 경기 파주시 빌라청소 전문업체 작업 전 확인사항부터 마무리 점검까지 자세히 정리했습니다.,https://clever-griffin-93819d.netlify.app/gyeonggi-paju-si-villa-cleaning-company/,경기 파주시 빌라청소 전문업체,12
경기 파주시 빌라청소 잘하는곳,gyeonggi-paju-si-villa-cleaning-best,PASS,100,,경기 파주시 빌라청소 잘하는곳 | 체인지클린,경기 파주시 빌라청소를 알아보는 분을 위한 안내입니다. 경기 파주시 빌라청소 잘하는곳 작업 전 확인사항부터 마무리 점검까지 자세히 정리했습니다.,https://clever-griffin-93819d.netlify.app/gyeonggi-paju-si-villa-cleaning-best/,경기 파주시 빌라청소 잘하는곳,12
경기 파주시 빌라청소 가격,gyeonggi-paju-si-villa-cleaning-price,PASS,100,,경기 파주시 빌라청소 가격 - 청소 작업 안내,"경기 파주시 빌라청소 가격 작업 범위와 준비사항, 진행 순서, 확인 항목을 정리했습니다. 경기 파주시 빌라청소 현장에 맞춰 필요한 청소 내용을 확인해보세요.",https://clever-griffin-93819d.netlify.app/gyeonggi-paju-si-villa-cleaning-price/,경기 파주시 빌라청소 가격,12
경기 파주시 빌라청소 비용,gyeonggi-paju-si-villa-cleaning-cost,PASS,100,,경기 파주시 빌라청소 비용 - 청소 작업 안내,경기 파주시 빌라청소 비용 관련 청소 과정과 체크포인트를 안내합니다. 공간 상태와 오염 범위를 확인한 뒤 현장에 맞는 작업을 진행합니다.,https://clever-griffin-93819d.netlify.app/gyeonggi-paju-si-villa-cleaning-cost/,경기 파주시 빌라청소 비용,12
경기 파주시 빌라청소 견적,gyeonggi-paju-si-villa-cleaning-quote,PASS,100,,경기 파주시 빌라청소 견적 | 현장별 청소 정보,경기 파주시 빌라청소 견적 관련 청소 과정과 체크포인트를 안내합니다. 공간 상태와 오염 범위를 확인한 뒤 현장에 맞는 작업을 진행합니다.,https://clever-griffin-93819d.netlify.app/gyeonggi-paju-si-villa-cleaning-quote/,경기 파주시 빌라청소 견적,12
경기 파주시 아파트청소,gyeonggi-paju-si-apartment-cleaning,PASS,100,,경기 파주시 아파트청소 | 체인지클린,경기 파주시 아파트청소를 알아보는 분을 위한 안내입니다. 경기 파주시 아파트청소 작업 전 확인사항부터 마무리 점검까지 자세히 정리했습니다.,https://clever-griffin-93819d.netlify.app/gyeonggi-paju-si-apartment-cleaning/,경기 파주시 아파트청소,12
경기 파주시 아파트청소 전문업체,gyeonggi-paju-si-apartment-cleaning-company,PASS,100,,경기 파주시 아파트청소 전문업체 | 현장별 청소 정보,경기 파주시 아파트청소 전문업체 관련 청소 과정과 체크포인트를 안내합니다. 공간 상태와 오염 범위를 확인한 뒤 현장에 맞는 작업을 진행합니다.,https://clever-griffin-93819d.netlify.app/gyeonggi-paju-si-apartment-cleaning-company/,경기 파주시 아파트청소 전문업체,12
경기 파주시 아파트청소 잘하는곳,gyeonggi-paju-si-apartment-cleaning-best,PASS,100,,경기 파주시 아파트청소 잘하는곳 | 현장별 청소 정보,"경기 파주시 아파트청소 잘하는곳 작업 범위와 준비사항, 진행 순서, 확인 항목을 정리했습니다. 경기 파주시 아파트청소 현장에 맞춰 필요한 청소 내용을 확인해보세요.",https://clever-griffin-93819d.netlify.app/gyeonggi-paju-si-apartment-cleaning-best/,경기 파주시 아파트청소 잘하는곳,12
경기 파주시 아파트청소 가격,gyeonggi-paju-si-apartment-cleaning-price,PASS,100,,경기 파주시 아파트청소 가격 | 현장별 청소 정보,경기 파주시 아파트청소 가격 관련 청소 과정과 체크포인트를 안내합니다. 공간 상태와 오염 범위를 확인한 뒤 현장에 맞는 작업을 진행합니다.,https://clever-griffin-93819d.netlify.app/gyeonggi-paju-si-apartment-cleaning-price/,경기 파주시 아파트청소 가격,12
경기 파주시 아파트청소 비용,gyeonggi-paju-si-apartment-cleaning-cost,PASS,100,,경기 파주시 아파트청소 비용 | 체인지클린,경기 파주시 아파트청소를 알아보는 분을 위한 안내입니다. 경기 파주시 아파트청소 비용 작업 전 확인사항부터 마무리 점검까지 자세히 정리했습니다.,https://clever-griffin-93819d.netlify.app/gyeonggi-paju-si-apartment-cleaning-cost/,경기 파주시 아파트청소 비용,12
경기 파주시 아파트청소 견적,gyeonggi-paju-si-apartment-cleaning-quote,PASS,100,,경기 파주시 아파트청소 견적 - 청소 작업 안내,"경기 파주시 아파트청소 견적 작업 범위와 준비사항, 진행 순서, 확인 항목을 정리했습니다. 경기 파주시 아파트청소 현장에 맞춰 필요한 청소 내용을 확인해보세요.",https://clever-griffin-93819d.netlify.app/gyeonggi-paju-si-apartment-cleaning-quote/,경기 파주시 아파트청소 견적,12
경기 파주시 오피스텔청소,gyeonggi-paju-si-officetel-cleaning,PASS,100,,경기 파주시 오피스텔청소 - 청소 작업 안내,"경기 파주시 오피스텔청소 작업 범위와 준비사항, 진행 순서, 확인 항목을 정리했습니다. 경기 파주시 오피스텔청소 현장에 맞춰 필요한 청소 내용을 확인해보세요.",https://clever-griffin-93819d.netlify.app/gyeonggi-paju-si-officetel-cleaning/,경기 파주시 오피스텔청소,12
경기 파주시 오피스텔청소 전문업체,gyeonggi-paju-si-officetel-cleaning-company,PASS,100,,경기 파주시 오피스텔청소 전문업체 | 현장별 청소 정보,경기 파주시 오피스텔청소 전문업체 관련 청소 과정과 체크포인트를 안내합니다. 공간 상태와 오염 범위를 확인한 뒤 현장에 맞는 작업을 진행합니다.,https://clever-griffin-93819d.netlify.app/gyeonggi-paju-si-officetel-cleaning-company/,경기 파주시 오피스텔청소 전문업체,12
경기 파주시 오피스텔청소 잘하는곳,gyeonggi-paju-si-officetel-cleaning-best,PASS,100,,경기 파주시 오피스텔청소 잘하는곳 | 현장별 청소 정보,"경기 파주시 오피스텔청소 잘하는곳 작업 범위와 준비사항, 진행 순서, 확인 항목을 정리했습니다. 경기 파주시 오피스텔청소 현장에 맞춰 필요한 청소 내용을 확인해보세요.",https://clever-griffin-93819d.netlify.app/gyeonggi-paju-si-officetel-cleaning-best/,경기 파주시 오피스텔청소 잘하는곳,12
경기 파주시 오피스텔청소 가격,gyeonggi-paju-si-officetel-cleaning-price,PASS,100,,경기 파주시 오피스텔청소 가격 - 청소 작업 안내,경기 파주시 오피스텔청소를 알아보는 분을 위한 안내입니다. 경기 파주시 오피스텔청소 가격 작업 전 확인사항부터 마무리 점검까지 자세히 정리했습니다.,https://clever-griffin-93819d.netlify.app/gyeonggi-paju-si-officetel-cleaning-price/,경기 파주시 오피스텔청소 가격,12
경기 파주시 오피스텔청소 비용,gyeonggi-paju-si-officetel-cleaning-cost,PASS,100,,경기 파주시 오피스텔청소 비용 | 체인지클린,경기 파주시 오피스텔청소 비용 관련 청소 과정과 체크포인트를 안내합니다. 공간 상태와 오염 범위를 확인한 뒤 현장에 맞는 작업을 진행합니다.,https://clever-griffin-93819d.netlify.app/gyeonggi-paju-si-officetel-cleaning-cost/,경기 파주시 오피스텔청소 비용,12
경기 파주시 오피스텔청소 견적,gyeonggi-paju-si-officetel-cleaning-quote,PASS,100,,경기 파주시 오피스텔청소 견적 | 현장별 청소 정보,"경기 파주시 오피스텔청소 견적 작업 범위와 준비사항, 진행 순서, 확인 항목을 정리했습니다. 경기 파주시 오피스텔청소 현장에 맞춰 필요한 청소 내용을 확인해보세요.",https://clever-griffin-93819d.netlify.app/gyeonggi-paju-si-officetel-cleaning-quote/,경기 파주시 오피스텔청소 견적,12
경기 파주시 거주청소,gyeonggi-paju-si-home-cleaning,PASS,100,,경기 파주시 거주청소 - 청소 작업 안내,경기 파주시 거주청소 관련 청소 과정과 체크포인트를 안내합니다. 공간 상태와 오염 범위를 확인한 뒤 현장에 맞는 작업을 진행합니다.,https://clever-griffin-93819d.netlify.app/gyeonggi-paju-si-home-cleaning/,경기 파주시 거주청소,12
경기 파주시 거주청소 전문업체,gyeonggi-paju-si-home-cleaning-company,PASS,100,,경기 파주시 거주청소 전문업체 | 체인지클린,"경기 파주시 거주청소 전문업체 작업 범위와 준비사항, 진행 순서, 확인 항목을 정리했습니다. 경기 파주시 거주청소 현장에 맞춰 필요한 청소 내용을 확인해보세요.",https://clever-griffin-93819d.netlify.app/gyeonggi-paju-si-home-cleaning-company/,경기 파주시 거주청소 전문업체,12
경기 파주시 거주청소 잘하는곳,gyeonggi-paju-si-home-cleaning-best,PASS,100,,경기 파주시 거주청소 잘하는곳 | 현장별 청소 정보,경기 파주시 거주청소 잘하는곳 관련 청소 과정과 체크포인트를 안내합니다. 공간 상태와 오염 범위를 확인한 뒤 현장에 맞는 작업을 진행합니다.,https://clever-griffin-93819d.netlify.app/gyeonggi-paju-si-home-cleaning-best/,경기 파주시 거주청소 잘하는곳,12
경기 파주시 거주청소 가격,gyeonggi-paju-si-home-cleaning-price,PASS,100,,경기 파주시 거주청소 가격 | 현장별 청소 정보,경기 파주시 거주청소 가격 관련 청소 과정과 체크포인트를 안내합니다. 공간 상태와 오염 범위를 확인한 뒤 현장에 맞는 작업을 진행합니다.,https://clever-griffin-93819d.netlify.app/gyeonggi-paju-si-home-cleaning-price/,경기 파주시 거주청소 가격,12
경기 파주시 거주청소 비용,gyeonggi-paju-si-home-cleaning-cost,PASS,100,,경기 파주시 거주청소 비용 | 현장별 청소 정보,경기 파주시 거주청소를 알아보는 분을 위한 안내입니다. 경기 파주시 거주청소 비용 작업 전 확인사항부터 마무리 점검까지 자세히 정리했습니다.,https://clever-griffin-93819d.netlify.app/gyeonggi-paju-si-home-cleaning-cost/,경기 파주시 거주청소 비용,12
경기 파주시 거주청소 견적,gyeonggi-paju-si-home-cleaning-quote,PASS,100,,경기 파주시 거주청소 견적 - 청소 작업 안내,경기 파주시 거주청소를 알아보는 분을 위한 안내입니다. 경기 파주시 거주청소 견적 작업 전 확인사항부터 마무리 점검까지 자세히 정리했습니다.,https://clever-griffin-93819d.netlify.app/gyeonggi-paju-si-home-cleaning-quote/,경기 파주시 거주청소 견적,12
경기 김포시 입주청소,gyeonggi-gimpo-si-move-in-cleaning,CHECK,96,title 길이 확인,경기 김포시 입주청소 | 체인지클린,경기 김포시 입주청소를 알아보는 분을 위한 안내입니다. 경기 김포시 입주청소 작업 전 확인사항부터 마무리 점검까지 자세히 정리했습니다.,https://clever-griffin-93819d.netlify.app/gyeonggi-gimpo-si-move-in-cleaning/,경기 김포시 입주청소,12
경기 김포시 입주청소 전문업체,gyeonggi-gimpo-si-move-in-cleaning-company,PASS,100,,경기 김포시 입주청소 전문업체 - 청소 작업 안내,"경기 김포시 입주청소 전문업체 작업 범위와 준비사항, 진행 순서, 확인 항목을 정리했습니다. 경기 김포시 입주청소 현장에 맞춰 필요한 청소 내용을 확인해보세요.",https://clever-griffin-93819d.netlify.app/gyeonggi-gimpo-si-move-in-cleaning-company/,경기 김포시 입주청소 전문업체,12
경기 김포시 입주청소 잘하는곳,gyeonggi-gimpo-si-move-in-cleaning-best,PASS,100,,경기 김포시 입주청소 잘하는곳 | 체인지클린,"경기 김포시 입주청소 잘하는곳 작업 범위와 준비사항, 진행 순서, 확인 항목을 정리했습니다. 경기 김포시 입주청소 현장에 맞춰 필요한 청소 내용을 확인해보세요.",https://clever-griffin-93819d.netlify.app/gyeonggi-gimpo-si-move-in-cleaning-best/,경기 김포시 입주청소 잘하는곳,12
경기 김포시 입주청소 가격,gyeonggi-gimpo-si-move-in-cleaning-price,PASS,100,,경기 김포시 입주청소 가격 | 현장별 청소 정보,경기 김포시 입주청소 가격 관련 청소 과정과 체크포인트를 안내합니다. 공간 상태와 오염 범위를 확인한 뒤 현장에 맞는 작업을 진행합니다.,https://clever-griffin-93819d.netlify.app/gyeonggi-gimpo-si-move-in-cleaning-price/,경기 김포시 입주청소 가격,12
경기 김포시 입주청소 비용,gyeonggi-gimpo-si-move-in-cleaning-cost,PASS,100,,경기 김포시 입주청소 비용 | 체인지클린,경기 김포시 입주청소 비용 관련 청소 과정과 체크포인트를 안내합니다. 공간 상태와 오염 범위를 확인한 뒤 현장에 맞는 작업을 진행합니다.,https://clever-griffin-93819d.netlify.app/gyeonggi-gimpo-si-move-in-cleaning-cost/,경기 김포시 입주청소 비용,12
경기 김포시 입주청소 견적,gyeonggi-gimpo-si-move-in-cleaning-quote,PASS,100,,경기 김포시 입주청소 견적 - 청소 작업 안내,경기 김포시 입주청소 견적 관련 청소 과정과 체크포인트를 안내합니다. 공간 상태와 오염 범위를 확인한 뒤 현장에 맞는 작업을 진행합니다.,https://clever-griffin-93819d.netlify.app/gyeonggi-gimpo-si-move-in-cleaning-quote/,경기 김포시 입주청소 견적,12
경기 김포시 이사청소,gyeonggi-gimpo-si-move-out-cleaning,PASS,100,,경기 김포시 이사청소 | 현장별 청소 정보,"경기 김포시 이사청소 작업 범위와 준비사항, 진행 순서, 확인 항목을 정리했습니다. 경기 김포시 이사청소 현장에 맞춰 필요한 청소 내용을 확인해보세요.",https://clever-griffin-93819d.netlify.app/gyeonggi-gimpo-si-move-out-cleaning/,경기 김포시 이사청소,12
경기 김포시 이사청소 전문업체,gyeonggi-gimpo-si-move-out-cleaning-company,PASS,100,,경기 김포시 이사청소 전문업체 | 체인지클린,"경기 김포시 이사청소 전문업체 작업 범위와 준비사항, 진행 순서, 확인 항목을 정리했습니다. 경기 김포시 이사청소 현장에 맞춰 필요한 청소 내용을 확인해보세요.",https://clever-griffin-93819d.netlify.app/gyeonggi-gimpo-si-move-out-cleaning-company/,경기 김포시 이사청소 전문업체,12
경기 김포시 이사청소 잘하는곳,gyeonggi-gimpo-si-move-out-cleaning-best,PASS,100,,경기 김포시 이사청소 잘하는곳 | 체인지클린,경기 김포시 이사청소 잘하는곳 관련 청소 과정과 체크포인트를 안내합니다. 공간 상태와 오염 범위를 확인한 뒤 현장에 맞는 작업을 진행합니다.,https://clever-griffin-93819d.netlify.app/gyeonggi-gimpo-si-move-out-cleaning-best/,경기 김포시 이사청소 잘하는곳,12
경기 김포시 이사청소 가격,gyeonggi-gimpo-si-move-out-cleaning-price,PASS,100,,경기 김포시 이사청소 가격 | 체인지클린,경기 김포시 이사청소 가격 관련 청소 과정과 체크포인트를 안내합니다. 공간 상태와 오염 범위를 확인한 뒤 현장에 맞는 작업을 진행합니다.,https://clever-griffin-93819d.netlify.app/gyeonggi-gimpo-si-move-out-cleaning-price/,경기 김포시 이사청소 가격,12
경기 김포시 이사청소 비용,gyeonggi-gimpo-si-move-out-cleaning-cost,PASS,100,,경기 김포시 이사청소 비용 - 청소 작업 안내,"경기 김포시 이사청소 비용 작업 범위와 준비사항, 진행 순서, 확인 항목을 정리했습니다. 경기 김포시 이사청소 현장에 맞춰 필요한 청소 내용을 확인해보세요.",https://clever-griffin-93819d.netlify.app/gyeonggi-gimpo-si-move-out-cleaning-cost/,경기 김포시 이사청소 비용,12
경기 김포시 이사청소 견적,gyeonggi-gimpo-si-move-out-cleaning-quote,PASS,100,,경기 김포시 이사청소 견적 | 현장별 청소 정보,경기 김포시 이사청소 견적 관련 청소 과정과 체크포인트를 안내합니다. 공간 상태와 오염 범위를 확인한 뒤 현장에 맞는 작업을 진행합니다.,https://clever-griffin-93819d.netlify.app/gyeonggi-gimpo-si-move-out-cleaning-quote/,경기 김포시 이사청소 견적,12
경기 김포시 준공청소,gyeonggi-gimpo-si-post-construction-cleaning,CHECK,96,title 길이 확인,경기 김포시 준공청소 | 체인지클린,경기 김포시 준공청소를 알아보는 분을 위한 안내입니다. 경기 김포시 준공청소 작업 전 확인사항부터 마무리 점검까지 자세히 정리했습니다.,https://clever-griffin-93819d.netlify.app/gyeonggi-gimpo-si-post-construction-cleaning/,경기 김포시 준공청소,12
경기 김포시 준공청소 전문업체,gyeonggi-gimpo-si-post-construction-cleaning-company,PASS,100,,경기 김포시 준공청소 전문업체 - 청소 작업 안내,경기 김포시 준공청소 전문업체 관련 청소 과정과 체크포인트를 안내합니다. 공간 상태와 오염 범위를 확인한 뒤 현장에 맞는 작업을 진행합니다.,https://clever-griffin-93819d.netlify.app/gyeonggi-gimpo-si-post-construction-cleaning-company/,경기 김포시 준공청소 전문업체,12
경기 김포시 준공청소 잘하는곳,gyeonggi-gimpo-si-post-construction-cleaning-best,PASS,100,,경기 김포시 준공청소 잘하는곳 | 현장별 청소 정보,"경기 김포시 준공청소 잘하는곳 작업 범위와 준비사항, 진행 순서, 확인 항목을 정리했습니다. 경기 김포시 준공청소 현장에 맞춰 필요한 청소 내용을 확인해보세요.",https://clever-griffin-93819d.netlify.app/gyeonggi-gimpo-si-post-construction-cleaning-best/,경기 김포시 준공청소 잘하는곳,12
경기 김포시 준공청소 가격,gyeonggi-gimpo-si-post-construction-cleaning-price,PASS,100,,경기 김포시 준공청소 가격 - 청소 작업 안내,경기 김포시 준공청소를 알아보는 분을 위한 안내입니다. 경기 김포시 준공청소 가격 작업 전 확인사항부터 마무리 점검까지 자세히 정리했습니다.,https://clever-griffin-93819d.netlify.app/gyeonggi-gimpo-si-post-construction-cleaning-price/,경기 김포시 준공청소 가격,12
경기 김포시 준공청소 비용,gyeonggi-gimpo-si-post-construction-cleaning-cost,PASS,100,,경기 김포시 준공청소 비용 | 체인지클린,경기 김포시 준공청소를 알아보는 분을 위한 안내입니다. 경기 김포시 준공청소 비용 작업 전 확인사항부터 마무리 점검까지 자세히 정리했습니다.,https://clever-griffin-93819d.netlify.app/gyeonggi-gimpo-si-post-construction-cleaning-cost/,경기 김포시 준공청소 비용,12
경기 김포시 준공청소 견적,gyeonggi-gimpo-si-post-construction-cleaning-quote,PASS,100,,경기 김포시 준공청소 견적 | 체인지클린,"경기 김포시 준공청소 견적 작업 범위와 준비사항, 진행 순서, 확인 항목을 정리했습니다. 경기 김포시 준공청소 현장에 맞춰 필요한 청소 내용을 확인해보세요.",https://clever-griffin-93819d.netlify.app/gyeonggi-gimpo-si-post-construction-cleaning-quote/,경기 김포시 준공청소 견적,12
경기 김포시 상가청소,gyeonggi-gimpo-si-store-cleaning,PASS,100,,경기 김포시 상가청소 | 현장별 청소 정보,"경기 김포시 상가청소 작업 범위와 준비사항, 진행 순서, 확인 항목을 정리했습니다. 경기 김포시 상가청소 현장에 맞춰 필요한 청소 내용을 확인해보세요.",https://clever-griffin-93819d.netlify.app/gyeonggi-gimpo-si-store-cleaning/,경기 김포시 상가청소,12
경기 김포시 상가청소 전문업체,gyeonggi-gimpo-si-store-cleaning-company,PASS,100,,경기 김포시 상가청소 전문업체 | 현장별 청소 정보,경기 김포시 상가청소를 알아보는 분을 위한 안내입니다. 경기 김포시 상가청소 전문업체 작업 전 확인사항부터 마무리 점검까지 자세히 정리했습니다.,https://clever-griffin-93819d.netlify.app/gyeonggi-gimpo-si-store-cleaning-company/,경기 김포시 상가청소 전문업체,12
경기 김포시 상가청소 잘하는곳,gyeonggi-gimpo-si-store-cleaning-best,PASS,100,,경기 김포시 상가청소 잘하는곳 - 청소 작업 안내,경기 김포시 상가청소 잘하는곳 관련 청소 과정과 체크포인트를 안내합니다. 공간 상태와 오염 범위를 확인한 뒤 현장에 맞는 작업을 진행합니다.,https://clever-griffin-93819d.netlify.app/gyeonggi-gimpo-si-store-cleaning-best/,경기 김포시 상가청소 잘하는곳,12
경기 김포시 상가청소 가격,gyeonggi-gimpo-si-store-cleaning-price,PASS,100,,경기 김포시 상가청소 가격 | 체인지클린,"경기 김포시 상가청소 가격 작업 범위와 준비사항, 진행 순서, 확인 항목을 정리했습니다. 경기 김포시 상가청소 현장에 맞춰 필요한 청소 내용을 확인해보세요.",https://clever-griffin-93819d.netlify.app/gyeonggi-gimpo-si-store-cleaning-price/,경기 김포시 상가청소 가격,12
경기 김포시 상가청소 비용,gyeonggi-gimpo-si-store-cleaning-cost,PASS,100,,경기 김포시 상가청소 비용 | 현장별 청소 정보,"경기 김포시 상가청소 비용 작업 범위와 준비사항, 진행 순서, 확인 항목을 정리했습니다. 경기 김포시 상가청소 현장에 맞춰 필요한 청소 내용을 확인해보세요.",https://clever-griffin-93819d.netlify.app/gyeonggi-gimpo-si-store-cleaning-cost/,경기 김포시 상가청소 비용,12
경기 김포시 상가청소 견적,gyeonggi-gimpo-si-store-cleaning-quote,PASS,100,,경기 김포시 상가청소 견적 | 체인지클린,"경기 김포시 상가청소 견적 작업 범위와 준비사항, 진행 순서, 확인 항목을 정리했습니다. 경기 김포시 상가청소 현장에 맞춰 필요한 청소 내용을 확인해보세요.",https://clever-griffin-93819d.netlify.app/gyeonggi-gimpo-si-store-cleaning-quote/,경기 김포시 상가청소 견적,12
경기 김포시 사무실청소,gyeonggi-gimpo-si-office-cleaning,PASS,100,,경기 김포시 사무실청소 | 현장별 청소 정보,경기 김포시 사무실청소를 알아보는 분을 위한 안내입니다. 경기 김포시 사무실청소 작업 전 확인사항부터 마무리 점검까지 자세히 정리했습니다.,https://clever-griffin-93819d.netlify.app/gyeonggi-gimpo-si-office-cleaning/,경기 김포시 사무실청소,12
경기 김포시 사무실청소 전문업체,gyeonggi-gimpo-si-office-cleaning-company,PASS,100,,경기 김포시 사무실청소 전문업체 | 현장별 청소 정보,경기 김포시 사무실청소 전문업체 관련 청소 과정과 체크포인트를 안내합니다. 공간 상태와 오염 범위를 확인한 뒤 현장에 맞는 작업을 진행합니다.,https://clever-griffin-93819d.netlify.app/gyeonggi-gimpo-si-office-cleaning-company/,경기 김포시 사무실청소 전문업체,12
경기 김포시 사무실청소 잘하는곳,gyeonggi-gimpo-si-office-cleaning-best,PASS,100,,경기 김포시 사무실청소 잘하는곳 - 청소 작업 안내,경기 김포시 사무실청소 잘하는곳 관련 청소 과정과 체크포인트를 안내합니다. 공간 상태와 오염 범위를 확인한 뒤 현장에 맞는 작업을 진행합니다.,https://clever-griffin-93819d.netlify.app/gyeonggi-gimpo-si-office-cleaning-best/,경기 김포시 사무실청소 잘하는곳,12
경기 김포시 사무실청소 가격,gyeonggi-gimpo-si-office-cleaning-price,PASS,100,,경기 김포시 사무실청소 가격 | 현장별 청소 정보,경기 김포시 사무실청소 가격 관련 청소 과정과 체크포인트를 안내합니다. 공간 상태와 오염 범위를 확인한 뒤 현장에 맞는 작업을 진행합니다.,https://clever-griffin-93819d.netlify.app/gyeonggi-gimpo-si-office-cleaning-price/,경기 김포시 사무실청소 가격,12
경기 김포시 사무실청소 비용,gyeonggi-gimpo-si-office-cleaning-cost,PASS,100,,경기 김포시 사무실청소 비용 - 청소 작업 안내,경기 김포시 사무실청소를 알아보는 분을 위한 안내입니다. 경기 김포시 사무실청소 비용 작업 전 확인사항부터 마무리 점검까지 자세히 정리했습니다.,https://clever-griffin-93819d.netlify.app/gyeonggi-gimpo-si-office-cleaning-cost/,경기 김포시 사무실청소 비용,12
경기 김포시 사무실청소 견적,gyeonggi-gimpo-si-office-cleaning-quote,PASS,100,,경기 김포시 사무실청소 견적 | 체인지클린,"경기 김포시 사무실청소 견적 작업 범위와 준비사항, 진행 순서, 확인 항목을 정리했습니다. 경기 김포시 사무실청소 현장에 맞춰 필요한 청소 내용을 확인해보세요.",https://clever-griffin-93819d.netlify.app/gyeonggi-gimpo-si-office-cleaning-quote/,경기 김포시 사무실청소 견적,12
경기 김포시 빌라청소,gyeonggi-gimpo-si-villa-cleaning,PASS,100,,경기 김포시 빌라청소 | 현장별 청소 정보,경기 김포시 빌라청소를 알아보는 분을 위한 안내입니다. 경기 김포시 빌라청소 작업 전 확인사항부터 마무리 점검까지 자세히 정리했습니다.,https://clever-griffin-93819d.netlify.app/gyeonggi-gimpo-si-villa-cleaning/,경기 김포시 빌라청소,12
경기 김포시 빌라청소 전문업체,gyeonggi-gimpo-si-villa-cleaning-company,PASS,100,,경기 김포시 빌라청소 전문업체 | 현장별 청소 정보,"경기 김포시 빌라청소 전문업체 작업 범위와 준비사항, 진행 순서, 확인 항목을 정리했습니다. 경기 김포시 빌라청소 현장에 맞춰 필요한 청소 내용을 확인해보세요.",https://clever-griffin-93819d.netlify.app/gyeonggi-gimpo-si-villa-cleaning-company/,경기 김포시 빌라청소 전문업체,12
경기 김포시 빌라청소 잘하는곳,gyeonggi-gimpo-si-villa-cleaning-best,PASS,100,,경기 김포시 빌라청소 잘하는곳 | 체인지클린,"경기 김포시 빌라청소 잘하는곳 작업 범위와 준비사항, 진행 순서, 확인 항목을 정리했습니다. 경기 김포시 빌라청소 현장에 맞춰 필요한 청소 내용을 확인해보세요.",https://clever-griffin-93819d.netlify.app/gyeonggi-gimpo-si-villa-cleaning-best/,경기 김포시 빌라청소 잘하는곳,12
경기 김포시 빌라청소 가격,gyeonggi-gimpo-si-villa-cleaning-price,PASS,100,,경기 김포시 빌라청소 가격 - 청소 작업 안내,경기 김포시 빌라청소를 알아보는 분을 위한 안내입니다. 경기 김포시 빌라청소 가격 작업 전 확인사항부터 마무리 점검까지 자세히 정리했습니다.,https://clever-griffin-93819d.netlify.app/gyeonggi-gimpo-si-villa-cleaning-price/,경기 김포시 빌라청소 가격,12
경기 김포시 빌라청소 비용,gyeonggi-gimpo-si-villa-cleaning-cost,PASS,100,,경기 김포시 빌라청소 비용 - 청소 작업 안내,경기 김포시 빌라청소를 알아보는 분을 위한 안내입니다. 경기 김포시 빌라청소 비용 작업 전 확인사항부터 마무리 점검까지 자세히 정리했습니다.,https://clever-griffin-93819d.netlify.app/gyeonggi-gimpo-si-villa-cleaning-cost/,경기 김포시 빌라청소 비용,12
경기 김포시 빌라청소 견적,gyeonggi-gimpo-si-villa-cleaning-quote,PASS,100,,경기 김포시 빌라청소 견적 | 현장별 청소 정보,"경기 김포시 빌라청소 견적 작업 범위와 준비사항, 진행 순서, 확인 항목을 정리했습니다. 경기 김포시 빌라청소 현장에 맞춰 필요한 청소 내용을 확인해보세요.",https://clever-griffin-93819d.netlify.app/gyeonggi-gimpo-si-villa-cleaning-quote/,경기 김포시 빌라청소 견적,12
경기 김포시 아파트청소,gyeonggi-gimpo-si-apartment-cleaning,PASS,100,,경기 김포시 아파트청소 | 현장별 청소 정보,"경기 김포시 아파트청소 작업 범위와 준비사항, 진행 순서, 확인 항목을 정리했습니다. 경기 김포시 아파트청소 현장에 맞춰 필요한 청소 내용을 확인해보세요.",https://clever-griffin-93819d.netlify.app/gyeonggi-gimpo-si-apartment-cleaning/,경기 김포시 아파트청소,12
경기 김포시 아파트청소 전문업체,gyeonggi-gimpo-si-apartment-cleaning-company,PASS,100,,경기 김포시 아파트청소 전문업체 - 청소 작업 안내,"경기 김포시 아파트청소 전문업체 작업 범위와 준비사항, 진행 순서, 확인 항목을 정리했습니다. 경기 김포시 아파트청소 현장에 맞춰 필요한 청소 내용을 확인해보세요.",https://clever-griffin-93819d.netlify.app/gyeonggi-gimpo-si-apartment-cleaning-company/,경기 김포시 아파트청소 전문업체,12
경기 김포시 아파트청소 잘하는곳,gyeonggi-gimpo-si-apartment-cleaning-best,PASS,100,,경기 김포시 아파트청소 잘하는곳 - 청소 작업 안내,경기 김포시 아파트청소 잘하는곳 관련 청소 과정과 체크포인트를 안내합니다. 공간 상태와 오염 범위를 확인한 뒤 현장에 맞는 작업을 진행합니다.,https://clever-griffin-93819d.netlify.app/gyeonggi-gimpo-si-apartment-cleaning-best/,경기 김포시 아파트청소 잘하는곳,12
경기 김포시 아파트청소 가격,gyeonggi-gimpo-si-apartment-cleaning-price,PASS,100,,경기 김포시 아파트청소 가격 - 청소 작업 안내,"경기 김포시 아파트청소 가격 작업 범위와 준비사항, 진행 순서, 확인 항목을 정리했습니다. 경기 김포시 아파트청소 현장에 맞춰 필요한 청소 내용을 확인해보세요.",https://clever-griffin-93819d.netlify.app/gyeonggi-gimpo-si-apartment-cleaning-price/,경기 김포시 아파트청소 가격,12
경기 김포시 아파트청소 비용,gyeonggi-gimpo-si-apartment-cleaning-cost,PASS,100,,경기 김포시 아파트청소 비용 | 현장별 청소 정보,경기 김포시 아파트청소 비용 관련 청소 과정과 체크포인트를 안내합니다. 공간 상태와 오염 범위를 확인한 뒤 현장에 맞는 작업을 진행합니다.,https://clever-griffin-93819d.netlify.app/gyeonggi-gimpo-si-apartment-cleaning-cost/,경기 김포시 아파트청소 비용,12
경기 김포시 아파트청소 견적,gyeonggi-gimpo-si-apartment-cleaning-quote,PASS,100,,경기 김포시 아파트청소 견적 - 청소 작업 안내,경기 김포시 아파트청소 견적 관련 청소 과정과 체크포인트를 안내합니다. 공간 상태와 오염 범위를 확인한 뒤 현장에 맞는 작업을 진행합니다.,https://clever-griffin-93819d.netlify.app/gyeonggi-gimpo-si-apartment-cleaning-quote/,경기 김포시 아파트청소 견적,12
경기 김포시 오피스텔청소,gyeonggi-gimpo-si-officetel-cleaning,PASS,100,,경기 김포시 오피스텔청소 | 체인지클린,경기 김포시 오피스텔청소를 알아보는 분을 위한 안내입니다. 경기 김포시 오피스텔청소 작업 전 확인사항부터 마무리 점검까지 자세히 정리했습니다.,https://clever-griffin-93819d.netlify.app/gyeonggi-gimpo-si-officetel-cleaning/,경기 김포시 오피스텔청소,12
경기 김포시 오피스텔청소 전문업체,gyeonggi-gimpo-si-officetel-cleaning-company,PASS,100,,경기 김포시 오피스텔청소 전문업체 | 현장별 청소 정보,경기 김포시 오피스텔청소를 알아보는 분을 위한 안내입니다. 경기 김포시 오피스텔청소 전문업체 작업 전 확인사항부터 마무리 점검까지 자세히 정리했습니다.,https://clever-griffin-93819d.netlify.app/gyeonggi-gimpo-si-officetel-cleaning-company/,경기 김포시 오피스텔청소 전문업체,12
경기 김포시 오피스텔청소 잘하는곳,gyeonggi-gimpo-si-officetel-cleaning-best,PASS,100,,경기 김포시 오피스텔청소 잘하는곳 | 현장별 청소 정보,경기 김포시 오피스텔청소 잘하는곳 관련 청소 과정과 체크포인트를 안내합니다. 공간 상태와 오염 범위를 확인한 뒤 현장에 맞는 작업을 진행합니다.,https://clever-griffin-93819d.netlify.app/gyeonggi-gimpo-si-officetel-cleaning-best/,경기 김포시 오피스텔청소 잘하는곳,12
경기 김포시 오피스텔청소 가격,gyeonggi-gimpo-si-officetel-cleaning-price,PASS,100,,경기 김포시 오피스텔청소 가격 - 청소 작업 안내,경기 김포시 오피스텔청소 가격 관련 청소 과정과 체크포인트를 안내합니다. 공간 상태와 오염 범위를 확인한 뒤 현장에 맞는 작업을 진행합니다.,https://clever-griffin-93819d.netlify.app/gyeonggi-gimpo-si-officetel-cleaning-price/,경기 김포시 오피스텔청소 가격,12
경기 김포시 오피스텔청소 비용,gyeonggi-gimpo-si-officetel-cleaning-cost,PASS,100,,경기 김포시 오피스텔청소 비용 | 현장별 청소 정보,경기 김포시 오피스텔청소를 알아보는 분을 위한 안내입니다. 경기 김포시 오피스텔청소 비용 작업 전 확인사항부터 마무리 점검까지 자세히 정리했습니다.,https://clever-griffin-93819d.netlify.app/gyeonggi-gimpo-si-officetel-cleaning-cost/,경기 김포시 오피스텔청소 비용,12
경기 김포시 오피스텔청소 견적,gyeonggi-gimpo-si-officetel-cleaning-quote,PASS,100,,경기 김포시 오피스텔청소 견적 | 체인지클린,경기 김포시 오피스텔청소 견적 관련 청소 과정과 체크포인트를 안내합니다. 공간 상태와 오염 범위를 확인한 뒤 현장에 맞는 작업을 진행합니다.,https://clever-griffin-93819d.netlify.app/gyeonggi-gimpo-si-officetel-cleaning-quote/,경기 김포시 오피스텔청소 견적,12
경기 김포시 거주청소,gyeonggi-gimpo-si-home-cleaning,PASS,100,,경기 김포시 거주청소 | 현장별 청소 정보,"경기 김포시 거주청소 작업 범위와 준비사항, 진행 순서, 확인 항목을 정리했습니다. 경기 김포시 거주청소 현장에 맞춰 필요한 청소 내용을 확인해보세요.",https://clever-griffin-93819d.netlify.app/gyeonggi-gimpo-si-home-cleaning/,경기 김포시 거주청소,12
경기 김포시 거주청소 전문업체,gyeonggi-gimpo-si-home-cleaning-company,PASS,100,,경기 김포시 거주청소 전문업체 | 현장별 청소 정보,경기 김포시 거주청소 전문업체 관련 청소 과정과 체크포인트를 안내합니다. 공간 상태와 오염 범위를 확인한 뒤 현장에 맞는 작업을 진행합니다.,https://clever-griffin-93819d.netlify.app/gyeonggi-gimpo-si-home-cleaning-company/,경기 김포시 거주청소 전문업체,12
경기 김포시 거주청소 잘하는곳,gyeonggi-gimpo-si-home-cleaning-best,PASS,100,,경기 김포시 거주청소 잘하는곳 | 현장별 청소 정보,경기 김포시 거주청소를 알아보는 분을 위한 안내입니다. 경기 김포시 거주청소 잘하는곳 작업 전 확인사항부터 마무리 점검까지 자세히 정리했습니다.,https://clever-griffin-93819d.netlify.app/gyeonggi-gimpo-si-home-cleaning-best/,경기 김포시 거주청소 잘하는곳,12
경기 김포시 거주청소 가격,gyeonggi-gimpo-si-home-cleaning-price,PASS,100,,경기 김포시 거주청소 가격 - 청소 작업 안내,"경기 김포시 거주청소 가격 작업 범위와 준비사항, 진행 순서, 확인 항목을 정리했습니다. 경기 김포시 거주청소 현장에 맞춰 필요한 청소 내용을 확인해보세요.",https://clever-griffin-93819d.netlify.app/gyeonggi-gimpo-si-home-cleaning-price/,경기 김포시 거주청소 가격,12
경기 김포시 거주청소 비용,gyeonggi-gimpo-si-home-cleaning-cost,PASS,100,,경기 김포시 거주청소 비용 - 청소 작업 안내,경기 김포시 거주청소를 알아보는 분을 위한 안내입니다. 경기 김포시 거주청소 비용 작업 전 확인사항부터 마무리 점검까지 자세히 정리했습니다.,https://clever-griffin-93819d.netlify.app/gyeonggi-gimpo-si-home-cleaning-cost/,경기 김포시 거주청소 비용,12
경기 김포시 거주청소 견적,gyeonggi-gimpo-si-home-cleaning-quote,PASS,100,,경기 김포시 거주청소 견적 | 현장별 청소 정보,"경기 김포시 거주청소 견적 작업 범위와 준비사항, 진행 순서, 확인 항목을 정리했습니다. 경기 김포시 거주청소 현장에 맞춰 필요한 청소 내용을 확인해보세요.",https://clever-griffin-93819d.netlify.app/gyeonggi-gimpo-si-home-cleaning-quote/,경기 김포시 거주청소 견적,12
경기 광명시 입주청소,gyeonggi-gwangmyeong-si-move-in-cleaning,PASS,100,,경기 광명시 입주청소 - 청소 작업 안내,경기 광명시 입주청소를 알아보는 분을 위한 안내입니다. 경기 광명시 입주청소 작업 전 확인사항부터 마무리 점검까지 자세히 정리했습니다.,https://clever-griffin-93819d.netlify.app/gyeonggi-gwangmyeong-si-move-in-cleaning/,경기 광명시 입주청소,12
경기 광명시 입주청소 전문업체,gyeonggi-gwangmyeong-si-move-in-cleaning-company,PASS,100,,경기 광명시 입주청소 전문업체 - 청소 작업 안내,경기 광명시 입주청소 전문업체 관련 청소 과정과 체크포인트를 안내합니다. 공간 상태와 오염 범위를 확인한 뒤 현장에 맞는 작업을 진행합니다.,https://clever-griffin-93819d.netlify.app/gyeonggi-gwangmyeong-si-move-in-cleaning-company/,경기 광명시 입주청소 전문업체,12
경기 광명시 입주청소 잘하는곳,gyeonggi-gwangmyeong-si-move-in-cleaning-best,PASS,100,,경기 광명시 입주청소 잘하는곳 | 체인지클린,경기 광명시 입주청소 잘하는곳 관련 청소 과정과 체크포인트를 안내합니다. 공간 상태와 오염 범위를 확인한 뒤 현장에 맞는 작업을 진행합니다.,https://clever-griffin-93819d.netlify.app/gyeonggi-gwangmyeong-si-move-in-cleaning-best/,경기 광명시 입주청소 잘하는곳,12
경기 광명시 입주청소 가격,gyeonggi-gwangmyeong-si-move-in-cleaning-price,PASS,100,,경기 광명시 입주청소 가격 | 현장별 청소 정보,경기 광명시 입주청소를 알아보는 분을 위한 안내입니다. 경기 광명시 입주청소 가격 작업 전 확인사항부터 마무리 점검까지 자세히 정리했습니다.,https://clever-griffin-93819d.netlify.app/gyeonggi-gwangmyeong-si-move-in-cleaning-price/,경기 광명시 입주청소 가격,12
경기 광명시 입주청소 비용,gyeonggi-gwangmyeong-si-move-in-cleaning-cost,PASS,100,,경기 광명시 입주청소 비용 | 현장별 청소 정보,경기 광명시 입주청소를 알아보는 분을 위한 안내입니다. 경기 광명시 입주청소 비용 작업 전 확인사항부터 마무리 점검까지 자세히 정리했습니다.,https://clever-griffin-93819d.netlify.app/gyeonggi-gwangmyeong-si-move-in-cleaning-cost/,경기 광명시 입주청소 비용,12
경기 광명시 입주청소 견적,gyeonggi-gwangmyeong-si-move-in-cleaning-quote,PASS,100,,경기 광명시 입주청소 견적 | 체인지클린,"경기 광명시 입주청소 견적 작업 범위와 준비사항, 진행 순서, 확인 항목을 정리했습니다. 경기 광명시 입주청소 현장에 맞춰 필요한 청소 내용을 확인해보세요.",https://clever-griffin-93819d.netlify.app/gyeonggi-gwangmyeong-si-move-in-cleaning-quote/,경기 광명시 입주청소 견적,12
경기 광명시 이사청소,gyeonggi-gwangmyeong-si-move-out-cleaning,PASS,100,,경기 광명시 이사청소 | 현장별 청소 정보,"경기 광명시 이사청소 작업 범위와 준비사항, 진행 순서, 확인 항목을 정리했습니다. 경기 광명시 이사청소 현장에 맞춰 필요한 청소 내용을 확인해보세요.",https://clever-griffin-93819d.netlify.app/gyeonggi-gwangmyeong-si-move-out-cleaning/,경기 광명시 이사청소,12
경기 광명시 이사청소 전문업체,gyeonggi-gwangmyeong-si-move-out-cleaning-company,PASS,100,,경기 광명시 이사청소 전문업체 | 체인지클린,경기 광명시 이사청소를 알아보는 분을 위한 안내입니다. 경기 광명시 이사청소 전문업체 작업 전 확인사항부터 마무리 점검까지 자세히 정리했습니다.,https://clever-griffin-93819d.netlify.app/gyeonggi-gwangmyeong-si-move-out-cleaning-company/,경기 광명시 이사청소 전문업체,12
경기 광명시 이사청소 잘하는곳,gyeonggi-gwangmyeong-si-move-out-cleaning-best,PASS,100,,경기 광명시 이사청소 잘하는곳 - 청소 작업 안내,경기 광명시 이사청소를 알아보는 분을 위한 안내입니다. 경기 광명시 이사청소 잘하는곳 작업 전 확인사항부터 마무리 점검까지 자세히 정리했습니다.,https://clever-griffin-93819d.netlify.app/gyeonggi-gwangmyeong-si-move-out-cleaning-best/,경기 광명시 이사청소 잘하는곳,12
경기 광명시 이사청소 가격,gyeonggi-gwangmyeong-si-move-out-cleaning-price,PASS,100,,경기 광명시 이사청소 가격 - 청소 작업 안내,경기 광명시 이사청소 가격 관련 청소 과정과 체크포인트를 안내합니다. 공간 상태와 오염 범위를 확인한 뒤 현장에 맞는 작업을 진행합니다.,https://clever-griffin-93819d.netlify.app/gyeonggi-gwangmyeong-si-move-out-cleaning-price/,경기 광명시 이사청소 가격,12
경기 광명시 이사청소 비용,gyeonggi-gwangmyeong-si-move-out-cleaning-cost,PASS,100,,경기 광명시 이사청소 비용 | 현장별 청소 정보,경기 광명시 이사청소 비용 관련 청소 과정과 체크포인트를 안내합니다. 공간 상태와 오염 범위를 확인한 뒤 현장에 맞는 작업을 진행합니다.,https://clever-griffin-93819d.netlify.app/gyeonggi-gwangmyeong-si-move-out-cleaning-cost/,경기 광명시 이사청소 비용,12
경기 광명시 이사청소 견적,gyeonggi-gwangmyeong-si-move-out-cleaning-quote,PASS,100,,경기 광명시 이사청소 견적 | 현장별 청소 정보,"경기 광명시 이사청소 견적 작업 범위와 준비사항, 진행 순서, 확인 항목을 정리했습니다. 경기 광명시 이사청소 현장에 맞춰 필요한 청소 내용을 확인해보세요.",https://clever-griffin-93819d.netlify.app/gyeonggi-gwangmyeong-si-move-out-cleaning-quote/,경기 광명시 이사청소 견적,12
경기 광명시 준공청소,gyeonggi-gwangmyeong-si-post-construction-cleaning,PASS,100,,경기 광명시 준공청소 - 청소 작업 안내,경기 광명시 준공청소 관련 청소 과정과 체크포인트를 안내합니다. 공간 상태와 오염 범위를 확인한 뒤 현장에 맞는 작업을 진행합니다.,https://clever-griffin-93819d.netlify.app/gyeonggi-gwangmyeong-si-post-construction-cleaning/,경기 광명시 준공청소,12
경기 광명시 준공청소 전문업체,gyeonggi-gwangmyeong-si-post-construction-cleaning-company,PASS,100,,경기 광명시 준공청소 전문업체 | 체인지클린,"경기 광명시 준공청소 전문업체 작업 범위와 준비사항, 진행 순서, 확인 항목을 정리했습니다. 경기 광명시 준공청소 현장에 맞춰 필요한 청소 내용을 확인해보세요.",https://clever-griffin-93819d.netlify.app/gyeonggi-gwangmyeong-si-post-construction-cleaning-company/,경기 광명시 준공청소 전문업체,12
경기 광명시 준공청소 잘하는곳,gyeonggi-gwangmyeong-si-post-construction-cleaning-best,PASS,100,,경기 광명시 준공청소 잘하는곳 | 체인지클린,"경기 광명시 준공청소 잘하는곳 작업 범위와 준비사항, 진행 순서, 확인 항목을 정리했습니다. 경기 광명시 준공청소 현장에 맞춰 필요한 청소 내용을 확인해보세요.",https://clever-griffin-93819d.netlify.app/gyeonggi-gwangmyeong-si-post-construction-cleaning-best/,경기 광명시 준공청소 잘하는곳,12
경기 광명시 준공청소 가격,gyeonggi-gwangmyeong-si-post-construction-cleaning-price,PASS,100,,경기 광명시 준공청소 가격 | 체인지클린,경기 광명시 준공청소를 알아보는 분을 위한 안내입니다. 경기 광명시 준공청소 가격 작업 전 확인사항부터 마무리 점검까지 자세히 정리했습니다.,https://clever-griffin-93819d.netlify.app/gyeonggi-gwangmyeong-si-post-construction-cleaning-price/,경기 광명시 준공청소 가격,12
경기 광명시 준공청소 비용,gyeonggi-gwangmyeong-si-post-construction-cleaning-cost,PASS,100,,경기 광명시 준공청소 비용 - 청소 작업 안내,"경기 광명시 준공청소 비용 작업 범위와 준비사항, 진행 순서, 확인 항목을 정리했습니다. 경기 광명시 준공청소 현장에 맞춰 필요한 청소 내용을 확인해보세요.",https://clever-griffin-93819d.netlify.app/gyeonggi-gwangmyeong-si-post-construction-cleaning-cost/,경기 광명시 준공청소 비용,12
경기 광명시 준공청소 견적,gyeonggi-gwangmyeong-si-post-construction-cleaning-quote,PASS,100,,경기 광명시 준공청소 견적 | 현장별 청소 정보,"경기 광명시 준공청소 견적 작업 범위와 준비사항, 진행 순서, 확인 항목을 정리했습니다. 경기 광명시 준공청소 현장에 맞춰 필요한 청소 내용을 확인해보세요.",https://clever-griffin-93819d.netlify.app/gyeonggi-gwangmyeong-si-post-construction-cleaning-quote/,경기 광명시 준공청소 견적,12
경기 광명시 상가청소,gyeonggi-gwangmyeong-si-store-cleaning,CHECK,96,title 길이 확인,경기 광명시 상가청소 | 체인지클린,경기 광명시 상가청소를 알아보는 분을 위한 안내입니다. 경기 광명시 상가청소 작업 전 확인사항부터 마무리 점검까지 자세히 정리했습니다.,https://clever-griffin-93819d.netlify.app/gyeonggi-gwangmyeong-si-store-cleaning/,경기 광명시 상가청소,12
경기 광명시 상가청소 전문업체,gyeonggi-gwangmyeong-si-store-cleaning-company,PASS,100,,경기 광명시 상가청소 전문업체 | 체인지클린,경기 광명시 상가청소 전문업체 관련 청소 과정과 체크포인트를 안내합니다. 공간 상태와 오염 범위를 확인한 뒤 현장에 맞는 작업을 진행합니다.,https://clever-griffin-93819d.netlify.app/gyeonggi-gwangmyeong-si-store-cleaning-company/,경기 광명시 상가청소 전문업체,12
경기 광명시 상가청소 잘하는곳,gyeonggi-gwangmyeong-si-store-cleaning-best,PASS,100,,경기 광명시 상가청소 잘하는곳 | 현장별 청소 정보,"경기 광명시 상가청소 잘하는곳 작업 범위와 준비사항, 진행 순서, 확인 항목을 정리했습니다. 경기 광명시 상가청소 현장에 맞춰 필요한 청소 내용을 확인해보세요.",https://clever-griffin-93819d.netlify.app/gyeonggi-gwangmyeong-si-store-cleaning-best/,경기 광명시 상가청소 잘하는곳,12
경기 광명시 상가청소 가격,gyeonggi-gwangmyeong-si-store-cleaning-price,PASS,100,,경기 광명시 상가청소 가격 | 현장별 청소 정보,경기 광명시 상가청소를 알아보는 분을 위한 안내입니다. 경기 광명시 상가청소 가격 작업 전 확인사항부터 마무리 점검까지 자세히 정리했습니다.,https://clever-griffin-93819d.netlify.app/gyeonggi-gwangmyeong-si-store-cleaning-price/,경기 광명시 상가청소 가격,12
경기 광명시 상가청소 비용,gyeonggi-gwangmyeong-si-store-cleaning-cost,PASS,100,,경기 광명시 상가청소 비용 - 청소 작업 안내,"경기 광명시 상가청소 비용 작업 범위와 준비사항, 진행 순서, 확인 항목을 정리했습니다. 경기 광명시 상가청소 현장에 맞춰 필요한 청소 내용을 확인해보세요.",https://clever-griffin-93819d.netlify.app/gyeonggi-gwangmyeong-si-store-cleaning-cost/,경기 광명시 상가청소 비용,12
경기 광명시 상가청소 견적,gyeonggi-gwangmyeong-si-store-cleaning-quote,PASS,100,,경기 광명시 상가청소 견적 | 현장별 청소 정보,경기 광명시 상가청소를 알아보는 분을 위한 안내입니다. 경기 광명시 상가청소 견적 작업 전 확인사항부터 마무리 점검까지 자세히 정리했습니다.,https://clever-griffin-93819d.netlify.app/gyeonggi-gwangmyeong-si-store-cleaning-quote/,경기 광명시 상가청소 견적,12
경기 광명시 사무실청소,gyeonggi-gwangmyeong-si-office-cleaning,PASS,100,,경기 광명시 사무실청소 | 체인지클린,"경기 광명시 사무실청소 작업 범위와 준비사항, 진행 순서, 확인 항목을 정리했습니다. 경기 광명시 사무실청소 현장에 맞춰 필요한 청소 내용을 확인해보세요.",https://clever-griffin-93819d.netlify.app/gyeonggi-gwangmyeong-si-office-cleaning/,경기 광명시 사무실청소,12
경기 광명시 사무실청소 전문업체,gyeonggi-gwangmyeong-si-office-cleaning-company,PASS,100,,경기 광명시 사무실청소 전문업체 | 체인지클린,경기 광명시 사무실청소 전문업체 관련 청소 과정과 체크포인트를 안내합니다. 공간 상태와 오염 범위를 확인한 뒤 현장에 맞는 작업을 진행합니다.,https://clever-griffin-93819d.netlify.app/gyeonggi-gwangmyeong-si-office-cleaning-company/,경기 광명시 사무실청소 전문업체,12
경기 광명시 사무실청소 잘하는곳,gyeonggi-gwangmyeong-si-office-cleaning-best,PASS,100,,경기 광명시 사무실청소 잘하는곳 - 청소 작업 안내,경기 광명시 사무실청소 잘하는곳 관련 청소 과정과 체크포인트를 안내합니다. 공간 상태와 오염 범위를 확인한 뒤 현장에 맞는 작업을 진행합니다.,https://clever-griffin-93819d.netlify.app/gyeonggi-gwangmyeong-si-office-cleaning-best/,경기 광명시 사무실청소 잘하는곳,12
경기 광명시 사무실청소 가격,gyeonggi-gwangmyeong-si-office-cleaning-price,PASS,100,,경기 광명시 사무실청소 가격 | 현장별 청소 정보,경기 광명시 사무실청소를 알아보는 분을 위한 안내입니다. 경기 광명시 사무실청소 가격 작업 전 확인사항부터 마무리 점검까지 자세히 정리했습니다.,https://clever-griffin-93819d.netlify.app/gyeonggi-gwangmyeong-si-office-cleaning-price/,경기 광명시 사무실청소 가격,12
경기 광명시 사무실청소 비용,gyeonggi-gwangmyeong-si-office-cleaning-cost,PASS,100,,경기 광명시 사무실청소 비용 | 체인지클린,경기 광명시 사무실청소를 알아보는 분을 위한 안내입니다. 경기 광명시 사무실청소 비용 작업 전 확인사항부터 마무리 점검까지 자세히 정리했습니다.,https://clever-griffin-93819d.netlify.app/gyeonggi-gwangmyeong-si-office-cleaning-cost/,경기 광명시 사무실청소 비용,12
경기 광명시 사무실청소 견적,gyeonggi-gwangmyeong-si-office-cleaning-quote,PASS,100,,경기 광명시 사무실청소 견적 - 청소 작업 안내,경기 광명시 사무실청소 견적 관련 청소 과정과 체크포인트를 안내합니다. 공간 상태와 오염 범위를 확인한 뒤 현장에 맞는 작업을 진행합니다.,https://clever-griffin-93819d.netlify.app/gyeonggi-gwangmyeong-si-office-cleaning-quote/,경기 광명시 사무실청소 견적,12
경기 광명시 빌라청소,gyeonggi-gwangmyeong-si-villa-cleaning,PASS,100,,경기 광명시 빌라청소 | 현장별 청소 정보,"경기 광명시 빌라청소 작업 범위와 준비사항, 진행 순서, 확인 항목을 정리했습니다. 경기 광명시 빌라청소 현장에 맞춰 필요한 청소 내용을 확인해보세요.",https://clever-griffin-93819d.netlify.app/gyeonggi-gwangmyeong-si-villa-cleaning/,경기 광명시 빌라청소,12
경기 광명시 빌라청소 전문업체,gyeonggi-gwangmyeong-si-villa-cleaning-company,PASS,100,,경기 광명시 빌라청소 전문업체 | 체인지클린,경기 광명시 빌라청소 전문업체 관련 청소 과정과 체크포인트를 안내합니다. 공간 상태와 오염 범위를 확인한 뒤 현장에 맞는 작업을 진행합니다.,https://clever-griffin-93819d.netlify.app/gyeonggi-gwangmyeong-si-villa-cleaning-company/,경기 광명시 빌라청소 전문업체,12
경기 광명시 빌라청소 잘하는곳,gyeonggi-gwangmyeong-si-villa-cleaning-best,PASS,100,,경기 광명시 빌라청소 잘하는곳 | 현장별 청소 정보,경기 광명시 빌라청소 잘하는곳 관련 청소 과정과 체크포인트를 안내합니다. 공간 상태와 오염 범위를 확인한 뒤 현장에 맞는 작업을 진행합니다.,https://clever-griffin-93819d.netlify.app/gyeonggi-gwangmyeong-si-villa-cleaning-best/,경기 광명시 빌라청소 잘하는곳,12
경기 광명시 빌라청소 가격,gyeonggi-gwangmyeong-si-villa-cleaning-price,PASS,100,,경기 광명시 빌라청소 가격 | 체인지클린,경기 광명시 빌라청소를 알아보는 분을 위한 안내입니다. 경기 광명시 빌라청소 가격 작업 전 확인사항부터 마무리 점검까지 자세히 정리했습니다.,https://clever-griffin-93819d.netlify.app/gyeonggi-gwangmyeong-si-villa-cleaning-price/,경기 광명시 빌라청소 가격,12
경기 광명시 빌라청소 비용,gyeonggi-gwangmyeong-si-villa-cleaning-cost,PASS,100,,경기 광명시 빌라청소 비용 | 체인지클린,"경기 광명시 빌라청소 비용 작업 범위와 준비사항, 진행 순서, 확인 항목을 정리했습니다. 경기 광명시 빌라청소 현장에 맞춰 필요한 청소 내용을 확인해보세요.",https://clever-griffin-93819d.netlify.app/gyeonggi-gwangmyeong-si-villa-cleaning-cost/,경기 광명시 빌라청소 비용,12
경기 광명시 빌라청소 견적,gyeonggi-gwangmyeong-si-villa-cleaning-quote,PASS,100,,경기 광명시 빌라청소 견적 - 청소 작업 안내,"경기 광명시 빌라청소 견적 작업 범위와 준비사항, 진행 순서, 확인 항목을 정리했습니다. 경기 광명시 빌라청소 현장에 맞춰 필요한 청소 내용을 확인해보세요.",https://clever-griffin-93819d.netlify.app/gyeonggi-gwangmyeong-si-villa-cleaning-quote/,경기 광명시 빌라청소 견적,12
경기 광명시 아파트청소,gyeonggi-gwangmyeong-si-apartment-cleaning,PASS,100,,경기 광명시 아파트청소 - 청소 작업 안내,"경기 광명시 아파트청소 작업 범위와 준비사항, 진행 순서, 확인 항목을 정리했습니다. 경기 광명시 아파트청소 현장에 맞춰 필요한 청소 내용을 확인해보세요.",https://clever-griffin-93819d.netlify.app/gyeonggi-gwangmyeong-si-apartment-cleaning/,경기 광명시 아파트청소,12
경기 광명시 아파트청소 전문업체,gyeonggi-gwangmyeong-si-apartment-cleaning-company,PASS,100,,경기 광명시 아파트청소 전문업체 | 체인지클린,경기 광명시 아파트청소를 알아보는 분을 위한 안내입니다. 경기 광명시 아파트청소 전문업체 작업 전 확인사항부터 마무리 점검까지 자세히 정리했습니다.,https://clever-griffin-93819d.netlify.app/gyeonggi-gwangmyeong-si-apartment-cleaning-company/,경기 광명시 아파트청소 전문업체,12
경기 광명시 아파트청소 잘하는곳,gyeonggi-gwangmyeong-si-apartment-cleaning-best,PASS,100,,경기 광명시 아파트청소 잘하는곳 - 청소 작업 안내,경기 광명시 아파트청소 잘하는곳 관련 청소 과정과 체크포인트를 안내합니다. 공간 상태와 오염 범위를 확인한 뒤 현장에 맞는 작업을 진행합니다.,https://clever-griffin-93819d.netlify.app/gyeonggi-gwangmyeong-si-apartment-cleaning-best/,경기 광명시 아파트청소 잘하는곳,12
경기 광명시 아파트청소 가격,gyeonggi-gwangmyeong-si-apartment-cleaning-price,PASS,100,,경기 광명시 아파트청소 가격 | 현장별 청소 정보,경기 광명시 아파트청소를 알아보는 분을 위한 안내입니다. 경기 광명시 아파트청소 가격 작업 전 확인사항부터 마무리 점검까지 자세히 정리했습니다.,https://clever-griffin-93819d.netlify.app/gyeonggi-gwangmyeong-si-apartment-cleaning-price/,경기 광명시 아파트청소 가격,12
경기 광명시 아파트청소 비용,gyeonggi-gwangmyeong-si-apartment-cleaning-cost,PASS,100,,경기 광명시 아파트청소 비용 | 체인지클린,경기 광명시 아파트청소를 알아보는 분을 위한 안내입니다. 경기 광명시 아파트청소 비용 작업 전 확인사항부터 마무리 점검까지 자세히 정리했습니다.,https://clever-griffin-93819d.netlify.app/gyeonggi-gwangmyeong-si-apartment-cleaning-cost/,경기 광명시 아파트청소 비용,12
경기 광명시 아파트청소 견적,gyeonggi-gwangmyeong-si-apartment-cleaning-quote,PASS,100,,경기 광명시 아파트청소 견적 | 현장별 청소 정보,"경기 광명시 아파트청소 견적 작업 범위와 준비사항, 진행 순서, 확인 항목을 정리했습니다. 경기 광명시 아파트청소 현장에 맞춰 필요한 청소 내용을 확인해보세요.",https://clever-griffin-93819d.netlify.app/gyeonggi-gwangmyeong-si-apartment-cleaning-quote/,경기 광명시 아파트청소 견적,12
경기 광명시 오피스텔청소,gyeonggi-gwangmyeong-si-officetel-cleaning,PASS,100,,경기 광명시 오피스텔청소 - 청소 작업 안내,경기 광명시 오피스텔청소를 알아보는 분을 위한 안내입니다. 경기 광명시 오피스텔청소 작업 전 확인사항부터 마무리 점검까지 자세히 정리했습니다.,https://clever-griffin-93819d.netlify.app/gyeonggi-gwangmyeong-si-officetel-cleaning/,경기 광명시 오피스텔청소,12
경기 광명시 오피스텔청소 전문업체,gyeonggi-gwangmyeong-si-officetel-cleaning-company,PASS,100,,경기 광명시 오피스텔청소 전문업체 | 체인지클린,경기 광명시 오피스텔청소를 알아보는 분을 위한 안내입니다. 경기 광명시 오피스텔청소 전문업체 작업 전 확인사항부터 마무리 점검까지 자세히 정리했습니다.,https://clever-griffin-93819d.netlify.app/gyeonggi-gwangmyeong-si-officetel-cleaning-company/,경기 광명시 오피스텔청소 전문업체,12
경기 광명시 오피스텔청소 잘하는곳,gyeonggi-gwangmyeong-si-officetel-cleaning-best,PASS,100,,경기 광명시 오피스텔청소 잘하는곳 - 청소 작업 안내,경기 광명시 오피스텔청소 잘하는곳 관련 청소 과정과 체크포인트를 안내합니다. 공간 상태와 오염 범위를 확인한 뒤 현장에 맞는 작업을 진행합니다.,https://clever-griffin-93819d.netlify.app/gyeonggi-gwangmyeong-si-officetel-cleaning-best/,경기 광명시 오피스텔청소 잘하는곳,12
경기 광명시 오피스텔청소 가격,gyeonggi-gwangmyeong-si-officetel-cleaning-price,PASS,100,,경기 광명시 오피스텔청소 가격 - 청소 작업 안내,경기 광명시 오피스텔청소를 알아보는 분을 위한 안내입니다. 경기 광명시 오피스텔청소 가격 작업 전 확인사항부터 마무리 점검까지 자세히 정리했습니다.,https://clever-griffin-93819d.netlify.app/gyeonggi-gwangmyeong-si-officetel-cleaning-price/,경기 광명시 오피스텔청소 가격,12
경기 광명시 오피스텔청소 비용,gyeonggi-gwangmyeong-si-officetel-cleaning-cost,PASS,100,,경기 광명시 오피스텔청소 비용 - 청소 작업 안내,"경기 광명시 오피스텔청소 비용 작업 범위와 준비사항, 진행 순서, 확인 항목을 정리했습니다. 경기 광명시 오피스텔청소 현장에 맞춰 필요한 청소 내용을 확인해보세요.",https://clever-griffin-93819d.netlify.app/gyeonggi-gwangmyeong-si-officetel-cleaning-cost/,경기 광명시 오피스텔청소 비용,12
경기 광명시 오피스텔청소 견적,gyeonggi-gwangmyeong-si-officetel-cleaning-quote,PASS,100,,경기 광명시 오피스텔청소 견적 | 체인지클린,경기 광명시 오피스텔청소 견적 관련 청소 과정과 체크포인트를 안내합니다. 공간 상태와 오염 범위를 확인한 뒤 현장에 맞는 작업을 진행합니다.,https://clever-griffin-93819d.netlify.app/gyeonggi-gwangmyeong-si-officetel-cleaning-quote/,경기 광명시 오피스텔청소 견적,12
경기 광명시 거주청소,gyeonggi-gwangmyeong-si-home-cleaning,PASS,100,,경기 광명시 거주청소 | 현장별 청소 정보,경기 광명시 거주청소 관련 청소 과정과 체크포인트를 안내합니다. 공간 상태와 오염 범위를 확인한 뒤 현장에 맞는 작업을 진행합니다.,https://clever-griffin-93819d.netlify.app/gyeonggi-gwangmyeong-si-home-cleaning/,경기 광명시 거주청소,12
경기 광명시 거주청소 전문업체,gyeonggi-gwangmyeong-si-home-cleaning-company,PASS,100,,경기 광명시 거주청소 전문업체 | 체인지클린,"경기 광명시 거주청소 전문업체 작업 범위와 준비사항, 진행 순서, 확인 항목을 정리했습니다. 경기 광명시 거주청소 현장에 맞춰 필요한 청소 내용을 확인해보세요.",https://clever-griffin-93819d.netlify.app/gyeonggi-gwangmyeong-si-home-cleaning-company/,경기 광명시 거주청소 전문업체,12
경기 광명시 거주청소 잘하는곳,gyeonggi-gwangmyeong-si-home-cleaning-best,PASS,100,,경기 광명시 거주청소 잘하는곳 | 체인지클린,경기 광명시 거주청소를 알아보는 분을 위한 안내입니다. 경기 광명시 거주청소 잘하는곳 작업 전 확인사항부터 마무리 점검까지 자세히 정리했습니다.,https://clever-griffin-93819d.netlify.app/gyeonggi-gwangmyeong-si-home-cleaning-best/,경기 광명시 거주청소 잘하는곳,12
경기 광명시 거주청소 가격,gyeonggi-gwangmyeong-si-home-cleaning-price,PASS,100,,경기 광명시 거주청소 가격 | 체인지클린,"경기 광명시 거주청소 가격 작업 범위와 준비사항, 진행 순서, 확인 항목을 정리했습니다. 경기 광명시 거주청소 현장에 맞춰 필요한 청소 내용을 확인해보세요.",https://clever-griffin-93819d.netlify.app/gyeonggi-gwangmyeong-si-home-cleaning-price/,경기 광명시 거주청소 가격,12
경기 광명시 거주청소 비용,gyeonggi-gwangmyeong-si-home-cleaning-cost,PASS,100,,경기 광명시 거주청소 비용 | 체인지클린,"경기 광명시 거주청소 비용 작업 범위와 준비사항, 진행 순서, 확인 항목을 정리했습니다. 경기 광명시 거주청소 현장에 맞춰 필요한 청소 내용을 확인해보세요.",https://clever-griffin-93819d.netlify.app/gyeonggi-gwangmyeong-si-home-cleaning-cost/,경기 광명시 거주청소 비용,12
경기 광명시 거주청소 견적,gyeonggi-gwangmyeong-si-home-cleaning-quote,PASS,100,,경기 광명시 거주청소 견적 | 체인지클린,"경기 광명시 거주청소 견적 작업 범위와 준비사항, 진행 순서, 확인 항목을 정리했습니다. 경기 광명시 거주청소 현장에 맞춰 필요한 청소 내용을 확인해보세요.",https://clever-griffin-93819d.netlify.app/gyeonggi-gwangmyeong-si-home-cleaning-quote/,경기 광명시 거주청소 견적,12
경기 광주시 입주청소,gyeonggi-gwangju-si-move-in-cleaning,PASS,100,,경기 광주시 입주청소 | 현장별 청소 정보,경기 광주시 입주청소 관련 청소 과정과 체크포인트를 안내합니다. 공간 상태와 오염 범위를 확인한 뒤 현장에 맞는 작업을 진행합니다.,https://clever-griffin-93819d.netlify.app/gyeonggi-gwangju-si-move-in-cleaning/,경기 광주시 입주청소,12
경기 광주시 입주청소 전문업체,gyeonggi-gwangju-si-move-in-cleaning-company,PASS,100,,경기 광주시 입주청소 전문업체 - 청소 작업 안내,"경기 광주시 입주청소 전문업체 작업 범위와 준비사항, 진행 순서, 확인 항목을 정리했습니다. 경기 광주시 입주청소 현장에 맞춰 필요한 청소 내용을 확인해보세요.",https://clever-griffin-93819d.netlify.app/gyeonggi-gwangju-si-move-in-cleaning-company/,경기 광주시 입주청소 전문업체,12
경기 광주시 입주청소 잘하는곳,gyeonggi-gwangju-si-move-in-cleaning-best,PASS,100,,경기 광주시 입주청소 잘하는곳 - 청소 작업 안내,경기 광주시 입주청소 잘하는곳 관련 청소 과정과 체크포인트를 안내합니다. 공간 상태와 오염 범위를 확인한 뒤 현장에 맞는 작업을 진행합니다.,https://clever-griffin-93819d.netlify.app/gyeonggi-gwangju-si-move-in-cleaning-best/,경기 광주시 입주청소 잘하는곳,12
경기 광주시 입주청소 가격,gyeonggi-gwangju-si-move-in-cleaning-price,PASS,100,,경기 광주시 입주청소 가격 | 현장별 청소 정보,"경기 광주시 입주청소 가격 작업 범위와 준비사항, 진행 순서, 확인 항목을 정리했습니다. 경기 광주시 입주청소 현장에 맞춰 필요한 청소 내용을 확인해보세요.",https://clever-griffin-93819d.netlify.app/gyeonggi-gwangju-si-move-in-cleaning-price/,경기 광주시 입주청소 가격,12
경기 광주시 입주청소 비용,gyeonggi-gwangju-si-move-in-cleaning-cost,PASS,100,,경기 광주시 입주청소 비용 - 청소 작업 안내,경기 광주시 입주청소를 알아보는 분을 위한 안내입니다. 경기 광주시 입주청소 비용 작업 전 확인사항부터 마무리 점검까지 자세히 정리했습니다.,https://clever-griffin-93819d.netlify.app/gyeonggi-gwangju-si-move-in-cleaning-cost/,경기 광주시 입주청소 비용,12
경기 광주시 입주청소 견적,gyeonggi-gwangju-si-move-in-cleaning-quote,PASS,100,,경기 광주시 입주청소 견적 | 현장별 청소 정보,경기 광주시 입주청소 견적 관련 청소 과정과 체크포인트를 안내합니다. 공간 상태와 오염 범위를 확인한 뒤 현장에 맞는 작업을 진행합니다.,https://clever-griffin-93819d.netlify.app/gyeonggi-gwangju-si-move-in-cleaning-quote/,경기 광주시 입주청소 견적,12
경기 광주시 이사청소,gyeonggi-gwangju-si-move-out-cleaning,PASS,100,,경기 광주시 이사청소 | 현장별 청소 정보,경기 광주시 이사청소 관련 청소 과정과 체크포인트를 안내합니다. 공간 상태와 오염 범위를 확인한 뒤 현장에 맞는 작업을 진행합니다.,https://clever-griffin-93819d.netlify.app/gyeonggi-gwangju-si-move-out-cleaning/,경기 광주시 이사청소,12
경기 광주시 이사청소 전문업체,gyeonggi-gwangju-si-move-out-cleaning-company,PASS,100,,경기 광주시 이사청소 전문업체 | 현장별 청소 정보,경기 광주시 이사청소를 알아보는 분을 위한 안내입니다. 경기 광주시 이사청소 전문업체 작업 전 확인사항부터 마무리 점검까지 자세히 정리했습니다.,https://clever-griffin-93819d.netlify.app/gyeonggi-gwangju-si-move-out-cleaning-company/,경기 광주시 이사청소 전문업체,12
경기 광주시 이사청소 잘하는곳,gyeonggi-gwangju-si-move-out-cleaning-best,PASS,100,,경기 광주시 이사청소 잘하는곳 - 청소 작업 안내,경기 광주시 이사청소 잘하는곳 관련 청소 과정과 체크포인트를 안내합니다. 공간 상태와 오염 범위를 확인한 뒤 현장에 맞는 작업을 진행합니다.,https://clever-griffin-93819d.netlify.app/gyeonggi-gwangju-si-move-out-cleaning-best/,경기 광주시 이사청소 잘하는곳,12
경기 광주시 이사청소 가격,gyeonggi-gwangju-si-move-out-cleaning-price,PASS,100,,경기 광주시 이사청소 가격 | 현장별 청소 정보,"경기 광주시 이사청소 가격 작업 범위와 준비사항, 진행 순서, 확인 항목을 정리했습니다. 경기 광주시 이사청소 현장에 맞춰 필요한 청소 내용을 확인해보세요.",https://clever-griffin-93819d.netlify.app/gyeonggi-gwangju-si-move-out-cleaning-price/,경기 광주시 이사청소 가격,12
경기 광주시 이사청소 비용,gyeonggi-gwangju-si-move-out-cleaning-cost,PASS,100,,경기 광주시 이사청소 비용 - 청소 작업 안내,경기 광주시 이사청소를 알아보는 분을 위한 안내입니다. 경기 광주시 이사청소 비용 작업 전 확인사항부터 마무리 점검까지 자세히 정리했습니다.,https://clever-griffin-93819d.netlify.app/gyeonggi-gwangju-si-move-out-cleaning-cost/,경기 광주시 이사청소 비용,12
경기 광주시 이사청소 견적,gyeonggi-gwangju-si-move-out-cleaning-quote,PASS,100,,경기 광주시 이사청소 견적 - 청소 작업 안내,경기 광주시 이사청소를 알아보는 분을 위한 안내입니다. 경기 광주시 이사청소 견적 작업 전 확인사항부터 마무리 점검까지 자세히 정리했습니다.,https://clever-griffin-93819d.netlify.app/gyeonggi-gwangju-si-move-out-cleaning-quote/,경기 광주시 이사청소 견적,12
경기 광주시 준공청소,gyeonggi-gwangju-si-post-construction-cleaning,PASS,100,,경기 광주시 준공청소 | 현장별 청소 정보,"경기 광주시 준공청소 작업 범위와 준비사항, 진행 순서, 확인 항목을 정리했습니다. 경기 광주시 준공청소 현장에 맞춰 필요한 청소 내용을 확인해보세요.",https://clever-griffin-93819d.netlify.app/gyeonggi-gwangju-si-post-construction-cleaning/,경기 광주시 준공청소,12
경기 광주시 준공청소 전문업체,gyeonggi-gwangju-si-post-construction-cleaning-company,PASS,100,,경기 광주시 준공청소 전문업체 | 체인지클린,경기 광주시 준공청소 전문업체 관련 청소 과정과 체크포인트를 안내합니다. 공간 상태와 오염 범위를 확인한 뒤 현장에 맞는 작업을 진행합니다.,https://clever-griffin-93819d.netlify.app/gyeonggi-gwangju-si-post-construction-cleaning-company/,경기 광주시 준공청소 전문업체,12
경기 광주시 준공청소 잘하는곳,gyeonggi-gwangju-si-post-construction-cleaning-best,PASS,100,,경기 광주시 준공청소 잘하는곳 | 현장별 청소 정보,경기 광주시 준공청소 잘하는곳 관련 청소 과정과 체크포인트를 안내합니다. 공간 상태와 오염 범위를 확인한 뒤 현장에 맞는 작업을 진행합니다.,https://clever-griffin-93819d.netlify.app/gyeonggi-gwangju-si-post-construction-cleaning-best/,경기 광주시 준공청소 잘하는곳,12
경기 광주시 준공청소 가격,gyeonggi-gwangju-si-post-construction-cleaning-price,PASS,100,,경기 광주시 준공청소 가격 - 청소 작업 안내,"경기 광주시 준공청소 가격 작업 범위와 준비사항, 진행 순서, 확인 항목을 정리했습니다. 경기 광주시 준공청소 현장에 맞춰 필요한 청소 내용을 확인해보세요.",https://clever-griffin-93819d.netlify.app/gyeonggi-gwangju-si-post-construction-cleaning-price/,경기 광주시 준공청소 가격,12
경기 광주시 준공청소 비용,gyeonggi-gwangju-si-post-construction-cleaning-cost,PASS,100,,경기 광주시 준공청소 비용 - 청소 작업 안내,"경기 광주시 준공청소 비용 작업 범위와 준비사항, 진행 순서, 확인 항목을 정리했습니다. 경기 광주시 준공청소 현장에 맞춰 필요한 청소 내용을 확인해보세요.",https://clever-griffin-93819d.netlify.app/gyeonggi-gwangju-si-post-construction-cleaning-cost/,경기 광주시 준공청소 비용,12
경기 광주시 준공청소 견적,gyeonggi-gwangju-si-post-construction-cleaning-quote,PASS,100,,경기 광주시 준공청소 견적 | 체인지클린,경기 광주시 준공청소 견적 관련 청소 과정과 체크포인트를 안내합니다. 공간 상태와 오염 범위를 확인한 뒤 현장에 맞는 작업을 진행합니다.,https://clever-griffin-93819d.netlify.app/gyeonggi-gwangju-si-post-construction-cleaning-quote/,경기 광주시 준공청소 견적,12
경기 광주시 상가청소,gyeonggi-gwangju-si-store-cleaning,PASS,100,,경기 광주시 상가청소 | 현장별 청소 정보,경기 광주시 상가청소 관련 청소 과정과 체크포인트를 안내합니다. 공간 상태와 오염 범위를 확인한 뒤 현장에 맞는 작업을 진행합니다.,https://clever-griffin-93819d.netlify.app/gyeonggi-gwangju-si-store-cleaning/,경기 광주시 상가청소,12
경기 광주시 상가청소 전문업체,gyeonggi-gwangju-si-store-cleaning-company,PASS,100,,경기 광주시 상가청소 전문업체 | 현장별 청소 정보,"경기 광주시 상가청소 전문업체 작업 범위와 준비사항, 진행 순서, 확인 항목을 정리했습니다. 경기 광주시 상가청소 현장에 맞춰 필요한 청소 내용을 확인해보세요.",https://clever-griffin-93819d.netlify.app/gyeonggi-gwangju-si-store-cleaning-company/,경기 광주시 상가청소 전문업체,12
경기 광주시 상가청소 잘하는곳,gyeonggi-gwangju-si-store-cleaning-best,PASS,100,,경기 광주시 상가청소 잘하는곳 - 청소 작업 안내,경기 광주시 상가청소 잘하는곳 관련 청소 과정과 체크포인트를 안내합니다. 공간 상태와 오염 범위를 확인한 뒤 현장에 맞는 작업을 진행합니다.,https://clever-griffin-93819d.netlify.app/gyeonggi-gwangju-si-store-cleaning-best/,경기 광주시 상가청소 잘하는곳,12
경기 광주시 상가청소 가격,gyeonggi-gwangju-si-store-cleaning-price,PASS,100,,경기 광주시 상가청소 가격 | 체인지클린,경기 광주시 상가청소 가격 관련 청소 과정과 체크포인트를 안내합니다. 공간 상태와 오염 범위를 확인한 뒤 현장에 맞는 작업을 진행합니다.,https://clever-griffin-93819d.netlify.app/gyeonggi-gwangju-si-store-cleaning-price/,경기 광주시 상가청소 가격,12
경기 광주시 상가청소 비용,gyeonggi-gwangju-si-store-cleaning-cost,PASS,100,,경기 광주시 상가청소 비용 - 청소 작업 안내,경기 광주시 상가청소를 알아보는 분을 위한 안내입니다. 경기 광주시 상가청소 비용 작업 전 확인사항부터 마무리 점검까지 자세히 정리했습니다.,https://clever-griffin-93819d.netlify.app/gyeonggi-gwangju-si-store-cleaning-cost/,경기 광주시 상가청소 비용,12
경기 광주시 상가청소 견적,gyeonggi-gwangju-si-store-cleaning-quote,PASS,100,,경기 광주시 상가청소 견적 - 청소 작업 안내,경기 광주시 상가청소 견적 관련 청소 과정과 체크포인트를 안내합니다. 공간 상태와 오염 범위를 확인한 뒤 현장에 맞는 작업을 진행합니다.,https://clever-griffin-93819d.netlify.app/gyeonggi-gwangju-si-store-cleaning-quote/,경기 광주시 상가청소 견적,12
경기 광주시 사무실청소,gyeonggi-gwangju-si-office-cleaning,PASS,100,,경기 광주시 사무실청소 | 체인지클린,경기 광주시 사무실청소 관련 청소 과정과 체크포인트를 안내합니다. 공간 상태와 오염 범위를 확인한 뒤 현장에 맞는 작업을 진행합니다.,https://clever-griffin-93819d.netlify.app/gyeonggi-gwangju-si-office-cleaning/,경기 광주시 사무실청소,12
경기 광주시 사무실청소 전문업체,gyeonggi-gwangju-si-office-cleaning-company,PASS,100,,경기 광주시 사무실청소 전문업체 | 체인지클린,"경기 광주시 사무실청소 전문업체 작업 범위와 준비사항, 진행 순서, 확인 항목을 정리했습니다. 경기 광주시 사무실청소 현장에 맞춰 필요한 청소 내용을 확인해보세요.",https://clever-griffin-93819d.netlify.app/gyeonggi-gwangju-si-office-cleaning-company/,경기 광주시 사무실청소 전문업체,12
경기 광주시 사무실청소 잘하는곳,gyeonggi-gwangju-si-office-cleaning-best,PASS,100,,경기 광주시 사무실청소 잘하는곳 - 청소 작업 안내,경기 광주시 사무실청소 잘하는곳 관련 청소 과정과 체크포인트를 안내합니다. 공간 상태와 오염 범위를 확인한 뒤 현장에 맞는 작업을 진행합니다.,https://clever-griffin-93819d.netlify.app/gyeonggi-gwangju-si-office-cleaning-best/,경기 광주시 사무실청소 잘하는곳,12
경기 광주시 사무실청소 가격,gyeonggi-gwangju-si-office-cleaning-price,PASS,100,,경기 광주시 사무실청소 가격 | 체인지클린,경기 광주시 사무실청소 가격 관련 청소 과정과 체크포인트를 안내합니다. 공간 상태와 오염 범위를 확인한 뒤 현장에 맞는 작업을 진행합니다.,https://clever-griffin-93819d.netlify.app/gyeonggi-gwangju-si-office-cleaning-price/,경기 광주시 사무실청소 가격,12
경기 광주시 사무실청소 비용,gyeonggi-gwangju-si-office-cleaning-cost,PASS,100,,경기 광주시 사무실청소 비용 | 현장별 청소 정보,"경기 광주시 사무실청소 비용 작업 범위와 준비사항, 진행 순서, 확인 항목을 정리했습니다. 경기 광주시 사무실청소 현장에 맞춰 필요한 청소 내용을 확인해보세요.",https://clever-griffin-93819d.netlify.app/gyeonggi-gwangju-si-office-cleaning-cost/,경기 광주시 사무실청소 비용,12
경기 광주시 사무실청소 견적,gyeonggi-gwangju-si-office-cleaning-quote,PASS,100,,경기 광주시 사무실청소 견적 - 청소 작업 안내,"경기 광주시 사무실청소 견적 작업 범위와 준비사항, 진행 순서, 확인 항목을 정리했습니다. 경기 광주시 사무실청소 현장에 맞춰 필요한 청소 내용을 확인해보세요.",https://clever-griffin-93819d.netlify.app/gyeonggi-gwangju-si-office-cleaning-quote/,경기 광주시 사무실청소 견적,12
경기 광주시 빌라청소,gyeonggi-gwangju-si-villa-cleaning,CHECK,96,title 길이 확인,경기 광주시 빌라청소 | 체인지클린,경기 광주시 빌라청소 관련 청소 과정과 체크포인트를 안내합니다. 공간 상태와 오염 범위를 확인한 뒤 현장에 맞는 작업을 진행합니다.,https://clever-griffin-93819d.netlify.app/gyeonggi-gwangju-si-villa-cleaning/,경기 광주시 빌라청소,12
경기 광주시 빌라청소 전문업체,gyeonggi-gwangju-si-villa-cleaning-company,PASS,100,,경기 광주시 빌라청소 전문업체 | 체인지클린,경기 광주시 빌라청소 전문업체 관련 청소 과정과 체크포인트를 안내합니다. 공간 상태와 오염 범위를 확인한 뒤 현장에 맞는 작업을 진행합니다.,https://clever-griffin-93819d.netlify.app/gyeonggi-gwangju-si-villa-cleaning-company/,경기 광주시 빌라청소 전문업체,12
경기 광주시 빌라청소 잘하는곳,gyeonggi-gwangju-si-villa-cleaning-best,PASS,100,,경기 광주시 빌라청소 잘하는곳 - 청소 작업 안내,경기 광주시 빌라청소 잘하는곳 관련 청소 과정과 체크포인트를 안내합니다. 공간 상태와 오염 범위를 확인한 뒤 현장에 맞는 작업을 진행합니다.,https://clever-griffin-93819d.netlify.app/gyeonggi-gwangju-si-villa-cleaning-best/,경기 광주시 빌라청소 잘하는곳,12
경기 광주시 빌라청소 가격,gyeonggi-gwangju-si-villa-cleaning-price,PASS,100,,경기 광주시 빌라청소 가격 - 청소 작업 안내,"경기 광주시 빌라청소 가격 작업 범위와 준비사항, 진행 순서, 확인 항목을 정리했습니다. 경기 광주시 빌라청소 현장에 맞춰 필요한 청소 내용을 확인해보세요.",https://clever-griffin-93819d.netlify.app/gyeonggi-gwangju-si-villa-cleaning-price/,경기 광주시 빌라청소 가격,12
경기 광주시 빌라청소 비용,gyeonggi-gwangju-si-villa-cleaning-cost,PASS,100,,경기 광주시 빌라청소 비용 - 청소 작업 안내,경기 광주시 빌라청소를 알아보는 분을 위한 안내입니다. 경기 광주시 빌라청소 비용 작업 전 확인사항부터 마무리 점검까지 자세히 정리했습니다.,https://clever-griffin-93819d.netlify.app/gyeonggi-gwangju-si-villa-cleaning-cost/,경기 광주시 빌라청소 비용,12
경기 광주시 빌라청소 견적,gyeonggi-gwangju-si-villa-cleaning-quote,PASS,100,,경기 광주시 빌라청소 견적 - 청소 작업 안내,"경기 광주시 빌라청소 견적 작업 범위와 준비사항, 진행 순서, 확인 항목을 정리했습니다. 경기 광주시 빌라청소 현장에 맞춰 필요한 청소 내용을 확인해보세요.",https://clever-griffin-93819d.netlify.app/gyeonggi-gwangju-si-villa-cleaning-quote/,경기 광주시 빌라청소 견적,12
경기 광주시 아파트청소,gyeonggi-gwangju-si-apartment-cleaning,PASS,100,,경기 광주시 아파트청소 - 청소 작업 안내,경기 광주시 아파트청소 관련 청소 과정과 체크포인트를 안내합니다. 공간 상태와 오염 범위를 확인한 뒤 현장에 맞는 작업을 진행합니다.,https://clever-griffin-93819d.netlify.app/gyeonggi-gwangju-si-apartment-cleaning/,경기 광주시 아파트청소,12
경기 광주시 아파트청소 전문업체,gyeonggi-gwangju-si-apartment-cleaning-company,PASS,100,,경기 광주시 아파트청소 전문업체 | 체인지클린,"경기 광주시 아파트청소 전문업체 작업 범위와 준비사항, 진행 순서, 확인 항목을 정리했습니다. 경기 광주시 아파트청소 현장에 맞춰 필요한 청소 내용을 확인해보세요.",https://clever-griffin-93819d.netlify.app/gyeonggi-gwangju-si-apartment-cleaning-company/,경기 광주시 아파트청소 전문업체,12
경기 광주시 아파트청소 잘하는곳,gyeonggi-gwangju-si-apartment-cleaning-best,PASS,100,,경기 광주시 아파트청소 잘하는곳 - 청소 작업 안내,경기 광주시 아파트청소 잘하는곳 관련 청소 과정과 체크포인트를 안내합니다. 공간 상태와 오염 범위를 확인한 뒤 현장에 맞는 작업을 진행합니다.,https://clever-griffin-93819d.netlify.app/gyeonggi-gwangju-si-apartment-cleaning-best/,경기 광주시 아파트청소 잘하는곳,12
경기 광주시 아파트청소 가격,gyeonggi-gwangju-si-apartment-cleaning-price,PASS,100,,경기 광주시 아파트청소 가격 | 현장별 청소 정보,"경기 광주시 아파트청소 가격 작업 범위와 준비사항, 진행 순서, 확인 항목을 정리했습니다. 경기 광주시 아파트청소 현장에 맞춰 필요한 청소 내용을 확인해보세요.",https://clever-griffin-93819d.netlify.app/gyeonggi-gwangju-si-apartment-cleaning-price/,경기 광주시 아파트청소 가격,12
경기 광주시 아파트청소 비용,gyeonggi-gwangju-si-apartment-cleaning-cost,PASS,100,,경기 광주시 아파트청소 비용 | 현장별 청소 정보,경기 광주시 아파트청소 비용 관련 청소 과정과 체크포인트를 안내합니다. 공간 상태와 오염 범위를 확인한 뒤 현장에 맞는 작업을 진행합니다.,https://clever-griffin-93819d.netlify.app/gyeonggi-gwangju-si-apartment-cleaning-cost/,경기 광주시 아파트청소 비용,12
경기 광주시 아파트청소 견적,gyeonggi-gwangju-si-apartment-cleaning-quote,PASS,100,,경기 광주시 아파트청소 견적 | 현장별 청소 정보,경기 광주시 아파트청소를 알아보는 분을 위한 안내입니다. 경기 광주시 아파트청소 견적 작업 전 확인사항부터 마무리 점검까지 자세히 정리했습니다.,https://clever-griffin-93819d.netlify.app/gyeonggi-gwangju-si-apartment-cleaning-quote/,경기 광주시 아파트청소 견적,12
경기 광주시 오피스텔청소,gyeonggi-gwangju-si-officetel-cleaning,PASS,100,,경기 광주시 오피스텔청소 | 체인지클린,"경기 광주시 오피스텔청소 작업 범위와 준비사항, 진행 순서, 확인 항목을 정리했습니다. 경기 광주시 오피스텔청소 현장에 맞춰 필요한 청소 내용을 확인해보세요.",https://clever-griffin-93819d.netlify.app/gyeonggi-gwangju-si-officetel-cleaning/,경기 광주시 오피스텔청소,12
경기 광주시 오피스텔청소 전문업체,gyeonggi-gwangju-si-officetel-cleaning-company,PASS,100,,경기 광주시 오피스텔청소 전문업체 | 체인지클린,경기 광주시 오피스텔청소 전문업체 관련 청소 과정과 체크포인트를 안내합니다. 공간 상태와 오염 범위를 확인한 뒤 현장에 맞는 작업을 진행합니다.,https://clever-griffin-93819d.netlify.app/gyeonggi-gwangju-si-officetel-cleaning-company/,경기 광주시 오피스텔청소 전문업체,12
경기 광주시 오피스텔청소 잘하는곳,gyeonggi-gwangju-si-officetel-cleaning-best,PASS,100,,경기 광주시 오피스텔청소 잘하는곳 - 청소 작업 안내,경기 광주시 오피스텔청소 잘하는곳 관련 청소 과정과 체크포인트를 안내합니다. 공간 상태와 오염 범위를 확인한 뒤 현장에 맞는 작업을 진행합니다.,https://clever-griffin-93819d.netlify.app/gyeonggi-gwangju-si-officetel-cleaning-best/,경기 광주시 오피스텔청소 잘하는곳,12
경기 광주시 오피스텔청소 가격,gyeonggi-gwangju-si-officetel-cleaning-price,PASS,100,,경기 광주시 오피스텔청소 가격 - 청소 작업 안내,경기 광주시 오피스텔청소를 알아보는 분을 위한 안내입니다. 경기 광주시 오피스텔청소 가격 작업 전 확인사항부터 마무리 점검까지 자세히 정리했습니다.,https://clever-griffin-93819d.netlify.app/gyeonggi-gwangju-si-officetel-cleaning-price/,경기 광주시 오피스텔청소 가격,12
경기 광주시 오피스텔청소 비용,gyeonggi-gwangju-si-officetel-cleaning-cost,PASS,100,,경기 광주시 오피스텔청소 비용 | 체인지클린,경기 광주시 오피스텔청소 비용 관련 청소 과정과 체크포인트를 안내합니다. 공간 상태와 오염 범위를 확인한 뒤 현장에 맞는 작업을 진행합니다.,https://clever-griffin-93819d.netlify.app/gyeonggi-gwangju-si-officetel-cleaning-cost/,경기 광주시 오피스텔청소 비용,12
경기 광주시 오피스텔청소 견적,gyeonggi-gwangju-si-officetel-cleaning-quote,PASS,100,,경기 광주시 오피스텔청소 견적 - 청소 작업 안내,"경기 광주시 오피스텔청소 견적 작업 범위와 준비사항, 진행 순서, 확인 항목을 정리했습니다. 경기 광주시 오피스텔청소 현장에 맞춰 필요한 청소 내용을 확인해보세요.",https://clever-griffin-93819d.netlify.app/gyeonggi-gwangju-si-officetel-cleaning-quote/,경기 광주시 오피스텔청소 견적,12
경기 광주시 거주청소,gyeonggi-gwangju-si-home-cleaning,PASS,100,,경기 광주시 거주청소 | 현장별 청소 정보,"경기 광주시 거주청소 작업 범위와 준비사항, 진행 순서, 확인 항목을 정리했습니다. 경기 광주시 거주청소 현장에 맞춰 필요한 청소 내용을 확인해보세요.",https://clever-griffin-93819d.netlify.app/gyeonggi-gwangju-si-home-cleaning/,경기 광주시 거주청소,12
경기 광주시 거주청소 전문업체,gyeonggi-gwangju-si-home-cleaning-company,PASS,100,,경기 광주시 거주청소 전문업체 | 체인지클린,경기 광주시 거주청소를 알아보는 분을 위한 안내입니다. 경기 광주시 거주청소 전문업체 작업 전 확인사항부터 마무리 점검까지 자세히 정리했습니다.,https://clever-griffin-93819d.netlify.app/gyeonggi-gwangju-si-home-cleaning-company/,경기 광주시 거주청소 전문업체,12
경기 광주시 거주청소 잘하는곳,gyeonggi-gwangju-si-home-cleaning-best,PASS,100,,경기 광주시 거주청소 잘하는곳 - 청소 작업 안내,경기 광주시 거주청소를 알아보는 분을 위한 안내입니다. 경기 광주시 거주청소 잘하는곳 작업 전 확인사항부터 마무리 점검까지 자세히 정리했습니다.,https://clever-griffin-93819d.netlify.app/gyeonggi-gwangju-si-home-cleaning-best/,경기 광주시 거주청소 잘하는곳,12
경기 광주시 거주청소 가격,gyeonggi-gwangju-si-home-cleaning-price,PASS,100,,경기 광주시 거주청소 가격 | 체인지클린,경기 광주시 거주청소 가격 관련 청소 과정과 체크포인트를 안내합니다. 공간 상태와 오염 범위를 확인한 뒤 현장에 맞는 작업을 진행합니다.,https://clever-griffin-93819d.netlify.app/gyeonggi-gwangju-si-home-cleaning-price/,경기 광주시 거주청소 가격,12
경기 광주시 거주청소 비용,gyeonggi-gwangju-si-home-cleaning-cost,PASS,100,,경기 광주시 거주청소 비용 - 청소 작업 안내,경기 광주시 거주청소를 알아보는 분을 위한 안내입니다. 경기 광주시 거주청소 비용 작업 전 확인사항부터 마무리 점검까지 자세히 정리했습니다.,https://clever-griffin-93819d.netlify.app/gyeonggi-gwangju-si-home-cleaning-cost/,경기 광주시 거주청소 비용,12
경기 광주시 거주청소 견적,gyeonggi-gwangju-si-home-cleaning-quote,PASS,100,,경기 광주시 거주청소 견적 | 체인지클린,경기 광주시 거주청소를 알아보는 분을 위한 안내입니다. 경기 광주시 거주청소 견적 작업 전 확인사항부터 마무리 점검까지 자세히 정리했습니다.,https://clever-griffin-93819d.netlify.app/gyeonggi-gwangju-si-home-cleaning-quote/,경기 광주시 거주청소 견적,12
경기 군포시 입주청소,gyeonggi-gunpo-si-move-in-cleaning,PASS,100,,경기 군포시 입주청소 | 현장별 청소 정보,경기 군포시 입주청소를 알아보는 분을 위한 안내입니다. 경기 군포시 입주청소 작업 전 확인사항부터 마무리 점검까지 자세히 정리했습니다.,https://clever-griffin-93819d.netlify.app/gyeonggi-gunpo-si-move-in-cleaning/,경기 군포시 입주청소,12
경기 군포시 입주청소 전문업체,gyeonggi-gunpo-si-move-in-cleaning-company,PASS,100,,경기 군포시 입주청소 전문업체 | 현장별 청소 정보,경기 군포시 입주청소를 알아보는 분을 위한 안내입니다. 경기 군포시 입주청소 전문업체 작업 전 확인사항부터 마무리 점검까지 자세히 정리했습니다.,https://clever-griffin-93819d.netlify.app/gyeonggi-gunpo-si-move-in-cleaning-company/,경기 군포시 입주청소 전문업체,12
경기 군포시 입주청소 잘하는곳,gyeonggi-gunpo-si-move-in-cleaning-best,PASS,100,,경기 군포시 입주청소 잘하는곳 | 현장별 청소 정보,"경기 군포시 입주청소 잘하는곳 작업 범위와 준비사항, 진행 순서, 확인 항목을 정리했습니다. 경기 군포시 입주청소 현장에 맞춰 필요한 청소 내용을 확인해보세요.",https://clever-griffin-93819d.netlify.app/gyeonggi-gunpo-si-move-in-cleaning-best/,경기 군포시 입주청소 잘하는곳,12
경기 군포시 입주청소 가격,gyeonggi-gunpo-si-move-in-cleaning-price,PASS,100,,경기 군포시 입주청소 가격 | 체인지클린,"경기 군포시 입주청소 가격 작업 범위와 준비사항, 진행 순서, 확인 항목을 정리했습니다. 경기 군포시 입주청소 현장에 맞춰 필요한 청소 내용을 확인해보세요.",https://clever-griffin-93819d.netlify.app/gyeonggi-gunpo-si-move-in-cleaning-price/,경기 군포시 입주청소 가격,12
경기 군포시 입주청소 비용,gyeonggi-gunpo-si-move-in-cleaning-cost,PASS,100,,경기 군포시 입주청소 비용 - 청소 작업 안내,경기 군포시 입주청소를 알아보는 분을 위한 안내입니다. 경기 군포시 입주청소 비용 작업 전 확인사항부터 마무리 점검까지 자세히 정리했습니다.,https://clever-griffin-93819d.netlify.app/gyeonggi-gunpo-si-move-in-cleaning-cost/,경기 군포시 입주청소 비용,12
경기 군포시 입주청소 견적,gyeonggi-gunpo-si-move-in-cleaning-quote,PASS,100,,경기 군포시 입주청소 견적 | 체인지클린,"경기 군포시 입주청소 견적 작업 범위와 준비사항, 진행 순서, 확인 항목을 정리했습니다. 경기 군포시 입주청소 현장에 맞춰 필요한 청소 내용을 확인해보세요.",https://clever-griffin-93819d.netlify.app/gyeonggi-gunpo-si-move-in-cleaning-quote/,경기 군포시 입주청소 견적,12
경기 군포시 이사청소,gyeonggi-gunpo-si-move-out-cleaning,PASS,100,,경기 군포시 이사청소 | 현장별 청소 정보,경기 군포시 이사청소를 알아보는 분을 위한 안내입니다. 경기 군포시 이사청소 작업 전 확인사항부터 마무리 점검까지 자세히 정리했습니다.,https://clever-griffin-93819d.netlify.app/gyeonggi-gunpo-si-move-out-cleaning/,경기 군포시 이사청소,12
경기 군포시 이사청소 전문업체,gyeonggi-gunpo-si-move-out-cleaning-company,PASS,100,,경기 군포시 이사청소 전문업체 | 체인지클린,"경기 군포시 이사청소 전문업체 작업 범위와 준비사항, 진행 순서, 확인 항목을 정리했습니다. 경기 군포시 이사청소 현장에 맞춰 필요한 청소 내용을 확인해보세요.",https://clever-griffin-93819d.netlify.app/gyeonggi-gunpo-si-move-out-cleaning-company/,경기 군포시 이사청소 전문업체,12
경기 군포시 이사청소 잘하는곳,gyeonggi-gunpo-si-move-out-cleaning-best,PASS,100,,경기 군포시 이사청소 잘하는곳 | 체인지클린,경기 군포시 이사청소 잘하는곳 관련 청소 과정과 체크포인트를 안내합니다. 공간 상태와 오염 범위를 확인한 뒤 현장에 맞는 작업을 진행합니다.,https://clever-griffin-93819d.netlify.app/gyeonggi-gunpo-si-move-out-cleaning-best/,경기 군포시 이사청소 잘하는곳,12
경기 군포시 이사청소 가격,gyeonggi-gunpo-si-move-out-cleaning-price,PASS,100,,경기 군포시 이사청소 가격 | 체인지클린,"경기 군포시 이사청소 가격 작업 범위와 준비사항, 진행 순서, 확인 항목을 정리했습니다. 경기 군포시 이사청소 현장에 맞춰 필요한 청소 내용을 확인해보세요.",https://clever-griffin-93819d.netlify.app/gyeonggi-gunpo-si-move-out-cleaning-price/,경기 군포시 이사청소 가격,12
경기 군포시 이사청소 비용,gyeonggi-gunpo-si-move-out-cleaning-cost,PASS,100,,경기 군포시 이사청소 비용 | 현장별 청소 정보,경기 군포시 이사청소를 알아보는 분을 위한 안내입니다. 경기 군포시 이사청소 비용 작업 전 확인사항부터 마무리 점검까지 자세히 정리했습니다.,https://clever-griffin-93819d.netlify.app/gyeonggi-gunpo-si-move-out-cleaning-cost/,경기 군포시 이사청소 비용,12
경기 군포시 이사청소 견적,gyeonggi-gunpo-si-move-out-cleaning-quote,PASS,100,,경기 군포시 이사청소 견적 | 현장별 청소 정보,경기 군포시 이사청소 견적 관련 청소 과정과 체크포인트를 안내합니다. 공간 상태와 오염 범위를 확인한 뒤 현장에 맞는 작업을 진행합니다.,https://clever-griffin-93819d.netlify.app/gyeonggi-gunpo-si-move-out-cleaning-quote/,경기 군포시 이사청소 견적,12
경기 군포시 준공청소,gyeonggi-gunpo-si-post-construction-cleaning,CHECK,96,title 길이 확인,경기 군포시 준공청소 | 체인지클린,경기 군포시 준공청소를 알아보는 분을 위한 안내입니다. 경기 군포시 준공청소 작업 전 확인사항부터 마무리 점검까지 자세히 정리했습니다.,https://clever-griffin-93819d.netlify.app/gyeonggi-gunpo-si-post-construction-cleaning/,경기 군포시 준공청소,12
경기 군포시 준공청소 전문업체,gyeonggi-gunpo-si-post-construction-cleaning-company,PASS,100,,경기 군포시 준공청소 전문업체 | 체인지클린,"경기 군포시 준공청소 전문업체 작업 범위와 준비사항, 진행 순서, 확인 항목을 정리했습니다. 경기 군포시 준공청소 현장에 맞춰 필요한 청소 내용을 확인해보세요.",https://clever-griffin-93819d.netlify.app/gyeonggi-gunpo-si-post-construction-cleaning-company/,경기 군포시 준공청소 전문업체,12
경기 군포시 준공청소 잘하는곳,gyeonggi-gunpo-si-post-construction-cleaning-best,PASS,100,,경기 군포시 준공청소 잘하는곳 | 체인지클린,"경기 군포시 준공청소 잘하는곳 작업 범위와 준비사항, 진행 순서, 확인 항목을 정리했습니다. 경기 군포시 준공청소 현장에 맞춰 필요한 청소 내용을 확인해보세요.",https://clever-griffin-93819d.netlify.app/gyeonggi-gunpo-si-post-construction-cleaning-best/,경기 군포시 준공청소 잘하는곳,12
경기 군포시 준공청소 가격,gyeonggi-gunpo-si-post-construction-cleaning-price,PASS,100,,경기 군포시 준공청소 가격 | 현장별 청소 정보,경기 군포시 준공청소 가격 관련 청소 과정과 체크포인트를 안내합니다. 공간 상태와 오염 범위를 확인한 뒤 현장에 맞는 작업을 진행합니다.,https://clever-griffin-93819d.netlify.app/gyeonggi-gunpo-si-post-construction-cleaning-price/,경기 군포시 준공청소 가격,12
경기 군포시 준공청소 비용,gyeonggi-gunpo-si-post-construction-cleaning-cost,PASS,100,,경기 군포시 준공청소 비용 | 현장별 청소 정보,경기 군포시 준공청소를 알아보는 분을 위한 안내입니다. 경기 군포시 준공청소 비용 작업 전 확인사항부터 마무리 점검까지 자세히 정리했습니다.,https://clever-griffin-93819d.netlify.app/gyeonggi-gunpo-si-post-construction-cleaning-cost/,경기 군포시 준공청소 비용,12
경기 군포시 준공청소 견적,gyeonggi-gunpo-si-post-construction-cleaning-quote,PASS,100,,경기 군포시 준공청소 견적 - 청소 작업 안내,경기 군포시 준공청소 견적 관련 청소 과정과 체크포인트를 안내합니다. 공간 상태와 오염 범위를 확인한 뒤 현장에 맞는 작업을 진행합니다.,https://clever-griffin-93819d.netlify.app/gyeonggi-gunpo-si-post-construction-cleaning-quote/,경기 군포시 준공청소 견적,12
경기 군포시 상가청소,gyeonggi-gunpo-si-store-cleaning,PASS,100,,경기 군포시 상가청소 - 청소 작업 안내,경기 군포시 상가청소 관련 청소 과정과 체크포인트를 안내합니다. 공간 상태와 오염 범위를 확인한 뒤 현장에 맞는 작업을 진행합니다.,https://clever-griffin-93819d.netlify.app/gyeonggi-gunpo-si-store-cleaning/,경기 군포시 상가청소,12
경기 군포시 상가청소 전문업체,gyeonggi-gunpo-si-store-cleaning-company,PASS,100,,경기 군포시 상가청소 전문업체 | 체인지클린,경기 군포시 상가청소 전문업체 관련 청소 과정과 체크포인트를 안내합니다. 공간 상태와 오염 범위를 확인한 뒤 현장에 맞는 작업을 진행합니다.,https://clever-griffin-93819d.netlify.app/gyeonggi-gunpo-si-store-cleaning-company/,경기 군포시 상가청소 전문업체,12
경기 군포시 상가청소 잘하는곳,gyeonggi-gunpo-si-store-cleaning-best,PASS,100,,경기 군포시 상가청소 잘하는곳 | 현장별 청소 정보,"경기 군포시 상가청소 잘하는곳 작업 범위와 준비사항, 진행 순서, 확인 항목을 정리했습니다. 경기 군포시 상가청소 현장에 맞춰 필요한 청소 내용을 확인해보세요.",https://clever-griffin-93819d.netlify.app/gyeonggi-gunpo-si-store-cleaning-best/,경기 군포시 상가청소 잘하는곳,12
경기 군포시 상가청소 가격,gyeonggi-gunpo-si-store-cleaning-price,PASS,100,,경기 군포시 상가청소 가격 | 체인지클린,"경기 군포시 상가청소 가격 작업 범위와 준비사항, 진행 순서, 확인 항목을 정리했습니다. 경기 군포시 상가청소 현장에 맞춰 필요한 청소 내용을 확인해보세요.",https://clever-griffin-93819d.netlify.app/gyeonggi-gunpo-si-store-cleaning-price/,경기 군포시 상가청소 가격,12
경기 군포시 상가청소 비용,gyeonggi-gunpo-si-store-cleaning-cost,PASS,100,,경기 군포시 상가청소 비용 | 현장별 청소 정보,"경기 군포시 상가청소 비용 작업 범위와 준비사항, 진행 순서, 확인 항목을 정리했습니다. 경기 군포시 상가청소 현장에 맞춰 필요한 청소 내용을 확인해보세요.",https://clever-griffin-93819d.netlify.app/gyeonggi-gunpo-si-store-cleaning-cost/,경기 군포시 상가청소 비용,12
경기 군포시 상가청소 견적,gyeonggi-gunpo-si-store-cleaning-quote,PASS,100,,경기 군포시 상가청소 견적 | 현장별 청소 정보,경기 군포시 상가청소를 알아보는 분을 위한 안내입니다. 경기 군포시 상가청소 견적 작업 전 확인사항부터 마무리 점검까지 자세히 정리했습니다.,https://clever-griffin-93819d.netlify.app/gyeonggi-gunpo-si-store-cleaning-quote/,경기 군포시 상가청소 견적,12
경기 군포시 사무실청소,gyeonggi-gunpo-si-office-cleaning,PASS,100,,경기 군포시 사무실청소 - 청소 작업 안내,경기 군포시 사무실청소 관련 청소 과정과 체크포인트를 안내합니다. 공간 상태와 오염 범위를 확인한 뒤 현장에 맞는 작업을 진행합니다.,https://clever-griffin-93819d.netlify.app/gyeonggi-gunpo-si-office-cleaning/,경기 군포시 사무실청소,12
경기 군포시 사무실청소 전문업체,gyeonggi-gunpo-si-office-cleaning-company,PASS,100,,경기 군포시 사무실청소 전문업체 | 현장별 청소 정보,경기 군포시 사무실청소를 알아보는 분을 위한 안내입니다. 경기 군포시 사무실청소 전문업체 작업 전 확인사항부터 마무리 점검까지 자세히 정리했습니다.,https://clever-griffin-93819d.netlify.app/gyeonggi-gunpo-si-office-cleaning-company/,경기 군포시 사무실청소 전문업체,12
경기 군포시 사무실청소 잘하는곳,gyeonggi-gunpo-si-office-cleaning-best,PASS,100,,경기 군포시 사무실청소 잘하는곳 | 현장별 청소 정보,경기 군포시 사무실청소 잘하는곳 관련 청소 과정과 체크포인트를 안내합니다. 공간 상태와 오염 범위를 확인한 뒤 현장에 맞는 작업을 진행합니다.,https://clever-griffin-93819d.netlify.app/gyeonggi-gunpo-si-office-cleaning-best/,경기 군포시 사무실청소 잘하는곳,12
경기 군포시 사무실청소 가격,gyeonggi-gunpo-si-office-cleaning-price,PASS,100,,경기 군포시 사무실청소 가격 - 청소 작업 안내,"경기 군포시 사무실청소 가격 작업 범위와 준비사항, 진행 순서, 확인 항목을 정리했습니다. 경기 군포시 사무실청소 현장에 맞춰 필요한 청소 내용을 확인해보세요.",https://clever-griffin-93819d.netlify.app/gyeonggi-gunpo-si-office-cleaning-price/,경기 군포시 사무실청소 가격,12
경기 군포시 사무실청소 비용,gyeonggi-gunpo-si-office-cleaning-cost,PASS,100,,경기 군포시 사무실청소 비용 - 청소 작업 안내,"경기 군포시 사무실청소 비용 작업 범위와 준비사항, 진행 순서, 확인 항목을 정리했습니다. 경기 군포시 사무실청소 현장에 맞춰 필요한 청소 내용을 확인해보세요.",https://clever-griffin-93819d.netlify.app/gyeonggi-gunpo-si-office-cleaning-cost/,경기 군포시 사무실청소 비용,12
경기 군포시 사무실청소 견적,gyeonggi-gunpo-si-office-cleaning-quote,PASS,100,,경기 군포시 사무실청소 견적 - 청소 작업 안내,경기 군포시 사무실청소 견적 관련 청소 과정과 체크포인트를 안내합니다. 공간 상태와 오염 범위를 확인한 뒤 현장에 맞는 작업을 진행합니다.,https://clever-griffin-93819d.netlify.app/gyeonggi-gunpo-si-office-cleaning-quote/,경기 군포시 사무실청소 견적,12
경기 군포시 빌라청소,gyeonggi-gunpo-si-villa-cleaning,CHECK,96,title 길이 확인,경기 군포시 빌라청소 | 체인지클린,"경기 군포시 빌라청소 작업 범위와 준비사항, 진행 순서, 확인 항목을 정리했습니다. 경기 군포시 빌라청소 현장에 맞춰 필요한 청소 내용을 확인해보세요.",https://clever-griffin-93819d.netlify.app/gyeonggi-gunpo-si-villa-cleaning/,경기 군포시 빌라청소,12
경기 군포시 빌라청소 전문업체,gyeonggi-gunpo-si-villa-cleaning-company,PASS,100,,경기 군포시 빌라청소 전문업체 | 체인지클린,"경기 군포시 빌라청소 전문업체 작업 범위와 준비사항, 진행 순서, 확인 항목을 정리했습니다. 경기 군포시 빌라청소 현장에 맞춰 필요한 청소 내용을 확인해보세요.",https://clever-griffin-93819d.netlify.app/gyeonggi-gunpo-si-villa-cleaning-company/,경기 군포시 빌라청소 전문업체,12
경기 군포시 빌라청소 잘하는곳,gyeonggi-gunpo-si-villa-cleaning-best,PASS,100,,경기 군포시 빌라청소 잘하는곳 | 현장별 청소 정보,경기 군포시 빌라청소 잘하는곳 관련 청소 과정과 체크포인트를 안내합니다. 공간 상태와 오염 범위를 확인한 뒤 현장에 맞는 작업을 진행합니다.,https://clever-griffin-93819d.netlify.app/gyeonggi-gunpo-si-villa-cleaning-best/,경기 군포시 빌라청소 잘하는곳,12
경기 군포시 빌라청소 가격,gyeonggi-gunpo-si-villa-cleaning-price,PASS,100,,경기 군포시 빌라청소 가격 - 청소 작업 안내,경기 군포시 빌라청소 가격 관련 청소 과정과 체크포인트를 안내합니다. 공간 상태와 오염 범위를 확인한 뒤 현장에 맞는 작업을 진행합니다.,https://clever-griffin-93819d.netlify.app/gyeonggi-gunpo-si-villa-cleaning-price/,경기 군포시 빌라청소 가격,12
경기 군포시 빌라청소 비용,gyeonggi-gunpo-si-villa-cleaning-cost,PASS,100,,경기 군포시 빌라청소 비용 - 청소 작업 안내,경기 군포시 빌라청소 비용 관련 청소 과정과 체크포인트를 안내합니다. 공간 상태와 오염 범위를 확인한 뒤 현장에 맞는 작업을 진행합니다.,https://clever-griffin-93819d.netlify.app/gyeonggi-gunpo-si-villa-cleaning-cost/,경기 군포시 빌라청소 비용,12
경기 군포시 빌라청소 견적,gyeonggi-gunpo-si-villa-cleaning-quote,PASS,100,,경기 군포시 빌라청소 견적 | 현장별 청소 정보,"경기 군포시 빌라청소 견적 작업 범위와 준비사항, 진행 순서, 확인 항목을 정리했습니다. 경기 군포시 빌라청소 현장에 맞춰 필요한 청소 내용을 확인해보세요.",https://clever-griffin-93819d.netlify.app/gyeonggi-gunpo-si-villa-cleaning-quote/,경기 군포시 빌라청소 견적,12
경기 군포시 아파트청소,gyeonggi-gunpo-si-apartment-cleaning,PASS,100,,경기 군포시 아파트청소 | 현장별 청소 정보,경기 군포시 아파트청소를 알아보는 분을 위한 안내입니다. 경기 군포시 아파트청소 작업 전 확인사항부터 마무리 점검까지 자세히 정리했습니다.,https://clever-griffin-93819d.netlify.app/gyeonggi-gunpo-si-apartment-cleaning/,경기 군포시 아파트청소,12
경기 군포시 아파트청소 전문업체,gyeonggi-gunpo-si-apartment-cleaning-company,PASS,100,,경기 군포시 아파트청소 전문업체 - 청소 작업 안내,"경기 군포시 아파트청소 전문업체 작업 범위와 준비사항, 진행 순서, 확인 항목을 정리했습니다. 경기 군포시 아파트청소 현장에 맞춰 필요한 청소 내용을 확인해보세요.",https://clever-griffin-93819d.netlify.app/gyeonggi-gunpo-si-apartment-cleaning-company/,경기 군포시 아파트청소 전문업체,12
경기 군포시 아파트청소 잘하는곳,gyeonggi-gunpo-si-apartment-cleaning-best,PASS,100,,경기 군포시 아파트청소 잘하는곳 | 현장별 청소 정보,경기 군포시 아파트청소 잘하는곳 관련 청소 과정과 체크포인트를 안내합니다. 공간 상태와 오염 범위를 확인한 뒤 현장에 맞는 작업을 진행합니다.,https://clever-griffin-93819d.netlify.app/gyeonggi-gunpo-si-apartment-cleaning-best/,경기 군포시 아파트청소 잘하는곳,12
경기 군포시 아파트청소 가격,gyeonggi-gunpo-si-apartment-cleaning-price,PASS,100,,경기 군포시 아파트청소 가격 | 현장별 청소 정보,경기 군포시 아파트청소 가격 관련 청소 과정과 체크포인트를 안내합니다. 공간 상태와 오염 범위를 확인한 뒤 현장에 맞는 작업을 진행합니다.,https://clever-griffin-93819d.netlify.app/gyeonggi-gunpo-si-apartment-cleaning-price/,경기 군포시 아파트청소 가격,12
경기 군포시 아파트청소 비용,gyeonggi-gunpo-si-apartment-cleaning-cost,PASS,100,,경기 군포시 아파트청소 비용 - 청소 작업 안내,"경기 군포시 아파트청소 비용 작업 범위와 준비사항, 진행 순서, 확인 항목을 정리했습니다. 경기 군포시 아파트청소 현장에 맞춰 필요한 청소 내용을 확인해보세요.",https://clever-griffin-93819d.netlify.app/gyeonggi-gunpo-si-apartment-cleaning-cost/,경기 군포시 아파트청소 비용,12
경기 군포시 아파트청소 견적,gyeonggi-gunpo-si-apartment-cleaning-quote,PASS,100,,경기 군포시 아파트청소 견적 - 청소 작업 안내,"경기 군포시 아파트청소 견적 작업 범위와 준비사항, 진행 순서, 확인 항목을 정리했습니다. 경기 군포시 아파트청소 현장에 맞춰 필요한 청소 내용을 확인해보세요.",https://clever-griffin-93819d.netlify.app/gyeonggi-gunpo-si-apartment-cleaning-quote/,경기 군포시 아파트청소 견적,12
경기 군포시 오피스텔청소,gyeonggi-gunpo-si-officetel-cleaning,PASS,100,,경기 군포시 오피스텔청소 | 체인지클린,"경기 군포시 오피스텔청소 작업 범위와 준비사항, 진행 순서, 확인 항목을 정리했습니다. 경기 군포시 오피스텔청소 현장에 맞춰 필요한 청소 내용을 확인해보세요.",https://clever-griffin-93819d.netlify.app/gyeonggi-gunpo-si-officetel-cleaning/,경기 군포시 오피스텔청소,12
경기 군포시 오피스텔청소 전문업체,gyeonggi-gunpo-si-officetel-cleaning-company,PASS,100,,경기 군포시 오피스텔청소 전문업체 - 청소 작업 안내,"경기 군포시 오피스텔청소 전문업체 작업 범위와 준비사항, 진행 순서, 확인 항목을 정리했습니다. 경기 군포시 오피스텔청소 현장에 맞춰 필요한 청소 내용을 확인해보세요.",https://clever-griffin-93819d.netlify.app/gyeonggi-gunpo-si-officetel-cleaning-company/,경기 군포시 오피스텔청소 전문업체,12
경기 군포시 오피스텔청소 잘하는곳,gyeonggi-gunpo-si-officetel-cleaning-best,PASS,100,,경기 군포시 오피스텔청소 잘하는곳 | 현장별 청소 정보,경기 군포시 오피스텔청소를 알아보는 분을 위한 안내입니다. 경기 군포시 오피스텔청소 잘하는곳 작업 전 확인사항부터 마무리 점검까지 자세히 정리했습니다.,https://clever-griffin-93819d.netlify.app/gyeonggi-gunpo-si-officetel-cleaning-best/,경기 군포시 오피스텔청소 잘하는곳,12
경기 군포시 오피스텔청소 가격,gyeonggi-gunpo-si-officetel-cleaning-price,PASS,100,,경기 군포시 오피스텔청소 가격 | 체인지클린,경기 군포시 오피스텔청소를 알아보는 분을 위한 안내입니다. 경기 군포시 오피스텔청소 가격 작업 전 확인사항부터 마무리 점검까지 자세히 정리했습니다.,https://clever-griffin-93819d.netlify.app/gyeonggi-gunpo-si-officetel-cleaning-price/,경기 군포시 오피스텔청소 가격,12
경기 군포시 오피스텔청소 비용,gyeonggi-gunpo-si-officetel-cleaning-cost,PASS,100,,경기 군포시 오피스텔청소 비용 | 체인지클린,"경기 군포시 오피스텔청소 비용 작업 범위와 준비사항, 진행 순서, 확인 항목을 정리했습니다. 경기 군포시 오피스텔청소 현장에 맞춰 필요한 청소 내용을 확인해보세요.",https://clever-griffin-93819d.netlify.app/gyeonggi-gunpo-si-officetel-cleaning-cost/,경기 군포시 오피스텔청소 비용,12
경기 군포시 오피스텔청소 견적,gyeonggi-gunpo-si-officetel-cleaning-quote,PASS,100,,경기 군포시 오피스텔청소 견적 - 청소 작업 안내,경기 군포시 오피스텔청소를 알아보는 분을 위한 안내입니다. 경기 군포시 오피스텔청소 견적 작업 전 확인사항부터 마무리 점검까지 자세히 정리했습니다.,https://clever-griffin-93819d.netlify.app/gyeonggi-gunpo-si-officetel-cleaning-quote/,경기 군포시 오피스텔청소 견적,12
경기 군포시 거주청소,gyeonggi-gunpo-si-home-cleaning,CHECK,96,title 길이 확인,경기 군포시 거주청소 | 체인지클린,경기 군포시 거주청소를 알아보는 분을 위한 안내입니다. 경기 군포시 거주청소 작업 전 확인사항부터 마무리 점검까지 자세히 정리했습니다.,https://clever-griffin-93819d.netlify.app/gyeonggi-gunpo-si-home-cleaning/,경기 군포시 거주청소,12
경기 군포시 거주청소 전문업체,gyeonggi-gunpo-si-home-cleaning-company,PASS,100,,경기 군포시 거주청소 전문업체 | 체인지클린,"경기 군포시 거주청소 전문업체 작업 범위와 준비사항, 진행 순서, 확인 항목을 정리했습니다. 경기 군포시 거주청소 현장에 맞춰 필요한 청소 내용을 확인해보세요.",https://clever-griffin-93819d.netlify.app/gyeonggi-gunpo-si-home-cleaning-company/,경기 군포시 거주청소 전문업체,12
경기 군포시 거주청소 잘하는곳,gyeonggi-gunpo-si-home-cleaning-best,PASS,100,,경기 군포시 거주청소 잘하는곳 | 체인지클린,"경기 군포시 거주청소 잘하는곳 작업 범위와 준비사항, 진행 순서, 확인 항목을 정리했습니다. 경기 군포시 거주청소 현장에 맞춰 필요한 청소 내용을 확인해보세요.",https://clever-griffin-93819d.netlify.app/gyeonggi-gunpo-si-home-cleaning-best/,경기 군포시 거주청소 잘하는곳,12
경기 군포시 거주청소 가격,gyeonggi-gunpo-si-home-cleaning-price,PASS,100,,경기 군포시 거주청소 가격 | 체인지클린,경기 군포시 거주청소 가격 관련 청소 과정과 체크포인트를 안내합니다. 공간 상태와 오염 범위를 확인한 뒤 현장에 맞는 작업을 진행합니다.,https://clever-griffin-93819d.netlify.app/gyeonggi-gunpo-si-home-cleaning-price/,경기 군포시 거주청소 가격,12
경기 군포시 거주청소 비용,gyeonggi-gunpo-si-home-cleaning-cost,PASS,100,,경기 군포시 거주청소 비용 - 청소 작업 안내,"경기 군포시 거주청소 비용 작업 범위와 준비사항, 진행 순서, 확인 항목을 정리했습니다. 경기 군포시 거주청소 현장에 맞춰 필요한 청소 내용을 확인해보세요.",https://clever-griffin-93819d.netlify.app/gyeonggi-gunpo-si-home-cleaning-cost/,경기 군포시 거주청소 비용,12
경기 군포시 거주청소 견적,gyeonggi-gunpo-si-home-cleaning-quote,PASS,100,,경기 군포시 거주청소 견적 | 현장별 청소 정보,"경기 군포시 거주청소 견적 작업 범위와 준비사항, 진행 순서, 확인 항목을 정리했습니다. 경기 군포시 거주청소 현장에 맞춰 필요한 청소 내용을 확인해보세요.",https://clever-griffin-93819d.netlify.app/gyeonggi-gunpo-si-home-cleaning-quote/,경기 군포시 거주청소 견적,12
경기 하남시 입주청소,gyeonggi-hanam-si-move-in-cleaning,CHECK,96,title 길이 확인,경기 하남시 입주청소 | 체인지클린,경기 하남시 입주청소를 알아보는 분을 위한 안내입니다. 경기 하남시 입주청소 작업 전 확인사항부터 마무리 점검까지 자세히 정리했습니다.,https://clever-griffin-93819d.netlify.app/gyeonggi-hanam-si-move-in-cleaning/,경기 하남시 입주청소,12
경기 하남시 입주청소 전문업체,gyeonggi-hanam-si-move-in-cleaning-company,PASS,100,,경기 하남시 입주청소 전문업체 - 청소 작업 안내,경기 하남시 입주청소 전문업체 관련 청소 과정과 체크포인트를 안내합니다. 공간 상태와 오염 범위를 확인한 뒤 현장에 맞는 작업을 진행합니다.,https://clever-griffin-93819d.netlify.app/gyeonggi-hanam-si-move-in-cleaning-company/,경기 하남시 입주청소 전문업체,12
경기 하남시 입주청소 잘하는곳,gyeonggi-hanam-si-move-in-cleaning-best,PASS,100,,경기 하남시 입주청소 잘하는곳 | 현장별 청소 정보,경기 하남시 입주청소 잘하는곳 관련 청소 과정과 체크포인트를 안내합니다. 공간 상태와 오염 범위를 확인한 뒤 현장에 맞는 작업을 진행합니다.,https://clever-griffin-93819d.netlify.app/gyeonggi-hanam-si-move-in-cleaning-best/,경기 하남시 입주청소 잘하는곳,12
경기 하남시 입주청소 가격,gyeonggi-hanam-si-move-in-cleaning-price,PASS,100,,경기 하남시 입주청소 가격 | 현장별 청소 정보,"경기 하남시 입주청소 가격 작업 범위와 준비사항, 진행 순서, 확인 항목을 정리했습니다. 경기 하남시 입주청소 현장에 맞춰 필요한 청소 내용을 확인해보세요.",https://clever-griffin-93819d.netlify.app/gyeonggi-hanam-si-move-in-cleaning-price/,경기 하남시 입주청소 가격,12
경기 하남시 입주청소 비용,gyeonggi-hanam-si-move-in-cleaning-cost,PASS,100,,경기 하남시 입주청소 비용 - 청소 작업 안내,"경기 하남시 입주청소 비용 작업 범위와 준비사항, 진행 순서, 확인 항목을 정리했습니다. 경기 하남시 입주청소 현장에 맞춰 필요한 청소 내용을 확인해보세요.",https://clever-griffin-93819d.netlify.app/gyeonggi-hanam-si-move-in-cleaning-cost/,경기 하남시 입주청소 비용,12
경기 하남시 입주청소 견적,gyeonggi-hanam-si-move-in-cleaning-quote,PASS,100,,경기 하남시 입주청소 견적 | 현장별 청소 정보,경기 하남시 입주청소를 알아보는 분을 위한 안내입니다. 경기 하남시 입주청소 견적 작업 전 확인사항부터 마무리 점검까지 자세히 정리했습니다.,https://clever-griffin-93819d.netlify.app/gyeonggi-hanam-si-move-in-cleaning-quote/,경기 하남시 입주청소 견적,12
경기 하남시 이사청소,gyeonggi-hanam-si-move-out-cleaning,PASS,100,,경기 하남시 이사청소 | 현장별 청소 정보,경기 하남시 이사청소를 알아보는 분을 위한 안내입니다. 경기 하남시 이사청소 작업 전 확인사항부터 마무리 점검까지 자세히 정리했습니다.,https://clever-griffin-93819d.netlify.app/gyeonggi-hanam-si-move-out-cleaning/,경기 하남시 이사청소,12
경기 하남시 이사청소 전문업체,gyeonggi-hanam-si-move-out-cleaning-company,PASS,100,,경기 하남시 이사청소 전문업체 | 체인지클린,경기 하남시 이사청소 전문업체 관련 청소 과정과 체크포인트를 안내합니다. 공간 상태와 오염 범위를 확인한 뒤 현장에 맞는 작업을 진행합니다.,https://clever-griffin-93819d.netlify.app/gyeonggi-hanam-si-move-out-cleaning-company/,경기 하남시 이사청소 전문업체,12
경기 하남시 이사청소 잘하는곳,gyeonggi-hanam-si-move-out-cleaning-best,PASS,100,,경기 하남시 이사청소 잘하는곳 - 청소 작업 안내,경기 하남시 이사청소 잘하는곳 관련 청소 과정과 체크포인트를 안내합니다. 공간 상태와 오염 범위를 확인한 뒤 현장에 맞는 작업을 진행합니다.,https://clever-griffin-93819d.netlify.app/gyeonggi-hanam-si-move-out-cleaning-best/,경기 하남시 이사청소 잘하는곳,12
경기 하남시 이사청소 가격,gyeonggi-hanam-si-move-out-cleaning-price,PASS,100,,경기 하남시 이사청소 가격 - 청소 작업 안내,경기 하남시 이사청소를 알아보는 분을 위한 안내입니다. 경기 하남시 이사청소 가격 작업 전 확인사항부터 마무리 점검까지 자세히 정리했습니다.,https://clever-griffin-93819d.netlify.app/gyeonggi-hanam-si-move-out-cleaning-price/,경기 하남시 이사청소 가격,12
경기 하남시 이사청소 비용,gyeonggi-hanam-si-move-out-cleaning-cost,PASS,100,,경기 하남시 이사청소 비용 - 청소 작업 안내,경기 하남시 이사청소 비용 관련 청소 과정과 체크포인트를 안내합니다. 공간 상태와 오염 범위를 확인한 뒤 현장에 맞는 작업을 진행합니다.,https://clever-griffin-93819d.netlify.app/gyeonggi-hanam-si-move-out-cleaning-cost/,경기 하남시 이사청소 비용,12
경기 하남시 이사청소 견적,gyeonggi-hanam-si-move-out-cleaning-quote,PASS,100,,경기 하남시 이사청소 견적 | 현장별 청소 정보,경기 하남시 이사청소를 알아보는 분을 위한 안내입니다. 경기 하남시 이사청소 견적 작업 전 확인사항부터 마무리 점검까지 자세히 정리했습니다.,https://clever-griffin-93819d.netlify.app/gyeonggi-hanam-si-move-out-cleaning-quote/,경기 하남시 이사청소 견적,12
경기 하남시 준공청소,gyeonggi-hanam-si-post-construction-cleaning,CHECK,96,title 길이 확인,경기 하남시 준공청소 | 체인지클린,경기 하남시 준공청소를 알아보는 분을 위한 안내입니다. 경기 하남시 준공청소 작업 전 확인사항부터 마무리 점검까지 자세히 정리했습니다.,https://clever-griffin-93819d.netlify.app/gyeonggi-hanam-si-post-construction-cleaning/,경기 하남시 준공청소,12
경기 하남시 준공청소 전문업체,gyeonggi-hanam-si-post-construction-cleaning-company,PASS,100,,경기 하남시 준공청소 전문업체 | 체인지클린,경기 하남시 준공청소를 알아보는 분을 위한 안내입니다. 경기 하남시 준공청소 전문업체 작업 전 확인사항부터 마무리 점검까지 자세히 정리했습니다.,https://clever-griffin-93819d.netlify.app/gyeonggi-hanam-si-post-construction-cleaning-company/,경기 하남시 준공청소 전문업체,12
경기 하남시 준공청소 잘하는곳,gyeonggi-hanam-si-post-construction-cleaning-best,PASS,100,,경기 하남시 준공청소 잘하는곳 | 현장별 청소 정보,경기 하남시 준공청소 잘하는곳 관련 청소 과정과 체크포인트를 안내합니다. 공간 상태와 오염 범위를 확인한 뒤 현장에 맞는 작업을 진행합니다.,https://clever-griffin-93819d.netlify.app/gyeonggi-hanam-si-post-construction-cleaning-best/,경기 하남시 준공청소 잘하는곳,12
경기 하남시 준공청소 가격,gyeonggi-hanam-si-post-construction-cleaning-price,PASS,100,,경기 하남시 준공청소 가격 | 체인지클린,경기 하남시 준공청소를 알아보는 분을 위한 안내입니다. 경기 하남시 준공청소 가격 작업 전 확인사항부터 마무리 점검까지 자세히 정리했습니다.,https://clever-griffin-93819d.netlify.app/gyeonggi-hanam-si-post-construction-cleaning-price/,경기 하남시 준공청소 가격,12
경기 하남시 준공청소 비용,gyeonggi-hanam-si-post-construction-cleaning-cost,PASS,100,,경기 하남시 준공청소 비용 - 청소 작업 안내,경기 하남시 준공청소 비용 관련 청소 과정과 체크포인트를 안내합니다. 공간 상태와 오염 범위를 확인한 뒤 현장에 맞는 작업을 진행합니다.,https://clever-griffin-93819d.netlify.app/gyeonggi-hanam-si-post-construction-cleaning-cost/,경기 하남시 준공청소 비용,12
경기 하남시 준공청소 견적,gyeonggi-hanam-si-post-construction-cleaning-quote,PASS,100,,경기 하남시 준공청소 견적 | 체인지클린,"경기 하남시 준공청소 견적 작업 범위와 준비사항, 진행 순서, 확인 항목을 정리했습니다. 경기 하남시 준공청소 현장에 맞춰 필요한 청소 내용을 확인해보세요.",https://clever-griffin-93819d.netlify.app/gyeonggi-hanam-si-post-construction-cleaning-quote/,경기 하남시 준공청소 견적,12
경기 하남시 상가청소,gyeonggi-hanam-si-store-cleaning,PASS,100,,경기 하남시 상가청소 | 현장별 청소 정보,"경기 하남시 상가청소 작업 범위와 준비사항, 진행 순서, 확인 항목을 정리했습니다. 경기 하남시 상가청소 현장에 맞춰 필요한 청소 내용을 확인해보세요.",https://clever-griffin-93819d.netlify.app/gyeonggi-hanam-si-store-cleaning/,경기 하남시 상가청소,12
경기 하남시 상가청소 전문업체,gyeonggi-hanam-si-store-cleaning-company,PASS,100,,경기 하남시 상가청소 전문업체 | 현장별 청소 정보,"경기 하남시 상가청소 전문업체 작업 범위와 준비사항, 진행 순서, 확인 항목을 정리했습니다. 경기 하남시 상가청소 현장에 맞춰 필요한 청소 내용을 확인해보세요.",https://clever-griffin-93819d.netlify.app/gyeonggi-hanam-si-store-cleaning-company/,경기 하남시 상가청소 전문업체,12
경기 하남시 상가청소 잘하는곳,gyeonggi-hanam-si-store-cleaning-best,PASS,100,,경기 하남시 상가청소 잘하는곳 - 청소 작업 안내,"경기 하남시 상가청소 잘하는곳 작업 범위와 준비사항, 진행 순서, 확인 항목을 정리했습니다. 경기 하남시 상가청소 현장에 맞춰 필요한 청소 내용을 확인해보세요.",https://clever-griffin-93819d.netlify.app/gyeonggi-hanam-si-store-cleaning-best/,경기 하남시 상가청소 잘하는곳,12
경기 하남시 상가청소 가격,gyeonggi-hanam-si-store-cleaning-price,PASS,100,,경기 하남시 상가청소 가격 - 청소 작업 안내,경기 하남시 상가청소를 알아보는 분을 위한 안내입니다. 경기 하남시 상가청소 가격 작업 전 확인사항부터 마무리 점검까지 자세히 정리했습니다.,https://clever-griffin-93819d.netlify.app/gyeonggi-hanam-si-store-cleaning-price/,경기 하남시 상가청소 가격,12
경기 하남시 상가청소 비용,gyeonggi-hanam-si-store-cleaning-cost,PASS,100,,경기 하남시 상가청소 비용 | 현장별 청소 정보,경기 하남시 상가청소를 알아보는 분을 위한 안내입니다. 경기 하남시 상가청소 비용 작업 전 확인사항부터 마무리 점검까지 자세히 정리했습니다.,https://clever-griffin-93819d.netlify.app/gyeonggi-hanam-si-store-cleaning-cost/,경기 하남시 상가청소 비용,12
경기 하남시 상가청소 견적,gyeonggi-hanam-si-store-cleaning-quote,PASS,100,,경기 하남시 상가청소 견적 | 현장별 청소 정보,경기 하남시 상가청소 견적 관련 청소 과정과 체크포인트를 안내합니다. 공간 상태와 오염 범위를 확인한 뒤 현장에 맞는 작업을 진행합니다.,https://clever-griffin-93819d.netlify.app/gyeonggi-hanam-si-store-cleaning-quote/,경기 하남시 상가청소 견적,12
경기 하남시 사무실청소,gyeonggi-hanam-si-office-cleaning,PASS,100,,경기 하남시 사무실청소 - 청소 작업 안내,경기 하남시 사무실청소 관련 청소 과정과 체크포인트를 안내합니다. 공간 상태와 오염 범위를 확인한 뒤 현장에 맞는 작업을 진행합니다.,https://clever-griffin-93819d.netlify.app/gyeonggi-hanam-si-office-cleaning/,경기 하남시 사무실청소,12
경기 하남시 사무실청소 전문업체,gyeonggi-hanam-si-office-cleaning-company,PASS,100,,경기 하남시 사무실청소 전문업체 | 현장별 청소 정보,경기 하남시 사무실청소 전문업체 관련 청소 과정과 체크포인트를 안내합니다. 공간 상태와 오염 범위를 확인한 뒤 현장에 맞는 작업을 진행합니다.,https://clever-griffin-93819d.netlify.app/gyeonggi-hanam-si-office-cleaning-company/,경기 하남시 사무실청소 전문업체,12
경기 하남시 사무실청소 잘하는곳,gyeonggi-hanam-si-office-cleaning-best,PASS,100,,경기 하남시 사무실청소 잘하는곳 - 청소 작업 안내,경기 하남시 사무실청소 잘하는곳 관련 청소 과정과 체크포인트를 안내합니다. 공간 상태와 오염 범위를 확인한 뒤 현장에 맞는 작업을 진행합니다.,https://clever-griffin-93819d.netlify.app/gyeonggi-hanam-si-office-cleaning-best/,경기 하남시 사무실청소 잘하는곳,12
경기 하남시 사무실청소 가격,gyeonggi-hanam-si-office-cleaning-price,PASS,100,,경기 하남시 사무실청소 가격 | 체인지클린,경기 하남시 사무실청소 가격 관련 청소 과정과 체크포인트를 안내합니다. 공간 상태와 오염 범위를 확인한 뒤 현장에 맞는 작업을 진행합니다.,https://clever-griffin-93819d.netlify.app/gyeonggi-hanam-si-office-cleaning-price/,경기 하남시 사무실청소 가격,12
경기 하남시 사무실청소 비용,gyeonggi-hanam-si-office-cleaning-cost,PASS,100,,경기 하남시 사무실청소 비용 | 체인지클린,경기 하남시 사무실청소를 알아보는 분을 위한 안내입니다. 경기 하남시 사무실청소 비용 작업 전 확인사항부터 마무리 점검까지 자세히 정리했습니다.,https://clever-griffin-93819d.netlify.app/gyeonggi-hanam-si-office-cleaning-cost/,경기 하남시 사무실청소 비용,12
경기 하남시 사무실청소 견적,gyeonggi-hanam-si-office-cleaning-quote,PASS,100,,경기 하남시 사무실청소 견적 | 체인지클린,경기 하남시 사무실청소 견적 관련 청소 과정과 체크포인트를 안내합니다. 공간 상태와 오염 범위를 확인한 뒤 현장에 맞는 작업을 진행합니다.,https://clever-griffin-93819d.netlify.app/gyeonggi-hanam-si-office-cleaning-quote/,경기 하남시 사무실청소 견적,12
경기 하남시 빌라청소,gyeonggi-hanam-si-villa-cleaning,CHECK,96,title 길이 확인,경기 하남시 빌라청소 | 체인지클린,경기 하남시 빌라청소를 알아보는 분을 위한 안내입니다. 경기 하남시 빌라청소 작업 전 확인사항부터 마무리 점검까지 자세히 정리했습니다.,https://clever-griffin-93819d.netlify.app/gyeonggi-hanam-si-villa-cleaning/,경기 하남시 빌라청소,12
경기 하남시 빌라청소 전문업체,gyeonggi-hanam-si-villa-cleaning-company,PASS,100,,경기 하남시 빌라청소 전문업체 - 청소 작업 안내,경기 하남시 빌라청소를 알아보는 분을 위한 안내입니다. 경기 하남시 빌라청소 전문업체 작업 전 확인사항부터 마무리 점검까지 자세히 정리했습니다.,https://clever-griffin-93819d.netlify.app/gyeonggi-hanam-si-villa-cleaning-company/,경기 하남시 빌라청소 전문업체,12
경기 하남시 빌라청소 잘하는곳,gyeonggi-hanam-si-villa-cleaning-best,PASS,100,,경기 하남시 빌라청소 잘하는곳 | 현장별 청소 정보,"경기 하남시 빌라청소 잘하는곳 작업 범위와 준비사항, 진행 순서, 확인 항목을 정리했습니다. 경기 하남시 빌라청소 현장에 맞춰 필요한 청소 내용을 확인해보세요.",https://clever-griffin-93819d.netlify.app/gyeonggi-hanam-si-villa-cleaning-best/,경기 하남시 빌라청소 잘하는곳,12
경기 하남시 빌라청소 가격,gyeonggi-hanam-si-villa-cleaning-price,PASS,100,,경기 하남시 빌라청소 가격 | 체인지클린,"경기 하남시 빌라청소 가격 작업 범위와 준비사항, 진행 순서, 확인 항목을 정리했습니다. 경기 하남시 빌라청소 현장에 맞춰 필요한 청소 내용을 확인해보세요.",https://clever-griffin-93819d.netlify.app/gyeonggi-hanam-si-villa-cleaning-price/,경기 하남시 빌라청소 가격,12
경기 하남시 빌라청소 비용,gyeonggi-hanam-si-villa-cleaning-cost,PASS,100,,경기 하남시 빌라청소 비용 | 체인지클린,"경기 하남시 빌라청소 비용 작업 범위와 준비사항, 진행 순서, 확인 항목을 정리했습니다. 경기 하남시 빌라청소 현장에 맞춰 필요한 청소 내용을 확인해보세요.",https://clever-griffin-93819d.netlify.app/gyeonggi-hanam-si-villa-cleaning-cost/,경기 하남시 빌라청소 비용,12
경기 하남시 빌라청소 견적,gyeonggi-hanam-si-villa-cleaning-quote,PASS,100,,경기 하남시 빌라청소 견적 | 체인지클린,경기 하남시 빌라청소를 알아보는 분을 위한 안내입니다. 경기 하남시 빌라청소 견적 작업 전 확인사항부터 마무리 점검까지 자세히 정리했습니다.,https://clever-griffin-93819d.netlify.app/gyeonggi-hanam-si-villa-cleaning-quote/,경기 하남시 빌라청소 견적,12
경기 하남시 아파트청소,gyeonggi-hanam-si-apartment-cleaning,PASS,100,,경기 하남시 아파트청소 | 체인지클린,경기 하남시 아파트청소를 알아보는 분을 위한 안내입니다. 경기 하남시 아파트청소 작업 전 확인사항부터 마무리 점검까지 자세히 정리했습니다.,https://clever-griffin-93819d.netlify.app/gyeonggi-hanam-si-apartment-cleaning/,경기 하남시 아파트청소,12
경기 하남시 아파트청소 전문업체,gyeonggi-hanam-si-apartment-cleaning-company,PASS,100,,경기 하남시 아파트청소 전문업체 | 체인지클린,경기 하남시 아파트청소를 알아보는 분을 위한 안내입니다. 경기 하남시 아파트청소 전문업체 작업 전 확인사항부터 마무리 점검까지 자세히 정리했습니다.,https://clever-griffin-93819d.netlify.app/gyeonggi-hanam-si-apartment-cleaning-company/,경기 하남시 아파트청소 전문업체,12
경기 하남시 아파트청소 잘하는곳,gyeonggi-hanam-si-apartment-cleaning-best,PASS,100,,경기 하남시 아파트청소 잘하는곳 - 청소 작업 안내,"경기 하남시 아파트청소 잘하는곳 작업 범위와 준비사항, 진행 순서, 확인 항목을 정리했습니다. 경기 하남시 아파트청소 현장에 맞춰 필요한 청소 내용을 확인해보세요.",https://clever-griffin-93819d.netlify.app/gyeonggi-hanam-si-apartment-cleaning-best/,경기 하남시 아파트청소 잘하는곳,12
경기 하남시 아파트청소 가격,gyeonggi-hanam-si-apartment-cleaning-price,PASS,100,,경기 하남시 아파트청소 가격 | 체인지클린,"경기 하남시 아파트청소 가격 작업 범위와 준비사항, 진행 순서, 확인 항목을 정리했습니다. 경기 하남시 아파트청소 현장에 맞춰 필요한 청소 내용을 확인해보세요.",https://clever-griffin-93819d.netlify.app/gyeonggi-hanam-si-apartment-cleaning-price/,경기 하남시 아파트청소 가격,12
경기 하남시 아파트청소 비용,gyeonggi-hanam-si-apartment-cleaning-cost,PASS,100,,경기 하남시 아파트청소 비용 | 체인지클린,경기 하남시 아파트청소 비용 관련 청소 과정과 체크포인트를 안내합니다. 공간 상태와 오염 범위를 확인한 뒤 현장에 맞는 작업을 진행합니다.,https://clever-griffin-93819d.netlify.app/gyeonggi-hanam-si-apartment-cleaning-cost/,경기 하남시 아파트청소 비용,12
경기 하남시 아파트청소 견적,gyeonggi-hanam-si-apartment-cleaning-quote,PASS,100,,경기 하남시 아파트청소 견적 | 현장별 청소 정보,경기 하남시 아파트청소를 알아보는 분을 위한 안내입니다. 경기 하남시 아파트청소 견적 작업 전 확인사항부터 마무리 점검까지 자세히 정리했습니다.,https://clever-griffin-93819d.netlify.app/gyeonggi-hanam-si-apartment-cleaning-quote/,경기 하남시 아파트청소 견적,12
경기 하남시 오피스텔청소,gyeonggi-hanam-si-officetel-cleaning,PASS,100,,경기 하남시 오피스텔청소 | 현장별 청소 정보,"경기 하남시 오피스텔청소 작업 범위와 준비사항, 진행 순서, 확인 항목을 정리했습니다. 경기 하남시 오피스텔청소 현장에 맞춰 필요한 청소 내용을 확인해보세요.",https://clever-griffin-93819d.netlify.app/gyeonggi-hanam-si-officetel-cleaning/,경기 하남시 오피스텔청소,12
경기 하남시 오피스텔청소 전문업체,gyeonggi-hanam-si-officetel-cleaning-company,PASS,100,,경기 하남시 오피스텔청소 전문업체 | 체인지클린,경기 하남시 오피스텔청소 전문업체 관련 청소 과정과 체크포인트를 안내합니다. 공간 상태와 오염 범위를 확인한 뒤 현장에 맞는 작업을 진행합니다.,https://clever-griffin-93819d.netlify.app/gyeonggi-hanam-si-officetel-cleaning-company/,경기 하남시 오피스텔청소 전문업체,12
경기 하남시 오피스텔청소 잘하는곳,gyeonggi-hanam-si-officetel-cleaning-best,PASS,100,,경기 하남시 오피스텔청소 잘하는곳 | 현장별 청소 정보,경기 하남시 오피스텔청소 잘하는곳 관련 청소 과정과 체크포인트를 안내합니다. 공간 상태와 오염 범위를 확인한 뒤 현장에 맞는 작업을 진행합니다.,https://clever-griffin-93819d.netlify.app/gyeonggi-hanam-si-officetel-cleaning-best/,경기 하남시 오피스텔청소 잘하는곳,12
경기 하남시 오피스텔청소 가격,gyeonggi-hanam-si-officetel-cleaning-price,PASS,100,,경기 하남시 오피스텔청소 가격 - 청소 작업 안내,경기 하남시 오피스텔청소를 알아보는 분을 위한 안내입니다. 경기 하남시 오피스텔청소 가격 작업 전 확인사항부터 마무리 점검까지 자세히 정리했습니다.,https://clever-griffin-93819d.netlify.app/gyeonggi-hanam-si-officetel-cleaning-price/,경기 하남시 오피스텔청소 가격,12
경기 하남시 오피스텔청소 비용,gyeonggi-hanam-si-officetel-cleaning-cost,PASS,100,,경기 하남시 오피스텔청소 비용 - 청소 작업 안내,"경기 하남시 오피스텔청소 비용 작업 범위와 준비사항, 진행 순서, 확인 항목을 정리했습니다. 경기 하남시 오피스텔청소 현장에 맞춰 필요한 청소 내용을 확인해보세요.",https://clever-griffin-93819d.netlify.app/gyeonggi-hanam-si-officetel-cleaning-cost/,경기 하남시 오피스텔청소 비용,12
경기 하남시 오피스텔청소 견적,gyeonggi-hanam-si-officetel-cleaning-quote,PASS,100,,경기 하남시 오피스텔청소 견적 - 청소 작업 안내,경기 하남시 오피스텔청소를 알아보는 분을 위한 안내입니다. 경기 하남시 오피스텔청소 견적 작업 전 확인사항부터 마무리 점검까지 자세히 정리했습니다.,https://clever-griffin-93819d.netlify.app/gyeonggi-hanam-si-officetel-cleaning-quote/,경기 하남시 오피스텔청소 견적,12
경기 하남시 거주청소,gyeonggi-hanam-si-home-cleaning,PASS,100,,경기 하남시 거주청소 - 청소 작업 안내,경기 하남시 거주청소를 알아보는 분을 위한 안내입니다. 경기 하남시 거주청소 작업 전 확인사항부터 마무리 점검까지 자세히 정리했습니다.,https://clever-griffin-93819d.netlify.app/gyeonggi-hanam-si-home-cleaning/,경기 하남시 거주청소,12
경기 하남시 거주청소 전문업체,gyeonggi-hanam-si-home-cleaning-company,PASS,100,,경기 하남시 거주청소 전문업체 - 청소 작업 안내,"경기 하남시 거주청소 전문업체 작업 범위와 준비사항, 진행 순서, 확인 항목을 정리했습니다. 경기 하남시 거주청소 현장에 맞춰 필요한 청소 내용을 확인해보세요.",https://clever-griffin-93819d.netlify.app/gyeonggi-hanam-si-home-cleaning-company/,경기 하남시 거주청소 전문업체,12
경기 하남시 거주청소 잘하는곳,gyeonggi-hanam-si-home-cleaning-best,PASS,100,,경기 하남시 거주청소 잘하는곳 | 체인지클린,경기 하남시 거주청소를 알아보는 분을 위한 안내입니다. 경기 하남시 거주청소 잘하는곳 작업 전 확인사항부터 마무리 점검까지 자세히 정리했습니다.,https://clever-griffin-93819d.netlify.app/gyeonggi-hanam-si-home-cleaning-best/,경기 하남시 거주청소 잘하는곳,12
경기 하남시 거주청소 가격,gyeonggi-hanam-si-home-cleaning-price,PASS,100,,경기 하남시 거주청소 가격 | 체인지클린,경기 하남시 거주청소 가격 관련 청소 과정과 체크포인트를 안내합니다. 공간 상태와 오염 범위를 확인한 뒤 현장에 맞는 작업을 진행합니다.,https://clever-griffin-93819d.netlify.app/gyeonggi-hanam-si-home-cleaning-price/,경기 하남시 거주청소 가격,12
경기 하남시 거주청소 비용,gyeonggi-hanam-si-home-cleaning-cost,PASS,100,,경기 하남시 거주청소 비용 - 청소 작업 안내,"경기 하남시 거주청소 비용 작업 범위와 준비사항, 진행 순서, 확인 항목을 정리했습니다. 경기 하남시 거주청소 현장에 맞춰 필요한 청소 내용을 확인해보세요.",https://clever-griffin-93819d.netlify.app/gyeonggi-hanam-si-home-cleaning-cost/,경기 하남시 거주청소 비용,12
경기 하남시 거주청소 견적,gyeonggi-hanam-si-home-cleaning-quote,PASS,100,,경기 하남시 거주청소 견적 | 체인지클린,경기 하남시 거주청소 견적 관련 청소 과정과 체크포인트를 안내합니다. 공간 상태와 오염 범위를 확인한 뒤 현장에 맞는 작업을 진행합니다.,https://clever-griffin-93819d.netlify.app/gyeonggi-hanam-si-home-cleaning-quote/,경기 하남시 거주청소 견적,12
경기 오산시 입주청소,gyeonggi-osan-si-move-in-cleaning,CHECK,96,title 길이 확인,경기 오산시 입주청소 | 체인지클린,"경기 오산시 입주청소 작업 범위와 준비사항, 진행 순서, 확인 항목을 정리했습니다. 경기 오산시 입주청소 현장에 맞춰 필요한 청소 내용을 확인해보세요.",https://clever-griffin-93819d.netlify.app/gyeonggi-osan-si-move-in-cleaning/,경기 오산시 입주청소,12
경기 오산시 입주청소 전문업체,gyeonggi-osan-si-move-in-cleaning-company,PASS,100,,경기 오산시 입주청소 전문업체 | 현장별 청소 정보,"경기 오산시 입주청소 전문업체 작업 범위와 준비사항, 진행 순서, 확인 항목을 정리했습니다. 경기 오산시 입주청소 현장에 맞춰 필요한 청소 내용을 확인해보세요.",https://clever-griffin-93819d.netlify.app/gyeonggi-osan-si-move-in-cleaning-company/,경기 오산시 입주청소 전문업체,12
경기 오산시 입주청소 잘하는곳,gyeonggi-osan-si-move-in-cleaning-best,PASS,100,,경기 오산시 입주청소 잘하는곳 | 현장별 청소 정보,"경기 오산시 입주청소 잘하는곳 작업 범위와 준비사항, 진행 순서, 확인 항목을 정리했습니다. 경기 오산시 입주청소 현장에 맞춰 필요한 청소 내용을 확인해보세요.",https://clever-griffin-93819d.netlify.app/gyeonggi-osan-si-move-in-cleaning-best/,경기 오산시 입주청소 잘하는곳,12
경기 오산시 입주청소 가격,gyeonggi-osan-si-move-in-cleaning-price,PASS,100,,경기 오산시 입주청소 가격 | 현장별 청소 정보,경기 오산시 입주청소를 알아보는 분을 위한 안내입니다. 경기 오산시 입주청소 가격 작업 전 확인사항부터 마무리 점검까지 자세히 정리했습니다.,https://clever-griffin-93819d.netlify.app/gyeonggi-osan-si-move-in-cleaning-price/,경기 오산시 입주청소 가격,12
경기 오산시 입주청소 비용,gyeonggi-osan-si-move-in-cleaning-cost,PASS,100,,경기 오산시 입주청소 비용 | 체인지클린,경기 오산시 입주청소를 알아보는 분을 위한 안내입니다. 경기 오산시 입주청소 비용 작업 전 확인사항부터 마무리 점검까지 자세히 정리했습니다.,https://clever-griffin-93819d.netlify.app/gyeonggi-osan-si-move-in-cleaning-cost/,경기 오산시 입주청소 비용,12
경기 오산시 입주청소 견적,gyeonggi-osan-si-move-in-cleaning-quote,PASS,100,,경기 오산시 입주청소 견적 | 체인지클린,경기 오산시 입주청소 견적 관련 청소 과정과 체크포인트를 안내합니다. 공간 상태와 오염 범위를 확인한 뒤 현장에 맞는 작업을 진행합니다.,https://clever-griffin-93819d.netlify.app/gyeonggi-osan-si-move-in-cleaning-quote/,경기 오산시 입주청소 견적,12
경기 오산시 이사청소,gyeonggi-osan-si-move-out-cleaning,PASS,100,,경기 오산시 이사청소 - 청소 작업 안내,경기 오산시 이사청소 관련 청소 과정과 체크포인트를 안내합니다. 공간 상태와 오염 범위를 확인한 뒤 현장에 맞는 작업을 진행합니다.,https://clever-griffin-93819d.netlify.app/gyeonggi-osan-si-move-out-cleaning/,경기 오산시 이사청소,12
경기 오산시 이사청소 전문업체,gyeonggi-osan-si-move-out-cleaning-company,PASS,100,,경기 오산시 이사청소 전문업체 - 청소 작업 안내,경기 오산시 이사청소를 알아보는 분을 위한 안내입니다. 경기 오산시 이사청소 전문업체 작업 전 확인사항부터 마무리 점검까지 자세히 정리했습니다.,https://clever-griffin-93819d.netlify.app/gyeonggi-osan-si-move-out-cleaning-company/,경기 오산시 이사청소 전문업체,12
경기 오산시 이사청소 잘하는곳,gyeonggi-osan-si-move-out-cleaning-best,PASS,100,,경기 오산시 이사청소 잘하는곳 | 현장별 청소 정보,"경기 오산시 이사청소 잘하는곳 작업 범위와 준비사항, 진행 순서, 확인 항목을 정리했습니다. 경기 오산시 이사청소 현장에 맞춰 필요한 청소 내용을 확인해보세요.",https://clever-griffin-93819d.netlify.app/gyeonggi-osan-si-move-out-cleaning-best/,경기 오산시 이사청소 잘하는곳,12
경기 오산시 이사청소 가격,gyeonggi-osan-si-move-out-cleaning-price,PASS,100,,경기 오산시 이사청소 가격 | 체인지클린,경기 오산시 이사청소를 알아보는 분을 위한 안내입니다. 경기 오산시 이사청소 가격 작업 전 확인사항부터 마무리 점검까지 자세히 정리했습니다.,https://clever-griffin-93819d.netlify.app/gyeonggi-osan-si-move-out-cleaning-price/,경기 오산시 이사청소 가격,12
경기 오산시 이사청소 비용,gyeonggi-osan-si-move-out-cleaning-cost,PASS,100,,경기 오산시 이사청소 비용 | 체인지클린,"경기 오산시 이사청소 비용 작업 범위와 준비사항, 진행 순서, 확인 항목을 정리했습니다. 경기 오산시 이사청소 현장에 맞춰 필요한 청소 내용을 확인해보세요.",https://clever-griffin-93819d.netlify.app/gyeonggi-osan-si-move-out-cleaning-cost/,경기 오산시 이사청소 비용,12
경기 오산시 이사청소 견적,gyeonggi-osan-si-move-out-cleaning-quote,PASS,100,,경기 오산시 이사청소 견적 | 현장별 청소 정보,경기 오산시 이사청소를 알아보는 분을 위한 안내입니다. 경기 오산시 이사청소 견적 작업 전 확인사항부터 마무리 점검까지 자세히 정리했습니다.,https://clever-griffin-93819d.netlify.app/gyeonggi-osan-si-move-out-cleaning-quote/,경기 오산시 이사청소 견적,12
경기 오산시 준공청소,gyeonggi-osan-si-post-construction-cleaning,PASS,100,,경기 오산시 준공청소 | 현장별 청소 정보,경기 오산시 준공청소를 알아보는 분을 위한 안내입니다. 경기 오산시 준공청소 작업 전 확인사항부터 마무리 점검까지 자세히 정리했습니다.,https://clever-griffin-93819d.netlify.app/gyeonggi-osan-si-post-construction-cleaning/,경기 오산시 준공청소,12
경기 오산시 준공청소 전문업체,gyeonggi-osan-si-post-construction-cleaning-company,PASS,100,,경기 오산시 준공청소 전문업체 | 체인지클린,"경기 오산시 준공청소 전문업체 작업 범위와 준비사항, 진행 순서, 확인 항목을 정리했습니다. 경기 오산시 준공청소 현장에 맞춰 필요한 청소 내용을 확인해보세요.",https://clever-griffin-93819d.netlify.app/gyeonggi-osan-si-post-construction-cleaning-company/,경기 오산시 준공청소 전문업체,12
경기 오산시 준공청소 잘하는곳,gyeonggi-osan-si-post-construction-cleaning-best,PASS,100,,경기 오산시 준공청소 잘하는곳 | 현장별 청소 정보,경기 오산시 준공청소 잘하는곳 관련 청소 과정과 체크포인트를 안내합니다. 공간 상태와 오염 범위를 확인한 뒤 현장에 맞는 작업을 진행합니다.,https://clever-griffin-93819d.netlify.app/gyeonggi-osan-si-post-construction-cleaning-best/,경기 오산시 준공청소 잘하는곳,12
경기 오산시 준공청소 가격,gyeonggi-osan-si-post-construction-cleaning-price,PASS,100,,경기 오산시 준공청소 가격 | 체인지클린,경기 오산시 준공청소를 알아보는 분을 위한 안내입니다. 경기 오산시 준공청소 가격 작업 전 확인사항부터 마무리 점검까지 자세히 정리했습니다.,https://clever-griffin-93819d.netlify.app/gyeonggi-osan-si-post-construction-cleaning-price/,경기 오산시 준공청소 가격,12
경기 오산시 준공청소 비용,gyeonggi-osan-si-post-construction-cleaning-cost,PASS,100,,경기 오산시 준공청소 비용 - 청소 작업 안내,경기 오산시 준공청소를 알아보는 분을 위한 안내입니다. 경기 오산시 준공청소 비용 작업 전 확인사항부터 마무리 점검까지 자세히 정리했습니다.,https://clever-griffin-93819d.netlify.app/gyeonggi-osan-si-post-construction-cleaning-cost/,경기 오산시 준공청소 비용,12
경기 오산시 준공청소 견적,gyeonggi-osan-si-post-construction-cleaning-quote,PASS,100,,경기 오산시 준공청소 견적 | 현장별 청소 정보,"경기 오산시 준공청소 견적 작업 범위와 준비사항, 진행 순서, 확인 항목을 정리했습니다. 경기 오산시 준공청소 현장에 맞춰 필요한 청소 내용을 확인해보세요.",https://clever-griffin-93819d.netlify.app/gyeonggi-osan-si-post-construction-cleaning-quote/,경기 오산시 준공청소 견적,12
경기 오산시 상가청소,gyeonggi-osan-si-store-cleaning,PASS,100,,경기 오산시 상가청소 - 청소 작업 안내,경기 오산시 상가청소를 알아보는 분을 위한 안내입니다. 경기 오산시 상가청소 작업 전 확인사항부터 마무리 점검까지 자세히 정리했습니다.,https://clever-griffin-93819d.netlify.app/gyeonggi-osan-si-store-cleaning/,경기 오산시 상가청소,12
경기 오산시 상가청소 전문업체,gyeonggi-osan-si-store-cleaning-company,PASS,100,,경기 오산시 상가청소 전문업체 - 청소 작업 안내,경기 오산시 상가청소를 알아보는 분을 위한 안내입니다. 경기 오산시 상가청소 전문업체 작업 전 확인사항부터 마무리 점검까지 자세히 정리했습니다.,https://clever-griffin-93819d.netlify.app/gyeonggi-osan-si-store-cleaning-company/,경기 오산시 상가청소 전문업체,12
경기 오산시 상가청소 잘하는곳,gyeonggi-osan-si-store-cleaning-best,PASS,100,,경기 오산시 상가청소 잘하는곳 - 청소 작업 안내,경기 오산시 상가청소를 알아보는 분을 위한 안내입니다. 경기 오산시 상가청소 잘하는곳 작업 전 확인사항부터 마무리 점검까지 자세히 정리했습니다.,https://clever-griffin-93819d.netlify.app/gyeonggi-osan-si-store-cleaning-best/,경기 오산시 상가청소 잘하는곳,12
경기 오산시 상가청소 가격,gyeonggi-osan-si-store-cleaning-price,PASS,100,,경기 오산시 상가청소 가격 | 현장별 청소 정보,경기 오산시 상가청소 가격 관련 청소 과정과 체크포인트를 안내합니다. 공간 상태와 오염 범위를 확인한 뒤 현장에 맞는 작업을 진행합니다.,https://clever-griffin-93819d.netlify.app/gyeonggi-osan-si-store-cleaning-price/,경기 오산시 상가청소 가격,12
경기 오산시 상가청소 비용,gyeonggi-osan-si-store-cleaning-cost,PASS,100,,경기 오산시 상가청소 비용 | 현장별 청소 정보,"경기 오산시 상가청소 비용 작업 범위와 준비사항, 진행 순서, 확인 항목을 정리했습니다. 경기 오산시 상가청소 현장에 맞춰 필요한 청소 내용을 확인해보세요.",https://clever-griffin-93819d.netlify.app/gyeonggi-osan-si-store-cleaning-cost/,경기 오산시 상가청소 비용,12
경기 오산시 상가청소 견적,gyeonggi-osan-si-store-cleaning-quote,PASS,100,,경기 오산시 상가청소 견적 | 체인지클린,경기 오산시 상가청소 견적 관련 청소 과정과 체크포인트를 안내합니다. 공간 상태와 오염 범위를 확인한 뒤 현장에 맞는 작업을 진행합니다.,https://clever-griffin-93819d.netlify.app/gyeonggi-osan-si-store-cleaning-quote/,경기 오산시 상가청소 견적,12
경기 오산시 사무실청소,gyeonggi-osan-si-office-cleaning,PASS,100,,경기 오산시 사무실청소 - 청소 작업 안내,"경기 오산시 사무실청소 작업 범위와 준비사항, 진행 순서, 확인 항목을 정리했습니다. 경기 오산시 사무실청소 현장에 맞춰 필요한 청소 내용을 확인해보세요.",https://clever-griffin-93819d.netlify.app/gyeonggi-osan-si-office-cleaning/,경기 오산시 사무실청소,12
경기 오산시 사무실청소 전문업체,gyeonggi-osan-si-office-cleaning-company,PASS,100,,경기 오산시 사무실청소 전문업체 | 현장별 청소 정보,경기 오산시 사무실청소를 알아보는 분을 위한 안내입니다. 경기 오산시 사무실청소 전문업체 작업 전 확인사항부터 마무리 점검까지 자세히 정리했습니다.,https://clever-griffin-93819d.netlify.app/gyeonggi-osan-si-office-cleaning-company/,경기 오산시 사무실청소 전문업체,12
경기 오산시 사무실청소 잘하는곳,gyeonggi-osan-si-office-cleaning-best,PASS,100,,경기 오산시 사무실청소 잘하는곳 | 현장별 청소 정보,"경기 오산시 사무실청소 잘하는곳 작업 범위와 준비사항, 진행 순서, 확인 항목을 정리했습니다. 경기 오산시 사무실청소 현장에 맞춰 필요한 청소 내용을 확인해보세요.",https://clever-griffin-93819d.netlify.app/gyeonggi-osan-si-office-cleaning-best/,경기 오산시 사무실청소 잘하는곳,12
경기 오산시 사무실청소 가격,gyeonggi-osan-si-office-cleaning-price,PASS,100,,경기 오산시 사무실청소 가격 | 체인지클린,경기 오산시 사무실청소 가격 관련 청소 과정과 체크포인트를 안내합니다. 공간 상태와 오염 범위를 확인한 뒤 현장에 맞는 작업을 진행합니다.,https://clever-griffin-93819d.netlify.app/gyeonggi-osan-si-office-cleaning-price/,경기 오산시 사무실청소 가격,12
경기 오산시 사무실청소 비용,gyeonggi-osan-si-office-cleaning-cost,PASS,100,,경기 오산시 사무실청소 비용 - 청소 작업 안내,"경기 오산시 사무실청소 비용 작업 범위와 준비사항, 진행 순서, 확인 항목을 정리했습니다. 경기 오산시 사무실청소 현장에 맞춰 필요한 청소 내용을 확인해보세요.",https://clever-griffin-93819d.netlify.app/gyeonggi-osan-si-office-cleaning-cost/,경기 오산시 사무실청소 비용,12
경기 오산시 사무실청소 견적,gyeonggi-osan-si-office-cleaning-quote,PASS,100,,경기 오산시 사무실청소 견적 | 체인지클린,경기 오산시 사무실청소를 알아보는 분을 위한 안내입니다. 경기 오산시 사무실청소 견적 작업 전 확인사항부터 마무리 점검까지 자세히 정리했습니다.,https://clever-griffin-93819d.netlify.app/gyeonggi-osan-si-office-cleaning-quote/,경기 오산시 사무실청소 견적,12
경기 오산시 빌라청소,gyeonggi-osan-si-villa-cleaning,PASS,100,,경기 오산시 빌라청소 | 현장별 청소 정보,경기 오산시 빌라청소 관련 청소 과정과 체크포인트를 안내합니다. 공간 상태와 오염 범위를 확인한 뒤 현장에 맞는 작업을 진행합니다.,https://clever-griffin-93819d.netlify.app/gyeonggi-osan-si-villa-cleaning/,경기 오산시 빌라청소,12
경기 오산시 빌라청소 전문업체,gyeonggi-osan-si-villa-cleaning-company,PASS,100,,경기 오산시 빌라청소 전문업체 | 체인지클린,"경기 오산시 빌라청소 전문업체 작업 범위와 준비사항, 진행 순서, 확인 항목을 정리했습니다. 경기 오산시 빌라청소 현장에 맞춰 필요한 청소 내용을 확인해보세요.",https://clever-griffin-93819d.netlify.app/gyeonggi-osan-si-villa-cleaning-company/,경기 오산시 빌라청소 전문업체,12
경기 오산시 빌라청소 잘하는곳,gyeonggi-osan-si-villa-cleaning-best,PASS,100,,경기 오산시 빌라청소 잘하는곳 - 청소 작업 안내,"경기 오산시 빌라청소 잘하는곳 작업 범위와 준비사항, 진행 순서, 확인 항목을 정리했습니다. 경기 오산시 빌라청소 현장에 맞춰 필요한 청소 내용을 확인해보세요.",https://clever-griffin-93819d.netlify.app/gyeonggi-osan-si-villa-cleaning-best/,경기 오산시 빌라청소 잘하는곳,12
경기 오산시 빌라청소 가격,gyeonggi-osan-si-villa-cleaning-price,PASS,100,,경기 오산시 빌라청소 가격 | 현장별 청소 정보,"경기 오산시 빌라청소 가격 작업 범위와 준비사항, 진행 순서, 확인 항목을 정리했습니다. 경기 오산시 빌라청소 현장에 맞춰 필요한 청소 내용을 확인해보세요.",https://clever-griffin-93819d.netlify.app/gyeonggi-osan-si-villa-cleaning-price/,경기 오산시 빌라청소 가격,12
경기 오산시 빌라청소 비용,gyeonggi-osan-si-villa-cleaning-cost,PASS,100,,경기 오산시 빌라청소 비용 - 청소 작업 안내,경기 오산시 빌라청소를 알아보는 분을 위한 안내입니다. 경기 오산시 빌라청소 비용 작업 전 확인사항부터 마무리 점검까지 자세히 정리했습니다.,https://clever-griffin-93819d.netlify.app/gyeonggi-osan-si-villa-cleaning-cost/,경기 오산시 빌라청소 비용,12
경기 오산시 빌라청소 견적,gyeonggi-osan-si-villa-cleaning-quote,PASS,100,,경기 오산시 빌라청소 견적 | 현장별 청소 정보,"경기 오산시 빌라청소 견적 작업 범위와 준비사항, 진행 순서, 확인 항목을 정리했습니다. 경기 오산시 빌라청소 현장에 맞춰 필요한 청소 내용을 확인해보세요.",https://clever-griffin-93819d.netlify.app/gyeonggi-osan-si-villa-cleaning-quote/,경기 오산시 빌라청소 견적,12
경기 오산시 아파트청소,gyeonggi-osan-si-apartment-cleaning,PASS,100,,경기 오산시 아파트청소 | 체인지클린,경기 오산시 아파트청소 관련 청소 과정과 체크포인트를 안내합니다. 공간 상태와 오염 범위를 확인한 뒤 현장에 맞는 작업을 진행합니다.,https://clever-griffin-93819d.netlify.app/gyeonggi-osan-si-apartment-cleaning/,경기 오산시 아파트청소,12
경기 오산시 아파트청소 전문업체,gyeonggi-osan-si-apartment-cleaning-company,PASS,100,,경기 오산시 아파트청소 전문업체 | 현장별 청소 정보,"경기 오산시 아파트청소 전문업체 작업 범위와 준비사항, 진행 순서, 확인 항목을 정리했습니다. 경기 오산시 아파트청소 현장에 맞춰 필요한 청소 내용을 확인해보세요.",https://clever-griffin-93819d.netlify.app/gyeonggi-osan-si-apartment-cleaning-company/,경기 오산시 아파트청소 전문업체,12
경기 오산시 아파트청소 잘하는곳,gyeonggi-osan-si-apartment-cleaning-best,PASS,100,,경기 오산시 아파트청소 잘하는곳 - 청소 작업 안내,"경기 오산시 아파트청소 잘하는곳 작업 범위와 준비사항, 진행 순서, 확인 항목을 정리했습니다. 경기 오산시 아파트청소 현장에 맞춰 필요한 청소 내용을 확인해보세요.",https://clever-griffin-93819d.netlify.app/gyeonggi-osan-si-apartment-cleaning-best/,경기 오산시 아파트청소 잘하는곳,12
경기 오산시 아파트청소 가격,gyeonggi-osan-si-apartment-cleaning-price,PASS,100,,경기 오산시 아파트청소 가격 - 청소 작업 안내,경기 오산시 아파트청소를 알아보는 분을 위한 안내입니다. 경기 오산시 아파트청소 가격 작업 전 확인사항부터 마무리 점검까지 자세히 정리했습니다.,https://clever-griffin-93819d.netlify.app/gyeonggi-osan-si-apartment-cleaning-price/,경기 오산시 아파트청소 가격,12
경기 오산시 아파트청소 비용,gyeonggi-osan-si-apartment-cleaning-cost,PASS,100,,경기 오산시 아파트청소 비용 - 청소 작업 안내,"경기 오산시 아파트청소 비용 작업 범위와 준비사항, 진행 순서, 확인 항목을 정리했습니다. 경기 오산시 아파트청소 현장에 맞춰 필요한 청소 내용을 확인해보세요.",https://clever-griffin-93819d.netlify.app/gyeonggi-osan-si-apartment-cleaning-cost/,경기 오산시 아파트청소 비용,12
경기 오산시 아파트청소 견적,gyeonggi-osan-si-apartment-cleaning-quote,PASS,100,,경기 오산시 아파트청소 견적 | 현장별 청소 정보,"경기 오산시 아파트청소 견적 작업 범위와 준비사항, 진행 순서, 확인 항목을 정리했습니다. 경기 오산시 아파트청소 현장에 맞춰 필요한 청소 내용을 확인해보세요.",https://clever-griffin-93819d.netlify.app/gyeonggi-osan-si-apartment-cleaning-quote/,경기 오산시 아파트청소 견적,12
경기 오산시 오피스텔청소,gyeonggi-osan-si-officetel-cleaning,PASS,100,,경기 오산시 오피스텔청소 | 체인지클린,"경기 오산시 오피스텔청소 작업 범위와 준비사항, 진행 순서, 확인 항목을 정리했습니다. 경기 오산시 오피스텔청소 현장에 맞춰 필요한 청소 내용을 확인해보세요.",https://clever-griffin-93819d.netlify.app/gyeonggi-osan-si-officetel-cleaning/,경기 오산시 오피스텔청소,12
경기 오산시 오피스텔청소 전문업체,gyeonggi-osan-si-officetel-cleaning-company,PASS,100,,경기 오산시 오피스텔청소 전문업체 | 체인지클린,경기 오산시 오피스텔청소를 알아보는 분을 위한 안내입니다. 경기 오산시 오피스텔청소 전문업체 작업 전 확인사항부터 마무리 점검까지 자세히 정리했습니다.,https://clever-griffin-93819d.netlify.app/gyeonggi-osan-si-officetel-cleaning-company/,경기 오산시 오피스텔청소 전문업체,12
경기 오산시 오피스텔청소 잘하는곳,gyeonggi-osan-si-officetel-cleaning-best,PASS,100,,경기 오산시 오피스텔청소 잘하는곳 - 청소 작업 안내,"경기 오산시 오피스텔청소 잘하는곳 작업 범위와 준비사항, 진행 순서, 확인 항목을 정리했습니다. 경기 오산시 오피스텔청소 현장에 맞춰 필요한 청소 내용을 확인해보세요.",https://clever-griffin-93819d.netlify.app/gyeonggi-osan-si-officetel-cleaning-best/,경기 오산시 오피스텔청소 잘하는곳,12
경기 오산시 오피스텔청소 가격,gyeonggi-osan-si-officetel-cleaning-price,PASS,100,,경기 오산시 오피스텔청소 가격 | 현장별 청소 정보,경기 오산시 오피스텔청소 가격 관련 청소 과정과 체크포인트를 안내합니다. 공간 상태와 오염 범위를 확인한 뒤 현장에 맞는 작업을 진행합니다.,https://clever-griffin-93819d.netlify.app/gyeonggi-osan-si-officetel-cleaning-price/,경기 오산시 오피스텔청소 가격,12
경기 오산시 오피스텔청소 비용,gyeonggi-osan-si-officetel-cleaning-cost,PASS,100,,경기 오산시 오피스텔청소 비용 - 청소 작업 안내,"경기 오산시 오피스텔청소 비용 작업 범위와 준비사항, 진행 순서, 확인 항목을 정리했습니다. 경기 오산시 오피스텔청소 현장에 맞춰 필요한 청소 내용을 확인해보세요.",https://clever-griffin-93819d.netlify.app/gyeonggi-osan-si-officetel-cleaning-cost/,경기 오산시 오피스텔청소 비용,12
경기 오산시 오피스텔청소 견적,gyeonggi-osan-si-officetel-cleaning-quote,PASS,100,,경기 오산시 오피스텔청소 견적 - 청소 작업 안내,경기 오산시 오피스텔청소 견적 관련 청소 과정과 체크포인트를 안내합니다. 공간 상태와 오염 범위를 확인한 뒤 현장에 맞는 작업을 진행합니다.,https://clever-griffin-93819d.netlify.app/gyeonggi-osan-si-officetel-cleaning-quote/,경기 오산시 오피스텔청소 견적,12
경기 오산시 거주청소,gyeonggi-osan-si-home-cleaning,PASS,100,,경기 오산시 거주청소 | 현장별 청소 정보,"경기 오산시 거주청소 작업 범위와 준비사항, 진행 순서, 확인 항목을 정리했습니다. 경기 오산시 거주청소 현장에 맞춰 필요한 청소 내용을 확인해보세요.",https://clever-griffin-93819d.netlify.app/gyeonggi-osan-si-home-cleaning/,경기 오산시 거주청소,12
경기 오산시 거주청소 전문업체,gyeonggi-osan-si-home-cleaning-company,PASS,100,,경기 오산시 거주청소 전문업체 | 체인지클린,"경기 오산시 거주청소 전문업체 작업 범위와 준비사항, 진행 순서, 확인 항목을 정리했습니다. 경기 오산시 거주청소 현장에 맞춰 필요한 청소 내용을 확인해보세요.",https://clever-griffin-93819d.netlify.app/gyeonggi-osan-si-home-cleaning-company/,경기 오산시 거주청소 전문업체,12
경기 오산시 거주청소 잘하는곳,gyeonggi-osan-si-home-cleaning-best,PASS,100,,경기 오산시 거주청소 잘하는곳 | 현장별 청소 정보,"경기 오산시 거주청소 잘하는곳 작업 범위와 준비사항, 진행 순서, 확인 항목을 정리했습니다. 경기 오산시 거주청소 현장에 맞춰 필요한 청소 내용을 확인해보세요.",https://clever-griffin-93819d.netlify.app/gyeonggi-osan-si-home-cleaning-best/,경기 오산시 거주청소 잘하는곳,12
경기 오산시 거주청소 가격,gyeonggi-osan-si-home-cleaning-price,PASS,100,,경기 오산시 거주청소 가격 | 체인지클린,경기 오산시 거주청소 가격 관련 청소 과정과 체크포인트를 안내합니다. 공간 상태와 오염 범위를 확인한 뒤 현장에 맞는 작업을 진행합니다.,https://clever-griffin-93819d.netlify.app/gyeonggi-osan-si-home-cleaning-price/,경기 오산시 거주청소 가격,12
경기 오산시 거주청소 비용,gyeonggi-osan-si-home-cleaning-cost,PASS,100,,경기 오산시 거주청소 비용 | 현장별 청소 정보,경기 오산시 거주청소를 알아보는 분을 위한 안내입니다. 경기 오산시 거주청소 비용 작업 전 확인사항부터 마무리 점검까지 자세히 정리했습니다.,https://clever-griffin-93819d.netlify.app/gyeonggi-osan-si-home-cleaning-cost/,경기 오산시 거주청소 비용,12
경기 오산시 거주청소 견적,gyeonggi-osan-si-home-cleaning-quote,PASS,100,,경기 오산시 거주청소 견적 | 체인지클린,경기 오산시 거주청소 견적 관련 청소 과정과 체크포인트를 안내합니다. 공간 상태와 오염 범위를 확인한 뒤 현장에 맞는 작업을 진행합니다.,https://clever-griffin-93819d.netlify.app/gyeonggi-osan-si-home-cleaning-quote/,경기 오산시 거주청소 견적,12
경기 이천시 입주청소,gyeonggi-icheon-si-move-in-cleaning,PASS,100,,경기 이천시 입주청소 | 현장별 청소 정보,경기 이천시 입주청소를 알아보는 분을 위한 안내입니다. 경기 이천시 입주청소 작업 전 확인사항부터 마무리 점검까지 자세히 정리했습니다.,https://clever-griffin-93819d.netlify.app/gyeonggi-icheon-si-move-in-cleaning/,경기 이천시 입주청소,12
경기 이천시 입주청소 전문업체,gyeonggi-icheon-si-move-in-cleaning-company,PASS,100,,경기 이천시 입주청소 전문업체 | 체인지클린,"경기 이천시 입주청소 전문업체 작업 범위와 준비사항, 진행 순서, 확인 항목을 정리했습니다. 경기 이천시 입주청소 현장에 맞춰 필요한 청소 내용을 확인해보세요.",https://clever-griffin-93819d.netlify.app/gyeonggi-icheon-si-move-in-cleaning-company/,경기 이천시 입주청소 전문업체,12
경기 이천시 입주청소 잘하는곳,gyeonggi-icheon-si-move-in-cleaning-best,PASS,100,,경기 이천시 입주청소 잘하는곳 | 현장별 청소 정보,경기 이천시 입주청소를 알아보는 분을 위한 안내입니다. 경기 이천시 입주청소 잘하는곳 작업 전 확인사항부터 마무리 점검까지 자세히 정리했습니다.,https://clever-griffin-93819d.netlify.app/gyeonggi-icheon-si-move-in-cleaning-best/,경기 이천시 입주청소 잘하는곳,12
경기 이천시 입주청소 가격,gyeonggi-icheon-si-move-in-cleaning-price,PASS,100,,경기 이천시 입주청소 가격 | 현장별 청소 정보,"경기 이천시 입주청소 가격 작업 범위와 준비사항, 진행 순서, 확인 항목을 정리했습니다. 경기 이천시 입주청소 현장에 맞춰 필요한 청소 내용을 확인해보세요.",https://clever-griffin-93819d.netlify.app/gyeonggi-icheon-si-move-in-cleaning-price/,경기 이천시 입주청소 가격,12
경기 이천시 입주청소 비용,gyeonggi-icheon-si-move-in-cleaning-cost,PASS,100,,경기 이천시 입주청소 비용 - 청소 작업 안내,경기 이천시 입주청소를 알아보는 분을 위한 안내입니다. 경기 이천시 입주청소 비용 작업 전 확인사항부터 마무리 점검까지 자세히 정리했습니다.,https://clever-griffin-93819d.netlify.app/gyeonggi-icheon-si-move-in-cleaning-cost/,경기 이천시 입주청소 비용,12
경기 이천시 입주청소 견적,gyeonggi-icheon-si-move-in-cleaning-quote,PASS,100,,경기 이천시 입주청소 견적 | 현장별 청소 정보,"경기 이천시 입주청소 견적 작업 범위와 준비사항, 진행 순서, 확인 항목을 정리했습니다. 경기 이천시 입주청소 현장에 맞춰 필요한 청소 내용을 확인해보세요.",https://clever-griffin-93819d.netlify.app/gyeonggi-icheon-si-move-in-cleaning-quote/,경기 이천시 입주청소 견적,12
경기 이천시 이사청소,gyeonggi-icheon-si-move-out-cleaning,PASS,100,,경기 이천시 이사청소 | 현장별 청소 정보,경기 이천시 이사청소 관련 청소 과정과 체크포인트를 안내합니다. 공간 상태와 오염 범위를 확인한 뒤 현장에 맞는 작업을 진행합니다.,https://clever-griffin-93819d.netlify.app/gyeonggi-icheon-si-move-out-cleaning/,경기 이천시 이사청소,12
경기 이천시 이사청소 전문업체,gyeonggi-icheon-si-move-out-cleaning-company,PASS,100,,경기 이천시 이사청소 전문업체 - 청소 작업 안내,"경기 이천시 이사청소 전문업체 작업 범위와 준비사항, 진행 순서, 확인 항목을 정리했습니다. 경기 이천시 이사청소 현장에 맞춰 필요한 청소 내용을 확인해보세요.",https://clever-griffin-93819d.netlify.app/gyeonggi-icheon-si-move-out-cleaning-company/,경기 이천시 이사청소 전문업체,12
경기 이천시 이사청소 잘하는곳,gyeonggi-icheon-si-move-out-cleaning-best,PASS,100,,경기 이천시 이사청소 잘하는곳 | 체인지클린,경기 이천시 이사청소 잘하는곳 관련 청소 과정과 체크포인트를 안내합니다. 공간 상태와 오염 범위를 확인한 뒤 현장에 맞는 작업을 진행합니다.,https://clever-griffin-93819d.netlify.app/gyeonggi-icheon-si-move-out-cleaning-best/,경기 이천시 이사청소 잘하는곳,12
경기 이천시 이사청소 가격,gyeonggi-icheon-si-move-out-cleaning-price,PASS,100,,경기 이천시 이사청소 가격 | 현장별 청소 정보,경기 이천시 이사청소 가격 관련 청소 과정과 체크포인트를 안내합니다. 공간 상태와 오염 범위를 확인한 뒤 현장에 맞는 작업을 진행합니다.,https://clever-griffin-93819d.netlify.app/gyeonggi-icheon-si-move-out-cleaning-price/,경기 이천시 이사청소 가격,12
경기 이천시 이사청소 비용,gyeonggi-icheon-si-move-out-cleaning-cost,PASS,100,,경기 이천시 이사청소 비용 - 청소 작업 안내,"경기 이천시 이사청소 비용 작업 범위와 준비사항, 진행 순서, 확인 항목을 정리했습니다. 경기 이천시 이사청소 현장에 맞춰 필요한 청소 내용을 확인해보세요.",https://clever-griffin-93819d.netlify.app/gyeonggi-icheon-si-move-out-cleaning-cost/,경기 이천시 이사청소 비용,12
경기 이천시 이사청소 견적,gyeonggi-icheon-si-move-out-cleaning-quote,PASS,100,,경기 이천시 이사청소 견적 | 현장별 청소 정보,"경기 이천시 이사청소 견적 작업 범위와 준비사항, 진행 순서, 확인 항목을 정리했습니다. 경기 이천시 이사청소 현장에 맞춰 필요한 청소 내용을 확인해보세요.",https://clever-griffin-93819d.netlify.app/gyeonggi-icheon-si-move-out-cleaning-quote/,경기 이천시 이사청소 견적,12
경기 이천시 준공청소,gyeonggi-icheon-si-post-construction-cleaning,CHECK,96,title 길이 확인,경기 이천시 준공청소 | 체인지클린,경기 이천시 준공청소 관련 청소 과정과 체크포인트를 안내합니다. 공간 상태와 오염 범위를 확인한 뒤 현장에 맞는 작업을 진행합니다.,https://clever-griffin-93819d.netlify.app/gyeonggi-icheon-si-post-construction-cleaning/,경기 이천시 준공청소,12
경기 이천시 준공청소 전문업체,gyeonggi-icheon-si-post-construction-cleaning-company,PASS,100,,경기 이천시 준공청소 전문업체 | 현장별 청소 정보,경기 이천시 준공청소를 알아보는 분을 위한 안내입니다. 경기 이천시 준공청소 전문업체 작업 전 확인사항부터 마무리 점검까지 자세히 정리했습니다.,https://clever-griffin-93819d.netlify.app/gyeonggi-icheon-si-post-construction-cleaning-company/,경기 이천시 준공청소 전문업체,12
경기 이천시 준공청소 잘하는곳,gyeonggi-icheon-si-post-construction-cleaning-best,PASS,100,,경기 이천시 준공청소 잘하는곳 - 청소 작업 안내,경기 이천시 준공청소를 알아보는 분을 위한 안내입니다. 경기 이천시 준공청소 잘하는곳 작업 전 확인사항부터 마무리 점검까지 자세히 정리했습니다.,https://clever-griffin-93819d.netlify.app/gyeonggi-icheon-si-post-construction-cleaning-best/,경기 이천시 준공청소 잘하는곳,12
경기 이천시 준공청소 가격,gyeonggi-icheon-si-post-construction-cleaning-price,PASS,100,,경기 이천시 준공청소 가격 | 현장별 청소 정보,경기 이천시 준공청소 가격 관련 청소 과정과 체크포인트를 안내합니다. 공간 상태와 오염 범위를 확인한 뒤 현장에 맞는 작업을 진행합니다.,https://clever-griffin-93819d.netlify.app/gyeonggi-icheon-si-post-construction-cleaning-price/,경기 이천시 준공청소 가격,12
경기 이천시 준공청소 비용,gyeonggi-icheon-si-post-construction-cleaning-cost,PASS,100,,경기 이천시 준공청소 비용 | 체인지클린,"경기 이천시 준공청소 비용 작업 범위와 준비사항, 진행 순서, 확인 항목을 정리했습니다. 경기 이천시 준공청소 현장에 맞춰 필요한 청소 내용을 확인해보세요.",https://clever-griffin-93819d.netlify.app/gyeonggi-icheon-si-post-construction-cleaning-cost/,경기 이천시 준공청소 비용,12
경기 이천시 준공청소 견적,gyeonggi-icheon-si-post-construction-cleaning-quote,PASS,100,,경기 이천시 준공청소 견적 | 체인지클린,경기 이천시 준공청소를 알아보는 분을 위한 안내입니다. 경기 이천시 준공청소 견적 작업 전 확인사항부터 마무리 점검까지 자세히 정리했습니다.,https://clever-griffin-93819d.netlify.app/gyeonggi-icheon-si-post-construction-cleaning-quote/,경기 이천시 준공청소 견적,12
경기 이천시 상가청소,gyeonggi-icheon-si-store-cleaning,CHECK,96,title 길이 확인,경기 이천시 상가청소 | 체인지클린,"경기 이천시 상가청소 작업 범위와 준비사항, 진행 순서, 확인 항목을 정리했습니다. 경기 이천시 상가청소 현장에 맞춰 필요한 청소 내용을 확인해보세요.",https://clever-griffin-93819d.netlify.app/gyeonggi-icheon-si-store-cleaning/,경기 이천시 상가청소,12
경기 이천시 상가청소 전문업체,gyeonggi-icheon-si-store-cleaning-company,PASS,100,,경기 이천시 상가청소 전문업체 - 청소 작업 안내,경기 이천시 상가청소를 알아보는 분을 위한 안내입니다. 경기 이천시 상가청소 전문업체 작업 전 확인사항부터 마무리 점검까지 자세히 정리했습니다.,https://clever-griffin-93819d.netlify.app/gyeonggi-icheon-si-store-cleaning-company/,경기 이천시 상가청소 전문업체,12
경기 이천시 상가청소 잘하는곳,gyeonggi-icheon-si-store-cleaning-best,PASS,100,,경기 이천시 상가청소 잘하는곳 | 현장별 청소 정보,경기 이천시 상가청소를 알아보는 분을 위한 안내입니다. 경기 이천시 상가청소 잘하는곳 작업 전 확인사항부터 마무리 점검까지 자세히 정리했습니다.,https://clever-griffin-93819d.netlify.app/gyeonggi-icheon-si-store-cleaning-best/,경기 이천시 상가청소 잘하는곳,12
경기 이천시 상가청소 가격,gyeonggi-icheon-si-store-cleaning-price,PASS,100,,경기 이천시 상가청소 가격 - 청소 작업 안내,경기 이천시 상가청소 가격 관련 청소 과정과 체크포인트를 안내합니다. 공간 상태와 오염 범위를 확인한 뒤 현장에 맞는 작업을 진행합니다.,https://clever-griffin-93819d.netlify.app/gyeonggi-icheon-si-store-cleaning-price/,경기 이천시 상가청소 가격,12
경기 이천시 상가청소 비용,gyeonggi-icheon-si-store-cleaning-cost,PASS,100,,경기 이천시 상가청소 비용 | 체인지클린,"경기 이천시 상가청소 비용 작업 범위와 준비사항, 진행 순서, 확인 항목을 정리했습니다. 경기 이천시 상가청소 현장에 맞춰 필요한 청소 내용을 확인해보세요.",https://clever-griffin-93819d.netlify.app/gyeonggi-icheon-si-store-cleaning-cost/,경기 이천시 상가청소 비용,12
경기 이천시 상가청소 견적,gyeonggi-icheon-si-store-cleaning-quote,PASS,100,,경기 이천시 상가청소 견적 | 체인지클린,경기 이천시 상가청소 견적 관련 청소 과정과 체크포인트를 안내합니다. 공간 상태와 오염 범위를 확인한 뒤 현장에 맞는 작업을 진행합니다.,https://clever-griffin-93819d.netlify.app/gyeonggi-icheon-si-store-cleaning-quote/,경기 이천시 상가청소 견적,12
경기 이천시 사무실청소,gyeonggi-icheon-si-office-cleaning,PASS,100,,경기 이천시 사무실청소 | 체인지클린,"경기 이천시 사무실청소 작업 범위와 준비사항, 진행 순서, 확인 항목을 정리했습니다. 경기 이천시 사무실청소 현장에 맞춰 필요한 청소 내용을 확인해보세요.",https://clever-griffin-93819d.netlify.app/gyeonggi-icheon-si-office-cleaning/,경기 이천시 사무실청소,12
경기 이천시 사무실청소 전문업체,gyeonggi-icheon-si-office-cleaning-company,PASS,100,,경기 이천시 사무실청소 전문업체 | 현장별 청소 정보,경기 이천시 사무실청소를 알아보는 분을 위한 안내입니다. 경기 이천시 사무실청소 전문업체 작업 전 확인사항부터 마무리 점검까지 자세히 정리했습니다.,https://clever-griffin-93819d.netlify.app/gyeonggi-icheon-si-office-cleaning-company/,경기 이천시 사무실청소 전문업체,12
경기 이천시 사무실청소 잘하는곳,gyeonggi-icheon-si-office-cleaning-best,PASS,100,,경기 이천시 사무실청소 잘하는곳 | 체인지클린,"경기 이천시 사무실청소 잘하는곳 작업 범위와 준비사항, 진행 순서, 확인 항목을 정리했습니다. 경기 이천시 사무실청소 현장에 맞춰 필요한 청소 내용을 확인해보세요.",https://clever-griffin-93819d.netlify.app/gyeonggi-icheon-si-office-cleaning-best/,경기 이천시 사무실청소 잘하는곳,12
경기 이천시 사무실청소 가격,gyeonggi-icheon-si-office-cleaning-price,PASS,100,,경기 이천시 사무실청소 가격 - 청소 작업 안내,"경기 이천시 사무실청소 가격 작업 범위와 준비사항, 진행 순서, 확인 항목을 정리했습니다. 경기 이천시 사무실청소 현장에 맞춰 필요한 청소 내용을 확인해보세요.",https://clever-griffin-93819d.netlify.app/gyeonggi-icheon-si-office-cleaning-price/,경기 이천시 사무실청소 가격,12
경기 이천시 사무실청소 비용,gyeonggi-icheon-si-office-cleaning-cost,PASS,100,,경기 이천시 사무실청소 비용 | 현장별 청소 정보,경기 이천시 사무실청소 비용 관련 청소 과정과 체크포인트를 안내합니다. 공간 상태와 오염 범위를 확인한 뒤 현장에 맞는 작업을 진행합니다.,https://clever-griffin-93819d.netlify.app/gyeonggi-icheon-si-office-cleaning-cost/,경기 이천시 사무실청소 비용,12
경기 이천시 사무실청소 견적,gyeonggi-icheon-si-office-cleaning-quote,PASS,100,,경기 이천시 사무실청소 견적 | 체인지클린,경기 이천시 사무실청소 견적 관련 청소 과정과 체크포인트를 안내합니다. 공간 상태와 오염 범위를 확인한 뒤 현장에 맞는 작업을 진행합니다.,https://clever-griffin-93819d.netlify.app/gyeonggi-icheon-si-office-cleaning-quote/,경기 이천시 사무실청소 견적,12
경기 이천시 빌라청소,gyeonggi-icheon-si-villa-cleaning,PASS,100,,경기 이천시 빌라청소 | 현장별 청소 정보,"경기 이천시 빌라청소 작업 범위와 준비사항, 진행 순서, 확인 항목을 정리했습니다. 경기 이천시 빌라청소 현장에 맞춰 필요한 청소 내용을 확인해보세요.",https://clever-griffin-93819d.netlify.app/gyeonggi-icheon-si-villa-cleaning/,경기 이천시 빌라청소,12
경기 이천시 빌라청소 전문업체,gyeonggi-icheon-si-villa-cleaning-company,PASS,100,,경기 이천시 빌라청소 전문업체 - 청소 작업 안내,경기 이천시 빌라청소를 알아보는 분을 위한 안내입니다. 경기 이천시 빌라청소 전문업체 작업 전 확인사항부터 마무리 점검까지 자세히 정리했습니다.,https://clever-griffin-93819d.netlify.app/gyeonggi-icheon-si-villa-cleaning-company/,경기 이천시 빌라청소 전문업체,12
경기 이천시 빌라청소 잘하는곳,gyeonggi-icheon-si-villa-cleaning-best,PASS,100,,경기 이천시 빌라청소 잘하는곳 | 현장별 청소 정보,경기 이천시 빌라청소를 알아보는 분을 위한 안내입니다. 경기 이천시 빌라청소 잘하는곳 작업 전 확인사항부터 마무리 점검까지 자세히 정리했습니다.,https://clever-griffin-93819d.netlify.app/gyeonggi-icheon-si-villa-cleaning-best/,경기 이천시 빌라청소 잘하는곳,12
경기 이천시 빌라청소 가격,gyeonggi-icheon-si-villa-cleaning-price,PASS,100,,경기 이천시 빌라청소 가격 | 체인지클린,경기 이천시 빌라청소 가격 관련 청소 과정과 체크포인트를 안내합니다. 공간 상태와 오염 범위를 확인한 뒤 현장에 맞는 작업을 진행합니다.,https://clever-griffin-93819d.netlify.app/gyeonggi-icheon-si-villa-cleaning-price/,경기 이천시 빌라청소 가격,12
경기 이천시 빌라청소 비용,gyeonggi-icheon-si-villa-cleaning-cost,PASS,100,,경기 이천시 빌라청소 비용 | 현장별 청소 정보,"경기 이천시 빌라청소 비용 작업 범위와 준비사항, 진행 순서, 확인 항목을 정리했습니다. 경기 이천시 빌라청소 현장에 맞춰 필요한 청소 내용을 확인해보세요.",https://clever-griffin-93819d.netlify.app/gyeonggi-icheon-si-villa-cleaning-cost/,경기 이천시 빌라청소 비용,12
경기 이천시 빌라청소 견적,gyeonggi-icheon-si-villa-cleaning-quote,PASS,100,,경기 이천시 빌라청소 견적 | 체인지클린,경기 이천시 빌라청소를 알아보는 분을 위한 안내입니다. 경기 이천시 빌라청소 견적 작업 전 확인사항부터 마무리 점검까지 자세히 정리했습니다.,https://clever-griffin-93819d.netlify.app/gyeonggi-icheon-si-villa-cleaning-quote/,경기 이천시 빌라청소 견적,12
경기 이천시 아파트청소,gyeonggi-icheon-si-apartment-cleaning,PASS,100,,경기 이천시 아파트청소 | 체인지클린,경기 이천시 아파트청소 관련 청소 과정과 체크포인트를 안내합니다. 공간 상태와 오염 범위를 확인한 뒤 현장에 맞는 작업을 진행합니다.,https://clever-griffin-93819d.netlify.app/gyeonggi-icheon-si-apartment-cleaning/,경기 이천시 아파트청소,12
경기 이천시 아파트청소 전문업체,gyeonggi-icheon-si-apartment-cleaning-company,PASS,100,,경기 이천시 아파트청소 전문업체 | 현장별 청소 정보,경기 이천시 아파트청소를 알아보는 분을 위한 안내입니다. 경기 이천시 아파트청소 전문업체 작업 전 확인사항부터 마무리 점검까지 자세히 정리했습니다.,https://clever-griffin-93819d.netlify.app/gyeonggi-icheon-si-apartment-cleaning-company/,경기 이천시 아파트청소 전문업체,12
경기 이천시 아파트청소 잘하는곳,gyeonggi-icheon-si-apartment-cleaning-best,PASS,100,,경기 이천시 아파트청소 잘하는곳 | 체인지클린,경기 이천시 아파트청소를 알아보는 분을 위한 안내입니다. 경기 이천시 아파트청소 잘하는곳 작업 전 확인사항부터 마무리 점검까지 자세히 정리했습니다.,https://clever-griffin-93819d.netlify.app/gyeonggi-icheon-si-apartment-cleaning-best/,경기 이천시 아파트청소 잘하는곳,12
경기 이천시 아파트청소 가격,gyeonggi-icheon-si-apartment-cleaning-price,PASS,100,,경기 이천시 아파트청소 가격 | 현장별 청소 정보,경기 이천시 아파트청소 가격 관련 청소 과정과 체크포인트를 안내합니다. 공간 상태와 오염 범위를 확인한 뒤 현장에 맞는 작업을 진행합니다.,https://clever-griffin-93819d.netlify.app/gyeonggi-icheon-si-apartment-cleaning-price/,경기 이천시 아파트청소 가격,12
경기 이천시 아파트청소 비용,gyeonggi-icheon-si-apartment-cleaning-cost,PASS,100,,경기 이천시 아파트청소 비용 | 현장별 청소 정보,"경기 이천시 아파트청소 비용 작업 범위와 준비사항, 진행 순서, 확인 항목을 정리했습니다. 경기 이천시 아파트청소 현장에 맞춰 필요한 청소 내용을 확인해보세요.",https://clever-griffin-93819d.netlify.app/gyeonggi-icheon-si-apartment-cleaning-cost/,경기 이천시 아파트청소 비용,12
경기 이천시 아파트청소 견적,gyeonggi-icheon-si-apartment-cleaning-quote,PASS,100,,경기 이천시 아파트청소 견적 - 청소 작업 안내,경기 이천시 아파트청소를 알아보는 분을 위한 안내입니다. 경기 이천시 아파트청소 견적 작업 전 확인사항부터 마무리 점검까지 자세히 정리했습니다.,https://clever-griffin-93819d.netlify.app/gyeonggi-icheon-si-apartment-cleaning-quote/,경기 이천시 아파트청소 견적,12
경기 이천시 오피스텔청소,gyeonggi-icheon-si-officetel-cleaning,PASS,100,,경기 이천시 오피스텔청소 - 청소 작업 안내,경기 이천시 오피스텔청소를 알아보는 분을 위한 안내입니다. 경기 이천시 오피스텔청소 작업 전 확인사항부터 마무리 점검까지 자세히 정리했습니다.,https://clever-griffin-93819d.netlify.app/gyeonggi-icheon-si-officetel-cleaning/,경기 이천시 오피스텔청소,12
경기 이천시 오피스텔청소 전문업체,gyeonggi-icheon-si-officetel-cleaning-company,PASS,100,,경기 이천시 오피스텔청소 전문업체 - 청소 작업 안내,경기 이천시 오피스텔청소를 알아보는 분을 위한 안내입니다. 경기 이천시 오피스텔청소 전문업체 작업 전 확인사항부터 마무리 점검까지 자세히 정리했습니다.,https://clever-griffin-93819d.netlify.app/gyeonggi-icheon-si-officetel-cleaning-company/,경기 이천시 오피스텔청소 전문업체,12
경기 이천시 오피스텔청소 잘하는곳,gyeonggi-icheon-si-officetel-cleaning-best,PASS,100,,경기 이천시 오피스텔청소 잘하는곳 | 체인지클린,"경기 이천시 오피스텔청소 잘하는곳 작업 범위와 준비사항, 진행 순서, 확인 항목을 정리했습니다. 경기 이천시 오피스텔청소 현장에 맞춰 필요한 청소 내용을 확인해보세요.",https://clever-griffin-93819d.netlify.app/gyeonggi-icheon-si-officetel-cleaning-best/,경기 이천시 오피스텔청소 잘하는곳,12
경기 이천시 오피스텔청소 가격,gyeonggi-icheon-si-officetel-cleaning-price,PASS,100,,경기 이천시 오피스텔청소 가격 - 청소 작업 안내,경기 이천시 오피스텔청소 가격 관련 청소 과정과 체크포인트를 안내합니다. 공간 상태와 오염 범위를 확인한 뒤 현장에 맞는 작업을 진행합니다.,https://clever-griffin-93819d.netlify.app/gyeonggi-icheon-si-officetel-cleaning-price/,경기 이천시 오피스텔청소 가격,12
경기 이천시 오피스텔청소 비용,gyeonggi-icheon-si-officetel-cleaning-cost,PASS,100,,경기 이천시 오피스텔청소 비용 | 체인지클린,경기 이천시 오피스텔청소를 알아보는 분을 위한 안내입니다. 경기 이천시 오피스텔청소 비용 작업 전 확인사항부터 마무리 점검까지 자세히 정리했습니다.,https://clever-griffin-93819d.netlify.app/gyeonggi-icheon-si-officetel-cleaning-cost/,경기 이천시 오피스텔청소 비용,12
경기 이천시 오피스텔청소 견적,gyeonggi-icheon-si-officetel-cleaning-quote,PASS,100,,경기 이천시 오피스텔청소 견적 - 청소 작업 안내,경기 이천시 오피스텔청소를 알아보는 분을 위한 안내입니다. 경기 이천시 오피스텔청소 견적 작업 전 확인사항부터 마무리 점검까지 자세히 정리했습니다.,https://clever-griffin-93819d.netlify.app/gyeonggi-icheon-si-officetel-cleaning-quote/,경기 이천시 오피스텔청소 견적,12
경기 이천시 거주청소,gyeonggi-icheon-si-home-cleaning,PASS,100,,경기 이천시 거주청소 | 현장별 청소 정보,경기 이천시 거주청소 관련 청소 과정과 체크포인트를 안내합니다. 공간 상태와 오염 범위를 확인한 뒤 현장에 맞는 작업을 진행합니다.,https://clever-griffin-93819d.netlify.app/gyeonggi-icheon-si-home-cleaning/,경기 이천시 거주청소,12
경기 이천시 거주청소 전문업체,gyeonggi-icheon-si-home-cleaning-company,PASS,100,,경기 이천시 거주청소 전문업체 | 체인지클린,경기 이천시 거주청소 전문업체 관련 청소 과정과 체크포인트를 안내합니다. 공간 상태와 오염 범위를 확인한 뒤 현장에 맞는 작업을 진행합니다.,https://clever-griffin-93819d.netlify.app/gyeonggi-icheon-si-home-cleaning-company/,경기 이천시 거주청소 전문업체,12
경기 이천시 거주청소 잘하는곳,gyeonggi-icheon-si-home-cleaning-best,PASS,100,,경기 이천시 거주청소 잘하는곳 - 청소 작업 안내,경기 이천시 거주청소 잘하는곳 관련 청소 과정과 체크포인트를 안내합니다. 공간 상태와 오염 범위를 확인한 뒤 현장에 맞는 작업을 진행합니다.,https://clever-griffin-93819d.netlify.app/gyeonggi-icheon-si-home-cleaning-best/,경기 이천시 거주청소 잘하는곳,12
경기 이천시 거주청소 가격,gyeonggi-icheon-si-home-cleaning-price,PASS,100,,경기 이천시 거주청소 가격 - 청소 작업 안내,"경기 이천시 거주청소 가격 작업 범위와 준비사항, 진행 순서, 확인 항목을 정리했습니다. 경기 이천시 거주청소 현장에 맞춰 필요한 청소 내용을 확인해보세요.",https://clever-griffin-93819d.netlify.app/gyeonggi-icheon-si-home-cleaning-price/,경기 이천시 거주청소 가격,12
경기 이천시 거주청소 비용,gyeonggi-icheon-si-home-cleaning-cost,PASS,100,,경기 이천시 거주청소 비용 | 체인지클린,경기 이천시 거주청소를 알아보는 분을 위한 안내입니다. 경기 이천시 거주청소 비용 작업 전 확인사항부터 마무리 점검까지 자세히 정리했습니다.,https://clever-griffin-93819d.netlify.app/gyeonggi-icheon-si-home-cleaning-cost/,경기 이천시 거주청소 비용,12
경기 이천시 거주청소 견적,gyeonggi-icheon-si-home-cleaning-quote,PASS,100,,경기 이천시 거주청소 견적 | 체인지클린,경기 이천시 거주청소 견적 관련 청소 과정과 체크포인트를 안내합니다. 공간 상태와 오염 범위를 확인한 뒤 현장에 맞는 작업을 진행합니다.,https://clever-griffin-93819d.netlify.app/gyeonggi-icheon-si-home-cleaning-quote/,경기 이천시 거주청소 견적,12
경기 안성시 입주청소,gyeonggi-anseong-si-move-in-cleaning,CHECK,96,title 길이 확인,경기 안성시 입주청소 | 체인지클린,경기 안성시 입주청소 관련 청소 과정과 체크포인트를 안내합니다. 공간 상태와 오염 범위를 확인한 뒤 현장에 맞는 작업을 진행합니다.,https://clever-griffin-93819d.netlify.app/gyeonggi-anseong-si-move-in-cleaning/,경기 안성시 입주청소,12
경기 안성시 입주청소 전문업체,gyeonggi-anseong-si-move-in-cleaning-company,PASS,100,,경기 안성시 입주청소 전문업체 - 청소 작업 안내,경기 안성시 입주청소 전문업체 관련 청소 과정과 체크포인트를 안내합니다. 공간 상태와 오염 범위를 확인한 뒤 현장에 맞는 작업을 진행합니다.,https://clever-griffin-93819d.netlify.app/gyeonggi-anseong-si-move-in-cleaning-company/,경기 안성시 입주청소 전문업체,12
경기 안성시 입주청소 잘하는곳,gyeonggi-anseong-si-move-in-cleaning-best,PASS,100,,경기 안성시 입주청소 잘하는곳 | 체인지클린,경기 안성시 입주청소 잘하는곳 관련 청소 과정과 체크포인트를 안내합니다. 공간 상태와 오염 범위를 확인한 뒤 현장에 맞는 작업을 진행합니다.,https://clever-griffin-93819d.netlify.app/gyeonggi-anseong-si-move-in-cleaning-best/,경기 안성시 입주청소 잘하는곳,12
경기 안성시 입주청소 가격,gyeonggi-anseong-si-move-in-cleaning-price,PASS,100,,경기 안성시 입주청소 가격 | 체인지클린,경기 안성시 입주청소를 알아보는 분을 위한 안내입니다. 경기 안성시 입주청소 가격 작업 전 확인사항부터 마무리 점검까지 자세히 정리했습니다.,https://clever-griffin-93819d.netlify.app/gyeonggi-anseong-si-move-in-cleaning-price/,경기 안성시 입주청소 가격,12
경기 안성시 입주청소 비용,gyeonggi-anseong-si-move-in-cleaning-cost,PASS,100,,경기 안성시 입주청소 비용 - 청소 작업 안내,"경기 안성시 입주청소 비용 작업 범위와 준비사항, 진행 순서, 확인 항목을 정리했습니다. 경기 안성시 입주청소 현장에 맞춰 필요한 청소 내용을 확인해보세요.",https://clever-griffin-93819d.netlify.app/gyeonggi-anseong-si-move-in-cleaning-cost/,경기 안성시 입주청소 비용,12
경기 안성시 입주청소 견적,gyeonggi-anseong-si-move-in-cleaning-quote,PASS,100,,경기 안성시 입주청소 견적 - 청소 작업 안내,"경기 안성시 입주청소 견적 작업 범위와 준비사항, 진행 순서, 확인 항목을 정리했습니다. 경기 안성시 입주청소 현장에 맞춰 필요한 청소 내용을 확인해보세요.",https://clever-griffin-93819d.netlify.app/gyeonggi-anseong-si-move-in-cleaning-quote/,경기 안성시 입주청소 견적,12
경기 안성시 이사청소,gyeonggi-anseong-si-move-out-cleaning,CHECK,96,title 길이 확인,경기 안성시 이사청소 | 체인지클린,경기 안성시 이사청소를 알아보는 분을 위한 안내입니다. 경기 안성시 이사청소 작업 전 확인사항부터 마무리 점검까지 자세히 정리했습니다.,https://clever-griffin-93819d.netlify.app/gyeonggi-anseong-si-move-out-cleaning/,경기 안성시 이사청소,12
경기 안성시 이사청소 전문업체,gyeonggi-anseong-si-move-out-cleaning-company,PASS,100,,경기 안성시 이사청소 전문업체 - 청소 작업 안내,경기 안성시 이사청소 전문업체 관련 청소 과정과 체크포인트를 안내합니다. 공간 상태와 오염 범위를 확인한 뒤 현장에 맞는 작업을 진행합니다.,https://clever-griffin-93819d.netlify.app/gyeonggi-anseong-si-move-out-cleaning-company/,경기 안성시 이사청소 전문업체,12
경기 안성시 이사청소 잘하는곳,gyeonggi-anseong-si-move-out-cleaning-best,PASS,100,,경기 안성시 이사청소 잘하는곳 - 청소 작업 안내,경기 안성시 이사청소를 알아보는 분을 위한 안내입니다. 경기 안성시 이사청소 잘하는곳 작업 전 확인사항부터 마무리 점검까지 자세히 정리했습니다.,https://clever-griffin-93819d.netlify.app/gyeonggi-anseong-si-move-out-cleaning-best/,경기 안성시 이사청소 잘하는곳,12
경기 안성시 이사청소 가격,gyeonggi-anseong-si-move-out-cleaning-price,PASS,100,,경기 안성시 이사청소 가격 - 청소 작업 안내,"경기 안성시 이사청소 가격 작업 범위와 준비사항, 진행 순서, 확인 항목을 정리했습니다. 경기 안성시 이사청소 현장에 맞춰 필요한 청소 내용을 확인해보세요.",https://clever-griffin-93819d.netlify.app/gyeonggi-anseong-si-move-out-cleaning-price/,경기 안성시 이사청소 가격,12
경기 안성시 이사청소 비용,gyeonggi-anseong-si-move-out-cleaning-cost,PASS,100,,경기 안성시 이사청소 비용 - 청소 작업 안내,"경기 안성시 이사청소 비용 작업 범위와 준비사항, 진행 순서, 확인 항목을 정리했습니다. 경기 안성시 이사청소 현장에 맞춰 필요한 청소 내용을 확인해보세요.",https://clever-griffin-93819d.netlify.app/gyeonggi-anseong-si-move-out-cleaning-cost/,경기 안성시 이사청소 비용,12
경기 안성시 이사청소 견적,gyeonggi-anseong-si-move-out-cleaning-quote,PASS,100,,경기 안성시 이사청소 견적 | 체인지클린,경기 안성시 이사청소를 알아보는 분을 위한 안내입니다. 경기 안성시 이사청소 견적 작업 전 확인사항부터 마무리 점검까지 자세히 정리했습니다.,https://clever-griffin-93819d.netlify.app/gyeonggi-anseong-si-move-out-cleaning-quote/,경기 안성시 이사청소 견적,12
경기 안성시 준공청소,gyeonggi-anseong-si-post-construction-cleaning,CHECK,96,title 길이 확인,경기 안성시 준공청소 | 체인지클린,경기 안성시 준공청소 관련 청소 과정과 체크포인트를 안내합니다. 공간 상태와 오염 범위를 확인한 뒤 현장에 맞는 작업을 진행합니다.,https://clever-griffin-93819d.netlify.app/gyeonggi-anseong-si-post-construction-cleaning/,경기 안성시 준공청소,12
경기 안성시 준공청소 전문업체,gyeonggi-anseong-si-post-construction-cleaning-company,PASS,100,,경기 안성시 준공청소 전문업체 | 현장별 청소 정보,경기 안성시 준공청소를 알아보는 분을 위한 안내입니다. 경기 안성시 준공청소 전문업체 작업 전 확인사항부터 마무리 점검까지 자세히 정리했습니다.,https://clever-griffin-93819d.netlify.app/gyeonggi-anseong-si-post-construction-cleaning-company/,경기 안성시 준공청소 전문업체,12
경기 안성시 준공청소 잘하는곳,gyeonggi-anseong-si-post-construction-cleaning-best,PASS,100,,경기 안성시 준공청소 잘하는곳 - 청소 작업 안내,경기 안성시 준공청소 잘하는곳 관련 청소 과정과 체크포인트를 안내합니다. 공간 상태와 오염 범위를 확인한 뒤 현장에 맞는 작업을 진행합니다.,https://clever-griffin-93819d.netlify.app/gyeonggi-anseong-si-post-construction-cleaning-best/,경기 안성시 준공청소 잘하는곳,12
경기 안성시 준공청소 가격,gyeonggi-anseong-si-post-construction-cleaning-price,PASS,100,,경기 안성시 준공청소 가격 | 체인지클린,경기 안성시 준공청소를 알아보는 분을 위한 안내입니다. 경기 안성시 준공청소 가격 작업 전 확인사항부터 마무리 점검까지 자세히 정리했습니다.,https://clever-griffin-93819d.netlify.app/gyeonggi-anseong-si-post-construction-cleaning-price/,경기 안성시 준공청소 가격,12
경기 안성시 준공청소 비용,gyeonggi-anseong-si-post-construction-cleaning-cost,PASS,100,,경기 안성시 준공청소 비용 - 청소 작업 안내,경기 안성시 준공청소를 알아보는 분을 위한 안내입니다. 경기 안성시 준공청소 비용 작업 전 확인사항부터 마무리 점검까지 자세히 정리했습니다.,https://clever-griffin-93819d.netlify.app/gyeonggi-anseong-si-post-construction-cleaning-cost/,경기 안성시 준공청소 비용,12
경기 안성시 준공청소 견적,gyeonggi-anseong-si-post-construction-cleaning-quote,PASS,100,,경기 안성시 준공청소 견적 | 현장별 청소 정보,경기 안성시 준공청소를 알아보는 분을 위한 안내입니다. 경기 안성시 준공청소 견적 작업 전 확인사항부터 마무리 점검까지 자세히 정리했습니다.,https://clever-griffin-93819d.netlify.app/gyeonggi-anseong-si-post-construction-cleaning-quote/,경기 안성시 준공청소 견적,12
경기 안성시 상가청소,gyeonggi-anseong-si-store-cleaning,CHECK,96,title 길이 확인,경기 안성시 상가청소 | 체인지클린,"경기 안성시 상가청소 작업 범위와 준비사항, 진행 순서, 확인 항목을 정리했습니다. 경기 안성시 상가청소 현장에 맞춰 필요한 청소 내용을 확인해보세요.",https://clever-griffin-93819d.netlify.app/gyeonggi-anseong-si-store-cleaning/,경기 안성시 상가청소,12
경기 안성시 상가청소 전문업체,gyeonggi-anseong-si-store-cleaning-company,PASS,100,,경기 안성시 상가청소 전문업체 | 체인지클린,경기 안성시 상가청소를 알아보는 분을 위한 안내입니다. 경기 안성시 상가청소 전문업체 작업 전 확인사항부터 마무리 점검까지 자세히 정리했습니다.,https://clever-griffin-93819d.netlify.app/gyeonggi-anseong-si-store-cleaning-company/,경기 안성시 상가청소 전문업체,12
경기 안성시 상가청소 잘하는곳,gyeonggi-anseong-si-store-cleaning-best,PASS,100,,경기 안성시 상가청소 잘하는곳 | 체인지클린,경기 안성시 상가청소 잘하는곳 관련 청소 과정과 체크포인트를 안내합니다. 공간 상태와 오염 범위를 확인한 뒤 현장에 맞는 작업을 진행합니다.,https://clever-griffin-93819d.netlify.app/gyeonggi-anseong-si-store-cleaning-best/,경기 안성시 상가청소 잘하는곳,12
경기 안성시 상가청소 가격,gyeonggi-anseong-si-store-cleaning-price,PASS,100,,경기 안성시 상가청소 가격 - 청소 작업 안내,경기 안성시 상가청소를 알아보는 분을 위한 안내입니다. 경기 안성시 상가청소 가격 작업 전 확인사항부터 마무리 점검까지 자세히 정리했습니다.,https://clever-griffin-93819d.netlify.app/gyeonggi-anseong-si-store-cleaning-price/,경기 안성시 상가청소 가격,12
경기 안성시 상가청소 비용,gyeonggi-anseong-si-store-cleaning-cost,PASS,100,,경기 안성시 상가청소 비용 | 체인지클린,경기 안성시 상가청소를 알아보는 분을 위한 안내입니다. 경기 안성시 상가청소 비용 작업 전 확인사항부터 마무리 점검까지 자세히 정리했습니다.,https://clever-griffin-93819d.netlify.app/gyeonggi-anseong-si-store-cleaning-cost/,경기 안성시 상가청소 비용,12
경기 안성시 상가청소 견적,gyeonggi-anseong-si-store-cleaning-quote,PASS,100,,경기 안성시 상가청소 견적 - 청소 작업 안내,경기 안성시 상가청소 견적 관련 청소 과정과 체크포인트를 안내합니다. 공간 상태와 오염 범위를 확인한 뒤 현장에 맞는 작업을 진행합니다.,https://clever-griffin-93819d.netlify.app/gyeonggi-anseong-si-store-cleaning-quote/,경기 안성시 상가청소 견적,12
경기 안성시 사무실청소,gyeonggi-anseong-si-office-cleaning,PASS,100,,경기 안성시 사무실청소 | 체인지클린,경기 안성시 사무실청소를 알아보는 분을 위한 안내입니다. 경기 안성시 사무실청소 작업 전 확인사항부터 마무리 점검까지 자세히 정리했습니다.,https://clever-griffin-93819d.netlify.app/gyeonggi-anseong-si-office-cleaning/,경기 안성시 사무실청소,12
경기 안성시 사무실청소 전문업체,gyeonggi-anseong-si-office-cleaning-company,PASS,100,,경기 안성시 사무실청소 전문업체 | 현장별 청소 정보,경기 안성시 사무실청소를 알아보는 분을 위한 안내입니다. 경기 안성시 사무실청소 전문업체 작업 전 확인사항부터 마무리 점검까지 자세히 정리했습니다.,https://clever-griffin-93819d.netlify.app/gyeonggi-anseong-si-office-cleaning-company/,경기 안성시 사무실청소 전문업체,12
경기 안성시 사무실청소 잘하는곳,gyeonggi-anseong-si-office-cleaning-best,PASS,100,,경기 안성시 사무실청소 잘하는곳 | 현장별 청소 정보,경기 안성시 사무실청소를 알아보는 분을 위한 안내입니다. 경기 안성시 사무실청소 잘하는곳 작업 전 확인사항부터 마무리 점검까지 자세히 정리했습니다.,https://clever-griffin-93819d.netlify.app/gyeonggi-anseong-si-office-cleaning-best/,경기 안성시 사무실청소 잘하는곳,12
경기 안성시 사무실청소 가격,gyeonggi-anseong-si-office-cleaning-price,PASS,100,,경기 안성시 사무실청소 가격 | 현장별 청소 정보,경기 안성시 사무실청소 가격 관련 청소 과정과 체크포인트를 안내합니다. 공간 상태와 오염 범위를 확인한 뒤 현장에 맞는 작업을 진행합니다.,https://clever-griffin-93819d.netlify.app/gyeonggi-anseong-si-office-cleaning-price/,경기 안성시 사무실청소 가격,12
경기 안성시 사무실청소 비용,gyeonggi-anseong-si-office-cleaning-cost,PASS,100,,경기 안성시 사무실청소 비용 | 현장별 청소 정보,경기 안성시 사무실청소 비용 관련 청소 과정과 체크포인트를 안내합니다. 공간 상태와 오염 범위를 확인한 뒤 현장에 맞는 작업을 진행합니다.,https://clever-griffin-93819d.netlify.app/gyeonggi-anseong-si-office-cleaning-cost/,경기 안성시 사무실청소 비용,12
경기 안성시 사무실청소 견적,gyeonggi-anseong-si-office-cleaning-quote,PASS,100,,경기 안성시 사무실청소 견적 - 청소 작업 안내,경기 안성시 사무실청소를 알아보는 분을 위한 안내입니다. 경기 안성시 사무실청소 견적 작업 전 확인사항부터 마무리 점검까지 자세히 정리했습니다.,https://clever-griffin-93819d.netlify.app/gyeonggi-anseong-si-office-cleaning-quote/,경기 안성시 사무실청소 견적,12
경기 안성시 빌라청소,gyeonggi-anseong-si-villa-cleaning,PASS,100,,경기 안성시 빌라청소 | 현장별 청소 정보,경기 안성시 빌라청소를 알아보는 분을 위한 안내입니다. 경기 안성시 빌라청소 작업 전 확인사항부터 마무리 점검까지 자세히 정리했습니다.,https://clever-griffin-93819d.netlify.app/gyeonggi-anseong-si-villa-cleaning/,경기 안성시 빌라청소,12
경기 안성시 빌라청소 전문업체,gyeonggi-anseong-si-villa-cleaning-company,PASS,100,,경기 안성시 빌라청소 전문업체 | 현장별 청소 정보,"경기 안성시 빌라청소 전문업체 작업 범위와 준비사항, 진행 순서, 확인 항목을 정리했습니다. 경기 안성시 빌라청소 현장에 맞춰 필요한 청소 내용을 확인해보세요.",https://clever-griffin-93819d.netlify.app/gyeonggi-anseong-si-villa-cleaning-company/,경기 안성시 빌라청소 전문업체,12
경기 안성시 빌라청소 잘하는곳,gyeonggi-anseong-si-villa-cleaning-best,PASS,100,,경기 안성시 빌라청소 잘하는곳 | 체인지클린,"경기 안성시 빌라청소 잘하는곳 작업 범위와 준비사항, 진행 순서, 확인 항목을 정리했습니다. 경기 안성시 빌라청소 현장에 맞춰 필요한 청소 내용을 확인해보세요.",https://clever-griffin-93819d.netlify.app/gyeonggi-anseong-si-villa-cleaning-best/,경기 안성시 빌라청소 잘하는곳,12
경기 안성시 빌라청소 가격,gyeonggi-anseong-si-villa-cleaning-price,PASS,100,,경기 안성시 빌라청소 가격 - 청소 작업 안내,경기 안성시 빌라청소를 알아보는 분을 위한 안내입니다. 경기 안성시 빌라청소 가격 작업 전 확인사항부터 마무리 점검까지 자세히 정리했습니다.,https://clever-griffin-93819d.netlify.app/gyeonggi-anseong-si-villa-cleaning-price/,경기 안성시 빌라청소 가격,12
경기 안성시 빌라청소 비용,gyeonggi-anseong-si-villa-cleaning-cost,PASS,100,,경기 안성시 빌라청소 비용 | 체인지클린,경기 안성시 빌라청소 비용 관련 청소 과정과 체크포인트를 안내합니다. 공간 상태와 오염 범위를 확인한 뒤 현장에 맞는 작업을 진행합니다.,https://clever-griffin-93819d.netlify.app/gyeonggi-anseong-si-villa-cleaning-cost/,경기 안성시 빌라청소 비용,12
경기 안성시 빌라청소 견적,gyeonggi-anseong-si-villa-cleaning-quote,PASS,100,,경기 안성시 빌라청소 견적 - 청소 작업 안내,"경기 안성시 빌라청소 견적 작업 범위와 준비사항, 진행 순서, 확인 항목을 정리했습니다. 경기 안성시 빌라청소 현장에 맞춰 필요한 청소 내용을 확인해보세요.",https://clever-griffin-93819d.netlify.app/gyeonggi-anseong-si-villa-cleaning-quote/,경기 안성시 빌라청소 견적,12
경기 안성시 아파트청소,gyeonggi-anseong-si-apartment-cleaning,PASS,100,,경기 안성시 아파트청소 - 청소 작업 안내,"경기 안성시 아파트청소 작업 범위와 준비사항, 진행 순서, 확인 항목을 정리했습니다. 경기 안성시 아파트청소 현장에 맞춰 필요한 청소 내용을 확인해보세요.",https://clever-griffin-93819d.netlify.app/gyeonggi-anseong-si-apartment-cleaning/,경기 안성시 아파트청소,12
경기 안성시 아파트청소 전문업체,gyeonggi-anseong-si-apartment-cleaning-company,PASS,100,,경기 안성시 아파트청소 전문업체 | 체인지클린,경기 안성시 아파트청소를 알아보는 분을 위한 안내입니다. 경기 안성시 아파트청소 전문업체 작업 전 확인사항부터 마무리 점검까지 자세히 정리했습니다.,https://clever-griffin-93819d.netlify.app/gyeonggi-anseong-si-apartment-cleaning-company/,경기 안성시 아파트청소 전문업체,12
경기 안성시 아파트청소 잘하는곳,gyeonggi-anseong-si-apartment-cleaning-best,PASS,100,,경기 안성시 아파트청소 잘하는곳 - 청소 작업 안내,"경기 안성시 아파트청소 잘하는곳 작업 범위와 준비사항, 진행 순서, 확인 항목을 정리했습니다. 경기 안성시 아파트청소 현장에 맞춰 필요한 청소 내용을 확인해보세요.",https://clever-griffin-93819d.netlify.app/gyeonggi-anseong-si-apartment-cleaning-best/,경기 안성시 아파트청소 잘하는곳,12
경기 안성시 아파트청소 가격,gyeonggi-anseong-si-apartment-cleaning-price,PASS,100,,경기 안성시 아파트청소 가격 - 청소 작업 안내,경기 안성시 아파트청소를 알아보는 분을 위한 안내입니다. 경기 안성시 아파트청소 가격 작업 전 확인사항부터 마무리 점검까지 자세히 정리했습니다.,https://clever-griffin-93819d.netlify.app/gyeonggi-anseong-si-apartment-cleaning-price/,경기 안성시 아파트청소 가격,12
경기 안성시 아파트청소 비용,gyeonggi-anseong-si-apartment-cleaning-cost,PASS,100,,경기 안성시 아파트청소 비용 | 현장별 청소 정보,경기 안성시 아파트청소 비용 관련 청소 과정과 체크포인트를 안내합니다. 공간 상태와 오염 범위를 확인한 뒤 현장에 맞는 작업을 진행합니다.,https://clever-griffin-93819d.netlify.app/gyeonggi-anseong-si-apartment-cleaning-cost/,경기 안성시 아파트청소 비용,12
경기 안성시 아파트청소 견적,gyeonggi-anseong-si-apartment-cleaning-quote,PASS,100,,경기 안성시 아파트청소 견적 | 체인지클린,경기 안성시 아파트청소 견적 관련 청소 과정과 체크포인트를 안내합니다. 공간 상태와 오염 범위를 확인한 뒤 현장에 맞는 작업을 진행합니다.,https://clever-griffin-93819d.netlify.app/gyeonggi-anseong-si-apartment-cleaning-quote/,경기 안성시 아파트청소 견적,12
경기 안성시 오피스텔청소,gyeonggi-anseong-si-officetel-cleaning,PASS,100,,경기 안성시 오피스텔청소 | 체인지클린,경기 안성시 오피스텔청소를 알아보는 분을 위한 안내입니다. 경기 안성시 오피스텔청소 작업 전 확인사항부터 마무리 점검까지 자세히 정리했습니다.,https://clever-griffin-93819d.netlify.app/gyeonggi-anseong-si-officetel-cleaning/,경기 안성시 오피스텔청소,12
경기 안성시 오피스텔청소 전문업체,gyeonggi-anseong-si-officetel-cleaning-company,PASS,100,,경기 안성시 오피스텔청소 전문업체 | 현장별 청소 정보,경기 안성시 오피스텔청소 전문업체 관련 청소 과정과 체크포인트를 안내합니다. 공간 상태와 오염 범위를 확인한 뒤 현장에 맞는 작업을 진행합니다.,https://clever-griffin-93819d.netlify.app/gyeonggi-anseong-si-officetel-cleaning-company/,경기 안성시 오피스텔청소 전문업체,12
경기 안성시 오피스텔청소 잘하는곳,gyeonggi-anseong-si-officetel-cleaning-best,PASS,100,,경기 안성시 오피스텔청소 잘하는곳 - 청소 작업 안내,경기 안성시 오피스텔청소를 알아보는 분을 위한 안내입니다. 경기 안성시 오피스텔청소 잘하는곳 작업 전 확인사항부터 마무리 점검까지 자세히 정리했습니다.,https://clever-griffin-93819d.netlify.app/gyeonggi-anseong-si-officetel-cleaning-best/,경기 안성시 오피스텔청소 잘하는곳,12
경기 안성시 오피스텔청소 가격,gyeonggi-anseong-si-officetel-cleaning-price,PASS,100,,경기 안성시 오피스텔청소 가격 - 청소 작업 안내,경기 안성시 오피스텔청소 가격 관련 청소 과정과 체크포인트를 안내합니다. 공간 상태와 오염 범위를 확인한 뒤 현장에 맞는 작업을 진행합니다.,https://clever-griffin-93819d.netlify.app/gyeonggi-anseong-si-officetel-cleaning-price/,경기 안성시 오피스텔청소 가격,12
경기 안성시 오피스텔청소 비용,gyeonggi-anseong-si-officetel-cleaning-cost,PASS,100,,경기 안성시 오피스텔청소 비용 | 체인지클린,경기 안성시 오피스텔청소를 알아보는 분을 위한 안내입니다. 경기 안성시 오피스텔청소 비용 작업 전 확인사항부터 마무리 점검까지 자세히 정리했습니다.,https://clever-griffin-93819d.netlify.app/gyeonggi-anseong-si-officetel-cleaning-cost/,경기 안성시 오피스텔청소 비용,12
경기 안성시 오피스텔청소 견적,gyeonggi-anseong-si-officetel-cleaning-quote,PASS,100,,경기 안성시 오피스텔청소 견적 | 체인지클린,경기 안성시 오피스텔청소 견적 관련 청소 과정과 체크포인트를 안내합니다. 공간 상태와 오염 범위를 확인한 뒤 현장에 맞는 작업을 진행합니다.,https://clever-griffin-93819d.netlify.app/gyeonggi-anseong-si-officetel-cleaning-quote/,경기 안성시 오피스텔청소 견적,12
경기 안성시 거주청소,gyeonggi-anseong-si-home-cleaning,PASS,100,,경기 안성시 거주청소 | 현장별 청소 정보,"경기 안성시 거주청소 작업 범위와 준비사항, 진행 순서, 확인 항목을 정리했습니다. 경기 안성시 거주청소 현장에 맞춰 필요한 청소 내용을 확인해보세요.",https://clever-griffin-93819d.netlify.app/gyeonggi-anseong-si-home-cleaning/,경기 안성시 거주청소,12
경기 안성시 거주청소 전문업체,gyeonggi-anseong-si-home-cleaning-company,PASS,100,,경기 안성시 거주청소 전문업체 | 체인지클린,경기 안성시 거주청소 전문업체 관련 청소 과정과 체크포인트를 안내합니다. 공간 상태와 오염 범위를 확인한 뒤 현장에 맞는 작업을 진행합니다.,https://clever-griffin-93819d.netlify.app/gyeonggi-anseong-si-home-cleaning-company/,경기 안성시 거주청소 전문업체,12
경기 안성시 거주청소 잘하는곳,gyeonggi-anseong-si-home-cleaning-best,PASS,100,,경기 안성시 거주청소 잘하는곳 - 청소 작업 안내,경기 안성시 거주청소를 알아보는 분을 위한 안내입니다. 경기 안성시 거주청소 잘하는곳 작업 전 확인사항부터 마무리 점검까지 자세히 정리했습니다.,https://clever-griffin-93819d.netlify.app/gyeonggi-anseong-si-home-cleaning-best/,경기 안성시 거주청소 잘하는곳,12
경기 안성시 거주청소 가격,gyeonggi-anseong-si-home-cleaning-price,PASS,100,,경기 안성시 거주청소 가격 - 청소 작업 안내,경기 안성시 거주청소를 알아보는 분을 위한 안내입니다. 경기 안성시 거주청소 가격 작업 전 확인사항부터 마무리 점검까지 자세히 정리했습니다.,https://clever-griffin-93819d.netlify.app/gyeonggi-anseong-si-home-cleaning-price/,경기 안성시 거주청소 가격,12
경기 안성시 거주청소 비용,gyeonggi-anseong-si-home-cleaning-cost,PASS,100,,경기 안성시 거주청소 비용 | 체인지클린,경기 안성시 거주청소 비용 관련 청소 과정과 체크포인트를 안내합니다. 공간 상태와 오염 범위를 확인한 뒤 현장에 맞는 작업을 진행합니다.,https://clever-griffin-93819d.netlify.app/gyeonggi-anseong-si-home-cleaning-cost/,경기 안성시 거주청소 비용,12
경기 안성시 거주청소 견적,gyeonggi-anseong-si-home-cleaning-quote,PASS,100,,경기 안성시 거주청소 견적 | 체인지클린,경기 안성시 거주청소 견적 관련 청소 과정과 체크포인트를 안내합니다. 공간 상태와 오염 범위를 확인한 뒤 현장에 맞는 작업을 진행합니다.,https://clever-griffin-93819d.netlify.app/gyeonggi-anseong-si-home-cleaning-quote/,경기 안성시 거주청소 견적,12
경기 의왕시 입주청소,gyeonggi-uiwang-si-move-in-cleaning,PASS,100,,경기 의왕시 입주청소 - 청소 작업 안내,"경기 의왕시 입주청소 작업 범위와 준비사항, 진행 순서, 확인 항목을 정리했습니다. 경기 의왕시 입주청소 현장에 맞춰 필요한 청소 내용을 확인해보세요.",https://clever-griffin-93819d.netlify.app/gyeonggi-uiwang-si-move-in-cleaning/,경기 의왕시 입주청소,12
경기 의왕시 입주청소 전문업체,gyeonggi-uiwang-si-move-in-cleaning-company,PASS,100,,경기 의왕시 입주청소 전문업체 | 체인지클린,"경기 의왕시 입주청소 전문업체 작업 범위와 준비사항, 진행 순서, 확인 항목을 정리했습니다. 경기 의왕시 입주청소 현장에 맞춰 필요한 청소 내용을 확인해보세요.",https://clever-griffin-93819d.netlify.app/gyeonggi-uiwang-si-move-in-cleaning-company/,경기 의왕시 입주청소 전문업체,12
경기 의왕시 입주청소 잘하는곳,gyeonggi-uiwang-si-move-in-cleaning-best,PASS,100,,경기 의왕시 입주청소 잘하는곳 | 현장별 청소 정보,"경기 의왕시 입주청소 잘하는곳 작업 범위와 준비사항, 진행 순서, 확인 항목을 정리했습니다. 경기 의왕시 입주청소 현장에 맞춰 필요한 청소 내용을 확인해보세요.",https://clever-griffin-93819d.netlify.app/gyeonggi-uiwang-si-move-in-cleaning-best/,경기 의왕시 입주청소 잘하는곳,12
경기 의왕시 입주청소 가격,gyeonggi-uiwang-si-move-in-cleaning-price,PASS,100,,경기 의왕시 입주청소 가격 | 체인지클린,경기 의왕시 입주청소 가격 관련 청소 과정과 체크포인트를 안내합니다. 공간 상태와 오염 범위를 확인한 뒤 현장에 맞는 작업을 진행합니다.,https://clever-griffin-93819d.netlify.app/gyeonggi-uiwang-si-move-in-cleaning-price/,경기 의왕시 입주청소 가격,12
경기 의왕시 입주청소 비용,gyeonggi-uiwang-si-move-in-cleaning-cost,PASS,100,,경기 의왕시 입주청소 비용 | 체인지클린,"경기 의왕시 입주청소 비용 작업 범위와 준비사항, 진행 순서, 확인 항목을 정리했습니다. 경기 의왕시 입주청소 현장에 맞춰 필요한 청소 내용을 확인해보세요.",https://clever-griffin-93819d.netlify.app/gyeonggi-uiwang-si-move-in-cleaning-cost/,경기 의왕시 입주청소 비용,12
경기 의왕시 입주청소 견적,gyeonggi-uiwang-si-move-in-cleaning-quote,PASS,100,,경기 의왕시 입주청소 견적 | 체인지클린,"경기 의왕시 입주청소 견적 작업 범위와 준비사항, 진행 순서, 확인 항목을 정리했습니다. 경기 의왕시 입주청소 현장에 맞춰 필요한 청소 내용을 확인해보세요.",https://clever-griffin-93819d.netlify.app/gyeonggi-uiwang-si-move-in-cleaning-quote/,경기 의왕시 입주청소 견적,12
경기 의왕시 이사청소,gyeonggi-uiwang-si-move-out-cleaning,CHECK,96,title 길이 확인,경기 의왕시 이사청소 | 체인지클린,경기 의왕시 이사청소 관련 청소 과정과 체크포인트를 안내합니다. 공간 상태와 오염 범위를 확인한 뒤 현장에 맞는 작업을 진행합니다.,https://clever-griffin-93819d.netlify.app/gyeonggi-uiwang-si-move-out-cleaning/,경기 의왕시 이사청소,12
경기 의왕시 이사청소 전문업체,gyeonggi-uiwang-si-move-out-cleaning-company,PASS,100,,경기 의왕시 이사청소 전문업체 - 청소 작업 안내,경기 의왕시 이사청소를 알아보는 분을 위한 안내입니다. 경기 의왕시 이사청소 전문업체 작업 전 확인사항부터 마무리 점검까지 자세히 정리했습니다.,https://clever-griffin-93819d.netlify.app/gyeonggi-uiwang-si-move-out-cleaning-company/,경기 의왕시 이사청소 전문업체,12
경기 의왕시 이사청소 잘하는곳,gyeonggi-uiwang-si-move-out-cleaning-best,PASS,100,,경기 의왕시 이사청소 잘하는곳 | 체인지클린,"경기 의왕시 이사청소 잘하는곳 작업 범위와 준비사항, 진행 순서, 확인 항목을 정리했습니다. 경기 의왕시 이사청소 현장에 맞춰 필요한 청소 내용을 확인해보세요.",https://clever-griffin-93819d.netlify.app/gyeonggi-uiwang-si-move-out-cleaning-best/,경기 의왕시 이사청소 잘하는곳,12
경기 의왕시 이사청소 가격,gyeonggi-uiwang-si-move-out-cleaning-price,PASS,100,,경기 의왕시 이사청소 가격 | 체인지클린,"경기 의왕시 이사청소 가격 작업 범위와 준비사항, 진행 순서, 확인 항목을 정리했습니다. 경기 의왕시 이사청소 현장에 맞춰 필요한 청소 내용을 확인해보세요.",https://clever-griffin-93819d.netlify.app/gyeonggi-uiwang-si-move-out-cleaning-price/,경기 의왕시 이사청소 가격,12
경기 의왕시 이사청소 비용,gyeonggi-uiwang-si-move-out-cleaning-cost,PASS,100,,경기 의왕시 이사청소 비용 | 체인지클린,경기 의왕시 이사청소를 알아보는 분을 위한 안내입니다. 경기 의왕시 이사청소 비용 작업 전 확인사항부터 마무리 점검까지 자세히 정리했습니다.,https://clever-griffin-93819d.netlify.app/gyeonggi-uiwang-si-move-out-cleaning-cost/,경기 의왕시 이사청소 비용,12
경기 의왕시 이사청소 견적,gyeonggi-uiwang-si-move-out-cleaning-quote,PASS,100,,경기 의왕시 이사청소 견적 | 체인지클린,"경기 의왕시 이사청소 견적 작업 범위와 준비사항, 진행 순서, 확인 항목을 정리했습니다. 경기 의왕시 이사청소 현장에 맞춰 필요한 청소 내용을 확인해보세요.",https://clever-griffin-93819d.netlify.app/gyeonggi-uiwang-si-move-out-cleaning-quote/,경기 의왕시 이사청소 견적,12
경기 의왕시 준공청소,gyeonggi-uiwang-si-post-construction-cleaning,PASS,100,,경기 의왕시 준공청소 | 현장별 청소 정보,경기 의왕시 준공청소 관련 청소 과정과 체크포인트를 안내합니다. 공간 상태와 오염 범위를 확인한 뒤 현장에 맞는 작업을 진행합니다.,https://clever-griffin-93819d.netlify.app/gyeonggi-uiwang-si-post-construction-cleaning/,경기 의왕시 준공청소,12
경기 의왕시 준공청소 전문업체,gyeonggi-uiwang-si-post-construction-cleaning-company,PASS,100,,경기 의왕시 준공청소 전문업체 | 현장별 청소 정보,경기 의왕시 준공청소 전문업체 관련 청소 과정과 체크포인트를 안내합니다. 공간 상태와 오염 범위를 확인한 뒤 현장에 맞는 작업을 진행합니다.,https://clever-griffin-93819d.netlify.app/gyeonggi-uiwang-si-post-construction-cleaning-company/,경기 의왕시 준공청소 전문업체,12
경기 의왕시 준공청소 잘하는곳,gyeonggi-uiwang-si-post-construction-cleaning-best,PASS,100,,경기 의왕시 준공청소 잘하는곳 | 체인지클린,경기 의왕시 준공청소를 알아보는 분을 위한 안내입니다. 경기 의왕시 준공청소 잘하는곳 작업 전 확인사항부터 마무리 점검까지 자세히 정리했습니다.,https://clever-griffin-93819d.netlify.app/gyeonggi-uiwang-si-post-construction-cleaning-best/,경기 의왕시 준공청소 잘하는곳,12
경기 의왕시 준공청소 가격,gyeonggi-uiwang-si-post-construction-cleaning-price,PASS,100,,경기 의왕시 준공청소 가격 - 청소 작업 안내,경기 의왕시 준공청소를 알아보는 분을 위한 안내입니다. 경기 의왕시 준공청소 가격 작업 전 확인사항부터 마무리 점검까지 자세히 정리했습니다.,https://clever-griffin-93819d.netlify.app/gyeonggi-uiwang-si-post-construction-cleaning-price/,경기 의왕시 준공청소 가격,12
경기 의왕시 준공청소 비용,gyeonggi-uiwang-si-post-construction-cleaning-cost,PASS,100,,경기 의왕시 준공청소 비용 | 체인지클린,경기 의왕시 준공청소 비용 관련 청소 과정과 체크포인트를 안내합니다. 공간 상태와 오염 범위를 확인한 뒤 현장에 맞는 작업을 진행합니다.,https://clever-griffin-93819d.netlify.app/gyeonggi-uiwang-si-post-construction-cleaning-cost/,경기 의왕시 준공청소 비용,12
경기 의왕시 준공청소 견적,gyeonggi-uiwang-si-post-construction-cleaning-quote,PASS,100,,경기 의왕시 준공청소 견적 | 현장별 청소 정보,"경기 의왕시 준공청소 견적 작업 범위와 준비사항, 진행 순서, 확인 항목을 정리했습니다. 경기 의왕시 준공청소 현장에 맞춰 필요한 청소 내용을 확인해보세요.",https://clever-griffin-93819d.netlify.app/gyeonggi-uiwang-si-post-construction-cleaning-quote/,경기 의왕시 준공청소 견적,12
경기 의왕시 상가청소,gyeonggi-uiwang-si-store-cleaning,PASS,100,,경기 의왕시 상가청소 | 현장별 청소 정보,경기 의왕시 상가청소 관련 청소 과정과 체크포인트를 안내합니다. 공간 상태와 오염 범위를 확인한 뒤 현장에 맞는 작업을 진행합니다.,https://clever-griffin-93819d.netlify.app/gyeonggi-uiwang-si-store-cleaning/,경기 의왕시 상가청소,12
경기 의왕시 상가청소 전문업체,gyeonggi-uiwang-si-store-cleaning-company,PASS,100,,경기 의왕시 상가청소 전문업체 | 현장별 청소 정보,경기 의왕시 상가청소 전문업체 관련 청소 과정과 체크포인트를 안내합니다. 공간 상태와 오염 범위를 확인한 뒤 현장에 맞는 작업을 진행합니다.,https://clever-griffin-93819d.netlify.app/gyeonggi-uiwang-si-store-cleaning-company/,경기 의왕시 상가청소 전문업체,12
경기 의왕시 상가청소 잘하는곳,gyeonggi-uiwang-si-store-cleaning-best,PASS,100,,경기 의왕시 상가청소 잘하는곳 | 현장별 청소 정보,경기 의왕시 상가청소를 알아보는 분을 위한 안내입니다. 경기 의왕시 상가청소 잘하는곳 작업 전 확인사항부터 마무리 점검까지 자세히 정리했습니다.,https://clever-griffin-93819d.netlify.app/gyeonggi-uiwang-si-store-cleaning-best/,경기 의왕시 상가청소 잘하는곳,12
경기 의왕시 상가청소 가격,gyeonggi-uiwang-si-store-cleaning-price,PASS,100,,경기 의왕시 상가청소 가격 | 체인지클린,"경기 의왕시 상가청소 가격 작업 범위와 준비사항, 진행 순서, 확인 항목을 정리했습니다. 경기 의왕시 상가청소 현장에 맞춰 필요한 청소 내용을 확인해보세요.",https://clever-griffin-93819d.netlify.app/gyeonggi-uiwang-si-store-cleaning-price/,경기 의왕시 상가청소 가격,12
경기 의왕시 상가청소 비용,gyeonggi-uiwang-si-store-cleaning-cost,PASS,100,,경기 의왕시 상가청소 비용 | 체인지클린,경기 의왕시 상가청소를 알아보는 분을 위한 안내입니다. 경기 의왕시 상가청소 비용 작업 전 확인사항부터 마무리 점검까지 자세히 정리했습니다.,https://clever-griffin-93819d.netlify.app/gyeonggi-uiwang-si-store-cleaning-cost/,경기 의왕시 상가청소 비용,12
경기 의왕시 상가청소 견적,gyeonggi-uiwang-si-store-cleaning-quote,PASS,100,,경기 의왕시 상가청소 견적 | 체인지클린,경기 의왕시 상가청소를 알아보는 분을 위한 안내입니다. 경기 의왕시 상가청소 견적 작업 전 확인사항부터 마무리 점검까지 자세히 정리했습니다.,https://clever-griffin-93819d.netlify.app/gyeonggi-uiwang-si-store-cleaning-quote/,경기 의왕시 상가청소 견적,12
경기 의왕시 사무실청소,gyeonggi-uiwang-si-office-cleaning,PASS,100,,경기 의왕시 사무실청소 - 청소 작업 안내,경기 의왕시 사무실청소 관련 청소 과정과 체크포인트를 안내합니다. 공간 상태와 오염 범위를 확인한 뒤 현장에 맞는 작업을 진행합니다.,https://clever-griffin-93819d.netlify.app/gyeonggi-uiwang-si-office-cleaning/,경기 의왕시 사무실청소,12
경기 의왕시 사무실청소 전문업체,gyeonggi-uiwang-si-office-cleaning-company,PASS,100,,경기 의왕시 사무실청소 전문업체 - 청소 작업 안내,경기 의왕시 사무실청소를 알아보는 분을 위한 안내입니다. 경기 의왕시 사무실청소 전문업체 작업 전 확인사항부터 마무리 점검까지 자세히 정리했습니다.,https://clever-griffin-93819d.netlify.app/gyeonggi-uiwang-si-office-cleaning-company/,경기 의왕시 사무실청소 전문업체,12
경기 의왕시 사무실청소 잘하는곳,gyeonggi-uiwang-si-office-cleaning-best,PASS,100,,경기 의왕시 사무실청소 잘하는곳 | 체인지클린,경기 의왕시 사무실청소를 알아보는 분을 위한 안내입니다. 경기 의왕시 사무실청소 잘하는곳 작업 전 확인사항부터 마무리 점검까지 자세히 정리했습니다.,https://clever-griffin-93819d.netlify.app/gyeonggi-uiwang-si-office-cleaning-best/,경기 의왕시 사무실청소 잘하는곳,12
경기 의왕시 사무실청소 가격,gyeonggi-uiwang-si-office-cleaning-price,PASS,100,,경기 의왕시 사무실청소 가격 | 현장별 청소 정보,경기 의왕시 사무실청소를 알아보는 분을 위한 안내입니다. 경기 의왕시 사무실청소 가격 작업 전 확인사항부터 마무리 점검까지 자세히 정리했습니다.,https://clever-griffin-93819d.netlify.app/gyeonggi-uiwang-si-office-cleaning-price/,경기 의왕시 사무실청소 가격,12
경기 의왕시 사무실청소 비용,gyeonggi-uiwang-si-office-cleaning-cost,PASS,100,,경기 의왕시 사무실청소 비용 | 체인지클린,경기 의왕시 사무실청소를 알아보는 분을 위한 안내입니다. 경기 의왕시 사무실청소 비용 작업 전 확인사항부터 마무리 점검까지 자세히 정리했습니다.,https://clever-griffin-93819d.netlify.app/gyeonggi-uiwang-si-office-cleaning-cost/,경기 의왕시 사무실청소 비용,12
경기 의왕시 사무실청소 견적,gyeonggi-uiwang-si-office-cleaning-quote,PASS,100,,경기 의왕시 사무실청소 견적 - 청소 작업 안내,경기 의왕시 사무실청소 견적 관련 청소 과정과 체크포인트를 안내합니다. 공간 상태와 오염 범위를 확인한 뒤 현장에 맞는 작업을 진행합니다.,https://clever-griffin-93819d.netlify.app/gyeonggi-uiwang-si-office-cleaning-quote/,경기 의왕시 사무실청소 견적,12
